Date,RSI,Active,Return,Signal_Type,Ticker
2003-04-14,,0,0.0,RSI_LT_34,EEM
2003-04-15,,0,0.0,RSI_LT_34,EEM
2003-04-16,,0,0.0,RSI_LT_34,EEM
2003-04-17,,0,-0.0,RSI_LT_34,EEM
2003-04-21,,0,0.0,RSI_LT_34,EEM
2003-04-22,,0,0.0,RSI_LT_34,EEM
2003-04-23,,0,-0.0,RSI_LT_34,EEM
2003-04-24,,0,-0.0,RSI_LT_34,EEM
2003-04-25,,0,0.0,RSI_LT_34,EEM
2003-04-28,,0,0.0,RSI_LT_34,EEM
2003-04-29,69.19965223690355,0,-0.0,RSI_LT_34,EEM
2003-04-30,64.16740187659997,0,-0.0,RSI_LT_34,EEM
2003-05-01,57.75699840050311,0,0.0,RSI_LT_34,EEM
2003-05-02,60.93345351092911,0,0.0,RSI_LT_34,EEM
2003-05-05,64.66880430831588,0,0.0,RSI_LT_34,EEM
2003-05-06,65.21738550967626,0,-0.0,RSI_LT_34,EEM
2003-05-07,62.82766843850151,0,-0.0,RSI_LT_34,EEM
2003-05-08,68.96246725229038,0,0.0,RSI_LT_34,EEM
2003-05-09,83.13688779532,0,0.0,RSI_LT_34,EEM
2003-05-12,82.88867762434778,0,-0.0,RSI_LT_34,EEM
2003-05-13,71.02798115738875,0,-0.0,RSI_LT_34,EEM
2003-05-14,69.01244202053503,0,0.0,RSI_LT_34,EEM
2003-05-15,73.085811752031,0,0.0,RSI_LT_34,EEM
2003-05-16,67.27781174149108,0,-0.0,RSI_LT_34,EEM
2003-05-19,42.388706529364356,0,0.0,RSI_LT_34,EEM
2003-05-20,42.25353673438754,0,0.0,RSI_LT_34,EEM
2003-05-21,43.87627738082966,0,0.0,RSI_LT_34,EEM
2003-05-22,55.2787866014639,0,0.0,RSI_LT_34,EEM
2003-05-23,54.4685857633022,0,0.0,RSI_LT_34,EEM
2003-05-27,64.7003560206058,0,0.0,RSI_LT_34,EEM
2003-05-28,70.14220245809547,0,0.0,RSI_LT_34,EEM
2003-05-29,74.38423895257834,0,0.0,RSI_LT_34,EEM
2003-05-30,76.88890313041449,0,0.0,RSI_LT_34,EEM
2003-06-02,78.33334048588729,0,-0.0,RSI_LT_34,EEM
2003-06-03,91.43964973098619,0,0.0,RSI_LT_34,EEM
2003-06-04,92.16380437025657,0,0.0,RSI_LT_34,EEM
2003-06-05,92.1846927364933,0,0.0,RSI_LT_34,EEM
2003-06-06,92.2670976802349,0,-0.0,RSI_LT_34,EEM
2003-06-09,83.244687326893,0,0.0,RSI_LT_34,EEM
2003-06-10,77.94633432083631,0,0.0,RSI_LT_34,EEM
2003-06-11,76.89485949683066,0,0.0,RSI_LT_34,EEM
2003-06-12,78.8116487291377,0,-0.0,RSI_LT_34,EEM
2003-06-13,74.73823871730231,0,0.0,RSI_LT_34,EEM
2003-06-16,76.14341050317594,0,0.0,RSI_LT_34,EEM
2003-06-17,89.15295265117929,0,-0.0,RSI_LT_34,EEM
2003-06-18,82.65900771683187,0,0.0,RSI_LT_34,EEM
2003-06-19,82.41503700386893,0,0.0,RSI_LT_34,EEM
2003-06-20,79.83874410056978,0,-0.0,RSI_LT_34,EEM
2003-06-23,62.99044392644581,0,-0.0,RSI_LT_34,EEM
2003-06-24,52.03073328371287,0,0.0,RSI_LT_34,EEM
2003-06-25,56.25628265908767,0,0.0,RSI_LT_34,EEM
2003-06-26,57.940341390194796,0,-0.0,RSI_LT_34,EEM
2003-06-27,55.1787183759655,0,-0.0,RSI_LT_34,EEM
2003-06-30,48.815606172036325,0,0.0,RSI_LT_34,EEM
2003-07-01,41.80332729302913,0,0.0,RSI_LT_34,EEM
2003-07-02,58.68373029384859,0,0.0,RSI_LT_34,EEM
2003-07-03,59.964572975109846,0,0.0,RSI_LT_34,EEM
2003-07-07,68.54558464627834,0,0.0,RSI_LT_34,EEM
2003-07-08,87.04176069261636,0,-0.0,RSI_LT_34,EEM
2003-07-09,91.56950092720248,0,-0.0,RSI_LT_34,EEM
2003-07-10,74.3754971055489,0,0.0,RSI_LT_34,EEM
2003-07-11,73.87016647060318,0,0.0,RSI_LT_34,EEM
2003-07-14,81.05568629787403,0,-0.0,RSI_LT_34,EEM
2003-07-15,72.93429792794579,0,0.0,RSI_LT_34,EEM
2003-07-16,70.64219794490842,0,-0.0,RSI_LT_34,EEM
2003-07-17,48.90712464911438,0,0.0,RSI_LT_34,EEM
2003-07-18,53.074046453023314,0,-0.0,RSI_LT_34,EEM
2003-07-21,37.052366757048965,0,0.0,RSI_LT_34,EEM
2003-07-22,41.56011002133694,0,-0.0,RSI_LT_34,EEM
2003-07-23,40.27260539648286,0,0.0,RSI_LT_34,EEM
2003-07-24,48.96553397885844,0,0.0,RSI_LT_34,EEM
2003-07-25,52.25806558789555,0,0.0,RSI_LT_34,EEM
2003-07-28,47.0672057996498,0,-0.0,RSI_LT_34,EEM
2003-07-29,50.30578832361066,0,-0.0,RSI_LT_34,EEM
2003-07-30,46.585188114999646,0,0.0,RSI_LT_34,EEM
2003-07-31,63.270789612557216,0,0.0,RSI_LT_34,EEM
2003-08-01,58.14663087759841,0,-0.0,RSI_LT_34,EEM
2003-08-04,65.4817013812674,0,-0.0,RSI_LT_34,EEM
2003-08-05,49.1861033763486,0,-0.0,RSI_LT_34,EEM
2003-08-06,50.59809508947042,0,0.0,RSI_LT_34,EEM
2003-08-07,52.36445750332137,0,0.0,RSI_LT_34,EEM
2003-08-08,44.63804333194117,0,0.0,RSI_LT_34,EEM
2003-08-11,43.50210643484142,0,0.0,RSI_LT_34,EEM
2003-08-12,51.904135857169834,0,0.0,RSI_LT_34,EEM
2003-08-13,68.84420755935636,0,0.0,RSI_LT_34,EEM
2003-08-14,72.62691295475602,0,-0.0,RSI_LT_34,EEM
2003-08-15,62.500042574786875,0,0.0,RSI_LT_34,EEM
2003-08-18,73.77850219783984,0,0.0,RSI_LT_34,EEM
2003-08-19,83.92392301797548,0,0.0,RSI_LT_34,EEM
2003-08-20,88.21402753276627,0,0.0,RSI_LT_34,EEM
2003-08-21,89.64973376048283,0,0.0,RSI_LT_34,EEM
2003-08-22,89.52463157079346,0,-0.0,RSI_LT_34,EEM
2003-08-25,81.73378232855262,0,-0.0,RSI_LT_34,EEM
2003-08-26,71.49966570526428,0,0.0,RSI_LT_34,EEM
2003-08-27,70.98410391610693,0,0.0,RSI_LT_34,EEM
2003-08-28,69.29558970530343,0,0.0,RSI_LT_34,EEM
2003-08-29,78.72839831383727,0,0.0,RSI_LT_34,EEM
2003-09-02,77.43547157190157,0,0.0,RSI_LT_34,EEM
2003-09-03,78.25039006127321,0,0.0,RSI_LT_34,EEM
2003-09-04,79.05717558613946,0,-0.0,RSI_LT_34,EEM
2003-09-05,73.28316451147975,0,0.0,RSI_LT_34,EEM
2003-09-08,77.46032546166333,0,-0.0,RSI_LT_34,EEM
2003-09-09,69.61480302427378,0,-0.0,RSI_LT_34,EEM
2003-09-10,66.34942585072119,0,-0.0,RSI_LT_34,EEM
2003-09-11,61.636619511384154,0,0.0,RSI_LT_34,EEM
2003-09-12,61.75147151978023,0,-0.0,RSI_LT_34,EEM
2003-09-15,50.381152236057424,0,0.0,RSI_LT_34,EEM
2003-09-16,52.95661829433828,0,-0.0,RSI_LT_34,EEM
2003-09-17,47.28260267462777,0,0.0,RSI_LT_34,EEM
2003-09-18,50.94817881198915,0,-0.0,RSI_LT_34,EEM
2003-09-19,49.32680236375574,0,-0.0,RSI_LT_34,EEM
2003-09-22,33.81338269264049,1,0.24672353585830642,RSI_LT_34,EEM
2003-09-23,41.50401473579948,0,0.0,RSI_LT_34,EEM
2003-09-24,51.0221433939752,0,-0.0,RSI_LT_34,EEM
2003-09-25,43.947184311463445,0,-0.0,RSI_LT_34,EEM
2003-09-26,36.83826879846111,0,0.0,RSI_LT_34,EEM
2003-09-29,47.721821390248124,0,-0.0,RSI_LT_34,EEM
2003-09-30,31.126533838591158,1,2.6263508482955,RSI_LT_34,EEM
2003-10-01,51.336897694443245,0,0.0,RSI_LT_34,EEM
2003-10-02,52.77982262529577,0,0.0,RSI_LT_34,EEM
2003-10-03,59.83146101277695,0,0.0,RSI_LT_34,EEM
2003-10-06,72.56000593261538,0,-0.0,RSI_LT_34,EEM
2003-10-07,70.91794971196848,0,0.0,RSI_LT_34,EEM
2003-10-08,72.73419599870567,0,0.0,RSI_LT_34,EEM
2003-10-09,88.67510616075444,0,0.0,RSI_LT_34,EEM
2003-10-10,95.96105098505193,0,0.0,RSI_LT_34,EEM
2003-10-13,96.29397456885796,0,-0.0,RSI_LT_34,EEM
2003-10-14,83.25968168641802,0,0.0,RSI_LT_34,EEM
2003-10-15,81.43383667750771,0,-0.0,RSI_LT_34,EEM
2003-10-16,78.62119626384964,0,-0.0,RSI_LT_34,EEM
2003-10-17,71.30501884627738,0,0.0,RSI_LT_34,EEM
2003-10-20,71.87284664732087,0,0.0,RSI_LT_34,EEM
2003-10-21,74.03392268588347,0,-0.0,RSI_LT_34,EEM
2003-10-22,61.988661038958234,0,-0.0,RSI_LT_34,EEM
2003-10-23,47.44241538194741,0,-0.0,RSI_LT_34,EEM
2003-10-24,38.46681674836563,0,0.0,RSI_LT_34,EEM
2003-10-27,35.92298581678298,0,0.0,RSI_LT_34,EEM
2003-10-28,53.57144254737987,0,0.0,RSI_LT_34,EEM
2003-10-29,51.546387542319934,0,-0.0,RSI_LT_34,EEM
2003-10-30,49.580469026201044,0,-0.0,RSI_LT_34,EEM
2003-10-31,48.50743783019303,0,0.0,RSI_LT_34,EEM
2003-11-03,57.16946571718099,0,0.0,RSI_LT_34,EEM
2003-11-04,56.27381017133533,0,0.0,RSI_LT_34,EEM
2003-11-05,65.94054295968755,0,-0.0,RSI_LT_34,EEM
2003-11-06,71.60893615753889,0,0.0,RSI_LT_34,EEM
2003-11-07,76.553453359066,0,-0.0,RSI_LT_34,EEM
2003-11-10,60.60852618355841,0,-0.0,RSI_LT_34,EEM
2003-11-11,44.83872798680974,0,0.0,RSI_LT_34,EEM
2003-11-12,50.39890455295179,0,0.0,RSI_LT_34,EEM
2003-11-13,56.28036243123409,0,-0.0,RSI_LT_34,EEM
2003-11-14,58.01149814831187,0,-0.0,RSI_LT_34,EEM
2003-11-17,34.155419275377184,0,0.0,RSI_LT_34,EEM
2003-11-18,33.50939993548111,1,-0.6486480216896462,RSI_LT_34,EEM
2003-11-19,30.26404783493028,1,-1.2921651129312095,RSI_LT_34,EEM
2003-11-20,28.6099341384367,1,0.8681235214401672,RSI_LT_34,EEM
2003-11-21,33.54269866703471,1,1.086063089309186,RSI_LT_34,EEM
2003-11-24,44.94160500245469,0,0.0,RSI_LT_34,EEM
2003-11-25,53.104916919992995,0,0.0,RSI_LT_34,EEM
2003-11-26,48.43011865397934,0,0.0,RSI_LT_34,EEM
2003-11-28,49.14860146364018,0,0.0,RSI_LT_34,EEM
2003-12-01,64.80578731914628,0,-0.0,RSI_LT_34,EEM
2003-12-02,75.05274700617764,0,-0.0,RSI_LT_34,EEM
2003-12-03,71.75411163444656,0,-0.0,RSI_LT_34,EEM
2003-12-04,71.2620062966094,0,-0.0,RSI_LT_34,EEM
2003-12-05,80.10792038191691,0,0.0,RSI_LT_34,EEM
2003-12-08,78.51791079335767,0,-0.0,RSI_LT_34,EEM
2003-12-09,70.88607202002815,0,-0.0,RSI_LT_34,EEM
2003-12-10,65.68099944933074,0,0.0,RSI_LT_34,EEM
2003-12-11,69.53060131975703,0,0.0,RSI_LT_34,EEM
2003-12-12,67.92297396187516,0,0.0,RSI_LT_34,EEM
2003-12-15,50.45280320493175,0,-0.0,RSI_LT_34,EEM
2003-12-16,50.715216886618926,0,-0.0,RSI_LT_34,EEM
2003-12-17,43.575461854784265,0,0.0,RSI_LT_34,EEM
2003-12-18,61.4864584973033,0,0.0,RSI_LT_34,EEM
2003-12-19,64.59326135058816,0,0.0,RSI_LT_34,EEM
2003-12-22,68.24030224176394,0,0.0,RSI_LT_34,EEM
2003-12-23,73.25172411723398,0,0.0,RSI_LT_34,EEM
2003-12-24,78.39504210547031,0,0.0,RSI_LT_34,EEM
2003-12-26,72.6867365431612,0,0.0,RSI_LT_34,EEM
2003-12-29,77.01686017488204,0,0.0,RSI_LT_34,EEM
2003-12-30,78.33772226058844,0,0.0,RSI_LT_34,EEM
2003-12-31,85.6915170883606,0,0.0,RSI_LT_34,EEM
2004-01-02,100.0,0,0.0,RSI_LT_34,EEM
2004-01-05,100.0,0,-0.0,RSI_LT_34,EEM
2004-01-06,89.90733644657415,0,0.0,RSI_LT_34,EEM
2004-01-07,89.30133234384385,0,0.0,RSI_LT_34,EEM
2004-01-08,89.42828598755779,0,-0.0,RSI_LT_34,EEM
2004-01-09,87.62268551885,0,-0.0,RSI_LT_34,EEM
2004-01-12,86.62245283341146,0,-0.0,RSI_LT_34,EEM
2004-01-13,79.60409722200768,0,0.0,RSI_LT_34,EEM
2004-01-14,78.97342802849349,0,-0.0,RSI_LT_34,EEM
2004-01-15,61.12681586559524,0,0.0,RSI_LT_34,EEM
2004-01-16,53.44128804332088,0,0.0,RSI_LT_34,EEM
2004-01-20,50.144560470432396,0,0.0,RSI_LT_34,EEM
2004-01-21,59.207293995239965,0,-0.0,RSI_LT_34,EEM
2004-01-22,55.72015309690627,0,-0.0,RSI_LT_34,EEM
2004-01-23,51.908371383310815,0,0.0,RSI_LT_34,EEM
2004-01-26,57.56139993204213,0,-0.0,RSI_LT_34,EEM
2004-01-27,54.4161711269524,0,-0.0,RSI_LT_34,EEM
2004-01-28,49.022236112558026,0,-0.0,RSI_LT_34,EEM
2004-01-29,40.57972745167114,0,-0.0,RSI_LT_34,EEM
2004-01-30,50.071525488245875,0,0.0,RSI_LT_34,EEM
2004-02-02,47.518785929461444,0,-0.0,RSI_LT_34,EEM
2004-02-03,15.20341116900542,1,-0.8982001766981496,RSI_LT_34,EEM
2004-02-04,11.215898317040896,1,-0.03021447610505046,RSI_LT_34,EEM
2004-02-05,11.643898891257194,1,2.2786297095472863,RSI_LT_34,EEM
2004-02-06,36.20437974496387,0,0.0,RSI_LT_34,EEM
2004-02-09,41.69446572556403,0,-0.0,RSI_LT_34,EEM
2004-02-10,43.82891640233296,0,0.0,RSI_LT_34,EEM
2004-02-11,61.575703076620115,0,-0.0,RSI_LT_34,EEM
2004-02-12,75.06323420735613,0,0.0,RSI_LT_34,EEM
2004-02-13,76.78572992540909,0,0.0,RSI_LT_34,EEM
2004-02-17,82.06307260421214,0,-0.0,RSI_LT_34,EEM
2004-02-18,74.79043424183709,0,-0.0,RSI_LT_34,EEM
2004-02-19,74.65629242155444,0,-0.0,RSI_LT_34,EEM
2004-02-20,67.04239290281919,0,-0.0,RSI_LT_34,EEM
2004-02-23,53.300756842059975,0,-0.0,RSI_LT_34,EEM
2004-02-24,42.37513711490547,0,0.0,RSI_LT_34,EEM
2004-02-25,49.21308034415395,0,0.0,RSI_LT_34,EEM
2004-02-26,42.963987303365535,0,0.0,RSI_LT_34,EEM
2004-02-27,51.34818583300547,0,0.0,RSI_LT_34,EEM
2004-03-01,60.32504074086838,0,-0.0,RSI_LT_34,EEM
2004-03-02,48.407668267259524,0,-0.0,RSI_LT_34,EEM
2004-03-03,52.05479049396687,0,0.0,RSI_LT_34,EEM
2004-03-04,60.034891465970844,0,0.0,RSI_LT_34,EEM
2004-03-05,69.03711946070912,0,-0.0,RSI_LT_34,EEM
2004-03-08,68.1789715473306,0,-0.0,RSI_LT_34,EEM
2004-03-09,67.13588142968501,0,-0.0,RSI_LT_34,EEM
2004-03-10,49.32393790849674,0,-0.0,RSI_LT_34,EEM
2004-03-11,38.753484106841924,0,0.0,RSI_LT_34,EEM
2004-03-12,35.61575259119826,0,-0.0,RSI_LT_34,EEM
2004-03-15,16.69232329110129,1,1.2383054060841614,RSI_LT_34,EEM
2004-03-16,26.368186822055648,1,1.3723077023924501,RSI_LT_34,EEM
2004-03-17,35.68074209289861,0,0.0,RSI_LT_34,EEM
2004-03-18,35.0711255201702,0,-0.0,RSI_LT_34,EEM
2004-03-19,29.735732456525085,1,-1.6009547486786957,RSI_LT_34,EEM
2004-03-22,28.481045206272213,1,1.0063215247130275,RSI_LT_34,EEM
2004-03-23,34.764646304996944,0,0.0,RSI_LT_34,EEM
2004-03-24,42.014768751117685,0,0.0,RSI_LT_34,EEM
2004-03-25,55.71352414704469,0,-0.0,RSI_LT_34,EEM
2004-03-26,51.10466828014671,0,0.0,RSI_LT_34,EEM
2004-03-29,67.57090273323978,0,0.0,RSI_LT_34,EEM
2004-03-30,67.67050328287598,0,0.0,RSI_LT_34,EEM
2004-03-31,67.36971013566759,0,0.0,RSI_LT_34,EEM
2004-04-01,68.21749408002623,0,0.0,RSI_LT_34,EEM
2004-04-02,81.2693946570357,0,0.0,RSI_LT_34,EEM
2004-04-05,97.87959519864926,0,0.0,RSI_LT_34,EEM
2004-04-06,97.77775863596538,0,-0.0,RSI_LT_34,EEM
2004-04-07,93.3654827152585,0,0.0,RSI_LT_34,EEM
2004-04-08,92.60389266023137,0,0.0,RSI_LT_34,EEM
2004-04-12,95.37687288781231,0,-0.0,RSI_LT_34,EEM
2004-04-13,80.22834233706592,0,-0.0,RSI_LT_34,EEM
2004-04-14,62.774704545240176,0,-0.0,RSI_LT_34,EEM
2004-04-15,50.36020337113253,0,0.0,RSI_LT_34,EEM
2004-04-16,49.890886119565835,0,0.0,RSI_LT_34,EEM
2004-04-19,43.892479912324355,0,-0.0,RSI_LT_34,EEM
2004-04-20,32.90945784965635,1,-0.7401034014264951,RSI_LT_34,EEM
2004-04-21,24.37892834485737,1,-0.02868078999478385,RSI_LT_34,EEM
2004-04-22,25.57009518244584,1,0.7458356851007375,RSI_LT_34,EEM
2004-04-23,31.94342721654492,1,-1.4236848328271323,RSI_LT_34,EEM
2004-04-26,19.94495971740794,1,-0.5314858298543279,RSI_LT_34,EEM
2004-04-27,21.73910805534858,1,-2.8632894299741585,RSI_LT_34,EEM
2004-04-28,18.56591323957531,1,-3.2944617365994855,RSI_LT_34,EEM
2004-04-29,14.7507546209345,1,-2.1268753108403926,RSI_LT_34,EEM
2004-04-30,7.339396082180201,1,1.004430555379332,RSI_LT_34,EEM
2004-05-03,12.51626285229986,1,1.9575880788484934,RSI_LT_34,EEM
2004-05-04,24.402089997362793,1,0.24537195037004356,RSI_LT_34,EEM
2004-05-05,27.00882427495283,1,-2.074411456837022,RSI_LT_34,EEM
2004-05-06,23.68129112654438,1,-2.2495761026934735,RSI_LT_34,EEM
2004-05-07,17.409063555555292,1,-4.826446759843506,RSI_LT_34,EEM
2004-05-10,14.857814073831278,1,2.968838061785184,RSI_LT_34,EEM
2004-05-11,25.13173055877634,1,0.032619021917557056,RSI_LT_34,EEM
2004-05-12,28.99035884364244,1,-0.26084469486868933,RSI_LT_34,EEM
2004-05-13,34.286747110698414,0,-0.0,RSI_LT_34,EEM
2004-05-14,33.57846348772827,1,-4.002152568136896,RSI_LT_34,EEM
2004-05-17,24.29395627667546,1,2.972860247092246,RSI_LT_34,EEM
2004-05-18,26.784167642186404,1,2.7647615258353797,RSI_LT_34,EEM
2004-05-19,33.90775984355707,1,-0.614749238570389,RSI_LT_34,EEM
2004-05-20,36.27342633681346,0,0.0,RSI_LT_34,EEM
2004-05-21,44.71139216695159,0,0.0,RSI_LT_34,EEM
2004-05-24,60.91161334454033,0,0.0,RSI_LT_34,EEM
2004-05-25,59.5135828073284,0,-0.0,RSI_LT_34,EEM
2004-05-26,58.14932210824246,0,0.0,RSI_LT_34,EEM
2004-05-27,62.32452738404012,0,-0.0,RSI_LT_34,EEM
2004-05-28,70.8348806235107,0,-0.0,RSI_LT_34,EEM
2004-06-01,86.3801546586941,0,0.0,RSI_LT_34,EEM
2004-06-02,83.13732467170271,0,-0.0,RSI_LT_34,EEM
2004-06-03,62.21839649258164,0,0.0,RSI_LT_34,EEM
2004-06-04,69.95181146061569,0,0.0,RSI_LT_34,EEM
2004-06-07,74.08781464031931,0,-0.0,RSI_LT_34,EEM
2004-06-08,63.41694333890663,0,-0.0,RSI_LT_34,EEM
2004-06-09,47.05883745092146,0,0.0,RSI_LT_34,EEM
2004-06-10,48.87429749271325,0,-0.0,RSI_LT_34,EEM
2004-06-14,31.820037684110062,1,1.93463334286188,RSI_LT_34,EEM
2004-06-15,39.497664106223795,0,-0.0,RSI_LT_34,EEM
2004-06-16,38.16391926186277,0,0.0,RSI_LT_34,EEM
2004-06-17,39.77392949954807,0,-0.0,RSI_LT_34,EEM
2004-06-18,43.7618045315166,0,0.0,RSI_LT_34,EEM
2004-06-21,40.17646536528221,0,0.0,RSI_LT_34,EEM
2004-06-22,29.3225929214766,1,1.779703740800631,RSI_LT_34,EEM
2004-06-23,41.40803523864802,0,0.0,RSI_LT_34,EEM
2004-06-24,51.506979167821555,0,0.0,RSI_LT_34,EEM
2004-06-25,54.94998219014064,0,-0.0,RSI_LT_34,EEM
2004-06-28,71.87705945950802,0,0.0,RSI_LT_34,EEM
2004-06-29,68.3124818155368,0,0.0,RSI_LT_34,EEM
2004-06-30,83.81721649047888,0,-0.0,RSI_LT_34,EEM
2004-07-01,71.74202355325963,0,-0.0,RSI_LT_34,EEM
2004-07-02,76.09313316619111,0,-0.0,RSI_LT_34,EEM
2004-07-06,66.42527800379713,0,0.0,RSI_LT_34,EEM
2004-07-07,67.37048235445293,0,-0.0,RSI_LT_34,EEM
2004-07-08,51.319278841036585,0,0.0,RSI_LT_34,EEM
2004-07-09,51.98443545000491,0,-0.0,RSI_LT_34,EEM
2004-07-12,45.06352559485258,0,0.0,RSI_LT_34,EEM
2004-07-13,52.511083810979976,0,-0.0,RSI_LT_34,EEM
2004-07-14,42.59923502333848,0,-0.0,RSI_LT_34,EEM
2004-07-15,29.217161675933212,1,1.099179090486535,RSI_LT_34,EEM
2004-07-16,44.16877042825866,0,-0.0,RSI_LT_34,EEM
2004-07-19,43.34415968944939,0,0.0,RSI_LT_34,EEM
2004-07-20,53.28020161038732,0,-0.0,RSI_LT_34,EEM
2004-07-21,35.746631640596476,0,0.0,RSI_LT_34,EEM
2004-07-22,45.03994002634614,0,-0.0,RSI_LT_34,EEM
2004-07-23,29.256850703197287,1,-0.9279739636153694,RSI_LT_34,EEM
2004-07-26,26.695281752504556,1,1.9060743413968906,RSI_LT_34,EEM
2004-07-27,38.294800555665816,0,-0.0,RSI_LT_34,EEM
2004-07-28,42.84560494916778,0,0.0,RSI_LT_34,EEM
2004-07-29,50.07986618129966,0,-0.0,RSI_LT_34,EEM
2004-07-30,39.393970920235,0,-0.0,RSI_LT_34,EEM
2004-08-02,37.63446051092154,0,0.0,RSI_LT_34,EEM
2004-08-03,35.00002219752541,0,0.0,RSI_LT_34,EEM
2004-08-04,42.43955956482541,0,-0.0,RSI_LT_34,EEM
2004-08-05,38.55311268938501,0,-0.0,RSI_LT_34,EEM
2004-08-06,45.07495000882197,0,0.0,RSI_LT_34,EEM
2004-08-09,59.73882848267605,0,0.0,RSI_LT_34,EEM
2004-08-10,53.86536815068494,0,-0.0,RSI_LT_34,EEM
2004-08-11,45.85990859325456,0,-0.0,RSI_LT_34,EEM
2004-08-12,32.9076655610434,1,0.1568420947534399,RSI_LT_34,EEM
2004-08-13,37.12514578773306,0,0.0,RSI_LT_34,EEM
2004-08-16,51.730369962728574,0,0.0,RSI_LT_34,EEM
2004-08-17,55.23646175103047,0,0.0,RSI_LT_34,EEM
2004-08-18,60.85668318620422,0,0.0,RSI_LT_34,EEM
2004-08-19,66.16838485651888,0,0.0,RSI_LT_34,EEM
2004-08-20,74.31335518616504,0,0.0,RSI_LT_34,EEM
2004-08-23,73.41134627584603,0,-0.0,RSI_LT_34,EEM
2004-08-24,65.91755122509467,0,0.0,RSI_LT_34,EEM
2004-08-25,80.32342643860758,0,0.0,RSI_LT_34,EEM
2004-08-26,95.21828816964843,0,-0.0,RSI_LT_34,EEM
2004-08-27,92.1487991686484,0,-0.0,RSI_LT_34,EEM
2004-08-30,80.73278520875267,0,0.0,RSI_LT_34,EEM
2004-08-31,79.92605057650108,0,0.0,RSI_LT_34,EEM
2004-09-01,78.55253617869009,0,0.0,RSI_LT_34,EEM
2004-09-02,82.75126066295613,0,-0.0,RSI_LT_34,EEM
2004-09-03,67.53118259710963,0,0.0,RSI_LT_34,EEM
2004-09-07,68.70365749181033,0,-0.0,RSI_LT_34,EEM
2004-09-08,71.07268290757938,0,0.0,RSI_LT_34,EEM
2004-09-09,66.59286279886294,0,0.0,RSI_LT_34,EEM
2004-09-10,70.90548570237861,0,0.0,RSI_LT_34,EEM
2004-09-13,76.55160473072962,0,-0.0,RSI_LT_34,EEM
2004-09-14,82.29827893968175,0,-0.0,RSI_LT_34,EEM
2004-09-15,75.53079355518747,0,0.0,RSI_LT_34,EEM
2004-09-16,77.13535425945207,0,0.0,RSI_LT_34,EEM
2004-09-17,75.23354665237767,0,0.0,RSI_LT_34,EEM
2004-09-20,90.13139939128259,0,0.0,RSI_LT_34,EEM
2004-09-21,90.67340738158092,0,-0.0,RSI_LT_34,EEM
2004-09-22,72.01645683542176,0,0.0,RSI_LT_34,EEM
2004-09-23,72.58058040874752,0,-0.0,RSI_LT_34,EEM
2004-09-24,65.72435054644933,0,-0.0,RSI_LT_34,EEM
2004-09-27,54.764033417549456,0,0.0,RSI_LT_34,EEM
2004-09-28,62.38320287171534,0,0.0,RSI_LT_34,EEM
2004-09-29,68.5384771809546,0,0.0,RSI_LT_34,EEM
2004-09-30,65.36838066001535,0,0.0,RSI_LT_34,EEM
2004-10-01,70.74389054929186,0,0.0,RSI_LT_34,EEM
2004-10-04,75.6692339270506,0,-0.0,RSI_LT_34,EEM
2004-10-05,66.91126213571846,0,0.0,RSI_LT_34,EEM
2004-10-06,82.2151457272674,0,-0.0,RSI_LT_34,EEM
2004-10-07,73.82386833661712,0,-0.0,RSI_LT_34,EEM
2004-10-08,70.34478200046172,0,0.0,RSI_LT_34,EEM
2004-10-11,76.0253792457826,0,-0.0,RSI_LT_34,EEM
2004-10-12,61.43170280725853,0,-0.0,RSI_LT_34,EEM
2004-10-13,52.18059920237877,0,-0.0,RSI_LT_34,EEM
2004-10-14,44.269312904508354,0,0.0,RSI_LT_34,EEM
2004-10-15,41.38625539296664,0,0.0,RSI_LT_34,EEM
2004-10-18,37.72683928635222,0,-0.0,RSI_LT_34,EEM
2004-10-19,38.71855977813814,0,-0.0,RSI_LT_34,EEM
2004-10-20,29.01736455645961,1,1.4396058773618048,RSI_LT_34,EEM
2004-10-21,41.09592133506155,0,-0.0,RSI_LT_34,EEM
2004-10-22,41.208833186038106,0,0.0,RSI_LT_34,EEM
2004-10-25,39.7183210285354,0,0.0,RSI_LT_34,EEM
2004-10-26,49.29396365367198,0,0.0,RSI_LT_34,EEM
2004-10-27,65.8852084553369,0,-0.0,RSI_LT_34,EEM
2004-10-28,72.45585900969989,0,0.0,RSI_LT_34,EEM
2004-10-29,69.14888205085394,0,0.0,RSI_LT_34,EEM
2004-11-01,67.90506936330686,0,0.0,RSI_LT_34,EEM
2004-11-02,73.64971265699913,0,0.0,RSI_LT_34,EEM
2004-11-03,84.49777240278156,0,0.0,RSI_LT_34,EEM
2004-11-04,84.79651825295107,0,0.0,RSI_LT_34,EEM
2004-11-05,93.46207508716978,0,-0.0,RSI_LT_34,EEM
2004-11-08,80.30505171467794,0,0.0,RSI_LT_34,EEM
2004-11-09,80.99809558117722,0,0.0,RSI_LT_34,EEM
2004-11-10,76.86915762904019,0,0.0,RSI_LT_34,EEM
2004-11-11,85.13516813299245,0,0.0,RSI_LT_34,EEM
2004-11-12,87.3486921200924,0,0.0,RSI_LT_34,EEM
2004-11-15,86.41094526585776,0,-0.0,RSI_LT_34,EEM
2004-11-16,75.14592238571583,0,0.0,RSI_LT_34,EEM
2004-11-17,77.30424197638804,0,0.0,RSI_LT_34,EEM
2004-11-18,73.97684612319372,0,-0.0,RSI_LT_34,EEM
2004-11-19,61.94357904311205,0,0.0,RSI_LT_34,EEM
2004-11-22,71.17753655980805,0,0.0,RSI_LT_34,EEM
2004-11-23,69.66711187217028,0,0.0,RSI_LT_34,EEM
2004-11-24,72.72731598003625,0,0.0,RSI_LT_34,EEM
2004-11-26,74.29469839925954,0,-0.0,RSI_LT_34,EEM
2004-11-29,64.3979512457197,0,0.0,RSI_LT_34,EEM
2004-11-30,64.76685832425775,0,0.0,RSI_LT_34,EEM
2004-12-01,76.33312831315016,0,-0.0,RSI_LT_34,EEM
2004-12-02,66.7190813815926,0,0.0,RSI_LT_34,EEM
2004-12-03,68.07232030444123,0,-0.0,RSI_LT_34,EEM
2004-12-06,83.62623803648248,0,-0.0,RSI_LT_34,EEM
2004-12-07,63.407191172729256,0,-0.0,RSI_LT_34,EEM
2004-12-08,57.8374594047146,0,-0.0,RSI_LT_34,EEM
2004-12-09,39.89252976989935,0,-0.0,RSI_LT_34,EEM
2004-12-10,23.063929520459965,1,1.5197965427670157,RSI_LT_34,EEM
2004-12-13,41.44547534139231,0,0.0,RSI_LT_34,EEM
2004-12-14,46.960605000774024,0,0.0,RSI_LT_34,EEM
2004-12-15,50.89673768803677,0,-0.0,RSI_LT_34,EEM
2004-12-16,48.78478634931198,0,-0.0,RSI_LT_34,EEM
2004-12-17,44.67437105390459,0,0.0,RSI_LT_34,EEM
2004-12-20,52.887723263258096,0,0.0,RSI_LT_34,EEM
2004-12-21,67.06486607883919,0,-0.0,RSI_LT_34,EEM
2004-12-22,70.98131053612842,0,-0.0,RSI_LT_34,EEM
2004-12-23,81.08658847863919,0,-0.0,RSI_LT_34,EEM
2004-12-27,81.31025893584376,0,0.0,RSI_LT_34,EEM
2004-12-28,78.57696321295343,0,0.0,RSI_LT_34,EEM
2004-12-29,77.3788917419414,0,-0.0,RSI_LT_34,EEM
2004-12-30,67.14276205390144,0,0.0,RSI_LT_34,EEM
2004-12-31,78.68060957557496,0,-0.0,RSI_LT_34,EEM
2005-01-03,67.96028701758564,0,-0.0,RSI_LT_34,EEM
2005-01-04,36.15537086774376,0,-0.0,RSI_LT_34,EEM
2005-01-05,23.36221932702142,1,-0.06798052595364812,RSI_LT_34,EEM
2005-01-06,23.247284674245364,1,0.19361534665267577,RSI_LT_34,EEM
2005-01-07,26.67099128677306,1,0.1253458868689883,RSI_LT_34,EEM
2005-01-10,28.051180238680246,1,-0.1877879285814843,RSI_LT_34,EEM
2005-01-11,22.42995473557555,1,1.2281212475705239,RSI_LT_34,EEM
2005-01-12,28.404240016584367,1,-0.4130153175651241,RSI_LT_34,EEM
2005-01-13,27.90561140194646,1,1.7884998263363538,RSI_LT_34,EEM
2005-01-14,34.9891306384813,0,-0.0,RSI_LT_34,EEM
2005-01-18,38.68441635803268,0,-0.0,RSI_LT_34,EEM
2005-01-19,48.85672865819353,0,-0.0,RSI_LT_34,EEM
2005-01-20,48.74524506361237,0,0.0,RSI_LT_34,EEM
2005-01-21,57.682425318759385,0,-0.0,RSI_LT_34,EEM
2005-01-24,55.5626942913664,0,0.0,RSI_LT_34,EEM
2005-01-25,59.495884566621726,0,0.0,RSI_LT_34,EEM
2005-01-26,66.496147064815,0,0.0,RSI_LT_34,EEM
2005-01-27,62.334668913363004,0,0.0,RSI_LT_34,EEM
2005-01-28,65.71258357866118,0,0.0,RSI_LT_34,EEM
2005-01-31,63.9045679371545,0,0.0,RSI_LT_34,EEM
2005-02-01,68.78610594583438,0,0.0,RSI_LT_34,EEM
2005-02-02,82.28350270445621,0,-0.0,RSI_LT_34,EEM
2005-02-03,96.09191047831017,0,0.0,RSI_LT_34,EEM
2005-02-04,96.25546524363423,0,0.0,RSI_LT_34,EEM
2005-02-07,98.49670439855888,0,0.0,RSI_LT_34,EEM
2005-02-08,98.33589283552489,0,-0.0,RSI_LT_34,EEM
2005-02-09,91.57084720680726,0,0.0,RSI_LT_34,EEM
2005-02-10,92.177734375,0,0.0,RSI_LT_34,EEM
2005-02-11,93.27728447614514,0,0.0,RSI_LT_34,EEM
2005-02-14,92.65438767936311,0,0.0,RSI_LT_34,EEM
2005-02-15,91.82152338166225,0,-0.0,RSI_LT_34,EEM
2005-02-16,85.79386609456836,0,-0.0,RSI_LT_34,EEM
2005-02-17,84.69301537401287,0,0.0,RSI_LT_34,EEM
2005-02-18,83.83355628858442,0,-0.0,RSI_LT_34,EEM
2005-02-22,76.57753168192366,0,0.0,RSI_LT_34,EEM
2005-02-23,77.80804664723033,0,0.0,RSI_LT_34,EEM
2005-02-24,86.98835637839323,0,0.0,RSI_LT_34,EEM
2005-02-25,89.3221789378404,0,-0.0,RSI_LT_34,EEM
2005-02-28,85.68579516947302,0,0.0,RSI_LT_34,EEM
2005-03-01,84.79496524279058,0,-0.0,RSI_LT_34,EEM
2005-03-02,66.49305158881143,0,0.0,RSI_LT_34,EEM
2005-03-03,70.16830374177684,0,0.0,RSI_LT_34,EEM
2005-03-04,75.4106696111097,0,0.0,RSI_LT_34,EEM
2005-03-07,73.88221265220432,0,-0.0,RSI_LT_34,EEM
2005-03-08,70.38955943267092,0,-0.0,RSI_LT_34,EEM
2005-03-09,64.36249786851788,0,-0.0,RSI_LT_34,EEM
2005-03-10,50.54581163361187,0,-0.0,RSI_LT_34,EEM
2005-03-11,33.8906711236027,1,-0.7653734200372742,RSI_LT_34,EEM
2005-03-14,31.313142646154347,1,-2.4914690885152524,RSI_LT_34,EEM
2005-03-15,21.587732189136716,1,-0.8485141045822653,RSI_LT_34,EEM
2005-03-16,23.64006074040458,1,1.8227494851943193,RSI_LT_34,EEM
2005-03-17,34.23813908043816,0,-0.0,RSI_LT_34,EEM
2005-03-18,24.634196528532755,1,-1.4452554111001548,RSI_LT_34,EEM
2005-03-21,16.55686205328972,1,-1.8488117131841064,RSI_LT_34,EEM
2005-03-22,15.140545276930013,1,-1.2672554392449076,RSI_LT_34,EEM
2005-03-23,14.383806575925988,1,-0.10987425416291163,RSI_LT_34,EEM
2005-03-24,15.495257259455144,1,0.6899669885928938,RSI_LT_34,EEM
2005-03-28,21.028987589764796,1,-2.5870244492371075,RSI_LT_34,EEM
2005-03-29,18.36005559258055,1,2.2785165229548765,RSI_LT_34,EEM
2005-03-30,35.38062240045659,0,0.0,RSI_LT_34,EEM
2005-03-31,42.691316500100555,0,0.0,RSI_LT_34,EEM
2005-04-01,36.8000428466372,0,0.0,RSI_LT_34,EEM
2005-04-04,39.38779270880847,0,-0.0,RSI_LT_34,EEM
2005-04-05,44.84199123666974,0,0.0,RSI_LT_34,EEM
2005-04-06,60.731712014523374,0,0.0,RSI_LT_34,EEM
2005-04-07,72.62733322415157,0,-0.0,RSI_LT_34,EEM
2005-04-08,69.93742088849292,0,-0.0,RSI_LT_34,EEM
2005-04-11,61.46658499195012,0,0.0,RSI_LT_34,EEM
2005-04-12,83.82978140579631,0,-0.0,RSI_LT_34,EEM
2005-04-13,61.06008517148956,0,-0.0,RSI_LT_34,EEM
2005-04-14,42.35406792954724,0,-0.0,RSI_LT_34,EEM
2005-04-15,32.30266613031188,1,1.1827934306344767,RSI_LT_34,EEM
2005-04-18,37.06504371718452,0,0.0,RSI_LT_34,EEM
2005-04-19,44.141400538335134,0,-0.0,RSI_LT_34,EEM
2005-04-20,32.58530720576921,1,2.880013874313736,RSI_LT_34,EEM
2005-04-21,39.403418013136,0,-0.0,RSI_LT_34,EEM
2005-04-22,38.062581055152606,0,0.0,RSI_LT_34,EEM
2005-04-25,46.180017211054604,0,-0.0,RSI_LT_34,EEM
2005-04-26,39.92042561096885,0,-0.0,RSI_LT_34,EEM
2005-04-27,42.56220052721774,0,-0.0,RSI_LT_34,EEM
2005-04-28,45.19518358484555,0,0.0,RSI_LT_34,EEM
2005-04-29,57.514351400776654,0,0.0,RSI_LT_34,EEM
2005-05-02,56.216880695076114,0,-0.0,RSI_LT_34,EEM
2005-05-03,50.84571513221243,0,0.0,RSI_LT_34,EEM
2005-05-04,68.03500920686923,0,0.0,RSI_LT_34,EEM
2005-05-05,62.241655045180515,0,0.0,RSI_LT_34,EEM
2005-05-06,69.0506587663906,0,0.0,RSI_LT_34,EEM
2005-05-09,63.46732133830432,0,-0.0,RSI_LT_34,EEM
2005-05-10,56.1083992157407,0,0.0,RSI_LT_34,EEM
2005-05-11,62.75420031413114,0,-0.0,RSI_LT_34,EEM
2005-05-12,61.839716961810794,0,-0.0,RSI_LT_34,EEM
2005-05-13,47.906303296567884,0,0.0,RSI_LT_34,EEM
2005-05-16,50.47394039683915,0,0.0,RSI_LT_34,EEM
2005-05-17,51.04962457248437,0,0.0,RSI_LT_34,EEM
2005-05-18,47.357564430367816,0,0.0,RSI_LT_34,EEM
2005-05-19,46.42298811009279,0,-0.0,RSI_LT_34,EEM
2005-05-20,43.5897412864623,0,0.0,RSI_LT_34,EEM
2005-05-23,45.00001751644795,0,-0.0,RSI_LT_34,EEM
2005-05-24,56.86655805490501,0,-0.0,RSI_LT_34,EEM
2005-05-25,49.064799940924594,0,0.0,RSI_LT_34,EEM
2005-05-26,68.53095568043271,0,0.0,RSI_LT_34,EEM
2005-05-27,81.65128945659653,0,-0.0,RSI_LT_34,EEM
2005-05-31,67.64706996070728,0,0.0,RSI_LT_34,EEM
2005-06-01,72.48278557058292,0,0.0,RSI_LT_34,EEM
2005-06-02,67.5516407170771,0,-0.0,RSI_LT_34,EEM
2005-06-03,60.503572778221,0,0.0,RSI_LT_34,EEM
2005-06-06,67.91480533757704,0,-0.0,RSI_LT_34,EEM
2005-06-07,62.04288075366567,0,-0.0,RSI_LT_34,EEM
2005-06-08,61.27023115517732,0,0.0,RSI_LT_34,EEM
2005-06-09,69.77044614549213,0,0.0,RSI_LT_34,EEM
2005-06-10,66.09446065285513,0,0.0,RSI_LT_34,EEM
2005-06-13,64.67959205340708,0,0.0,RSI_LT_34,EEM
2005-06-14,76.46118577118557,0,0.0,RSI_LT_34,EEM
2005-06-15,74.74228628564856,0,0.0,RSI_LT_34,EEM
2005-06-16,75.43861913489421,0,0.0,RSI_LT_34,EEM
2005-06-17,86.28616948039635,0,-0.0,RSI_LT_34,EEM
2005-06-20,71.33231484420071,0,-0.0,RSI_LT_34,EEM
2005-06-21,71.33231484420071,0,0.0,RSI_LT_34,EEM
2005-06-22,79.24652533235823,0,-0.0,RSI_LT_34,EEM
2005-06-23,60.38058430045212,0,-0.0,RSI_LT_34,EEM
2005-06-24,56.43223656057507,0,0.0,RSI_LT_34,EEM
2005-06-27,57.666668574011666,0,0.0,RSI_LT_34,EEM
2005-06-28,59.35997392581307,0,-0.0,RSI_LT_34,EEM
2005-06-29,51.79153883717723,0,-0.0,RSI_LT_34,EEM
2005-06-30,44.40560839658919,0,0.0,RSI_LT_34,EEM
2005-07-01,37.76905350052293,0,0.0,RSI_LT_34,EEM
2005-07-05,47.16980679399917,0,-0.0,RSI_LT_34,EEM
2005-07-06,47.16980679399917,0,0.0,RSI_LT_34,EEM
2005-07-07,41.39530179818731,0,0.0,RSI_LT_34,EEM
2005-07-08,67.10879800380661,0,0.0,RSI_LT_34,EEM
2005-07-11,78.61771165085379,0,0.0,RSI_LT_34,EEM
2005-07-12,80.4347850670418,0,-0.0,RSI_LT_34,EEM
2005-07-13,77.24289908785286,0,0.0,RSI_LT_34,EEM
2005-07-14,86.46286354669402,0,-0.0,RSI_LT_34,EEM
2005-07-15,83.01894035270394,0,-0.0,RSI_LT_34,EEM
2005-07-18,78.05909159499019,0,0.0,RSI_LT_34,EEM
2005-07-19,80.26566804089907,0,0.0,RSI_LT_34,EEM
2005-07-20,86.00408551730541,0,0.0,RSI_LT_34,EEM
2005-07-21,87.54514891265616,0,-0.0,RSI_LT_34,EEM
2005-07-22,82.49502055102064,0,-0.0,RSI_LT_34,EEM
2005-07-25,66.15050017343397,0,0.0,RSI_LT_34,EEM
2005-07-26,62.40787760691259,0,0.0,RSI_LT_34,EEM
2005-07-27,66.59144894645678,0,0.0,RSI_LT_34,EEM
2005-07-28,70.10105493865265,0,-0.0,RSI_LT_34,EEM
2005-07-29,75.59913234267478,0,0.0,RSI_LT_34,EEM
2005-08-01,84.16376067157759,0,0.0,RSI_LT_34,EEM
2005-08-02,85.55199268765745,0,-0.0,RSI_LT_34,EEM
2005-08-03,82.83471804206391,0,-0.0,RSI_LT_34,EEM
2005-08-04,71.26810186550131,0,-0.0,RSI_LT_34,EEM
2005-08-05,59.19999572753254,0,0.0,RSI_LT_34,EEM
2005-08-08,67.43555900621118,0,0.0,RSI_LT_34,EEM
2005-08-09,71.79790617456614,0,0.0,RSI_LT_34,EEM
2005-08-10,73.18436825701271,0,-0.0,RSI_LT_34,EEM
2005-08-11,66.27219495877075,0,-0.0,RSI_LT_34,EEM
2005-08-12,60.54054522183931,0,0.0,RSI_LT_34,EEM
2005-08-15,57.25994005913683,0,-0.0,RSI_LT_34,EEM
2005-08-16,41.03167320040463,0,0.0,RSI_LT_34,EEM
2005-08-17,42.362769800137926,0,-0.0,RSI_LT_34,EEM
2005-08-18,38.92544643921512,0,-0.0,RSI_LT_34,EEM
2005-08-19,44.54204559405596,0,0.0,RSI_LT_34,EEM
2005-08-22,47.31823957191679,0,-0.0,RSI_LT_34,EEM
2005-08-23,31.788052366956734,1,-1.302926690560835,RSI_LT_34,EEM
2005-08-24,20.12986819968016,1,1.122110196859527,RSI_LT_34,EEM
2005-08-25,29.629613931280318,1,-0.13054631346354206,RSI_LT_34,EEM
2005-08-26,32.65304533653041,1,1.0980419084137605,RSI_LT_34,EEM
2005-08-29,35.20945006205123,0,-0.0,RSI_LT_34,EEM
2005-08-30,38.048095903681926,0,0.0,RSI_LT_34,EEM
2005-08-31,49.128933985863036,0,0.0,RSI_LT_34,EEM
2005-09-01,64.36360836819155,0,0.0,RSI_LT_34,EEM
2005-09-02,69.47975058510363,0,0.0,RSI_LT_34,EEM
2005-09-06,69.65515154863473,0,0.0,RSI_LT_34,EEM
2005-09-07,76.33213125401501,0,-0.0,RSI_LT_34,EEM
2005-09-08,85.55556703497045,0,0.0,RSI_LT_34,EEM
2005-09-09,86.20690440233436,0,-0.0,RSI_LT_34,EEM
2005-09-12,85.97886020715937,0,-0.0,RSI_LT_34,EEM
2005-09-13,74.08376061462597,0,-0.0,RSI_LT_34,EEM
2005-09-14,79.49440211394437,0,0.0,RSI_LT_34,EEM
2005-09-15,75.66669050854732,0,0.0,RSI_LT_34,EEM
2005-09-16,76.33714648724595,0,-0.0,RSI_LT_34,EEM
2005-09-19,71.73523399490031,0,0.0,RSI_LT_34,EEM
2005-09-20,67.15175206517188,0,0.0,RSI_LT_34,EEM
2005-09-21,71.22040091844573,0,-0.0,RSI_LT_34,EEM
2005-09-22,63.16638950027778,0,-0.0,RSI_LT_34,EEM
2005-09-23,53.64895993101947,0,0.0,RSI_LT_34,EEM
2005-09-26,60.73941320825425,0,-0.0,RSI_LT_34,EEM
2005-09-27,64.9717830707045,0,0.0,RSI_LT_34,EEM
2005-09-28,73.65774276703294,0,0.0,RSI_LT_34,EEM
2005-09-29,77.44253901230488,0,-0.0,RSI_LT_34,EEM
2005-09-30,70.76922926441834,0,0.0,RSI_LT_34,EEM
2005-10-03,74.64118544098577,0,-0.0,RSI_LT_34,EEM
2005-10-04,65.10951673303413,0,-0.0,RSI_LT_34,EEM
2005-10-05,42.592592592592595,0,-0.0,RSI_LT_34,EEM
2005-10-06,34.45691960841462,0,0.0,RSI_LT_34,EEM
2005-10-07,44.86872976001995,0,-0.0,RSI_LT_34,EEM
2005-10-10,40.54501657550454,0,0.0,RSI_LT_34,EEM
2005-10-11,44.16457194689789,0,-0.0,RSI_LT_34,EEM
2005-10-12,32.095101572669535,1,-0.6223824075255124,RSI_LT_34,EEM
2005-10-13,22.836547168574242,1,-0.38343704663444944,RSI_LT_34,EEM
2005-10-14,22.547477343830977,1,1.1034136842502429,RSI_LT_34,EEM
2005-10-17,24.459882777575416,1,-2.5380686700701705,RSI_LT_34,EEM
2005-10-18,22.387013868683923,1,1.9531249708961695,RSI_LT_34,EEM
2005-10-19,35.67609295851976,0,-0.0,RSI_LT_34,EEM
2005-10-20,34.928943095415605,0,0.0,RSI_LT_34,EEM
2005-10-21,35.123053769699126,0,0.0,RSI_LT_34,EEM
2005-10-24,44.61235036499643,0,-0.0,RSI_LT_34,EEM
2005-10-25,39.196587530891364,0,0.0,RSI_LT_34,EEM
2005-10-26,47.257383626671796,0,-0.0,RSI_LT_34,EEM
2005-10-27,43.132226924890674,0,0.0,RSI_LT_34,EEM
2005-10-28,50.46296234974669,0,0.0,RSI_LT_34,EEM
2005-10-31,51.96408663084021,0,0.0,RSI_LT_34,EEM
2005-11-01,61.904755575419145,0,0.0,RSI_LT_34,EEM
2005-11-02,61.34353702502324,0,0.0,RSI_LT_34,EEM
2005-11-03,75.48526296303913,0,-0.0,RSI_LT_34,EEM
2005-11-04,70.36422131423207,0,0.0,RSI_LT_34,EEM
2005-11-07,64.41351357192991,0,-0.0,RSI_LT_34,EEM
2005-11-08,69.9029228092202,0,0.0,RSI_LT_34,EEM
2005-11-09,72.67384285503722,0,0.0,RSI_LT_34,EEM
2005-11-10,88.92814417668923,0,0.0,RSI_LT_34,EEM
2005-11-11,85.90703863110133,0,-0.0,RSI_LT_34,EEM
2005-11-14,78.87072331324535,0,-0.0,RSI_LT_34,EEM
2005-11-15,64.2543702794645,0,0.0,RSI_LT_34,EEM
2005-11-16,59.3516248619431,0,0.0,RSI_LT_34,EEM
2005-11-17,68.28795030502738,0,0.0,RSI_LT_34,EEM
2005-11-18,71.92310443293921,0,0.0,RSI_LT_34,EEM
2005-11-21,71.8689947376951,0,-0.0,RSI_LT_34,EEM
2005-11-22,83.63235143179719,0,0.0,RSI_LT_34,EEM
2005-11-23,82.32453873746309,0,-0.0,RSI_LT_34,EEM
2005-11-25,80.54193162855725,0,-0.0,RSI_LT_34,EEM
2005-11-28,69.9095476606283,0,-0.0,RSI_LT_34,EEM
2005-11-29,62.424226310751884,0,0.0,RSI_LT_34,EEM
2005-11-30,70.29914817291834,0,0.0,RSI_LT_34,EEM
2005-12-01,77.50809466007057,0,-0.0,RSI_LT_34,EEM
2005-12-02,70.5533654944374,0,0.0,RSI_LT_34,EEM
2005-12-05,73.05608125516719,0,0.0,RSI_LT_34,EEM
2005-12-06,76.27390754882192,0,-0.0,RSI_LT_34,EEM
2005-12-07,67.75104971624478,0,-0.0,RSI_LT_34,EEM
2005-12-08,57.10099201678243,0,0.0,RSI_LT_34,EEM
2005-12-09,62.48363793575449,0,0.0,RSI_LT_34,EEM
2005-12-12,69.38239504821256,0,0.0,RSI_LT_34,EEM
2005-12-13,80.27464410421703,0,-0.0,RSI_LT_34,EEM
2005-12-14,74.16670924145353,0,-0.0,RSI_LT_34,EEM
2005-12-15,61.43293773256737,0,-0.0,RSI_LT_34,EEM
2005-12-16,59.61542042705482,0,-0.0,RSI_LT_34,EEM
2005-12-19,53.194888908998344,0,0.0,RSI_LT_34,EEM
2005-12-20,52.8180415102163,0,0.0,RSI_LT_34,EEM
2005-12-21,69.16302631722672,0,0.0,RSI_LT_34,EEM
2005-12-22,76.5372475419687,0,-0.0,RSI_LT_34,EEM
2005-12-23,66.84034848951453,0,-0.0,RSI_LT_34,EEM
2005-12-27,53.60000292969734,0,0.0,RSI_LT_34,EEM
2005-12-28,45.692916001414446,0,0.0,RSI_LT_34,EEM
2005-12-29,51.470545807748344,0,-0.0,RSI_LT_34,EEM
2005-12-30,55.0562563489308,0,0.0,RSI_LT_34,EEM
2006-01-03,77.18125805505161,0,0.0,RSI_LT_34,EEM
2006-01-04,81.43572805468253,0,0.0,RSI_LT_34,EEM
2006-01-05,80.76932387970466,0,0.0,RSI_LT_34,EEM
2006-01-06,81.94953703608068,0,0.0,RSI_LT_34,EEM
2006-01-09,83.7311155091916,0,-0.0,RSI_LT_34,EEM
2006-01-10,77.90111074734814,0,0.0,RSI_LT_34,EEM
2006-01-11,88.03590000165443,0,-0.0,RSI_LT_34,EEM
2006-01-12,77.24821957846206,0,0.0,RSI_LT_34,EEM
2006-01-13,77.43088751965837,0,-0.0,RSI_LT_34,EEM
2006-01-17,67.75952769249804,0,-0.0,RSI_LT_34,EEM
2006-01-18,56.27617116329848,0,0.0,RSI_LT_34,EEM
2006-01-19,64.36488977627445,0,-0.0,RSI_LT_34,EEM
2006-01-20,50.177176546350985,0,0.0,RSI_LT_34,EEM
2006-01-23,52.723607988849906,0,0.0,RSI_LT_34,EEM
2006-01-24,54.468919189856564,0,0.0,RSI_LT_34,EEM
2006-01-25,58.995808219560715,0,0.0,RSI_LT_34,EEM
2006-01-26,62.137812520264816,0,0.0,RSI_LT_34,EEM
2006-01-27,70.3389735674176,0,-0.0,RSI_LT_34,EEM
2006-01-30,68.04583466884233,0,0.0,RSI_LT_34,EEM
2006-01-31,77.10601145576004,0,-0.0,RSI_LT_34,EEM
2006-02-01,77.10598148264766,0,-0.0,RSI_LT_34,EEM
2006-02-02,58.35078737103405,0,-0.0,RSI_LT_34,EEM
2006-02-03,65.23436696734231,0,0.0,RSI_LT_34,EEM
2006-02-06,64.11289596904928,0,-0.0,RSI_LT_34,EEM
2006-02-07,47.77776741686284,0,0.0,RSI_LT_34,EEM
2006-02-08,48.727291794459056,0,0.0,RSI_LT_34,EEM
2006-02-09,39.74353456708008,0,-0.0,RSI_LT_34,EEM
2006-02-10,32.77309577465692,1,-2.466461665066977,RSI_LT_34,EEM
2006-02-13,27.790949013048348,1,2.5288343960177873,RSI_LT_34,EEM
2006-02-14,36.49022350264385,0,-0.0,RSI_LT_34,EEM
2006-02-15,35.38146087254863,0,0.0,RSI_LT_34,EEM
2006-02-16,52.58152945027145,0,-0.0,RSI_LT_34,EEM
2006-02-17,57.290884879739636,0,-0.0,RSI_LT_34,EEM
2006-02-21,45.03309595695963,0,0.0,RSI_LT_34,EEM
2006-02-22,59.64034073825096,0,-0.0,RSI_LT_34,EEM
2006-02-23,58.213517378160184,0,0.0,RSI_LT_34,EEM
2006-02-24,57.95455485869328,0,0.0,RSI_LT_34,EEM
2006-02-27,62.41607608589507,0,-0.0,RSI_LT_34,EEM
2006-02-28,61.24172715699494,0,0.0,RSI_LT_34,EEM
2006-03-01,62.27101428619336,0,0.0,RSI_LT_34,EEM
2006-03-02,65.52378834843947,0,-0.0,RSI_LT_34,EEM
2006-03-03,45.341645075802,0,-0.0,RSI_LT_34,EEM
2006-03-06,39.70994553956708,0,-0.0,RSI_LT_34,EEM
2006-03-07,32.300948439269675,1,0.5907659084556149,RSI_LT_34,EEM
2006-03-08,32.400616530189,1,-1.0144182112218791,RSI_LT_34,EEM
2006-03-09,30.344865143447507,1,2.1035586619893687,RSI_LT_34,EEM
2006-03-10,37.884372567429274,0,-0.0,RSI_LT_34,EEM
2006-03-13,34.02329676804719,0,0.0,RSI_LT_34,EEM
2006-03-14,51.89633919619437,0,0.0,RSI_LT_34,EEM
2006-03-15,46.6713528313069,0,-0.0,RSI_LT_34,EEM
2006-03-16,43.662887917876,0,0.0,RSI_LT_34,EEM
2006-03-17,51.560250243896895,0,0.0,RSI_LT_34,EEM
2006-03-20,59.498452093152686,0,-0.0,RSI_LT_34,EEM
2006-03-21,66.58159839471548,0,0.0,RSI_LT_34,EEM
2006-03-22,67.99669911019492,0,-0.0,RSI_LT_34,EEM
2006-03-23,68.21892602345756,0,0.0,RSI_LT_34,EEM
2006-03-24,65.04941617757743,0,0.0,RSI_LT_34,EEM
2006-03-27,67.41185951840448,0,-0.0,RSI_LT_34,EEM
2006-03-28,46.66031128277199,0,0.0,RSI_LT_34,EEM
2006-03-29,50.08925350959921,0,0.0,RSI_LT_34,EEM
2006-03-30,56.46949447257866,0,-0.0,RSI_LT_34,EEM
2006-03-31,52.72375490102217,0,0.0,RSI_LT_34,EEM
2006-04-03,61.18210336960337,0,0.0,RSI_LT_34,EEM
2006-04-04,74.2805509215473,0,0.0,RSI_LT_34,EEM
2006-04-05,74.23422624632192,0,-0.0,RSI_LT_34,EEM
2006-04-06,76.86566765841562,0,-0.0,RSI_LT_34,EEM
2006-04-07,64.62878691716384,0,-0.0,RSI_LT_34,EEM
2006-04-10,60.71427476649456,0,-0.0,RSI_LT_34,EEM
2006-04-11,66.27683116720875,0,0.0,RSI_LT_34,EEM
2006-04-12,61.51283546218102,0,0.0,RSI_LT_34,EEM
2006-04-13,61.427003993314706,0,0.0,RSI_LT_34,EEM
2006-04-17,66.96605600986797,0,0.0,RSI_LT_34,EEM
2006-04-18,68.83238917702688,0,0.0,RSI_LT_34,EEM
2006-04-19,68.9784728843718,0,-0.0,RSI_LT_34,EEM
2006-04-20,63.09999965667711,0,0.0,RSI_LT_34,EEM
2006-04-21,69.32036483349944,0,-0.0,RSI_LT_34,EEM
2006-04-24,70.48378222964828,0,-0.0,RSI_LT_34,EEM
2006-04-25,63.579712847667,0,0.0,RSI_LT_34,EEM
2006-04-26,73.99359609315611,0,-0.0,RSI_LT_34,EEM
2006-04-27,63.730590137744265,0,0.0,RSI_LT_34,EEM
2006-04-28,65.12457776977732,0,-0.0,RSI_LT_34,EEM
2006-05-01,61.72361462568594,0,0.0,RSI_LT_34,EEM
2006-05-02,56.52555646157448,0,0.0,RSI_LT_34,EEM
2006-05-03,54.394066432914954,0,0.0,RSI_LT_34,EEM
2006-05-04,60.36587189399664,0,0.0,RSI_LT_34,EEM
2006-05-05,63.30647356923534,0,0.0,RSI_LT_34,EEM
2006-05-08,73.30503995243919,0,0.0,RSI_LT_34,EEM
2006-05-09,83.73199611010847,0,-0.0,RSI_LT_34,EEM
2006-05-10,69.79157477630409,0,-0.0,RSI_LT_34,EEM
2006-05-11,62.44173967205702,0,-0.0,RSI_LT_34,EEM
2006-05-12,45.40365789957562,0,-0.0,RSI_LT_34,EEM
2006-05-15,37.91723581558658,0,0.0,RSI_LT_34,EEM
2006-05-16,31.768159213170023,1,-3.4307443950682637,RSI_LT_34,EEM
2006-05-17,24.735598888940444,1,-1.9230822691177707,RSI_LT_34,EEM
2006-05-18,17.683219308576412,1,2.156862953513494,RSI_LT_34,EEM
2006-05-19,19.220179825076855,1,-4.7075461642349214,RSI_LT_34,EEM
2006-05-22,12.233776941205761,1,-1.0919080818486138,RSI_LT_34,EEM
2006-05-23,11.304331168325518,1,-0.6966790116892274,RSI_LT_34,EEM
2006-05-24,11.58127643262165,1,4.252564004619397,RSI_LT_34,EEM
2006-05-25,27.72360011157872,1,-0.30024301663368336,RSI_LT_34,EEM
2006-05-26,31.02465366411907,1,-4.3094435033801055,RSI_LT_34,EEM
2006-05-30,28.772536385226488,1,1.6820392961417907,RSI_LT_34,EEM
2006-05-31,31.888939815719766,1,2.0490908786680695,RSI_LT_34,EEM
2006-06-01,42.83137043255364,0,0.0,RSI_LT_34,EEM
2006-06-02,49.29446038088481,0,-0.0,RSI_LT_34,EEM
2006-06-05,36.05500539991856,0,-0.0,RSI_LT_34,EEM
2006-06-06,43.49404302124009,0,-0.0,RSI_LT_34,EEM
2006-06-07,41.37080200034536,0,-0.0,RSI_LT_34,EEM
2006-06-08,39.519547670052276,0,-0.0,RSI_LT_34,EEM
2006-06-09,24.13232198357612,1,-3.7219986209244826,RSI_LT_34,EEM
2006-06-12,20.804120087540085,1,-2.219301762924053,RSI_LT_34,EEM
2006-06-13,23.2984328484973,1,2.867600241059076,RSI_LT_34,EEM
2006-06-14,26.38191005346232,1,5.824438538677734,RSI_LT_34,EEM
2006-06-15,35.99826313808053,0,-0.0,RSI_LT_34,EEM
2006-06-16,32.38180287322248,1,-3.720407040657936,RSI_LT_34,EEM
2006-06-19,33.58002714399444,1,1.2295095148107116,RSI_LT_34,EEM
2006-06-20,37.78991114045138,0,0.0,RSI_LT_34,EEM
2006-06-21,48.79227611579292,0,-0.0,RSI_LT_34,EEM
2006-06-22,48.79227611579292,0,-0.0,RSI_LT_34,EEM
2006-06-23,51.03354323812708,0,0.0,RSI_LT_34,EEM
2006-06-26,59.95684223235838,0,-0.0,RSI_LT_34,EEM
2006-06-27,60.64409873402856,0,0.0,RSI_LT_34,EEM
2006-06-28,61.36119084803735,0,0.0,RSI_LT_34,EEM
2006-06-29,62.07258480578454,0,0.0,RSI_LT_34,EEM
2006-06-30,63.97848387290288,0,0.0,RSI_LT_34,EEM
2006-07-03,80.43728548499938,0,-0.0,RSI_LT_34,EEM
2006-07-05,66.96011784273826,0,0.0,RSI_LT_34,EEM
2006-07-06,65.34491873980733,0,-0.0,RSI_LT_34,EEM
2006-07-07,64.64265355280239,0,0.0,RSI_LT_34,EEM
2006-07-10,66.52783040112094,0,0.0,RSI_LT_34,EEM
2006-07-11,67.29397657338026,0,-0.0,RSI_LT_34,EEM
2006-07-12,65.78816705871174,0,-0.0,RSI_LT_34,EEM
2006-07-13,50.023735487813155,0,0.0,RSI_LT_34,EEM
2006-07-14,35.239871876893716,0,-0.0,RSI_LT_34,EEM
2006-07-17,32.06152564785192,1,1.3926910663580871,RSI_LT_34,EEM
2006-07-18,28.56287242546523,1,6.169778939108728,RSI_LT_34,EEM
2006-07-19,53.3854099145776,0,-0.0,RSI_LT_34,EEM
2006-07-20,41.72913926222476,0,-0.0,RSI_LT_34,EEM
2006-07-21,41.77088625892907,0,0.0,RSI_LT_34,EEM
2006-07-24,50.0,0,0.0,RSI_LT_34,EEM
2006-07-25,49.566731010764286,0,-0.0,RSI_LT_34,EEM
2006-07-26,53.50795118115547,0,0.0,RSI_LT_34,EEM
2006-07-27,66.92955385491996,0,0.0,RSI_LT_34,EEM
2006-07-28,69.48083461369104,0,-0.0,RSI_LT_34,EEM
2006-07-31,71.10227518098031,0,-0.0,RSI_LT_34,EEM
2006-08-01,63.996089888947026,0,0.0,RSI_LT_34,EEM
2006-08-02,54.618226123673686,0,-0.0,RSI_LT_34,EEM
2006-08-03,65.07701879416427,0,0.0,RSI_LT_34,EEM
2006-08-04,75.26970769142372,0,-0.0,RSI_LT_34,EEM
2006-08-07,58.420437719477796,0,0.0,RSI_LT_34,EEM
2006-08-08,57.177021211936626,0,0.0,RSI_LT_34,EEM
2006-08-09,61.77883904494209,0,0.0,RSI_LT_34,EEM
2006-08-10,60.29960352894953,0,-0.0,RSI_LT_34,EEM
2006-08-11,39.0756255379442,0,0.0,RSI_LT_34,EEM
2006-08-14,48.103215633427865,0,0.0,RSI_LT_34,EEM
2006-08-15,74.69554686967672,0,0.0,RSI_LT_34,EEM
2006-08-16,73.66198828995459,0,0.0,RSI_LT_34,EEM
2006-08-17,75.21006888095496,0,-0.0,RSI_LT_34,EEM
2006-08-18,65.60915179997792,0,-0.0,RSI_LT_34,EEM
2006-08-21,66.36721957869779,0,-0.0,RSI_LT_34,EEM
2006-08-22,66.1125591047253,0,-0.0,RSI_LT_34,EEM
2006-08-23,52.112665578463755,0,-0.0,RSI_LT_34,EEM
2006-08-24,45.005876704849555,0,0.0,RSI_LT_34,EEM
2006-08-25,53.87648483918848,0,0.0,RSI_LT_34,EEM
2006-08-28,57.81246776183579,0,0.0,RSI_LT_34,EEM
2006-08-29,44.28565978990048,0,0.0,RSI_LT_34,EEM
2006-08-30,39.06241618072182,0,-0.0,RSI_LT_34,EEM
2006-08-31,35.7627223847246,0,0.0,RSI_LT_34,EEM
2006-09-01,52.89252915417428,0,0.0,RSI_LT_34,EEM
2006-09-05,61.51310898081415,0,-0.0,RSI_LT_34,EEM
2006-09-06,42.02242018691204,0,-0.0,RSI_LT_34,EEM
2006-09-07,45.44348435505447,0,0.0,RSI_LT_34,EEM
2006-09-08,51.65717349934933,0,-0.0,RSI_LT_34,EEM
2006-09-11,40.284334484613915,0,0.0,RSI_LT_34,EEM
2006-09-12,43.08945106589298,0,0.0,RSI_LT_34,EEM
2006-09-13,48.23335809597246,0,-0.0,RSI_LT_34,EEM
2006-09-14,43.426299543603854,0,0.0,RSI_LT_34,EEM
2006-09-15,46.88474006151641,0,0.0,RSI_LT_34,EEM
2006-09-18,46.88474006151641,0,-0.0,RSI_LT_34,EEM
2006-09-19,39.68138873673385,0,0.0,RSI_LT_34,EEM
2006-09-20,57.65069005010105,0,-0.0,RSI_LT_34,EEM
2006-09-21,52.38764761689305,0,-0.0,RSI_LT_34,EEM
2006-09-22,45.50406234067532,0,0.0,RSI_LT_34,EEM
2006-09-25,56.74690473060252,0,0.0,RSI_LT_34,EEM
2006-09-26,55.17765158232091,0,-0.0,RSI_LT_34,EEM
2006-09-27,48.83531177046321,0,0.0,RSI_LT_34,EEM
2006-09-28,55.41667938232422,0,-0.0,RSI_LT_34,EEM
2006-09-29,49.795252712233754,0,-0.0,RSI_LT_34,EEM
2006-10-02,44.237623280215004,0,-0.0,RSI_LT_34,EEM
2006-10-03,45.0361242944272,0,0.0,RSI_LT_34,EEM
2006-10-04,47.72537728648429,0,0.0,RSI_LT_34,EEM
2006-10-05,65.02367190292378,0,-0.0,RSI_LT_34,EEM
2006-10-06,71.60753685583667,0,-0.0,RSI_LT_34,EEM
2006-10-09,65.08477359762946,0,0.0,RSI_LT_34,EEM
2006-10-10,64.11147973289098,0,-0.0,RSI_LT_34,EEM
2006-10-11,61.883403469157344,0,0.0,RSI_LT_34,EEM
2006-10-12,67.77253241230886,0,0.0,RSI_LT_34,EEM
2006-10-13,74.73481036126708,0,0.0,RSI_LT_34,EEM
2006-10-16,76.54909832756947,0,-0.0,RSI_LT_34,EEM
2006-10-17,76.33083891124404,0,0.0,RSI_LT_34,EEM
2006-10-18,72.20982584761187,0,0.0,RSI_LT_34,EEM
2006-10-19,69.29721080007111,0,-0.0,RSI_LT_34,EEM
2006-10-20,67.38610790932543,0,-0.0,RSI_LT_34,EEM
2006-10-23,69.726989013111,0,0.0,RSI_LT_34,EEM
2006-10-24,68.51612579314744,0,0.0,RSI_LT_34,EEM
2006-10-25,77.2888833248512,0,0.0,RSI_LT_34,EEM
2006-10-26,69.43997363289296,0,-0.0,RSI_LT_34,EEM
2006-10-27,50.67749458810686,0,-0.0,RSI_LT_34,EEM
2006-10-30,46.44289569933931,0,0.0,RSI_LT_34,EEM
2006-10-31,67.12149437168463,0,-0.0,RSI_LT_34,EEM
2006-11-01,54.500645580069566,0,0.0,RSI_LT_34,EEM
2006-11-02,53.75933595677064,0,0.0,RSI_LT_34,EEM
2006-11-03,58.95139055557832,0,0.0,RSI_LT_34,EEM
2006-11-06,69.35167833370619,0,-0.0,RSI_LT_34,EEM
2006-11-07,64.4775633324717,0,0.0,RSI_LT_34,EEM
2006-11-08,60.89812770981946,0,0.0,RSI_LT_34,EEM
2006-11-09,61.36362791907407,0,0.0,RSI_LT_34,EEM
2006-11-10,75.97909588820065,0,0.0,RSI_LT_34,EEM
2006-11-13,80.57369650037674,0,0.0,RSI_LT_34,EEM
2006-11-14,79.81031953528907,0,0.0,RSI_LT_34,EEM
2006-11-15,93.1191970238366,0,-0.0,RSI_LT_34,EEM
2006-11-16,78.93302314804667,0,-0.0,RSI_LT_34,EEM
2006-11-17,76.65259359291528,0,-0.0,RSI_LT_34,EEM
2006-11-20,59.05514117013632,0,0.0,RSI_LT_34,EEM
2006-11-21,74.24966960332512,0,0.0,RSI_LT_34,EEM
2006-11-22,76.09977514514884,0,-0.0,RSI_LT_34,EEM
2006-11-24,74.53702559030782,0,-0.0,RSI_LT_34,EEM
2006-11-27,55.78070950775307,0,0.0,RSI_LT_34,EEM
2006-11-28,57.10983836675942,0,0.0,RSI_LT_34,EEM
2006-11-29,57.502903630915085,0,0.0,RSI_LT_34,EEM
2006-11-30,58.86918944705384,0,-0.0,RSI_LT_34,EEM
2006-12-01,63.36517110183078,0,0.0,RSI_LT_34,EEM
2006-12-04,72.01141806107947,0,0.0,RSI_LT_34,EEM
2006-12-05,79.03897918916536,0,-0.0,RSI_LT_34,EEM
2006-12-06,70.3138968347564,0,-0.0,RSI_LT_34,EEM
2006-12-07,65.61633272983943,0,-0.0,RSI_LT_34,EEM
2006-12-08,62.82166887019109,0,0.0,RSI_LT_34,EEM
2006-12-11,76.99783723660632,0,-0.0,RSI_LT_34,EEM
2006-12-12,65.16522364704022,0,0.0,RSI_LT_34,EEM
2006-12-13,60.67795821145655,0,0.0,RSI_LT_34,EEM
2006-12-14,66.08193135541325,0,0.0,RSI_LT_34,EEM
2006-12-15,70.61108823278029,0,-0.0,RSI_LT_34,EEM
2006-12-18,56.68933857875397,0,-0.0,RSI_LT_34,EEM
2006-12-19,40.23748773307164,0,-0.0,RSI_LT_34,EEM
2006-12-20,42.657368400834855,0,-0.0,RSI_LT_34,EEM
2006-12-21,43.88490037872551,0,0.0,RSI_LT_34,EEM
2006-12-22,50.36495862577081,0,0.0,RSI_LT_34,EEM
2006-12-26,56.632689553898956,0,0.0,RSI_LT_34,EEM
2006-12-27,74.69132750014481,0,-0.0,RSI_LT_34,EEM
2006-12-28,70.59584781754708,0,-0.0,RSI_LT_34,EEM
2006-12-29,58.87229318099865,0,0.0,RSI_LT_34,EEM
2007-01-03,61.846124592634595,0,-0.0,RSI_LT_34,EEM
2007-01-04,55.06847640009783,0,-0.0,RSI_LT_34,EEM
2007-01-05,40.56504417114152,0,0.0,RSI_LT_34,EEM
2007-01-08,46.52507370721033,0,-0.0,RSI_LT_34,EEM
2007-01-09,38.13291081937528,0,-0.0,RSI_LT_34,EEM
2007-01-10,35.38831989180808,0,0.0,RSI_LT_34,EEM
2007-01-11,37.05149835301679,0,0.0,RSI_LT_34,EEM
2007-01-12,39.955347639572686,0,0.0,RSI_LT_34,EEM
2007-01-16,42.364185575585964,0,-0.0,RSI_LT_34,EEM
2007-01-17,41.57062597806496,0,-0.0,RSI_LT_34,EEM
2007-01-18,34.06670700655049,0,0.0,RSI_LT_34,EEM
2007-01-19,46.85990757860202,0,-0.0,RSI_LT_34,EEM
2007-01-22,60.08851439624877,0,0.0,RSI_LT_34,EEM
2007-01-23,65.46708248590738,0,0.0,RSI_LT_34,EEM
2007-01-24,82.46970728655755,0,-0.0,RSI_LT_34,EEM
2007-01-25,64.09397364940529,0,0.0,RSI_LT_34,EEM
2007-01-26,62.37692767041001,0,-0.0,RSI_LT_34,EEM
2007-01-29,49.221648933553,0,0.0,RSI_LT_34,EEM
2007-01-30,53.77867490970979,0,0.0,RSI_LT_34,EEM
2007-01-31,58.10896614635971,0,0.0,RSI_LT_34,EEM
2007-02-01,66.34307131640543,0,-0.0,RSI_LT_34,EEM
2007-02-02,59.81177293421748,0,0.0,RSI_LT_34,EEM
2007-02-05,60.69617348568906,0,0.0,RSI_LT_34,EEM
2007-02-06,56.18434905532951,0,-0.0,RSI_LT_34,EEM
2007-02-07,50.33843347562611,0,-0.0,RSI_LT_34,EEM
2007-02-08,67.08000407703531,0,-0.0,RSI_LT_34,EEM
2007-02-09,55.020912989037136,0,-0.0,RSI_LT_34,EEM
2007-02-12,59.50228558186862,0,0.0,RSI_LT_34,EEM
2007-02-13,59.82041365739878,0,0.0,RSI_LT_34,EEM
2007-02-14,65.93722846148319,0,0.0,RSI_LT_34,EEM
2007-02-15,61.002217759277755,0,0.0,RSI_LT_34,EEM
2007-02-16,64.50549630205327,0,0.0,RSI_LT_34,EEM
2007-02-20,65.26880675127084,0,0.0,RSI_LT_34,EEM
2007-02-21,62.0446064159545,0,-0.0,RSI_LT_34,EEM
2007-02-22,63.15791635124646,0,-0.0,RSI_LT_34,EEM
2007-02-23,61.46689865761441,0,-0.0,RSI_LT_34,EEM
2007-02-26,72.72737303885484,0,-0.0,RSI_LT_34,EEM
2007-02-27,32.93822757120971,1,2.502321167242205,RSI_LT_34,EEM
2007-02-28,36.50327234774897,0,-0.0,RSI_LT_34,EEM
2007-03-01,23.067329624706673,1,-0.9265189772355908,RSI_LT_34,EEM
2007-03-02,21.378076273728126,1,-2.5648117065429688,RSI_LT_34,EEM
2007-03-05,17.248447292543474,1,4.3903854406535325,RSI_LT_34,EEM
2007-03-06,32.240444255874294,1,-0.6099278662838437,RSI_LT_34,EEM
2007-03-07,30.360861320555443,1,2.5828868586230236,RSI_LT_34,EEM
2007-03-08,38.077350507055115,0,0.0,RSI_LT_34,EEM
2007-03-09,39.79985631025708,0,0.0,RSI_LT_34,EEM
2007-03-12,41.12536675743855,0,-0.0,RSI_LT_34,EEM
2007-03-13,53.88422386022015,0,0.0,RSI_LT_34,EEM
2007-03-14,49.375330237646786,0,0.0,RSI_LT_34,EEM
2007-03-15,56.376986248995735,0,-0.0,RSI_LT_34,EEM
2007-03-16,56.56853208981871,0,0.0,RSI_LT_34,EEM
2007-03-19,71.69268199157725,0,0.0,RSI_LT_34,EEM
2007-03-20,63.51452455412303,0,0.0,RSI_LT_34,EEM
2007-03-21,73.82428757577475,0,-0.0,RSI_LT_34,EEM
2007-03-22,65.82371113220591,0,0.0,RSI_LT_34,EEM
2007-03-23,66.64315431393833,0,-0.0,RSI_LT_34,EEM
2007-03-26,64.96355425762789,0,-0.0,RSI_LT_34,EEM
2007-03-27,81.35289502589048,0,-0.0,RSI_LT_34,EEM
2007-03-28,66.00658507866873,0,0.0,RSI_LT_34,EEM
2007-03-29,69.45886149507879,0,-0.0,RSI_LT_34,EEM
2007-03-30,74.60187150914342,0,0.0,RSI_LT_34,EEM
2007-04-02,70.84089996150433,0,0.0,RSI_LT_34,EEM
2007-04-03,73.67984718567263,0,0.0,RSI_LT_34,EEM
2007-04-04,66.31468405552607,0,0.0,RSI_LT_34,EEM
2007-04-05,70.37447821089356,0,0.0,RSI_LT_34,EEM
2007-04-09,70.85592494274863,0,0.0,RSI_LT_34,EEM
2007-04-10,73.0729150739454,0,-0.0,RSI_LT_34,EEM
2007-04-11,68.82859488329376,0,0.0,RSI_LT_34,EEM
2007-04-12,88.88886410204644,0,0.0,RSI_LT_34,EEM
2007-04-13,86.72872319166113,0,0.0,RSI_LT_34,EEM
2007-04-16,88.83351303861667,0,-0.0,RSI_LT_34,EEM
2007-04-17,81.91925555587666,0,-0.0,RSI_LT_34,EEM
2007-04-18,69.55058101333046,0,-0.0,RSI_LT_34,EEM
2007-04-19,59.51857161638485,0,0.0,RSI_LT_34,EEM
2007-04-20,64.6946348153875,0,-0.0,RSI_LT_34,EEM
2007-04-23,59.24121654717905,0,-0.0,RSI_LT_34,EEM
2007-04-24,56.73172034094665,0,0.0,RSI_LT_34,EEM
2007-04-25,69.49650577174657,0,-0.0,RSI_LT_34,EEM
2007-04-26,59.52660846671199,0,-0.0,RSI_LT_34,EEM
2007-04-27,52.302258684728585,0,-0.0,RSI_LT_34,EEM
2007-04-30,31.629397254397247,1,0.39721909697363333,RSI_LT_34,EEM
2007-05-01,37.499968901991515,0,0.0,RSI_LT_34,EEM
2007-05-02,54.8175371584442,0,0.0,RSI_LT_34,EEM
2007-05-03,64.24579398323027,0,-0.0,RSI_LT_34,EEM
2007-05-04,58.413726021717984,0,0.0,RSI_LT_34,EEM
2007-05-07,64.87048033101249,0,-0.0,RSI_LT_34,EEM
2007-05-08,55.59504632005814,0,0.0,RSI_LT_34,EEM
2007-05-09,57.4105772923738,0,-0.0,RSI_LT_34,EEM
2007-05-10,46.51484768476578,0,0.0,RSI_LT_34,EEM
2007-05-11,58.034124763995415,0,-0.0,RSI_LT_34,EEM
2007-05-14,62.16896245679609,0,0.0,RSI_LT_34,EEM
2007-05-15,61.36510849020107,0,0.0,RSI_LT_34,EEM
2007-05-16,59.81246445286929,0,-0.0,RSI_LT_34,EEM
2007-05-17,54.98255477799708,0,0.0,RSI_LT_34,EEM
2007-05-18,57.08552754377966,0,0.0,RSI_LT_34,EEM
2007-05-21,55.35463456599714,0,0.0,RSI_LT_34,EEM
2007-05-22,62.49019816948855,0,-0.0,RSI_LT_34,EEM
2007-05-23,54.51226140414385,0,-0.0,RSI_LT_34,EEM
2007-05-24,54.66177801256335,0,0.0,RSI_LT_34,EEM
2007-05-25,48.971213280744095,0,-0.0,RSI_LT_34,EEM
2007-05-29,53.48316889482665,0,0.0,RSI_LT_34,EEM
2007-05-30,58.72378733440053,0,0.0,RSI_LT_34,EEM
2007-05-31,51.74822003537254,0,0.0,RSI_LT_34,EEM
2007-06-01,67.40477042422128,0,-0.0,RSI_LT_34,EEM
2007-06-04,62.0320882886926,0,-0.0,RSI_LT_34,EEM
2007-06-05,58.8286429969069,0,-0.0,RSI_LT_34,EEM
2007-06-06,45.73959442539697,0,-0.0,RSI_LT_34,EEM
2007-06-07,40.8897099435955,0,0.0,RSI_LT_34,EEM
2007-06-08,57.234725268255346,0,0.0,RSI_LT_34,EEM
2007-06-11,54.85402761343675,0,-0.0,RSI_LT_34,EEM
2007-06-12,48.940017994463034,0,0.0,RSI_LT_34,EEM
2007-06-13,52.45347492241517,0,0.0,RSI_LT_34,EEM
2007-06-14,56.47908485108802,0,0.0,RSI_LT_34,EEM
2007-06-15,55.97910303444641,0,0.0,RSI_LT_34,EEM
2007-06-18,57.99891988405286,0,0.0,RSI_LT_34,EEM
2007-06-19,59.76073824647172,0,-0.0,RSI_LT_34,EEM
2007-06-20,67.54761042277,0,0.0,RSI_LT_34,EEM
2007-06-21,79.08577759209906,0,-0.0,RSI_LT_34,EEM
2007-06-22,67.18142908061517,0,-0.0,RSI_LT_34,EEM
2007-06-25,60.543319833861,0,-0.0,RSI_LT_34,EEM
2007-06-26,65.04514406096933,0,0.0,RSI_LT_34,EEM
2007-06-27,63.364859424528674,0,0.0,RSI_LT_34,EEM
2007-06-28,57.22786749006915,0,0.0,RSI_LT_34,EEM
2007-06-29,45.738969194854,0,0.0,RSI_LT_34,EEM
2007-07-02,57.44498953864505,0,0.0,RSI_LT_34,EEM
2007-07-03,60.51803744026445,0,0.0,RSI_LT_34,EEM
2007-07-05,68.0589505571135,0,0.0,RSI_LT_34,EEM
2007-07-06,69.76739234577101,0,0.0,RSI_LT_34,EEM
2007-07-09,82.85256836423758,0,-0.0,RSI_LT_34,EEM
2007-07-10,72.66341009911245,0,0.0,RSI_LT_34,EEM
2007-07-11,80.66108572449504,0,0.0,RSI_LT_34,EEM
2007-07-12,82.15447682773319,0,0.0,RSI_LT_34,EEM
2007-07-13,83.9463242922929,0,-0.0,RSI_LT_34,EEM
2007-07-16,77.03376675687264,0,-0.0,RSI_LT_34,EEM
2007-07-17,72.53390807226835,0,-0.0,RSI_LT_34,EEM
2007-07-18,62.95611888285111,0,0.0,RSI_LT_34,EEM
2007-07-19,64.68162633225032,0,-0.0,RSI_LT_34,EEM
2007-07-20,55.38463569959806,0,0.0,RSI_LT_34,EEM
2007-07-23,61.987999624988284,0,-0.0,RSI_LT_34,EEM
2007-07-24,55.39288923790284,0,0.0,RSI_LT_34,EEM
2007-07-25,54.66268241897725,0,-0.0,RSI_LT_34,EEM
2007-07-26,32.93484921459695,1,-1.295474252733675,RSI_LT_34,EEM
2007-07-27,25.75317180903872,1,3.2735603324122176,RSI_LT_34,EEM
2007-07-30,38.82743446854516,0,-0.0,RSI_LT_34,EEM
2007-07-31,35.3592748328923,0,-0.0,RSI_LT_34,EEM
2007-08-01,36.85682492403309,0,0.0,RSI_LT_34,EEM
2007-08-02,37.01116319474275,0,-0.0,RSI_LT_34,EEM
2007-08-03,31.708029287035686,1,1.784740882014768,RSI_LT_34,EEM
2007-08-06,27.890086072903884,1,0.7459826204355702,RSI_LT_34,EEM
2007-08-07,35.37905764310382,0,0.0,RSI_LT_34,EEM
2007-08-08,42.811502298324406,0,-0.0,RSI_LT_34,EEM
2007-08-09,45.01174970005878,0,-0.0,RSI_LT_34,EEM
2007-08-10,44.224417456201806,0,0.0,RSI_LT_34,EEM
2007-08-13,38.02714351061107,0,-0.0,RSI_LT_34,EEM
2007-08-14,37.26196355573576,0,-0.0,RSI_LT_34,EEM
2007-08-15,32.16502347209527,1,-1.7005416838335896,RSI_LT_34,EEM
2007-08-16,27.13981448236676,1,3.164556962025311,RSI_LT_34,EEM
2007-08-17,41.07722978745999,0,0.0,RSI_LT_34,EEM
2007-08-20,36.9225283697472,0,-0.0,RSI_LT_34,EEM
2007-08-21,34.17048912486858,0,0.0,RSI_LT_34,EEM
2007-08-22,36.09204635486751,0,0.0,RSI_LT_34,EEM
2007-08-23,46.172953025250386,0,0.0,RSI_LT_34,EEM
2007-08-24,56.90829877648594,0,0.0,RSI_LT_34,EEM
2007-08-27,55.738381727111815,0,-0.0,RSI_LT_34,EEM
2007-08-28,51.4621964741078,0,0.0,RSI_LT_34,EEM
2007-08-29,70.26513870754633,0,-0.0,RSI_LT_34,EEM
2007-08-30,74.14069829084184,0,0.0,RSI_LT_34,EEM
2007-08-31,73.74189299402343,0,0.0,RSI_LT_34,EEM
2007-09-04,75.72233062740261,0,-0.0,RSI_LT_34,EEM
2007-09-05,71.40835248781482,0,0.0,RSI_LT_34,EEM
2007-09-06,66.41728429590268,0,-0.0,RSI_LT_34,EEM
2007-09-07,57.93649866853163,0,0.0,RSI_LT_34,EEM
2007-09-10,52.65842847365619,0,0.0,RSI_LT_34,EEM
2007-09-11,56.48942628733816,0,0.0,RSI_LT_34,EEM
2007-09-12,72.0908013361589,0,0.0,RSI_LT_34,EEM
2007-09-13,66.41488732104027,0,0.0,RSI_LT_34,EEM
2007-09-14,69.6014236716732,0,-0.0,RSI_LT_34,EEM
2007-09-17,58.21105481020838,0,0.0,RSI_LT_34,EEM
2007-09-18,67.93568470459158,0,0.0,RSI_LT_34,EEM
2007-09-19,77.2622028448301,0,-0.0,RSI_LT_34,EEM
2007-09-20,73.73803578072699,0,0.0,RSI_LT_34,EEM
2007-09-21,91.47845565756013,0,0.0,RSI_LT_34,EEM
2007-09-24,92.3211966316109,0,-0.0,RSI_LT_34,EEM
2007-09-25,87.59130794670554,0,0.0,RSI_LT_34,EEM
2007-09-26,88.69414081365211,0,0.0,RSI_LT_34,EEM
2007-09-27,89.15318908269231,0,-0.0,RSI_LT_34,EEM
2007-09-28,84.26345465239474,0,0.0,RSI_LT_34,EEM
2007-10-01,91.03450489386712,0,0.0,RSI_LT_34,EEM
2007-10-02,87.96300024654258,0,-0.0,RSI_LT_34,EEM
2007-10-03,67.16052424707723,0,0.0,RSI_LT_34,EEM
2007-10-04,70.89202685117627,0,0.0,RSI_LT_34,EEM
2007-10-05,74.66286225792376,0,-0.0,RSI_LT_34,EEM
2007-10-08,67.6663872251172,0,0.0,RSI_LT_34,EEM
2007-10-09,72.07173496155902,0,0.0,RSI_LT_34,EEM
2007-10-10,70.08581904574834,0,-0.0,RSI_LT_34,EEM
2007-10-11,63.18682700651336,0,0.0,RSI_LT_34,EEM
2007-10-12,69.65194659185863,0,-0.0,RSI_LT_34,EEM
2007-10-15,57.44961367432899,0,-0.0,RSI_LT_34,EEM
2007-10-16,48.845672151238084,0,0.0,RSI_LT_34,EEM
2007-10-17,66.34123570825557,0,0.0,RSI_LT_34,EEM
2007-10-18,65.31056464980158,0,-0.0,RSI_LT_34,EEM
2007-10-19,40.09761210103369,0,0.0,RSI_LT_34,EEM
2007-10-22,45.62864089349617,0,0.0,RSI_LT_34,EEM
2007-10-23,49.47775575535603,0,-0.0,RSI_LT_34,EEM
2007-10-24,47.16910209220318,0,0.0,RSI_LT_34,EEM
2007-10-25,53.428671307248216,0,0.0,RSI_LT_34,EEM
2007-10-26,56.05534660530419,0,0.0,RSI_LT_34,EEM
2007-10-29,64.98370242689204,0,-0.0,RSI_LT_34,EEM
2007-10-30,64.50049117458249,0,0.0,RSI_LT_34,EEM
2007-10-31,64.52342285978824,0,-0.0,RSI_LT_34,EEM
2007-11-01,51.95121777239653,0,0.0,RSI_LT_34,EEM
2007-11-02,64.75330249345407,0,-0.0,RSI_LT_34,EEM
2007-11-05,53.434693446872124,0,0.0,RSI_LT_34,EEM
2007-11-06,55.51371152200002,0,-0.0,RSI_LT_34,EEM
2007-11-07,49.975795593440225,0,0.0,RSI_LT_34,EEM
2007-11-08,48.49165288343653,0,-0.0,RSI_LT_34,EEM
2007-11-09,38.04679623450739,0,-0.0,RSI_LT_34,EEM
2007-11-12,25.4368012821961,1,7.064088173292715,RSI_LT_34,EEM
2007-11-13,41.938630823250506,0,0.0,RSI_LT_34,EEM
2007-11-14,37.75402161935096,0,-0.0,RSI_LT_34,EEM
2007-11-15,40.439847970148776,0,0.0,RSI_LT_34,EEM
2007-11-16,41.7087578161348,0,-0.0,RSI_LT_34,EEM
2007-11-19,40.39564788302432,0,0.0,RSI_LT_34,EEM
2007-11-20,37.9126962270744,0,-0.0,RSI_LT_34,EEM
2007-11-21,35.96804121702425,0,0.0,RSI_LT_34,EEM
2007-11-23,40.274505676831794,0,-0.0,RSI_LT_34,EEM
2007-11-26,38.645337947431244,0,0.0,RSI_LT_34,EEM
2007-11-27,51.847408439829834,0,0.0,RSI_LT_34,EEM
2007-11-28,49.63443220027995,0,-0.0,RSI_LT_34,EEM
2007-11-29,47.58162331236019,0,0.0,RSI_LT_34,EEM
2007-11-30,52.619351869176725,0,-0.0,RSI_LT_34,EEM
2007-12-03,49.20940430102058,0,-0.0,RSI_LT_34,EEM
2007-12-04,57.41710027798487,0,0.0,RSI_LT_34,EEM
2007-12-05,60.14932315416727,0,0.0,RSI_LT_34,EEM
2007-12-06,74.88087156787284,0,-0.0,RSI_LT_34,EEM
2007-12-07,67.83196071004298,0,0.0,RSI_LT_34,EEM
2007-12-10,81.26051548133422,0,-0.0,RSI_LT_34,EEM
2007-12-11,60.23201650780304,0,0.0,RSI_LT_34,EEM
2007-12-12,55.25741095669299,0,-0.0,RSI_LT_34,EEM
2007-12-13,50.7661669693518,0,-0.0,RSI_LT_34,EEM
2007-12-14,43.05126726156143,0,-0.0,RSI_LT_34,EEM
2007-12-17,37.24285195390322,0,0.0,RSI_LT_34,EEM
2007-12-18,43.64170084251067,0,0.0,RSI_LT_34,EEM
2007-12-19,34.31010199078352,0,0.0,RSI_LT_34,EEM
2007-12-20,30.97160839246969,1,3.015681442265361,RSI_LT_34,EEM
2007-12-21,41.24341321644672,0,0.0,RSI_LT_34,EEM
2007-12-24,42.15846814274597,0,0.0,RSI_LT_34,EEM
2007-12-26,53.00457913243156,0,-0.0,RSI_LT_34,EEM
2007-12-27,39.29055123803058,0,0.0,RSI_LT_34,EEM
2007-12-28,47.23188572745075,0,-0.0,RSI_LT_34,EEM
2007-12-31,50.83332061767579,0,-0.0,RSI_LT_34,EEM
2008-01-02,60.726748657070104,0,0.0,RSI_LT_34,EEM
2008-01-03,54.86269693287522,0,-0.0,RSI_LT_34,EEM
2008-01-04,41.095211080938654,0,0.0,RSI_LT_34,EEM
2008-01-07,41.78822987064674,0,-0.0,RSI_LT_34,EEM
2008-01-08,24.496632697080997,1,3.2780041314278696,RSI_LT_34,EEM
2008-01-09,38.6363529961938,0,0.0,RSI_LT_34,EEM
2008-01-10,41.20210778576826,0,-0.0,RSI_LT_34,EEM
2008-01-11,40.0338624830615,0,0.0,RSI_LT_34,EEM
2008-01-14,43.81442971505946,0,-0.0,RSI_LT_34,EEM
2008-01-15,36.67441507140686,0,-0.0,RSI_LT_34,EEM
2008-01-16,32.91629621953015,1,-2.9116253421791805,RSI_LT_34,EEM
2008-01-17,26.84341952271103,1,2.2813059404760194,RSI_LT_34,EEM
2008-01-18,36.661868380744814,0,-0.0,RSI_LT_34,EEM
2008-01-22,31.49095394838338,1,0.6363608620383543,RSI_LT_34,EEM
2008-01-23,34.021720775797974,0,0.0,RSI_LT_34,EEM
2008-01-24,29.907614685445907,1,-1.5211887252623568,RSI_LT_34,EEM
2008-01-25,24.61359778140323,1,2.474501584332156,RSI_LT_34,EEM
2008-01-28,35.01027578980825,0,-0.0,RSI_LT_34,EEM
2008-01-29,29.969224160090718,1,-1.3162766805789872,RSI_LT_34,EEM
2008-01-30,35.35389284413213,0,0.0,RSI_LT_34,EEM
2008-01-31,51.11020030944251,0,0.0,RSI_LT_34,EEM
2008-02-01,65.68459592841782,0,0.0,RSI_LT_34,EEM
2008-02-04,61.34703050978474,0,-0.0,RSI_LT_34,EEM
2008-02-05,51.03531174118415,0,-0.0,RSI_LT_34,EEM
2008-02-06,45.184906315808504,0,0.0,RSI_LT_34,EEM
2008-02-07,44.39234949608423,0,-0.0,RSI_LT_34,EEM
2008-02-08,47.771218362128835,0,0.0,RSI_LT_34,EEM
2008-02-11,43.85172983071349,0,0.0,RSI_LT_34,EEM
2008-02-12,50.23295312436382,0,0.0,RSI_LT_34,EEM
2008-02-13,59.967829611936075,0,-0.0,RSI_LT_34,EEM
2008-02-14,51.00083277457102,0,0.0,RSI_LT_34,EEM
2008-02-15,47.143508737248304,0,0.0,RSI_LT_34,EEM
2008-02-19,50.2329533501949,0,0.0,RSI_LT_34,EEM
2008-02-20,75.58007081530535,0,-0.0,RSI_LT_34,EEM
2008-02-21,76.42228892534291,0,0.0,RSI_LT_34,EEM
2008-02-22,75.94254531408589,0,0.0,RSI_LT_34,EEM
2008-02-25,80.25147037753528,0,0.0,RSI_LT_34,EEM
2008-02-26,80.51681218717232,0,0.0,RSI_LT_34,EEM
2008-02-27,79.53312764590616,0,-0.0,RSI_LT_34,EEM
2008-02-28,68.4179841349837,0,-0.0,RSI_LT_34,EEM
2008-02-29,55.375063563144856,0,0.0,RSI_LT_34,EEM
2008-03-03,54.900989962230575,0,-0.0,RSI_LT_34,EEM
2008-03-04,43.14078891036668,0,0.0,RSI_LT_34,EEM
2008-03-05,47.214075824544096,0,-0.0,RSI_LT_34,EEM
2008-03-06,42.22553334719718,0,-0.0,RSI_LT_34,EEM
2008-03-07,35.21915955072559,0,-0.0,RSI_LT_34,EEM
2008-03-10,25.643904452104678,1,6.7256993900357775,RSI_LT_34,EEM
2008-03-11,41.068737118511244,0,-0.0,RSI_LT_34,EEM
2008-03-12,35.91000119821476,0,-0.0,RSI_LT_34,EEM
2008-03-13,36.255078862334834,0,-0.0,RSI_LT_34,EEM
2008-03-14,37.29776541714065,0,-0.0,RSI_LT_34,EEM
2008-03-17,32.59898777498465,1,5.199375952481344,RSI_LT_34,EEM
2008-03-18,46.72610014179013,0,-0.0,RSI_LT_34,EEM
2008-03-19,34.78064416467136,0,0.0,RSI_LT_34,EEM
2008-03-20,42.101494689371506,0,0.0,RSI_LT_34,EEM
2008-03-24,50.223011818248175,0,0.0,RSI_LT_34,EEM
2008-03-25,55.1515115707358,0,-0.0,RSI_LT_34,EEM
2008-03-26,42.77959745620553,0,-0.0,RSI_LT_34,EEM
2008-03-27,45.15759233396806,0,-0.0,RSI_LT_34,EEM
2008-03-28,46.50339000335657,0,0.0,RSI_LT_34,EEM
2008-03-31,55.42530738266454,0,0.0,RSI_LT_34,EEM
2008-04-01,68.31340820366304,0,0.0,RSI_LT_34,EEM
2008-04-02,60.08719826583224,0,0.0,RSI_LT_34,EEM
2008-04-03,89.44296747269053,0,-0.0,RSI_LT_34,EEM
2008-04-04,85.1937088635076,0,0.0,RSI_LT_34,EEM
2008-04-07,82.00979863893495,0,-0.0,RSI_LT_34,EEM
2008-04-08,74.22838538654243,0,-0.0,RSI_LT_34,EEM
2008-04-09,68.37237902586264,0,0.0,RSI_LT_34,EEM
2008-04-10,75.3566440209526,0,-0.0,RSI_LT_34,EEM
2008-04-11,66.43795953807529,0,-0.0,RSI_LT_34,EEM
2008-04-14,63.593655290684936,0,0.0,RSI_LT_34,EEM
2008-04-15,54.07408977239011,0,0.0,RSI_LT_34,EEM
2008-04-16,64.6924762352892,0,-0.0,RSI_LT_34,EEM
2008-04-17,57.12595736790066,0,0.0,RSI_LT_34,EEM
2008-04-18,63.91140749387299,0,0.0,RSI_LT_34,EEM
2008-04-21,61.56502294416163,0,-0.0,RSI_LT_34,EEM
2008-04-22,59.57684876969583,0,0.0,RSI_LT_34,EEM
2008-04-23,71.69285423784481,0,-0.0,RSI_LT_34,EEM
2008-04-24,60.857306989743556,0,0.0,RSI_LT_34,EEM
2008-04-25,71.92239386446269,0,-0.0,RSI_LT_34,EEM
2008-04-28,72.14113277105952,0,-0.0,RSI_LT_34,EEM
2008-04-29,58.79312011775593,0,0.0,RSI_LT_34,EEM
2008-04-30,55.74074139483956,0,0.0,RSI_LT_34,EEM
2008-05-01,63.37522429356089,0,0.0,RSI_LT_34,EEM
2008-05-02,61.65416013853385,0,-0.0,RSI_LT_34,EEM
2008-05-05,59.36075786361889,0,0.0,RSI_LT_34,EEM
2008-05-06,68.86189819733596,0,-0.0,RSI_LT_34,EEM
2008-05-07,48.0886463826207,0,0.0,RSI_LT_34,EEM
2008-05-08,57.66835683572891,0,-0.0,RSI_LT_34,EEM
2008-05-09,51.20718903011065,0,0.0,RSI_LT_34,EEM
2008-05-12,56.69415136857786,0,0.0,RSI_LT_34,EEM
2008-05-13,66.81871090151292,0,0.0,RSI_LT_34,EEM
2008-05-14,61.04420070211884,0,0.0,RSI_LT_34,EEM
2008-05-15,64.87629048254448,0,0.0,RSI_LT_34,EEM
2008-05-16,65.96491815127625,0,0.0,RSI_LT_34,EEM
2008-05-19,66.45123245982965,0,-0.0,RSI_LT_34,EEM
2008-05-20,53.436782761276305,0,-0.0,RSI_LT_34,EEM
2008-05-21,63.88335053614372,0,0.0,RSI_LT_34,EEM
2008-05-22,61.12697394305379,0,-0.0,RSI_LT_34,EEM
2008-05-23,55.46923725335952,0,-0.0,RSI_LT_34,EEM
2008-05-27,48.40578772695383,0,0.0,RSI_LT_34,EEM
2008-05-28,52.81643035256002,0,0.0,RSI_LT_34,EEM
2008-05-29,52.72241903641595,0,0.0,RSI_LT_34,EEM
2008-05-30,42.534325339096945,0,-0.0,RSI_LT_34,EEM
2008-06-02,27.124168340270842,1,-1.8060155200260497,RSI_LT_34,EEM
2008-06-03,22.065754005047367,1,-0.8719337552367645,RSI_LT_34,EEM
2008-06-04,24.370405409071182,1,3.1816886357781016,RSI_LT_34,EEM
2008-06-05,47.76840131917707,0,-0.0,RSI_LT_34,EEM
2008-06-06,34.66172558769,0,-0.0,RSI_LT_34,EEM
2008-06-09,38.73641938871543,0,-0.0,RSI_LT_34,EEM
2008-06-10,33.39285285497009,1,-1.496350892194398,RSI_LT_34,EEM
2008-06-11,24.34470981258829,1,0.5831543460319333,RSI_LT_34,EEM
2008-06-12,25.92432563740202,1,1.080811785932001,RSI_LT_34,EEM
2008-06-13,28.982477841981776,1,0.3398948718929429,RSI_LT_34,EEM
2008-06-16,32.78905689726574,1,0.423431394204532,RSI_LT_34,EEM
2008-06-17,39.05641893396268,0,-0.0,RSI_LT_34,EEM
2008-06-18,40.21031458362583,0,0.0,RSI_LT_34,EEM
2008-06-19,23.26481590169263,1,-3.2644748632224108,RSI_LT_34,EEM
2008-06-20,24.542391975643895,1,0.2915490804313636,RSI_LT_34,EEM
2008-06-23,27.198958109110507,1,-0.4433171497026822,RSI_LT_34,EEM
2008-06-24,33.333364964258635,1,0.846774230602243,RSI_LT_34,EEM
2008-06-25,46.6246672874554,0,-0.0,RSI_LT_34,EEM
2008-06-26,29.055878181364406,1,0.9669446669041015,RSI_LT_34,EEM
2008-06-27,28.002721252332066,1,0.7572386214551141,RSI_LT_34,EEM
2008-06-30,30.533878516858422,1,-1.7830842129805125,RSI_LT_34,EEM
2008-07-01,23.806764134579254,1,-2.8507120405579345,RSI_LT_34,EEM
2008-07-02,20.157724222885022,1,-0.2857222896348488,RSI_LT_34,EEM
2008-07-03,18.93346083817262,1,-0.3562265106082263,RSI_LT_34,EEM
2008-07-07,23.786114461962654,1,1.2279518677519308,RSI_LT_34,EEM
2008-07-08,28.939831650604503,1,-2.0191946188783616,RSI_LT_34,EEM
2008-07-09,25.93734846280671,1,1.8100621560697139,RSI_LT_34,EEM
2008-07-10,30.06792081713661,1,-0.6695934110641399,RSI_LT_34,EEM
2008-07-11,37.01493332713873,0,-0.0,RSI_LT_34,EEM
2008-07-14,31.434070531277797,1,-1.6679608226748188,RSI_LT_34,EEM
2008-07-15,23.223896056336287,1,2.8875768537351965,RSI_LT_34,EEM
2008-07-16,41.96777082835027,0,0.0,RSI_LT_34,EEM
2008-07-17,55.13510587707665,0,-0.0,RSI_LT_34,EEM
2008-07-18,52.44216543326464,0,0.0,RSI_LT_34,EEM
2008-07-21,58.46797197260816,0,0.0,RSI_LT_34,EEM
2008-07-22,54.37211405560726,0,0.0,RSI_LT_34,EEM
2008-07-23,66.2489918090083,0,-0.0,RSI_LT_34,EEM
2008-07-24,40.11739710769837,0,0.0,RSI_LT_34,EEM
2008-07-25,45.79256111726572,0,-0.0,RSI_LT_34,EEM
2008-07-28,40.507779404471584,0,0.0,RSI_LT_34,EEM
2008-07-29,63.14362022988458,0,-0.0,RSI_LT_34,EEM
2008-07-30,51.96373386316529,0,-0.0,RSI_LT_34,EEM
2008-07-31,43.75845800292111,0,-0.0,RSI_LT_34,EEM
2008-08-01,44.277250684010056,0,-0.0,RSI_LT_34,EEM
2008-08-04,33.443442942085895,1,1.2876549593335396,RSI_LT_34,EEM
2008-08-05,37.34938204998306,0,0.0,RSI_LT_34,EEM
2008-08-06,42.490198215897685,0,-0.0,RSI_LT_34,EEM
2008-08-07,43.24619922359694,0,0.0,RSI_LT_34,EEM
2008-08-08,42.04671498900569,0,-0.0,RSI_LT_34,EEM
2008-08-11,43.44827707164442,0,-0.0,RSI_LT_34,EEM
2008-08-12,21.72618523881887,1,-0.02475444833942575,RSI_LT_34,EEM
2008-08-13,23.28548430862682,1,1.3125278981613864,RSI_LT_34,EEM
2008-08-14,34.19242736175481,0,-0.0,RSI_LT_34,EEM
2008-08-15,32.25283119423628,1,-1.6886026755549288,RSI_LT_34,EEM
2008-08-18,35.85584693909814,0,-0.0,RSI_LT_34,EEM
2008-08-19,27.289710296833434,1,2.5471218613158264,RSI_LT_34,EEM
2008-08-20,29.528953708067675,1,-0.14902523868626227,RSI_LT_34,EEM
2008-08-21,39.563087019643866,0,-0.0,RSI_LT_34,EEM
2008-08-22,37.77775475353754,0,-0.0,RSI_LT_34,EEM
2008-08-25,34.382018619164356,0,0.0,RSI_LT_34,EEM
2008-08-26,38.27750759517814,0,0.0,RSI_LT_34,EEM
2008-08-27,48.702583715881865,0,0.0,RSI_LT_34,EEM
2008-08-28,46.00839073412913,0,-0.0,RSI_LT_34,EEM
2008-08-29,47.60868159043075,0,-0.0,RSI_LT_34,EEM
2008-09-02,42.690054565815835,0,-0.0,RSI_LT_34,EEM
2008-09-03,40.257366089272416,0,-0.0,RSI_LT_34,EEM
2008-09-04,19.193535684664667,1,1.4270046030751882,RSI_LT_34,EEM
2008-09-05,25.675662517276393,1,1.2445862983419431,RSI_LT_34,EEM
2008-09-08,30.606477994189163,1,-5.6119684042739255,RSI_LT_34,EEM
2008-09-09,25.95692584563338,1,1.6138156844541118,RSI_LT_34,EEM
2008-09-10,30.13543041296481,1,-1.476731090304062,RSI_LT_34,EEM
2008-09-11,21.403497030780827,1,3.3371048778498613,RSI_LT_34,EEM
2008-09-12,28.8888933741311,1,-7.854413450116937,RSI_LT_34,EEM
2008-09-15,23.057428269032812,1,0.8613036272595354,RSI_LT_34,EEM
2008-09-16,27.65567682393673,1,-7.096583958725788,RSI_LT_34,EEM
2008-09-17,23.798265380231157,1,8.431061526897011,RSI_LT_34,EEM
2008-09-18,41.795439598241366,0,0.0,RSI_LT_34,EEM
2008-09-19,54.35661274289252,0,-0.0,RSI_LT_34,EEM
2008-09-22,46.23323344524159,0,-0.0,RSI_LT_34,EEM
2008-09-23,48.695653796420864,0,0.0,RSI_LT_34,EEM
2008-09-24,48.217231334409036,0,0.0,RSI_LT_34,EEM
2008-09-25,54.33110740960235,0,-0.0,RSI_LT_34,EEM
2008-09-26,48.08575842748046,0,-0.0,RSI_LT_34,EEM
2008-09-29,45.07177653541554,0,0.0,RSI_LT_34,EEM
2008-09-30,50.45317026557671,0,0.0,RSI_LT_34,EEM
2008-10-01,57.1563587862092,0,-0.0,RSI_LT_34,EEM
2008-10-02,43.82544275006673,0,-0.0,RSI_LT_34,EEM
2008-10-03,28.602979486684205,1,-7.519529679605785,RSI_LT_34,EEM
2008-10-06,28.92239167676074,1,-7.778947892792642,RSI_LT_34,EEM
2008-10-07,27.26315950092517,1,0.0,RSI_LT_34,EEM
2008-10-08,25.698920276512254,1,-7.366413164024843,RSI_LT_34,EEM
2008-10-09,15.86539010167634,1,1.153682628824626,RSI_LT_34,EEM
2008-10-10,18.320178649954258,1,22.76985876296589,RSI_LT_34,EEM
2008-10-13,46.16187701416995,0,-0.0,RSI_LT_34,EEM
2008-10-14,34.715319053280496,0,-0.0,RSI_LT_34,EEM
2008-10-15,26.311067110717275,1,4.914620132974212,RSI_LT_34,EEM
2008-10-16,34.45747903104812,0,-0.0,RSI_LT_34,EEM
2008-10-17,34.5249748738086,0,0.0,RSI_LT_34,EEM
2008-10-20,44.19778185551343,0,-0.0,RSI_LT_34,EEM
2008-10-21,44.48958857938953,0,-0.0,RSI_LT_34,EEM
2008-10-22,39.42394125847233,0,0.0,RSI_LT_34,EEM
2008-10-23,44.806127473515566,0,-0.0,RSI_LT_34,EEM
2008-10-24,39.667979728944886,0,-0.0,RSI_LT_34,EEM
2008-10-27,19.584741813333764,1,20.93264805819055,RSI_LT_34,EEM
2008-10-28,36.98428761012453,0,-0.0,RSI_LT_34,EEM
2008-10-29,45.719491753701725,0,0.0,RSI_LT_34,EEM
2008-10-30,51.25408665476082,0,-0.0,RSI_LT_34,EEM
2008-10-31,52.898144483840085,0,-0.0,RSI_LT_34,EEM
2008-11-03,47.20687600899791,0,0.0,RSI_LT_34,EEM
2008-11-04,60.5087803308574,0,-0.0,RSI_LT_34,EEM
2008-11-05,57.15102993555387,0,-0.0,RSI_LT_34,EEM
2008-11-06,51.90713267271656,0,0.0,RSI_LT_34,EEM
2008-11-07,63.64666131831301,0,0.0,RSI_LT_34,EEM
2008-11-10,66.03339826225906,0,-0.0,RSI_LT_34,EEM
2008-11-11,49.93279414833535,0,-0.0,RSI_LT_34,EEM
2008-11-12,46.81789408239868,0,0.0,RSI_LT_34,EEM
2008-11-13,46.61606622373384,0,-0.0,RSI_LT_34,EEM
2008-11-14,41.058492488924365,0,-0.0,RSI_LT_34,EEM
2008-11-17,40.74073878821038,0,-0.0,RSI_LT_34,EEM
2008-11-18,31.471136579788563,1,-8.63911078045284,RSI_LT_34,EEM
2008-11-19,35.038009228826084,0,-0.0,RSI_LT_34,EEM
2008-11-20,34.56032493835572,0,0.0,RSI_LT_34,EEM
2008-11-21,37.86407826918922,0,0.0,RSI_LT_34,EEM
2008-11-24,41.782895605105494,0,-0.0,RSI_LT_34,EEM
2008-11-25,44.856770647392175,0,0.0,RSI_LT_34,EEM
2008-11-26,55.918899880157625,0,-0.0,RSI_LT_34,EEM
2008-11-28,43.6078454721257,0,-0.0,RSI_LT_34,EEM
2008-12-01,44.12698523227573,0,0.0,RSI_LT_34,EEM
2008-12-02,50.73854826529165,0,0.0,RSI_LT_34,EEM
2008-12-03,52.61193610268027,0,-0.0,RSI_LT_34,EEM
2008-12-04,56.44515967061046,0,0.0,RSI_LT_34,EEM
2008-12-05,67.34198255780433,0,0.0,RSI_LT_34,EEM
2008-12-08,63.856505770799934,0,-0.0,RSI_LT_34,EEM
2008-12-09,57.296768771183295,0,0.0,RSI_LT_34,EEM
2008-12-10,64.8214312475562,0,-0.0,RSI_LT_34,EEM
2008-12-11,55.00982715818071,0,0.0,RSI_LT_34,EEM
2008-12-12,58.987089690295385,0,-0.0,RSI_LT_34,EEM
2008-12-15,72.52748481165332,0,0.0,RSI_LT_34,EEM
2008-12-16,74.51869666900748,0,-0.0,RSI_LT_34,EEM
2008-12-17,70.2524841083852,0,-0.0,RSI_LT_34,EEM
2008-12-18,73.31043348615435,0,0.0,RSI_LT_34,EEM
2008-12-19,69.17990268984248,0,-0.0,RSI_LT_34,EEM
2008-12-22,53.606791997766216,0,-0.0,RSI_LT_34,EEM
2008-12-23,52.06044830572086,0,0.0,RSI_LT_34,EEM
2008-12-24,42.218550679603794,0,-0.0,RSI_LT_34,EEM
2008-12-26,46.53285287618205,0,-0.0,RSI_LT_34,EEM
2008-12-29,42.66408818581264,0,0.0,RSI_LT_34,EEM
2008-12-30,51.9125607120771,0,0.0,RSI_LT_34,EEM
2008-12-31,31.7829426799685,1,4.76572113248388,RSI_LT_34,EEM
2009-01-02,52.60869294799365,0,0.0,RSI_LT_34,EEM
2009-01-05,63.157887845303144,0,0.0,RSI_LT_34,EEM
2009-01-06,67.00819143522482,0,-0.0,RSI_LT_34,EEM
2009-01-07,59.5628523514066,0,-0.0,RSI_LT_34,EEM
2009-01-08,64.62449743638842,0,-0.0,RSI_LT_34,EEM
2009-01-09,56.985275555655285,0,-0.0,RSI_LT_34,EEM
2009-01-12,48.361927189291954,0,0.0,RSI_LT_34,EEM
2009-01-13,49.22359958713606,0,-0.0,RSI_LT_34,EEM
2009-01-14,36.350579398171305,0,0.0,RSI_LT_34,EEM
2009-01-15,35.703926396841936,0,0.0,RSI_LT_34,EEM
2009-01-16,25.5462229052346,1,-7.440858246177751,RSI_LT_34,EEM
2009-01-20,16.07629810143456,1,5.4368032128542465,RSI_LT_34,EEM
2009-01-21,22.12389423209082,1,-3.3054208124598916,RSI_LT_34,EEM
2009-01-22,24.647885999658826,1,1.2762022446728416,RSI_LT_34,EEM
2009-01-23,27.922959890837717,1,1.1701180779315923,RSI_LT_34,EEM
2009-01-26,32.80801982987428,1,1.779357769908918,RSI_LT_34,EEM
2009-01-27,42.496042175016925,0,0.0,RSI_LT_34,EEM
2009-01-28,50.943404956587266,0,-0.0,RSI_LT_34,EEM
2009-01-29,50.53475874466904,0,-0.0,RSI_LT_34,EEM
2009-01-30,47.631932881987794,0,-0.0,RSI_LT_34,EEM
2009-02-02,44.36906493085021,0,0.0,RSI_LT_34,EEM
2009-02-03,62.44056539725741,0,0.0,RSI_LT_34,EEM
2009-02-04,55.3672273767318,0,0.0,RSI_LT_34,EEM
2009-02-05,67.92078273037839,0,0.0,RSI_LT_34,EEM
2009-02-06,72.8187910871818,0,-0.0,RSI_LT_34,EEM
2009-02-09,69.98283387331222,0,-0.0,RSI_LT_34,EEM
2009-02-10,53.10245345989534,0,0.0,RSI_LT_34,EEM
2009-02-11,49.76815554759598,0,-0.0,RSI_LT_34,EEM
2009-02-12,59.62963538568697,0,0.0,RSI_LT_34,EEM
2009-02-13,62.42990494274211,0,-0.0,RSI_LT_34,EEM
2009-02-17,50.22556908546213,0,-0.0,RSI_LT_34,EEM
2009-02-18,43.485347584811784,0,-0.0,RSI_LT_34,EEM
2009-02-19,40.453072436035924,0,-0.0,RSI_LT_34,EEM
2009-02-20,32.160003662109375,1,-2.4628284171541504,RSI_LT_34,EEM
2009-02-23,14.669046018623092,1,5.478797670653868,RSI_LT_34,EEM
2009-02-24,29.80332375041948,1,-1.7163467535788235,RSI_LT_34,EEM
2009-02-25,35.88342586351857,0,-0.0,RSI_LT_34,EEM
2009-02-26,25.50199103545718,1,-1.5762640584064291,RSI_LT_34,EEM
2009-02-27,24.564777566915865,1,-6.076302571803183,RSI_LT_34,EEM
2009-03-02,18.13880026534416,1,1.4042064784232755,RSI_LT_34,EEM
2009-03-03,28.094280762565006,1,7.022750368522979,RSI_LT_34,EEM
2009-03-04,44.88187651912095,0,-0.0,RSI_LT_34,EEM
2009-03-05,40.54053687411195,0,0.0,RSI_LT_34,EEM
2009-03-06,46.920819556091026,0,-0.0,RSI_LT_34,EEM
2009-03-09,47.761198703685565,0,0.0,RSI_LT_34,EEM
2009-03-10,51.590605289240415,0,0.0,RSI_LT_34,EEM
2009-03-11,54.45256019148114,0,0.0,RSI_LT_34,EEM
2009-03-12,61.037237955037284,0,0.0,RSI_LT_34,EEM
2009-03-13,64.56909561899354,0,0.0,RSI_LT_34,EEM
2009-03-16,78.47682349248333,0,0.0,RSI_LT_34,EEM
2009-03-17,79.26635506200405,0,0.0,RSI_LT_34,EEM
2009-03-18,75.70094190963087,0,-0.0,RSI_LT_34,EEM
2009-03-19,87.6623414154842,0,-0.0,RSI_LT_34,EEM
2009-03-20,80.43478441148324,0,0.0,RSI_LT_34,EEM
2009-03-23,92.34375311993081,0,-0.0,RSI_LT_34,EEM
2009-03-24,76.49184479219733,0,0.0,RSI_LT_34,EEM
2009-03-25,78.00337126191246,0,0.0,RSI_LT_34,EEM
2009-03-26,77.39129194465573,0,-0.0,RSI_LT_34,EEM
2009-03-27,67.4999992549419,0,-0.0,RSI_LT_34,EEM
2009-03-30,55.844165173402736,0,0.0,RSI_LT_34,EEM
2009-03-31,55.95855024690532,0,0.0,RSI_LT_34,EEM
2009-04-01,57.71144231396528,0,0.0,RSI_LT_34,EEM
2009-04-02,65.04854788432456,0,0.0,RSI_LT_34,EEM
2009-04-03,68.60841743567586,0,-0.0,RSI_LT_34,EEM
2009-04-06,56.08107881706231,0,-0.0,RSI_LT_34,EEM
2009-04-07,57.55894792646575,0,0.0,RSI_LT_34,EEM
2009-04-08,57.617731898084166,0,0.0,RSI_LT_34,EEM
2009-04-09,60.208072127040815,0,0.0,RSI_LT_34,EEM
2009-04-13,67.79660879966379,0,-0.0,RSI_LT_34,EEM
2009-04-14,77.29466833342036,0,0.0,RSI_LT_34,EEM
2009-04-15,76.80919592442513,0,0.0,RSI_LT_34,EEM
2009-04-16,74.36362223980835,0,-0.0,RSI_LT_34,EEM
2009-04-17,62.64500934202246,0,-0.0,RSI_LT_34,EEM
2009-04-20,44.2990621552959,0,0.0,RSI_LT_34,EEM
2009-04-21,52.688164324525346,0,-0.0,RSI_LT_34,EEM
2009-04-22,56.647403304968115,0,0.0,RSI_LT_34,EEM
2009-04-23,56.89654605425421,0,0.0,RSI_LT_34,EEM
2009-04-24,50.76586104484314,0,-0.0,RSI_LT_34,EEM
2009-04-27,40.26216399054469,0,-0.0,RSI_LT_34,EEM
2009-04-28,43.17268707146889,0,0.0,RSI_LT_34,EEM
2009-04-29,52.833334604899086,0,0.0,RSI_LT_34,EEM
2009-04-30,52.99003806459258,0,0.0,RSI_LT_34,EEM
2009-05-01,57.85255832236506,0,0.0,RSI_LT_34,EEM
2009-05-04,81.68604602808571,0,-0.0,RSI_LT_34,EEM
2009-05-05,76.63125289611553,0,0.0,RSI_LT_34,EEM
2009-05-06,80.98692650150345,0,-0.0,RSI_LT_34,EEM
2009-05-07,71.1724005482638,0,0.0,RSI_LT_34,EEM
2009-05-08,73.0322447587316,0,-0.0,RSI_LT_34,EEM
2009-05-11,74.96688035699489,0,0.0,RSI_LT_34,EEM
2009-05-12,76.56249185092983,0,-0.0,RSI_LT_34,EEM
2009-05-13,60.27027124553964,0,0.0,RSI_LT_34,EEM
2009-05-14,61.16248465239775,0,-0.0,RSI_LT_34,EEM
2009-05-15,56.66217682579802,0,0.0,RSI_LT_34,EEM
2009-05-18,54.58391699350291,0,0.0,RSI_LT_34,EEM
2009-05-19,58.99581979524073,0,0.0,RSI_LT_34,EEM
2009-05-20,56.37981255346731,0,-0.0,RSI_LT_34,EEM
2009-05-21,57.9268391964942,0,0.0,RSI_LT_34,EEM
2009-05-22,51.40845023126617,0,0.0,RSI_LT_34,EEM
2009-05-26,62.030086644574396,0,-0.0,RSI_LT_34,EEM
2009-05-27,56.307135472330366,0,0.0,RSI_LT_34,EEM
2009-05-28,76.45951644593872,0,0.0,RSI_LT_34,EEM
2009-05-29,76.76580386929346,0,0.0,RSI_LT_34,EEM
2009-06-01,85.07692926170034,0,-0.0,RSI_LT_34,EEM
2009-06-02,72.42026528259188,0,-0.0,RSI_LT_34,EEM
2009-06-03,56.63430550557421,0,0.0,RSI_LT_34,EEM
2009-06-04,59.940224993057704,0,0.0,RSI_LT_34,EEM
2009-06-05,66.233766635889,0,-0.0,RSI_LT_34,EEM
2009-06-08,60.24464805047999,0,0.0,RSI_LT_34,EEM
2009-06-09,58.19935898379428,0,0.0,RSI_LT_34,EEM
2009-06-10,64.43381088040738,0,0.0,RSI_LT_34,EEM
2009-06-11,62.89517196291935,0,-0.0,RSI_LT_34,EEM
2009-06-12,54.12541420326931,0,-0.0,RSI_LT_34,EEM
2009-06-15,32.027260450770925,1,-1.506295364761534,RSI_LT_34,EEM
2009-06-16,32.08192614851018,1,-1.1235973784791575,RSI_LT_34,EEM
2009-06-17,37.52495541907591,0,-0.0,RSI_LT_34,EEM
2009-06-18,28.28507757256206,1,0.5064889099058778,RSI_LT_34,EEM
2009-06-19,29.69432459895721,1,-3.6220460426150347,RSI_LT_34,EEM
2009-06-22,26.10365357869422,1,-0.16340243067271,RSI_LT_34,EEM
2009-06-23,24.999981660111985,1,2.1931263274179047,RSI_LT_34,EEM
2009-06-24,28.44037403613322,1,2.9788668577151567,RSI_LT_34,EEM
2009-06-25,31.095423983781487,1,0.5287656636920435,RSI_LT_34,EEM
2009-06-26,36.55301812486047,0,0.0,RSI_LT_34,EEM
2009-06-29,50.348057824065506,0,-0.0,RSI_LT_34,EEM
2009-06-30,52.28913713497301,0,0.0,RSI_LT_34,EEM
2009-07-01,63.01367715504027,0,-0.0,RSI_LT_34,EEM
2009-07-02,53.17918735256188,0,-0.0,RSI_LT_34,EEM
2009-07-06,50.98039509011467,0,-0.0,RSI_LT_34,EEM
2009-07-07,55.319143755508975,0,-0.0,RSI_LT_34,EEM
2009-07-08,51.8962113843114,0,0.0,RSI_LT_34,EEM
2009-07-09,50.715762055191355,0,-0.0,RSI_LT_34,EEM
2009-07-10,35.79676226747877,0,0.0,RSI_LT_34,EEM
2009-07-13,36.529691898219106,0,0.0,RSI_LT_34,EEM
2009-07-14,37.94641716748722,0,0.0,RSI_LT_34,EEM
2009-07-15,58.047933237573986,0,0.0,RSI_LT_34,EEM
2009-07-16,53.860637866068956,0,0.0,RSI_LT_34,EEM
2009-07-17,67.36841006292642,0,0.0,RSI_LT_34,EEM
2009-07-20,74.82992005683118,0,-0.0,RSI_LT_34,EEM
2009-07-21,84.12996361453507,0,-0.0,RSI_LT_34,EEM
2009-07-22,88.88887176343341,0,0.0,RSI_LT_34,EEM
2009-07-23,89.77693243094726,0,-0.0,RSI_LT_34,EEM
2009-07-24,93.24327061051008,0,0.0,RSI_LT_34,EEM
2009-07-27,93.35865849968657,0,-0.0,RSI_LT_34,EEM
2009-07-28,89.98037940151929,0,-0.0,RSI_LT_34,EEM
2009-07-29,68.80955927498901,0,0.0,RSI_LT_34,EEM
2009-07-30,73.80002883913333,0,0.0,RSI_LT_34,EEM
2009-07-31,72.87786477790222,0,0.0,RSI_LT_34,EEM
2009-08-03,73.641866241344,0,-0.0,RSI_LT_34,EEM
2009-08-04,70.24955922235695,0,-0.0,RSI_LT_34,EEM
2009-08-05,67.27945017779744,0,-0.0,RSI_LT_34,EEM
2009-08-06,56.30251225352699,0,0.0,RSI_LT_34,EEM
2009-08-07,61.41412070788494,0,-0.0,RSI_LT_34,EEM
2009-08-10,54.05940504310608,0,-0.0,RSI_LT_34,EEM
2009-08-11,49.012561791935305,0,0.0,RSI_LT_34,EEM
2009-08-12,59.92139775300099,0,0.0,RSI_LT_34,EEM
2009-08-13,57.93814530293008,0,-0.0,RSI_LT_34,EEM
2009-08-14,49.43822552416331,0,-0.0,RSI_LT_34,EEM
2009-08-17,24.074106778922257,1,2.185314704746655,RSI_LT_34,EEM
2009-08-18,35.28401413472106,0,0.0,RSI_LT_34,EEM
2009-08-19,38.2826516135328,0,0.0,RSI_LT_34,EEM
2009-08-20,46.610191956685775,0,0.0,RSI_LT_34,EEM
2009-08-21,48.190812485843914,0,0.0,RSI_LT_34,EEM
2009-08-24,53.0017319886593,0,-0.0,RSI_LT_34,EEM
2009-08-25,59.082212813134795,0,-0.0,RSI_LT_34,EEM
2009-08-26,55.17927908417017,0,-0.0,RSI_LT_34,EEM
2009-08-27,48.09841395819199,0,-0.0,RSI_LT_34,EEM
2009-08-28,53.749986886990655,0,-0.0,RSI_LT_34,EEM
2009-08-31,64.95470192936014,0,-0.0,RSI_LT_34,EEM
2009-09-01,43.34365544461844,0,0.0,RSI_LT_34,EEM
2009-09-02,47.86322742754797,0,0.0,RSI_LT_34,EEM
2009-09-03,49.16664812301119,0,0.0,RSI_LT_34,EEM
2009-09-04,51.200000813801246,0,0.0,RSI_LT_34,EEM
2009-09-08,57.83409773702521,0,0.0,RSI_LT_34,EEM
2009-09-09,60.762323784043616,0,0.0,RSI_LT_34,EEM
2009-09-10,66.11571615815862,0,0.0,RSI_LT_34,EEM
2009-09-11,67.2233946817237,0,-0.0,RSI_LT_34,EEM
2009-09-14,67.93249114934213,0,0.0,RSI_LT_34,EEM
2009-09-15,81.91961035588234,0,0.0,RSI_LT_34,EEM
2009-09-16,97.06500259511351,0,-0.0,RSI_LT_34,EEM
2009-09-17,92.40776674927699,0,0.0,RSI_LT_34,EEM
2009-09-18,91.29348465582358,0,-0.0,RSI_LT_34,EEM
2009-09-21,81.19885372047119,0,0.0,RSI_LT_34,EEM
2009-09-22,80.34182275036245,0,-0.0,RSI_LT_34,EEM
2009-09-23,67.17946561055125,0,-0.0,RSI_LT_34,EEM
2009-09-24,51.079138006899385,0,0.0,RSI_LT_34,EEM
2009-09-25,52.66820729642489,0,0.0,RSI_LT_34,EEM
2009-09-28,59.227467108494494,0,0.0,RSI_LT_34,EEM
2009-09-29,55.81394936214758,0,0.0,RSI_LT_34,EEM
2009-09-30,46.927358824306644,0,-0.0,RSI_LT_34,EEM
2009-10-01,37.923254840704104,0,0.0,RSI_LT_34,EEM
2009-10-02,36.489634247333235,0,0.0,RSI_LT_34,EEM
2009-10-05,50.5133780652681,0,0.0,RSI_LT_34,EEM
2009-10-06,51.01628301320644,0,-0.0,RSI_LT_34,EEM
2009-10-07,57.437083722513684,0,0.0,RSI_LT_34,EEM
2009-10-08,73.10510460094947,0,0.0,RSI_LT_34,EEM
2009-10-09,72.22218476029558,0,0.0,RSI_LT_34,EEM
2009-10-12,71.05259459437754,0,0.0,RSI_LT_34,EEM
2009-10-13,70.89945968638801,0,0.0,RSI_LT_34,EEM
2009-10-14,77.27269861236559,0,-0.0,RSI_LT_34,EEM
2009-10-15,93.26682508908883,0,-0.0,RSI_LT_34,EEM
2009-10-16,81.61925145117104,0,0.0,RSI_LT_34,EEM
2009-10-19,81.20803937247767,0,-0.0,RSI_LT_34,EEM
2009-10-20,68.26483421733337,0,-0.0,RSI_LT_34,EEM
2009-10-21,65.5701636974475,0,0.0,RSI_LT_34,EEM
2009-10-22,64.479630198606,0,-0.0,RSI_LT_34,EEM
2009-10-23,59.61944963510361,0,-0.0,RSI_LT_34,EEM
2009-10-26,50.712828425499914,0,-0.0,RSI_LT_34,EEM
2009-10-27,43.68230027742642,0,-0.0,RSI_LT_34,EEM
2009-10-28,18.512393046526725,1,4.425008199981506,RSI_LT_34,EEM
2009-10-29,37.24965710988323,0,-0.0,RSI_LT_34,EEM
2009-10-30,31.849301944800075,1,1.490554638913566,RSI_LT_34,EEM
2009-11-02,30.093683457742827,1,0.15735000501724272,RSI_LT_34,EEM
2009-11-03,32.670791912647644,1,1.859133083794795,RSI_LT_34,EEM
2009-11-04,39.11008532149555,0,0.0,RSI_LT_34,EEM
2009-11-05,42.22223164123181,0,-0.0,RSI_LT_34,EEM
2009-11-06,43.62802871141558,0,0.0,RSI_LT_34,EEM
2009-11-09,54.451350742997505,0,-0.0,RSI_LT_34,EEM
2009-11-10,57.4863348337813,0,0.0,RSI_LT_34,EEM
2009-11-11,72.95187034200313,0,-0.0,RSI_LT_34,EEM
2009-11-12,56.772318294974774,0,0.0,RSI_LT_34,EEM
2009-11-13,79.96542400396359,0,0.0,RSI_LT_34,EEM
2009-11-16,81.46960767764986,0,-0.0,RSI_LT_34,EEM
2009-11-17,79.37002926198639,0,-0.0,RSI_LT_34,EEM
2009-11-18,72.52928272889282,0,-0.0,RSI_LT_34,EEM
2009-11-19,59.427590507450525,0,-0.0,RSI_LT_34,EEM
2009-11-20,58.25081801895261,0,0.0,RSI_LT_34,EEM
2009-11-23,53.57797304656167,0,-0.0,RSI_LT_34,EEM
2009-11-24,53.187633714131266,0,0.0,RSI_LT_34,EEM
2009-11-25,54.270459372448244,0,-0.0,RSI_LT_34,EEM
2009-11-27,48.259513058405346,0,0.0,RSI_LT_34,EEM
2009-11-30,45.68105417573609,0,0.0,RSI_LT_34,EEM
2009-12-01,46.829270108126615,0,0.0,RSI_LT_34,EEM
2009-12-02,49.43274066325136,0,-0.0,RSI_LT_34,EEM
2009-12-03,48.95665138948845,0,0.0,RSI_LT_34,EEM
2009-12-04,58.73289181204231,0,-0.0,RSI_LT_34,EEM
2009-12-07,56.88224468867806,0,-0.0,RSI_LT_34,EEM
2009-12-08,43.361333439332824,0,0.0,RSI_LT_34,EEM
2009-12-09,47.40367246241052,0,0.0,RSI_LT_34,EEM
2009-12-10,45.20070435428088,0,0.0,RSI_LT_34,EEM
2009-12-11,64.3192240222148,0,0.0,RSI_LT_34,EEM
2009-12-14,63.37349641234748,0,-0.0,RSI_LT_34,EEM
2009-12-15,42.98246690305878,0,0.0,RSI_LT_34,EEM
2009-12-16,44.126079509620354,0,-0.0,RSI_LT_34,EEM
2009-12-17,35.89744957753793,0,0.0,RSI_LT_34,EEM
2009-12-18,31.592047590715282,1,-0.12388314247875343,RSI_LT_34,EEM
2009-12-21,34.23182671604867,0,0.0,RSI_LT_34,EEM
2009-12-22,44.70198591844623,0,0.0,RSI_LT_34,EEM
2009-12-23,47.31863931956351,0,0.0,RSI_LT_34,EEM
2009-12-24,50.0,0,0.0,RSI_LT_34,EEM
2009-12-28,49.84987496262626,0,-0.0,RSI_LT_34,EEM
2009-12-29,42.99063199287922,0,0.0,RSI_LT_34,EEM
2009-12-30,52.7027044442583,0,0.0,RSI_LT_34,EEM
2009-12-31,51.04897623280883,0,0.0,RSI_LT_34,EEM
2010-01-04,92.70835816862568,0,0.0,RSI_LT_34,EEM
2010-01-05,93.18184351556782,0,0.0,RSI_LT_34,EEM
2010-01-06,94.87179800682,0,-0.0,RSI_LT_34,EEM
2010-01-07,87.53800202677476,0,0.0,RSI_LT_34,EEM
2010-01-08,87.30650447311702,0,-0.0,RSI_LT_34,EEM
2010-01-11,82.81786851485045,0,-0.0,RSI_LT_34,EEM
2010-01-12,65.60689467365071,0,0.0,RSI_LT_34,EEM
2010-01-13,69.97080592333913,0,-0.0,RSI_LT_34,EEM
2010-01-14,66.07137788727357,0,-0.0,RSI_LT_34,EEM
2010-01-15,56.06469556991635,0,0.0,RSI_LT_34,EEM
2010-01-19,51.34328494174904,0,-0.0,RSI_LT_34,EEM
2010-01-20,34.643733492294686,0,-0.0,RSI_LT_34,EEM
2010-01-21,25.19082580161397,1,-2.2216681028674468,RSI_LT_34,EEM
2010-01-22,22.410863015437542,1,0.7321406489742888,RSI_LT_34,EEM
2010-01-25,21.746582612688698,1,-2.080205010810221,RSI_LT_34,EEM
2010-01-26,19.300913440021162,1,-0.25594695393442723,RSI_LT_34,EEM
2010-01-27,21.20201854236481,1,-0.6928417996051595,RSI_LT_34,EEM
2010-01-28,18.597061997259388,1,-1.085276422125525,RSI_LT_34,EEM
2010-01-29,17.70185765134252,1,2.6907069666658456,RSI_LT_34,EEM
2010-02-01,31.088838682104708,1,0.8140414236709859,RSI_LT_34,EEM
2010-02-02,25.426388223535184,1,-0.5803672370359281,RSI_LT_34,EEM
2010-02-03,29.02657794972032,1,-4.517772906239581,RSI_LT_34,EEM
2010-02-04,26.58025385951788,1,-1.11642259667728,RSI_LT_34,EEM
2010-02-05,28.822520231616892,1,-0.9946207642376637,RSI_LT_34,EEM
2010-02-08,23.396902759009166,1,3.2582049649271694,RSI_LT_34,EEM
2010-02-09,41.53093632809879,0,-0.0,RSI_LT_34,EEM
2010-02-10,41.53093632809879,0,0.0,RSI_LT_34,EEM
2010-02-11,51.67394161568835,0,-0.0,RSI_LT_34,EEM
2010-02-12,51.152736880929204,0,0.0,RSI_LT_34,EEM
2010-02-16,50.869557765869274,0,0.0,RSI_LT_34,EEM
2010-02-17,49.55356103830196,0,0.0,RSI_LT_34,EEM
2010-02-18,52.40963647770125,0,-0.0,RSI_LT_34,EEM
2010-02-19,66.92310739552859,0,0.0,RSI_LT_34,EEM
2010-02-22,73.08489087039106,0,-0.0,RSI_LT_34,EEM
2010-02-23,65.7355583133778,0,0.0,RSI_LT_34,EEM
2010-02-24,59.471370450722354,0,-0.0,RSI_LT_34,EEM
2010-02-25,56.72267964731697,0,0.0,RSI_LT_34,EEM
2010-02-26,50.36143094297444,0,0.0,RSI_LT_34,EEM
2010-03-01,63.657411904328804,0,0.0,RSI_LT_34,EEM
2010-03-02,58.46560312603441,0,0.0,RSI_LT_34,EEM
2010-03-03,57.452566961401246,0,-0.0,RSI_LT_34,EEM
2010-03-04,52.53331759981038,0,0.0,RSI_LT_34,EEM
2010-03-05,67.64045810688017,0,0.0,RSI_LT_34,EEM
2010-03-08,67.49436190741903,0,0.0,RSI_LT_34,EEM
2010-03-09,85.86668484159836,0,0.0,RSI_LT_34,EEM
2010-03-10,85.55860916276188,0,0.0,RSI_LT_34,EEM
2010-03-11,93.75002128739344,0,-0.0,RSI_LT_34,EEM
2010-03-12,88.74601817564061,0,-0.0,RSI_LT_34,EEM
2010-03-15,76.36368680598423,0,0.0,RSI_LT_34,EEM
2010-03-16,77.03183593802655,0,0.0,RSI_LT_34,EEM
2010-03-17,79.87620523334641,0,-0.0,RSI_LT_34,EEM
2010-03-18,77.24553428662799,0,-0.0,RSI_LT_34,EEM
2010-03-19,54.225319951429704,0,0.0,RSI_LT_34,EEM
2010-03-22,56.081093271954494,0,0.0,RSI_LT_34,EEM
2010-03-23,56.95367417185083,0,-0.0,RSI_LT_34,EEM
2010-03-24,42.68654710920161,0,-0.0,RSI_LT_34,EEM
2010-03-25,41.1594686846595,0,0.0,RSI_LT_34,EEM
2010-03-26,46.15383779377802,0,0.0,RSI_LT_34,EEM
2010-03-29,59.74683935492033,0,0.0,RSI_LT_34,EEM
2010-03-30,55.586610632557466,0,0.0,RSI_LT_34,EEM
2010-03-31,51.076918381911064,0,0.0,RSI_LT_34,EEM
2010-04-01,68.48636128283547,0,0.0,RSI_LT_34,EEM
2010-04-05,81.18558398771432,0,0.0,RSI_LT_34,EEM
2010-04-06,81.08809775110784,0,-0.0,RSI_LT_34,EEM
2010-04-07,71.89872415301664,0,0.0,RSI_LT_34,EEM
2010-04-08,85.91958432902901,0,0.0,RSI_LT_34,EEM
2010-04-09,89.56040846611417,0,-0.0,RSI_LT_34,EEM
2010-04-12,80.73880301069121,0,-0.0,RSI_LT_34,EEM
2010-04-13,73.88535496129418,0,0.0,RSI_LT_34,EEM
2010-04-14,77.34806804494599,0,-0.0,RSI_LT_34,EEM
2010-04-15,71.65780310031028,0,-0.0,RSI_LT_34,EEM
2010-04-16,40.30609067306082,0,-0.0,RSI_LT_34,EEM
2010-04-19,32.16215157351236,1,1.1823125778567256,RSI_LT_34,EEM
2010-04-20,38.329217142723245,0,-0.0,RSI_LT_34,EEM
2010-04-21,40.73106841565323,0,0.0,RSI_LT_34,EEM
2010-04-22,41.19174799258802,0,0.0,RSI_LT_34,EEM
2010-04-23,40.57594001931317,0,0.0,RSI_LT_34,EEM
2010-04-26,44.66859930148114,0,-0.0,RSI_LT_34,EEM
2010-04-27,31.5040612584784,1,0.84296356036202,RSI_LT_34,EEM
2010-04-28,27.213802785801732,1,1.647963838090294,RSI_LT_34,EEM
2010-04-29,38.385827954211635,0,-0.0,RSI_LT_34,EEM
2010-04-30,45.24362277524006,0,0.0,RSI_LT_34,EEM
2010-05-03,49.8855591539583,0,-0.0,RSI_LT_34,EEM
2010-05-04,28.915661068495794,1,-1.8096171033095465,RSI_LT_34,EEM
2010-05-05,26.24999850988422,1,-4.089873534264477,RSI_LT_34,EEM
2010-05-06,19.132652688850627,1,0.5264462737719411,RSI_LT_34,EEM
2010-05-07,18.821995717378215,1,7.200838174622848,RSI_LT_34,EEM
2010-05-10,39.96210588677282,0,-0.0,RSI_LT_34,EEM
2010-05-11,43.237702675448816,0,0.0,RSI_LT_34,EEM
2010-05-12,44.0968787218334,0,-0.0,RSI_LT_34,EEM
2010-05-13,38.33331810102675,0,-0.0,RSI_LT_34,EEM
2010-05-14,37.096774193548384,0,-0.0,RSI_LT_34,EEM
2010-05-17,34.7431973102715,0,-0.0,RSI_LT_34,EEM
2010-05-18,39.16003857133641,0,-0.0,RSI_LT_34,EEM
2010-05-19,40.82839942847211,0,-0.0,RSI_LT_34,EEM
2010-05-20,39.56419695567819,0,0.0,RSI_LT_34,EEM
2010-05-21,45.61404406623793,0,-0.0,RSI_LT_34,EEM
2010-05-24,22.783104590333892,1,-1.082548085574342,RSI_LT_34,EEM
2010-05-25,23.891282850575323,1,-0.05472081581712196,RSI_LT_34,EEM
2010-05-26,17.972364272199215,1,6.049830202629036,RSI_LT_34,EEM
2010-05-27,40.52759866860786,0,-0.0,RSI_LT_34,EEM
2010-05-28,41.47238655038177,0,-0.0,RSI_LT_34,EEM
2010-06-01,39.25669742346466,0,0.0,RSI_LT_34,EEM
2010-06-02,51.53845379943593,0,-0.0,RSI_LT_34,EEM
2010-06-03,52.87484748748397,0,-0.0,RSI_LT_34,EEM
2010-06-04,56.167678512935474,0,-0.0,RSI_LT_34,EEM
2010-06-07,45.36081815402131,0,0.0,RSI_LT_34,EEM
2010-06-08,53.105957012419374,0,-0.0,RSI_LT_34,EEM
2010-06-09,54.43195315305361,0,0.0,RSI_LT_34,EEM
2010-06-10,60.925734985847846,0,0.0,RSI_LT_34,EEM
2010-06-11,50.13733960452901,0,0.0,RSI_LT_34,EEM
2010-06-14,55.03761063342926,0,0.0,RSI_LT_34,EEM
2010-06-15,67.8370609681939,0,0.0,RSI_LT_34,EEM
2010-06-16,60.58519149316145,0,-0.0,RSI_LT_34,EEM
2010-06-17,59.96594715960969,0,0.0,RSI_LT_34,EEM
2010-06-18,79.05982313811252,0,0.0,RSI_LT_34,EEM
2010-06-21,91.64931204003602,0,-0.0,RSI_LT_34,EEM
2010-06-22,75.05290578576383,0,-0.0,RSI_LT_34,EEM
2010-06-23,75.69296964915348,0,-0.0,RSI_LT_34,EEM
2010-06-24,55.01223223620947,0,0.0,RSI_LT_34,EEM
2010-06-25,57.701181680661215,0,-0.0,RSI_LT_34,EEM
2010-06-28,54.22993474458039,0,-0.0,RSI_LT_34,EEM
2010-06-29,26.441338922161137,1,-0.6654245462622166,RSI_LT_34,EEM
2010-06-30,25.189380392870845,1,0.7234739013170843,RSI_LT_34,EEM
2010-07-01,29.9065220646431,1,0.42564471072792376,RSI_LT_34,EEM
2010-07-02,29.64355137457882,1,1.8543066567932476,RSI_LT_34,EEM
2010-07-06,29.77528290551338,1,2.210659186619246,RSI_LT_34,EEM
2010-07-07,45.101639473726884,0,0.0,RSI_LT_34,EEM
2010-07-08,48.34562007428844,0,0.0,RSI_LT_34,EEM
2010-07-09,59.57854182134944,0,-0.0,RSI_LT_34,EEM
2010-07-12,52.16536556501053,0,0.0,RSI_LT_34,EEM
2010-07-13,59.01328918804864,0,-0.0,RSI_LT_34,EEM
2010-07-14,82.7127351972583,0,-0.0,RSI_LT_34,EEM
2010-07-15,84.05405321810888,0,-0.0,RSI_LT_34,EEM
2010-07-16,61.47187898654534,0,0.0,RSI_LT_34,EEM
2010-07-19,64.18511653253816,0,0.0,RSI_LT_34,EEM
2010-07-20,65.70328997513464,0,-0.0,RSI_LT_34,EEM
2010-07-21,53.89472247095813,0,0.0,RSI_LT_34,EEM
2010-07-22,61.97913838206563,0,0.0,RSI_LT_34,EEM
2010-07-23,60.61150363425046,0,0.0,RSI_LT_34,EEM
2010-07-26,66.12316486942964,0,-0.0,RSI_LT_34,EEM
2010-07-27,62.18322427126711,0,-0.0,RSI_LT_34,EEM
2010-07-28,60.4166832235043,0,0.0,RSI_LT_34,EEM
2010-07-29,63.17829113512299,0,0.0,RSI_LT_34,EEM
2010-07-30,82.97357525371818,0,0.0,RSI_LT_34,EEM
2010-08-02,84.989390641344,0,-0.0,RSI_LT_34,EEM
2010-08-03,77.30667552004901,0,0.0,RSI_LT_34,EEM
2010-08-04,86.33881148326955,0,-0.0,RSI_LT_34,EEM
2010-08-05,73.96222449664091,0,-0.0,RSI_LT_34,EEM
2010-08-06,69.1358063452693,0,0.0,RSI_LT_34,EEM
2010-08-09,68.35441611766657,0,-0.0,RSI_LT_34,EEM
2010-08-10,56.25001655686156,0,-0.0,RSI_LT_34,EEM
2010-08-11,40.70349543242666,0,0.0,RSI_LT_34,EEM
2010-08-12,40.70349543242666,0,0.0,RSI_LT_34,EEM
2010-08-13,40.99998474121094,0,0.0,RSI_LT_34,EEM
2010-08-16,28.700917486173168,1,1.0472486380760149,RSI_LT_34,EEM
2010-08-17,38.98307093826442,0,-0.0,RSI_LT_34,EEM
2010-08-18,37.60680602439231,0,-0.0,RSI_LT_34,EEM
2010-08-19,36.263733960452896,0,-0.0,RSI_LT_34,EEM
2010-08-20,35.675660071365755,0,-0.0,RSI_LT_34,EEM
2010-08-23,28.571471035565835,1,-1.279213870219964,RSI_LT_34,EEM
2010-08-24,29.023770868833964,1,-0.6478996494147848,RSI_LT_34,EEM
2010-08-25,40.441185751571105,0,-0.0,RSI_LT_34,EEM
2010-08-26,35.51726541956988,0,0.0,RSI_LT_34,EEM
2010-08-27,47.32396818011354,0,-0.0,RSI_LT_34,EEM
2010-08-30,33.85417753207469,1,0.6027164246763972,RSI_LT_34,EEM
2010-08-31,30.41100385858273,1,3.5197199178135685,RSI_LT_34,EEM
2010-09-01,50.099424686747774,0,0.0,RSI_LT_34,EEM
2010-09-02,54.184110769721876,0,0.0,RSI_LT_34,EEM
2010-09-03,59.805798778261135,0,-0.0,RSI_LT_34,EEM
2010-09-07,57.14281670085027,0,0.0,RSI_LT_34,EEM
2010-09-08,66.35334086711104,0,0.0,RSI_LT_34,EEM
2010-09-09,71.13206392848531,0,0.0,RSI_LT_34,EEM
2010-09-10,75.38458716942375,0,0.0,RSI_LT_34,EEM
2010-09-13,76.02993177840483,0,-0.0,RSI_LT_34,EEM
2010-09-14,86.56714839733996,0,0.0,RSI_LT_34,EEM
2010-09-15,86.03102506195708,0,-0.0,RSI_LT_34,EEM
2010-09-16,74.3975484850957,0,-0.0,RSI_LT_34,EEM
2010-09-17,72.28912617097869,0,0.0,RSI_LT_34,EEM
2010-09-20,73.78916171354606,0,-0.0,RSI_LT_34,EEM
2010-09-21,85.47849799445548,0,0.0,RSI_LT_34,EEM
2010-09-22,83.14169749355814,0,-0.0,RSI_LT_34,EEM
2010-09-23,72.8301582594626,0,0.0,RSI_LT_34,EEM
2010-09-24,78.1818013677411,0,-0.0,RSI_LT_34,EEM
2010-09-27,66.24474271706362,0,0.0,RSI_LT_34,EEM
2010-09-28,70.78654253890423,0,0.0,RSI_LT_34,EEM
2010-09-29,71.73911841617877,0,0.0,RSI_LT_34,EEM
2010-09-30,80.00005449576432,0,0.0,RSI_LT_34,EEM
2010-10-01,85.54576686205294,0,-0.0,RSI_LT_34,EEM
2010-10-04,77.8947917907561,0,0.0,RSI_LT_34,EEM
2010-10-05,85.87578718690328,0,-0.0,RSI_LT_34,EEM
2010-10-06,85.26919589741152,0,-0.0,RSI_LT_34,EEM
2010-10-07,82.24048044392285,0,0.0,RSI_LT_34,EEM
2010-10-08,80.93846136635679,0,-0.0,RSI_LT_34,EEM
2010-10-11,82.14288552604839,0,-0.0,RSI_LT_34,EEM
2010-10-12,75.54176385485252,0,0.0,RSI_LT_34,EEM
2010-10-13,79.89821660663135,0,-0.0,RSI_LT_34,EEM
2010-10-14,76.79995035812343,0,-0.0,RSI_LT_34,EEM
2010-10-15,70.47619508957874,0,0.0,RSI_LT_34,EEM
2010-10-18,73.92738484471174,0,-0.0,RSI_LT_34,EEM
2010-10-19,38.482373337275526,0,0.0,RSI_LT_34,EEM
2010-10-20,48.7471476711267,0,0.0,RSI_LT_34,EEM
2010-10-21,53.76882784532293,0,0.0,RSI_LT_34,EEM
2010-10-22,47.1264317417236,0,0.0,RSI_LT_34,EEM
2010-10-25,54.17718120546109,0,-0.0,RSI_LT_34,EEM
2010-10-26,56.31582857165803,0,-0.0,RSI_LT_34,EEM
2010-10-27,34.49198760937925,0,0.0,RSI_LT_34,EEM
2010-10-28,40.00003862983827,0,0.0,RSI_LT_34,EEM
2010-10-29,42.537285814736684,0,0.0,RSI_LT_34,EEM
2010-11-01,48.78048161587454,0,0.0,RSI_LT_34,EEM
2010-11-02,77.0083447897635,0,0.0,RSI_LT_34,EEM
2010-11-03,73.89940464265965,0,0.0,RSI_LT_34,EEM
2010-11-04,80.51647081262934,0,-0.0,RSI_LT_34,EEM
2010-11-05,78.6046899493355,0,-0.0,RSI_LT_34,EEM
2010-11-08,72.00002670288086,0,-0.0,RSI_LT_34,EEM
2010-11-09,63.01966863077515,0,0.0,RSI_LT_34,EEM
2010-11-10,78.20820113517233,0,-0.0,RSI_LT_34,EEM
2010-11-11,68.21346385328897,0,-0.0,RSI_LT_34,EEM
2010-11-12,52.72045793528329,0,-0.0,RSI_LT_34,EEM
2010-11-15,47.520643895656995,0,-0.0,RSI_LT_34,EEM
2010-11-16,31.38686436253525,1,0.5091949662546558,RSI_LT_34,EEM
2010-11-17,30.62734107439215,1,2.378850176341518,RSI_LT_34,EEM
2010-11-18,30.627292248636522,1,0.06454126418313777,RSI_LT_34,EEM
2010-11-19,31.529821534817643,1,-0.3010092339298609,RSI_LT_34,EEM
2010-11-22,31.88677113180644,1,-3.170147595140582,RSI_LT_34,EEM
2010-11-23,27.435060310650314,1,2.3162518162291423,RSI_LT_34,EEM
2010-11-24,34.744512539782875,0,-0.0,RSI_LT_34,EEM
2010-11-26,31.648913774614186,1,0.7812551222742492,RSI_LT_34,EEM
2010-11-29,40.62500886974223,0,-0.0,RSI_LT_34,EEM
2010-11-30,38.61385657816785,0,0.0,RSI_LT_34,EEM
2010-12-01,56.24125575749015,0,0.0,RSI_LT_34,EEM
2010-12-02,60.0512175775053,0,0.0,RSI_LT_34,EEM
2010-12-03,54.78260917639553,0,-0.0,RSI_LT_34,EEM
2010-12-06,53.956858224930016,0,-0.0,RSI_LT_34,EEM
2010-12-07,53.34282576326516,0,-0.0,RSI_LT_34,EEM
2010-12-08,63.99316739618947,0,-0.0,RSI_LT_34,EEM
2010-12-09,54.41769221695042,0,0.0,RSI_LT_34,EEM
2010-12-10,72.09876008303789,0,0.0,RSI_LT_34,EEM
2010-12-13,71.74997329711914,0,0.0,RSI_LT_34,EEM
2010-12-14,79.45948788162468,0,-0.0,RSI_LT_34,EEM
2010-12-15,52.20125333486881,0,0.0,RSI_LT_34,EEM
2010-12-16,36.66664547385018,0,0.0,RSI_LT_34,EEM
2010-12-17,33.91305790058547,1,-0.4525924402239423,RSI_LT_34,EEM
2010-12-20,32.098711166229734,1,0.6711439326862356,RSI_LT_34,EEM
2010-12-21,43.25396645186293,0,0.0,RSI_LT_34,EEM
2010-12-22,52.520984832578144,0,-0.0,RSI_LT_34,EEM
2010-12-23,55.06606819064071,0,-0.0,RSI_LT_34,EEM
2010-12-27,47.058803222292994,0,0.0,RSI_LT_34,EEM
2010-12-28,40.000039125008314,0,0.0,RSI_LT_34,EEM
2010-12-29,52.24490622090325,0,0.0,RSI_LT_34,EEM
2010-12-30,78.75637427362929,0,0.0,RSI_LT_34,EEM
2010-12-31,80.75104590520947,0,0.0,RSI_LT_34,EEM
2011-01-03,83.73004099278842,0,0.0,RSI_LT_34,EEM
2011-01-04,92.09483960948396,0,-0.0,RSI_LT_34,EEM
2011-01-05,86.32480025822565,0,-0.0,RSI_LT_34,EEM
2011-01-06,69.14494134731015,0,-0.0,RSI_LT_34,EEM
2011-01-07,60.38959430470992,0,-0.0,RSI_LT_34,EEM
2011-01-10,54.38595121428882,0,0.0,RSI_LT_34,EEM
2011-01-11,59.7937901071556,0,0.0,RSI_LT_34,EEM
2011-01-12,63.38026781668687,0,-0.0,RSI_LT_34,EEM
2011-01-13,55.40540192229872,0,0.0,RSI_LT_34,EEM
2011-01-14,53.41177547679228,0,-0.0,RSI_LT_34,EEM
2011-01-18,46.891219872790735,0,-0.0,RSI_LT_34,EEM
2011-01-19,39.65089321982464,0,-0.0,RSI_LT_34,EEM
2011-01-20,36.05442647624897,0,-0.0,RSI_LT_34,EEM
2011-01-21,36.21868732686138,0,0.0,RSI_LT_34,EEM
2011-01-24,45.24362277524006,0,-0.0,RSI_LT_34,EEM
2011-01-25,47.56101191860735,0,0.0,RSI_LT_34,EEM
2011-01-26,46.38407453598136,0,-0.0,RSI_LT_34,EEM
2011-01-27,28.2608875931018,1,-3.1617165110377266,RSI_LT_34,EEM
2011-01-28,21.26168474191961,1,1.058900337187918,RSI_LT_34,EEM
2011-01-31,27.056283311521298,1,2.423044667930241,RSI_LT_34,EEM
2011-02-01,41.69608568651793,0,-0.0,RSI_LT_34,EEM
2011-02-02,41.843947646620784,0,-0.0,RSI_LT_34,EEM
2011-02-03,45.559814567293,0,-0.0,RSI_LT_34,EEM
2011-02-04,50.212771138120644,0,0.0,RSI_LT_34,EEM
2011-02-07,46.81819127612204,0,0.0,RSI_LT_34,EEM
2011-02-08,50.24155168044967,0,-0.0,RSI_LT_34,EEM
2011-02-09,34.79163404967531,0,-0.0,RSI_LT_34,EEM
2011-02-10,32.938846666350656,1,1.2200514967185772,RSI_LT_34,EEM
2011-02-11,53.623183064200326,0,-0.0,RSI_LT_34,EEM
2011-02-14,44.73007308732921,0,0.0,RSI_LT_34,EEM
2011-02-15,25.087159883724794,1,0.8353423596329401,RSI_LT_34,EEM
2011-02-16,37.931011803208825,0,0.0,RSI_LT_34,EEM
2011-02-17,41.99999745686526,0,0.0,RSI_LT_34,EEM
2011-02-18,47.094822628267714,0,-0.0,RSI_LT_34,EEM
2011-02-22,31.556502678015875,1,0.08921949408080554,RSI_LT_34,EEM
2011-02-23,31.847084750347662,1,0.24515402935165742,RSI_LT_34,EEM
2011-02-24,42.93333523220873,0,0.0,RSI_LT_34,EEM
2011-02-25,55.699468807906115,0,0.0,RSI_LT_34,EEM
2011-02-28,52.234635978582276,0,-0.0,RSI_LT_34,EEM
2011-03-01,48.952855530812165,0,0.0,RSI_LT_34,EEM
2011-03-02,55.17238052977833,0,0.0,RSI_LT_34,EEM
2011-03-03,60.040976718626275,0,0.0,RSI_LT_34,EEM
2011-03-04,59.1195174772158,0,-0.0,RSI_LT_34,EEM
2011-03-07,49.3203915137455,0,0.0,RSI_LT_34,EEM
2011-03-08,73.65965438316626,0,0.0,RSI_LT_34,EEM
2011-03-09,73.96313283045005,0,-0.0,RSI_LT_34,EEM
2011-03-10,55.16015611742746,0,0.0,RSI_LT_34,EEM
2011-03-11,54.594580104873266,0,0.0,RSI_LT_34,EEM
2011-03-14,54.594580104873266,0,-0.0,RSI_LT_34,EEM
2011-03-15,51.794864438013434,0,-0.0,RSI_LT_34,EEM
2011-03-16,39.123375115416266,0,0.0,RSI_LT_34,EEM
2011-03-17,35.34486160548684,0,0.0,RSI_LT_34,EEM
2011-03-18,35.677508131589434,0,0.0,RSI_LT_34,EEM
2011-03-21,48.841032520309795,0,0.0,RSI_LT_34,EEM
2011-03-22,44.424471414134,0,0.0,RSI_LT_34,EEM
2011-03-23,49.177612488118285,0,0.0,RSI_LT_34,EEM
2011-03-24,67.49520245249316,0,-0.0,RSI_LT_34,EEM
2011-03-25,63.61747400494721,0,-0.0,RSI_LT_34,EEM
2011-03-28,58.3681883150619,0,0.0,RSI_LT_34,EEM
2011-03-29,73.1868043422125,0,0.0,RSI_LT_34,EEM
2011-03-30,93.14419183493106,0,0.0,RSI_LT_34,EEM
2011-03-31,92.92680430595745,0,0.0,RSI_LT_34,EEM
2011-04-01,93.95831810104491,0,0.0,RSI_LT_34,EEM
2011-04-04,93.33331579450456,0,-0.0,RSI_LT_34,EEM
2011-04-05,90.95128513771861,0,0.0,RSI_LT_34,EEM
2011-04-06,90.17634081282814,0,-0.0,RSI_LT_34,EEM
2011-04-07,87.35635963830526,0,0.0,RSI_LT_34,EEM
2011-04-08,88.7931195129464,0,-0.0,RSI_LT_34,EEM
2011-04-11,80.67889694435618,0,-0.0,RSI_LT_34,EEM
2011-04-12,60.42655934886151,0,0.0,RSI_LT_34,EEM
2011-04-13,58.35410332611615,0,0.0,RSI_LT_34,EEM
2011-04-14,55.34761703681492,0,0.0,RSI_LT_34,EEM
2011-04-15,44.70198591844623,0,-0.0,RSI_LT_34,EEM
2011-04-18,24.282004878432616,1,1.4404981309576792,RSI_LT_34,EEM
2011-04-19,36.651574728396895,0,0.0,RSI_LT_34,EEM
2011-04-20,47.169818110889665,0,0.0,RSI_LT_34,EEM
2011-04-21,51.669584117447116,0,-0.0,RSI_LT_34,EEM
2011-04-25,47.76859097675809,0,0.0,RSI_LT_34,EEM
2011-04-26,56.36672391951441,0,-0.0,RSI_LT_34,EEM
2011-04-27,65.7425781465403,0,-0.0,RSI_LT_34,EEM
2011-04-28,57.70753342194084,0,0.0,RSI_LT_34,EEM
2011-04-29,58.92514845105691,0,0.0,RSI_LT_34,EEM
2011-05-02,58.527111724880264,0,-0.0,RSI_LT_34,EEM
2011-05-03,59.92064813609405,0,-0.0,RSI_LT_34,EEM
2011-05-04,45.155035034620624,0,-0.0,RSI_LT_34,EEM
2011-05-05,26.398169625408144,1,1.3016983371428203,RSI_LT_34,EEM
2011-05-06,29.24728130681035,1,0.18652881365366358,RSI_LT_34,EEM
2011-05-09,33.487272285174114,1,1.1791470687318562,RSI_LT_34,EEM
2011-05-10,35.57043887002874,0,-0.0,RSI_LT_34,EEM
2011-05-11,29.120857623537688,1,0.29270203698286146,RSI_LT_34,EEM
2011-05-12,33.33330883298727,1,-2.1888743486307205,RSI_LT_34,EEM
2011-05-13,24.074036017452585,1,-0.14918946623180274,RSI_LT_34,EEM
2011-05-16,23.666651195940148,1,0.320174025110731,RSI_LT_34,EEM
2011-05-17,31.150781937108974,1,1.6170177053898005,RSI_LT_34,EEM
2011-05-18,46.69336701072855,0,-0.0,RSI_LT_34,EEM
2011-05-19,48.14049130815841,0,-0.0,RSI_LT_34,EEM
2011-05-20,37.1739054717704,0,-0.0,RSI_LT_34,EEM
2011-05-23,29.50818874768096,1,0.9980453090686847,RSI_LT_34,EEM
2011-05-24,28.066897628505018,1,0.2148276916377423,RSI_LT_34,EEM
2011-05-25,36.59091027314957,0,0.0,RSI_LT_34,EEM
2011-05-26,42.592580964192095,0,0.0,RSI_LT_34,EEM
2011-05-27,59.628796997805,0,0.0,RSI_LT_34,EEM
2011-05-31,66.73308195829362,0,-0.0,RSI_LT_34,EEM
2011-06-01,55.74913355109474,0,0.0,RSI_LT_34,EEM
2011-06-02,53.22285925444047,0,-0.0,RSI_LT_34,EEM
2011-06-03,53.917892920890594,0,-0.0,RSI_LT_34,EEM
2011-06-06,50.26085895040761,0,0.0,RSI_LT_34,EEM
2011-06-07,63.42412653506217,0,-0.0,RSI_LT_34,EEM
2011-06-08,55.77690575122115,0,0.0,RSI_LT_34,EEM
2011-06-09,58.03401065230591,0,-0.0,RSI_LT_34,EEM
2011-06-10,43.181830307363164,0,-0.0,RSI_LT_34,EEM
2011-06-13,37.16981295038593,0,0.0,RSI_LT_34,EEM
2011-06-14,36.2069230111525,0,-0.0,RSI_LT_34,EEM
2011-06-15,35.26122470185247,0,-0.0,RSI_LT_34,EEM
2011-06-16,27.376441297604785,1,0.13120790267140414,RSI_LT_34,EEM
2011-06-17,29.527601331538122,1,-0.1528711365464952,RSI_LT_34,EEM
2011-06-20,34.246624257963816,0,0.0,RSI_LT_34,EEM
2011-06-21,40.618562701402155,0,-0.0,RSI_LT_34,EEM
2011-06-22,36.279921289436956,0,-0.0,RSI_LT_34,EEM
2011-06-23,31.250027939662246,1,-0.17551958718917682,RSI_LT_34,EEM
2011-06-24,38.36930609198073,0,0.0,RSI_LT_34,EEM
2011-06-27,46.10389181458931,0,0.0,RSI_LT_34,EEM
2011-06-28,45.27472509046275,0,0.0,RSI_LT_34,EEM
2011-06-29,62.72036574925075,0,0.0,RSI_LT_34,EEM
2011-06-30,72.63920639538911,0,0.0,RSI_LT_34,EEM
2011-07-01,75.59393504470115,0,-0.0,RSI_LT_34,EEM
2011-07-05,76.41918342189868,0,-0.0,RSI_LT_34,EEM
2011-07-06,65.51721545985409,0,0.0,RSI_LT_34,EEM
2011-07-07,87.36843056295908,0,-0.0,RSI_LT_34,EEM
2011-07-08,77.38925376001025,0,-0.0,RSI_LT_34,EEM
2011-07-11,59.81982254438281,0,-0.0,RSI_LT_34,EEM
2011-07-12,50.81967327023683,0,0.0,RSI_LT_34,EEM
2011-07-13,51.87164939060048,0,-0.0,RSI_LT_34,EEM
2011-07-14,43.66196142589077,0,0.0,RSI_LT_34,EEM
2011-07-15,41.39195853859444,0,-0.0,RSI_LT_34,EEM
2011-07-18,31.25,1,1.4527363381601877,RSI_LT_34,EEM
2011-07-19,38.91627590578643,0,0.0,RSI_LT_34,EEM
2011-07-20,42.47039900030466,0,0.0,RSI_LT_34,EEM
2011-07-21,43.33334392970789,0,-0.0,RSI_LT_34,EEM
2011-07-22,47.44526817723017,0,-0.0,RSI_LT_34,EEM
2011-07-25,61.320729254011724,0,0.0,RSI_LT_34,EEM
2011-07-26,70.22898836858285,0,-0.0,RSI_LT_34,EEM
2011-07-27,50.0,0,0.0,RSI_LT_34,EEM
2011-07-28,57.58427146889204,0,0.0,RSI_LT_34,EEM
2011-07-29,56.48415143996368,0,-0.0,RSI_LT_34,EEM
2011-08-01,65.9932517220696,0,-0.0,RSI_LT_34,EEM
2011-08-02,34.39998942058368,0,-0.0,RSI_LT_34,EEM
2011-08-03,30.503984684564344,1,-5.719310441009561,RSI_LT_34,EEM
2011-08-04,7.117461394875278,1,-0.6532869232606764,RSI_LT_34,EEM
2011-08-05,6.814332857200412,1,-8.337254342644728,RSI_LT_34,EEM
2011-08-08,4.291860249518749,1,5.867284107480053,RSI_LT_34,EEM
2011-08-09,22.09608369009345,1,-5.300093521015459,RSI_LT_34,EEM
2011-08-10,19.765640553083287,1,5.520060793384873,RSI_LT_34,EEM
2011-08-11,31.166225922603076,1,-0.04843898600194185,RSI_LT_34,EEM
2011-08-12,30.189961032638948,1,2.3261426552566578,RSI_LT_34,EEM
2011-08-15,34.54661494333372,0,-0.0,RSI_LT_34,EEM
2011-08-16,37.13109101391357,0,0.0,RSI_LT_34,EEM
2011-08-17,38.81712739533699,0,-0.0,RSI_LT_34,EEM
2011-08-18,40.496451790067184,0,-0.0,RSI_LT_34,EEM
2011-08-19,39.8742961323977,0,-0.0,RSI_LT_34,EEM
2011-08-22,52.821465069927896,0,0.0,RSI_LT_34,EEM
2011-08-23,48.536826278386016,0,-0.0,RSI_LT_34,EEM
2011-08-24,59.23645875614486,0,-0.0,RSI_LT_34,EEM
2011-08-25,39.259247537823455,0,0.0,RSI_LT_34,EEM
2011-08-26,44.93926854556481,0,0.0,RSI_LT_34,EEM
2011-08-29,47.422694602448,0,0.0,RSI_LT_34,EEM
2011-08-30,50.13405141049287,0,0.0,RSI_LT_34,EEM
2011-08-31,53.61597302884236,0,-0.0,RSI_LT_34,EEM
2011-09-01,68.69010207669493,0,-0.0,RSI_LT_34,EEM
2011-09-02,63.988108584945444,0,-0.0,RSI_LT_34,EEM
2011-09-06,60.47821624460859,0,0.0,RSI_LT_34,EEM
2011-09-07,59.51009136591549,0,-0.0,RSI_LT_34,EEM
2011-09-08,55.21389856163392,0,-0.0,RSI_LT_34,EEM
2011-09-09,51.0506690104982,0,-0.0,RSI_LT_34,EEM
2011-09-12,46.061411072409534,0,0.0,RSI_LT_34,EEM
2011-09-13,35.256394973153434,0,-0.0,RSI_LT_34,EEM
2011-09-14,34.02226352959728,0,0.0,RSI_LT_34,EEM
2011-09-15,30.948394271220792,1,0.17300963027229166,RSI_LT_34,EEM
2011-09-16,32.99142311812987,1,-2.960762359694813,RSI_LT_34,EEM
2011-09-19,31.691278488901972,1,-0.7373529164149684,RSI_LT_34,EEM
2011-09-20,32.43695323945106,1,-3.7141412114125916,RSI_LT_34,EEM
2011-09-21,11.48866484902618,1,-7.023142801095961,RSI_LT_34,EEM
2011-09-22,9.010143806391454,1,2.6609450210998142,RSI_LT_34,EEM
2011-09-23,22.132257323862305,1,1.5050085974215532,RSI_LT_34,EEM
2011-09-26,27.70009965721023,1,3.18507336746241,RSI_LT_34,EEM
2011-09-27,36.566329184228664,0,-0.0,RSI_LT_34,EEM
2011-09-28,32.832827634451874,1,1.371742083770755,RSI_LT_34,EEM
2011-09-29,32.29062373573193,1,-5.006771990851744,RSI_LT_34,EEM
2011-09-30,26.77502493095041,1,-2.1082561137862332,RSI_LT_34,EEM
2011-10-03,27.871773218862998,1,1.5424876888308514,RSI_LT_34,EEM
2011-10-04,31.9093239572275,1,2.3215860918912368,RSI_LT_34,EEM
2011-10-05,41.2742425203063,0,0.0,RSI_LT_34,EEM
2011-10-06,60.29882465018382,0,-0.0,RSI_LT_34,EEM
2011-10-07,53.15313767269228,0,0.0,RSI_LT_34,EEM
2011-10-10,58.27482478043509,0,0.0,RSI_LT_34,EEM
2011-10-11,52.88787086890799,0,0.0,RSI_LT_34,EEM
2011-10-12,65.45038634121559,0,-0.0,RSI_LT_34,EEM
2011-10-13,60.78886321172625,0,0.0,RSI_LT_34,EEM
2011-10-14,79.73511345820279,0,-0.0,RSI_LT_34,EEM
2011-10-17,73.86502246224387,0,0.0,RSI_LT_34,EEM
2011-10-18,75.34721900283674,0,-0.0,RSI_LT_34,EEM
2011-10-19,66.43356114807247,0,-0.0,RSI_LT_34,EEM
2011-10-20,55.52823929295973,0,0.0,RSI_LT_34,EEM
2011-10-21,63.78132840927606,0,0.0,RSI_LT_34,EEM
2011-10-24,63.32180417979848,0,-0.0,RSI_LT_34,EEM
2011-10-25,57.8836061278969,0,0.0,RSI_LT_34,EEM
2011-10-26,56.311753286669244,0,0.0,RSI_LT_34,EEM
2011-10-27,67.61818586458878,0,-0.0,RSI_LT_34,EEM
2011-10-28,63.02132589579121,0,-0.0,RSI_LT_34,EEM
2011-10-31,61.59421216287517,0,-0.0,RSI_LT_34,EEM
2011-11-01,52.49772625298619,0,0.0,RSI_LT_34,EEM
2011-11-02,60.97561218749304,0,0.0,RSI_LT_34,EEM
2011-11-03,66.4874624255604,0,-0.0,RSI_LT_34,EEM
2011-11-04,61.256034872616695,0,0.0,RSI_LT_34,EEM
2011-11-07,56.318084372991095,0,0.0,RSI_LT_34,EEM
2011-11-08,63.81058791957392,0,-0.0,RSI_LT_34,EEM
2011-11-09,46.509424286318364,0,0.0,RSI_LT_34,EEM
2011-11-10,32.58028214245377,1,2.4102411256335055,RSI_LT_34,EEM
2011-11-11,41.065481528147885,0,-0.0,RSI_LT_34,EEM
2011-11-14,46.36590484294258,0,0.0,RSI_LT_34,EEM
2011-11-15,54.55800893924569,0,-0.0,RSI_LT_34,EEM
2011-11-16,38.39661473814332,0,-0.0,RSI_LT_34,EEM
2011-11-17,30.039020024922024,1,0.3907307326484366,RSI_LT_34,EEM
2011-11-18,32.49672072246402,1,-3.217440708381547,RSI_LT_34,EEM
2011-11-21,24.940897012678235,1,0.348528339877463,RSI_LT_34,EEM
2011-11-22,21.604969086846936,1,-3.2326985696159327,RSI_LT_34,EEM
2011-11-23,25.54747818106486,1,-0.33131624113098557,RSI_LT_34,EEM
2011-11-25,22.205665985214225,1,4.792253268857549,RSI_LT_34,EEM
2011-11-28,30.213938924134553,1,-0.44938402171321723,RSI_LT_34,EEM
2011-11-29,31.87591331988955,1,6.240038458955488,RSI_LT_34,EEM
2011-11-30,47.4428688484442,0,-0.0,RSI_LT_34,EEM
2011-12-01,53.04135925592135,0,-0.0,RSI_LT_34,EEM
2011-12-02,59.40054226851594,0,0.0,RSI_LT_34,EEM
2011-12-05,61.98977233470059,0,-0.0,RSI_LT_34,EEM
2011-12-06,67.9720220025289,0,0.0,RSI_LT_34,EEM
2011-12-07,68.10583818671189,0,-0.0,RSI_LT_34,EEM
2011-12-08,65.99189595606045,0,0.0,RSI_LT_34,EEM
2011-12-09,70.26023622773046,0,-0.0,RSI_LT_34,EEM
2011-12-12,50.383616492777435,0,-0.0,RSI_LT_34,EEM
2011-12-13,49.250005602844624,0,-0.0,RSI_LT_34,EEM
2011-12-14,25.68656947288696,1,0.6486531850453892,RSI_LT_34,EEM
2011-12-15,29.001582103429797,1,0.7518763874244883,RSI_LT_34,EEM
2011-12-16,32.612038418225666,1,-2.5852910684131203,RSI_LT_34,EEM
2011-12-19,21.50220482854361,1,3.201099885266845,RSI_LT_34,EEM
2011-12-20,35.49259274322041,0,0.0,RSI_LT_34,EEM
2011-12-21,35.14247663432886,0,0.0,RSI_LT_34,EEM
2011-12-22,48.05598765058561,0,0.0,RSI_LT_34,EEM
2011-12-23,42.413820772462635,0,-0.0,RSI_LT_34,EEM
2011-12-27,52.45201743533934,0,-0.0,RSI_LT_34,EEM
2011-12-28,49.39757744092398,0,0.0,RSI_LT_34,EEM
2011-12-29,59.34290165692366,0,0.0,RSI_LT_34,EEM
2011-12-30,57.51069096719691,0,0.0,RSI_LT_34,EEM
2012-01-03,64.25989771937762,0,-0.0,RSI_LT_34,EEM
2012-01-04,74.32151759618371,0,-0.0,RSI_LT_34,EEM
2012-01-05,63.060654678387884,0,-0.0,RSI_LT_34,EEM
2012-01-06,54.567320697759506,0,0.0,RSI_LT_34,EEM
2012-01-09,53.448262902328665,0,0.0,RSI_LT_34,EEM
2012-01-10,60.21050721058672,0,0.0,RSI_LT_34,EEM
2012-01-11,65.53292493257236,0,0.0,RSI_LT_34,EEM
2012-01-12,77.60819238515859,0,-0.0,RSI_LT_34,EEM
2012-01-13,67.87567634342187,0,0.0,RSI_LT_34,EEM
2012-01-17,72.92579910862646,0,0.0,RSI_LT_34,EEM
2012-01-18,72.00905539237594,0,0.0,RSI_LT_34,EEM
2012-01-19,77.680513656951,0,-0.0,RSI_LT_34,EEM
2012-01-20,80.13548644317518,0,0.0,RSI_LT_34,EEM
2012-01-23,91.01383136562761,0,0.0,RSI_LT_34,EEM
2012-01-24,90.25001525878906,0,0.0,RSI_LT_34,EEM
2012-01-25,89.25621832252152,0,-0.0,RSI_LT_34,EEM
2012-01-26,85.14585397097795,0,0.0,RSI_LT_34,EEM
2012-01-27,85.37856121241579,0,-0.0,RSI_LT_34,EEM
2012-01-30,80.14703407420704,0,0.0,RSI_LT_34,EEM
2012-01-31,78.0487577947963,0,0.0,RSI_LT_34,EEM
2012-02-01,77.56231633206212,0,0.0,RSI_LT_34,EEM
2012-02-02,75.96437053018589,0,0.0,RSI_LT_34,EEM
2012-02-03,80.78813799790662,0,-0.0,RSI_LT_34,EEM
2012-02-06,71.46395972144262,0,0.0,RSI_LT_34,EEM
2012-02-07,71.67480811457597,0,0.0,RSI_LT_34,EEM
2012-02-08,70.51275279645996,0,-0.0,RSI_LT_34,EEM
2012-02-09,73.33328586164171,0,-0.0,RSI_LT_34,EEM
2012-02-10,56.22218454626372,0,0.0,RSI_LT_34,EEM
2012-02-13,70.3703241988526,0,-0.0,RSI_LT_34,EEM
2012-02-14,62.52718694395064,0,0.0,RSI_LT_34,EEM
2012-02-15,54.4973443521945,0,0.0,RSI_LT_34,EEM
2012-02-16,58.353476678209255,0,0.0,RSI_LT_34,EEM
2012-02-17,50.7163195374282,0,-0.0,RSI_LT_34,EEM
2012-02-21,53.636381501299894,0,0.0,RSI_LT_34,EEM
2012-02-22,53.49548266810133,0,-0.0,RSI_LT_34,EEM
2012-02-23,47.38563109991361,0,0.0,RSI_LT_34,EEM
2012-02-24,54.310324983036686,0,-0.0,RSI_LT_34,EEM
2012-02-27,64.06780581539996,0,0.0,RSI_LT_34,EEM
2012-02-28,62.93707226439279,0,-0.0,RSI_LT_34,EEM
2012-02-29,71.1462927362509,0,0.0,RSI_LT_34,EEM
2012-03-01,74.20494509123603,0,-0.0,RSI_LT_34,EEM
2012-03-02,65.99191346355808,0,-0.0,RSI_LT_34,EEM
2012-03-05,49.050611136260756,0,-0.0,RSI_LT_34,EEM
2012-03-06,34.83146741646236,0,0.0,RSI_LT_34,EEM
2012-03-07,40.57373749375617,0,0.0,RSI_LT_34,EEM
2012-03-08,50.52632846992309,0,-0.0,RSI_LT_34,EEM
2012-03-09,46.212139274152,0,-0.0,RSI_LT_34,EEM
2012-03-12,45.86467135855673,0,0.0,RSI_LT_34,EEM
2012-03-13,51.10357526131344,0,-0.0,RSI_LT_34,EEM
2012-03-14,45.8841378315764,0,0.0,RSI_LT_34,EEM
2012-03-15,45.30045600047963,0,-0.0,RSI_LT_34,EEM
2012-03-16,45.72317622665128,0,-0.0,RSI_LT_34,EEM
2012-03-19,50.42881006923383,0,-0.0,RSI_LT_34,EEM
2012-03-20,57.42186015704337,0,0.0,RSI_LT_34,EEM
2012-03-21,53.51814135682773,0,-0.0,RSI_LT_34,EEM
2012-03-22,36.17978279374664,0,0.0,RSI_LT_34,EEM
2012-03-23,40.631585372121705,0,0.0,RSI_LT_34,EEM
2012-03-26,53.38645539426261,0,-0.0,RSI_LT_34,EEM
2012-03-27,36.8550050753238,0,-0.0,RSI_LT_34,EEM
2012-03-28,36.5853454299487,0,-0.0,RSI_LT_34,EEM
2012-03-29,30.26317374526677,1,0.7270201166238222,RSI_LT_34,EEM
2012-03-30,35.96061658958983,0,0.0,RSI_LT_34,EEM
2012-04-02,45.75896240312124,0,-0.0,RSI_LT_34,EEM
2012-04-03,51.63729097263126,0,-0.0,RSI_LT_34,EEM
2012-04-04,42.184127938416005,0,0.0,RSI_LT_34,EEM
2012-04-05,51.88678651147601,0,-0.0,RSI_LT_34,EEM
2012-04-09,41.31869163736483,0,-0.0,RSI_LT_34,EEM
2012-04-10,24.458925215587712,1,1.0898540880637908,RSI_LT_34,EEM
2012-04-11,32.64469225925082,1,2.5634874264421015,RSI_LT_34,EEM
2012-04-12,51.15832589542149,0,-0.0,RSI_LT_34,EEM
2012-04-13,45.847762169225746,0,-0.0,RSI_LT_34,EEM
2012-04-16,41.19719539550565,0,0.0,RSI_LT_34,EEM
2012-04-17,40.0359142659902,0,-0.0,RSI_LT_34,EEM
2012-04-18,40.39855235215133,0,-0.0,RSI_LT_34,EEM
2012-04-19,45.23329601174895,0,0.0,RSI_LT_34,EEM
2012-04-20,45.89178647793478,0,-0.0,RSI_LT_34,EEM
2012-04-23,44.29400458206208,0,0.0,RSI_LT_34,EEM
2012-04-24,53.6035981854423,0,0.0,RSI_LT_34,EEM
2012-04-25,52.860410101521516,0,0.0,RSI_LT_34,EEM
2012-04-26,42.13481520692046,0,0.0,RSI_LT_34,EEM
2012-04-27,52.525277175532516,0,-0.0,RSI_LT_34,EEM
2012-04-30,54.73684633207114,0,0.0,RSI_LT_34,EEM
2012-05-01,51.32074819845627,0,-0.0,RSI_LT_34,EEM
2012-05-02,53.75490972143692,0,-0.0,RSI_LT_34,EEM
2012-05-03,51.127772105136344,0,-0.0,RSI_LT_34,EEM
2012-05-04,34.4051281296457,0,0.0,RSI_LT_34,EEM
2012-05-07,49.79587451654491,0,-0.0,RSI_LT_34,EEM
2012-05-08,37.41716918832752,0,-0.0,RSI_LT_34,EEM
2012-05-09,23.659227793187696,1,0.4216319070666996,RSI_LT_34,EEM
2012-05-10,21.428580275277653,1,-1.2842687977467238,RSI_LT_34,EEM
2012-05-11,16.949123319349695,1,-2.2767070793602073,RSI_LT_34,EEM
2012-05-14,13.761443006543615,1,-0.870456069211456,RSI_LT_34,EEM
2012-05-15,7.239815099302987,1,-1.4204623822783646,RSI_LT_34,EEM
2012-05-16,6.5439618561429995,1,-1.3623177050332447,RSI_LT_34,EEM
2012-05-17,6.286835462770327,1,-0.9561768811725435,RSI_LT_34,EEM
2012-05-18,6.7940500430064645,1,2.386697151508632,RSI_LT_34,EEM
2012-05-21,19.449563759681112,1,-1.0476729247817285,RSI_LT_34,EEM
2012-05-22,20.423908952994722,1,-0.6881903915668786,RSI_LT_34,EEM
2012-05-23,21.5447346731806,1,-0.5063929221505892,RSI_LT_34,EEM
2012-05-24,18.016186985083294,1,-0.48218670331282576,RSI_LT_34,EEM
2012-05-25,19.347819236363705,1,2.8263773726337815,RSI_LT_34,EEM
2012-05-29,40.92825951542056,0,-0.0,RSI_LT_34,EEM
2012-05-30,38.339912307154144,0,0.0,RSI_LT_34,EEM
2012-05-31,44.96790177510249,0,-0.0,RSI_LT_34,EEM
2012-06-01,40.69764605079018,0,0.0,RSI_LT_34,EEM
2012-06-04,45.564490699366424,0,0.0,RSI_LT_34,EEM
2012-06-05,35.25181106554416,0,0.0,RSI_LT_34,EEM
2012-06-06,52.57732039849048,0,0.0,RSI_LT_34,EEM
2012-06-07,57.67632687367336,0,-0.0,RSI_LT_34,EEM
2012-06-08,56.0483728313519,0,-0.0,RSI_LT_34,EEM
2012-06-11,52.15759500782621,0,0.0,RSI_LT_34,EEM
2012-06-12,49.60473384557857,0,-0.0,RSI_LT_34,EEM
2012-06-13,55.28634194665639,0,0.0,RSI_LT_34,EEM
2012-06-14,56.34409078491743,0,0.0,RSI_LT_34,EEM
2012-06-15,76.49775336994509,0,0.0,RSI_LT_34,EEM
2012-06-18,76.0563859547322,0,0.0,RSI_LT_34,EEM
2012-06-19,78.70567697830955,0,-0.0,RSI_LT_34,EEM
2012-06-20,70.05211437744876,0,-0.0,RSI_LT_34,EEM
2012-06-21,44.646094988067816,0,0.0,RSI_LT_34,EEM
2012-06-22,48.67925180154373,0,-0.0,RSI_LT_34,EEM
2012-06-25,47.33944337664119,0,0.0,RSI_LT_34,EEM
2012-06-26,42.48497821267487,0,0.0,RSI_LT_34,EEM
2012-06-27,46.36543844594418,0,-0.0,RSI_LT_34,EEM
2012-06-28,41.800015563941095,0,0.0,RSI_LT_34,EEM
2012-06-29,51.17449020084742,0,0.0,RSI_LT_34,EEM
2012-07-02,50.510215004583465,0,0.0,RSI_LT_34,EEM
2012-07-03,51.74128409026209,0,-0.0,RSI_LT_34,EEM
2012-07-05,49.3671046524191,0,-0.0,RSI_LT_34,EEM
2012-07-06,60.700404699051,0,-0.0,RSI_LT_34,EEM
2012-07-09,58.13953660298241,0,-0.0,RSI_LT_34,EEM
2012-07-10,61.349700908974604,0,0.0,RSI_LT_34,EEM
2012-07-11,60.377375088669716,0,-0.0,RSI_LT_34,EEM
2012-07-12,51.063798389268676,0,0.0,RSI_LT_34,EEM
2012-07-13,58.91608006855779,0,-0.0,RSI_LT_34,EEM
2012-07-16,41.20483611070513,0,0.0,RSI_LT_34,EEM
2012-07-17,47.63947373591183,0,-0.0,RSI_LT_34,EEM
2012-07-18,36.180935347645146,0,0.0,RSI_LT_34,EEM
2012-07-19,45.91832464808949,0,-0.0,RSI_LT_34,EEM
2012-07-20,47.619042813430966,0,-0.0,RSI_LT_34,EEM
2012-07-23,38.709680065694855,0,-0.0,RSI_LT_34,EEM
2012-07-24,41.09586297053365,0,0.0,RSI_LT_34,EEM
2012-07-25,40.82565436047834,0,0.0,RSI_LT_34,EEM
2012-07-26,57.54926135102062,0,0.0,RSI_LT_34,EEM
2012-07-27,60.56908835608844,0,-0.0,RSI_LT_34,EEM
2012-07-30,58.89326901112521,0,-0.0,RSI_LT_34,EEM
2012-07-31,52.21986547736181,0,0.0,RSI_LT_34,EEM
2012-08-01,54.04252659738522,0,-0.0,RSI_LT_34,EEM
2012-08-02,45.416680243282364,0,0.0,RSI_LT_34,EEM
2012-08-03,62.361620499697004,0,0.0,RSI_LT_34,EEM
2012-08-06,77.89695741294966,0,0.0,RSI_LT_34,EEM
2012-08-07,81.12800831454948,0,0.0,RSI_LT_34,EEM
2012-08-08,80.70955087209425,0,0.0,RSI_LT_34,EEM
2012-08-09,77.28461142358002,0,0.0,RSI_LT_34,EEM
2012-08-10,70.40818577324858,0,-0.0,RSI_LT_34,EEM
2012-08-13,67.42670685974588,0,-0.0,RSI_LT_34,EEM
2012-08-14,71.37935615751817,0,-0.0,RSI_LT_34,EEM
2012-08-15,69.20416686466137,0,0.0,RSI_LT_34,EEM
2012-08-16,84.64284205922864,0,-0.0,RSI_LT_34,EEM
2012-08-17,65.00006357844944,0,-0.0,RSI_LT_34,EEM
2012-08-20,58.59876325732266,0,-0.0,RSI_LT_34,EEM
2012-08-21,53.28943075556269,0,0.0,RSI_LT_34,EEM
2012-08-22,51.36989522639981,0,-0.0,RSI_LT_34,EEM
2012-08-23,34.93972304312457,0,0.0,RSI_LT_34,EEM
2012-08-24,27.02695039848237,1,-1.0237199880710923,RSI_LT_34,EEM
2012-08-27,26.143727295620053,1,-0.20181134608774354,RSI_LT_34,EEM
2012-08-28,24.999940395156273,1,-0.48028926898503466,RSI_LT_34,EEM
2012-08-29,23.121312082697543,1,-1.1684000430594699,RSI_LT_34,EEM
2012-08-30,1.648288307926407,1,0.9509096204979084,RSI_LT_34,EEM
2012-08-31,20.1004090740052,1,-0.5600748799458044,RSI_LT_34,EEM
2012-09-04,18.264778938640703,1,-0.5120347053449215,RSI_LT_34,EEM
2012-09-05,17.167326463586747,1,2.2130741040762514,RSI_LT_34,EEM
2012-09-06,39.116721520586765,0,0.0,RSI_LT_34,EEM
2012-09-07,58.06450951317406,0,-0.0,RSI_LT_34,EEM
2012-09-10,50.82742039629604,0,0.0,RSI_LT_34,EEM
2012-09-11,61.16279193554397,0,0.0,RSI_LT_34,EEM
2012-09-12,63.86361409808805,0,0.0,RSI_LT_34,EEM
2012-09-13,73.63468258255841,0,0.0,RSI_LT_34,EEM
2012-09-14,82.39701739045954,0,-0.0,RSI_LT_34,EEM
2012-09-17,74.21733672136745,0,0.0,RSI_LT_34,EEM
2012-09-18,77.43785069871693,0,0.0,RSI_LT_34,EEM
2012-09-19,80.51690298077331,0,-0.0,RSI_LT_34,EEM
2012-09-20,72.17194452979089,0,0.0,RSI_LT_34,EEM
2012-09-21,65.83333156726903,0,-0.0,RSI_LT_34,EEM
2012-09-24,75.96162310732032,0,-0.0,RSI_LT_34,EEM
2012-09-25,57.97547124992248,0,-0.0,RSI_LT_34,EEM
2012-09-26,52.293603667712695,0,0.0,RSI_LT_34,EEM
2012-09-27,44.68085682013406,0,-0.0,RSI_LT_34,EEM
2012-09-28,29.84500192952858,1,0.9920150719762155,RSI_LT_34,EEM
2012-10-01,46.640350771383424,0,0.0,RSI_LT_34,EEM
2012-10-02,47.470792285690116,0,-0.0,RSI_LT_34,EEM
2012-10-03,42.80700674198812,0,0.0,RSI_LT_34,EEM
2012-10-04,54.455460502709954,0,0.0,RSI_LT_34,EEM
2012-10-05,52.90106121619985,0,-0.0,RSI_LT_34,EEM
2012-10-08,47.54601334676669,0,-0.0,RSI_LT_34,EEM
2012-10-09,52.54240137380969,0,-0.0,RSI_LT_34,EEM
2012-10-10,51.49501997964649,0,0.0,RSI_LT_34,EEM
2012-10-11,46.7153203373643,0,-0.0,RSI_LT_34,EEM
2012-10-12,48.85493515740001,0,0.0,RSI_LT_34,EEM
2012-10-15,45.3060480932718,0,0.0,RSI_LT_34,EEM
2012-10-16,52.48225895033588,0,0.0,RSI_LT_34,EEM
2012-10-17,63.06618958628518,0,-0.0,RSI_LT_34,EEM
2012-10-18,53.90626280567853,0,-0.0,RSI_LT_34,EEM
2012-10-19,42.99064865243861,0,0.0,RSI_LT_34,EEM
2012-10-22,54.93825852300824,0,-0.0,RSI_LT_34,EEM
2012-10-23,46.96570903458084,0,0.0,RSI_LT_34,EEM
2012-10-24,50.83800668529969,0,0.0,RSI_LT_34,EEM
2012-10-25,51.780783548942026,0,-0.0,RSI_LT_34,EEM
2012-10-26,49.218732149651366,0,-0.0,RSI_LT_34,EEM
2012-10-31,45.08201078329496,0,0.0,RSI_LT_34,EEM
2012-11-01,48.461551252444096,0,-0.0,RSI_LT_34,EEM
2012-11-02,41.16091693716817,0,0.0,RSI_LT_34,EEM
2012-11-05,45.478005356349016,0,0.0,RSI_LT_34,EEM
2012-11-06,58.87325638747017,0,-0.0,RSI_LT_34,EEM
2012-11-07,44.010379155064456,0,-0.0,RSI_LT_34,EEM
2012-11-08,48.28567504882813,0,0.0,RSI_LT_34,EEM
2012-11-09,48.87003092705741,0,0.0,RSI_LT_34,EEM
2012-11-12,44.135854796855945,0,-0.0,RSI_LT_34,EEM
2012-11-13,43.465057927592824,0,-0.0,RSI_LT_34,EEM
2012-11-14,37.046659775190285,0,0.0,RSI_LT_34,EEM
2012-11-15,27.027110621324212,1,0.2978379974136969,RSI_LT_34,EEM
2012-11-16,31.57900952727384,1,1.7569885848889077,RSI_LT_34,EEM
2012-11-19,40.90910018155484,0,-0.0,RSI_LT_34,EEM
2012-11-20,34.38395947897163,0,-0.0,RSI_LT_34,EEM
2012-11-21,41.66667770455975,0,0.0,RSI_LT_34,EEM
2012-11-23,61.71620942795957,0,0.0,RSI_LT_34,EEM
2012-11-26,60.67798144376556,0,-0.0,RSI_LT_34,EEM
2012-11-27,52.06344746740554,0,0.0,RSI_LT_34,EEM
2012-11-28,62.12624500508838,0,0.0,RSI_LT_34,EEM
2012-11-29,80.97009879766051,0,-0.0,RSI_LT_34,EEM
2012-11-30,79.29681562830619,0,-0.0,RSI_LT_34,EEM
2012-12-03,77.64221338675962,0,0.0,RSI_LT_34,EEM
2012-12-04,70.58817529594398,0,0.0,RSI_LT_34,EEM
2012-12-05,79.0177195357669,0,0.0,RSI_LT_34,EEM
2012-12-06,84.27410981681815,0,0.0,RSI_LT_34,EEM
2012-12-07,79.8968068727252,0,0.0,RSI_LT_34,EEM
2012-12-10,82.10997856424166,0,0.0,RSI_LT_34,EEM
2012-12-11,98.04873873270363,0,0.0,RSI_LT_34,EEM
2012-12-12,97.9486758140936,0,-0.0,RSI_LT_34,EEM
2012-12-13,87.49984450995758,0,0.0,RSI_LT_34,EEM
2012-12-14,89.55212550127061,0,0.0,RSI_LT_34,EEM
2012-12-17,90.95229099152776,0,0.0,RSI_LT_34,EEM
2012-12-18,90.59395843877235,0,-0.0,RSI_LT_34,EEM
2012-12-19,86.79230344761402,0,0.0,RSI_LT_34,EEM
2012-12-20,86.27437780802927,0,-0.0,RSI_LT_34,EEM
2012-12-21,62.63153139587412,0,-0.0,RSI_LT_34,EEM
2012-12-24,54.28573919791435,0,0.0,RSI_LT_34,EEM
2012-12-26,51.80726213975977,0,0.0,RSI_LT_34,EEM
2012-12-27,54.54543484150637,0,0.0,RSI_LT_34,EEM
2012-12-28,64.73991753213821,0,0.0,RSI_LT_34,EEM
2012-12-31,72.14607338506693,0,0.0,RSI_LT_34,EEM
2013-01-02,79.32201855623444,0,-0.0,RSI_LT_34,EEM
2013-01-03,71.20745081643884,0,0.0,RSI_LT_34,EEM
2013-01-04,72.42427254946386,0,-0.0,RSI_LT_34,EEM
2013-01-07,63.017763166062295,0,-0.0,RSI_LT_34,EEM
2013-01-08,64.93900559759861,0,0.0,RSI_LT_34,EEM
2013-01-09,68.63902253492196,0,0.0,RSI_LT_34,EEM
2013-01-10,70.8791087868959,0,-0.0,RSI_LT_34,EEM
2013-01-11,62.334207575959944,0,0.0,RSI_LT_34,EEM
2013-01-14,62.63155675662653,0,-0.0,RSI_LT_34,EEM
2013-01-15,51.79644616828962,0,-0.0,RSI_LT_34,EEM
2013-01-16,34.262943363192306,0,0.0,RSI_LT_34,EEM
2013-01-17,45.49178277509568,0,0.0,RSI_LT_34,EEM
2013-01-18,45.71422788215859,0,-0.0,RSI_LT_34,EEM
2013-01-22,51.37609060079724,0,-0.0,RSI_LT_34,EEM
2013-01-23,55.44558381961362,0,-0.0,RSI_LT_34,EEM
2013-01-24,46.73373384502728,0,-0.0,RSI_LT_34,EEM
2013-01-25,30.8570444533091,1,-0.7019958658563752,RSI_LT_34,EEM
2013-01-28,31.764592365206312,1,1.1174497047154563,RSI_LT_34,EEM
2013-01-29,42.000007629394524,0,-0.0,RSI_LT_34,EEM
2013-01-30,41.584156546075675,0,0.0,RSI_LT_34,EEM
2013-01-31,44.92755759825151,0,0.0,RSI_LT_34,EEM
2013-02-01,45.971510857440386,0,-0.0,RSI_LT_34,EEM
2013-02-04,33.46151701796137,1,0.11385030474151403,RSI_LT_34,EEM
2013-02-05,35.65896630648852,0,-0.0,RSI_LT_34,EEM
2013-02-06,38.493693797224694,0,-0.0,RSI_LT_34,EEM
2013-02-07,35.114491590943175,0,0.0,RSI_LT_34,EEM
2013-02-08,44.4444292525257,0,-0.0,RSI_LT_34,EEM
2013-02-11,49.600067138671875,0,0.0,RSI_LT_34,EEM
2013-02-12,40.84507294498591,0,0.0,RSI_LT_34,EEM
2013-02-13,50.934513634005775,0,-0.0,RSI_LT_34,EEM
2013-02-14,48.30917963422994,0,-0.0,RSI_LT_34,EEM
2013-02-15,36.5979888233004,0,0.0,RSI_LT_34,EEM
2013-02-19,55.555702728048196,0,-0.0,RSI_LT_34,EEM
2013-02-20,42.13473634580971,0,-0.0,RSI_LT_34,EEM
2013-02-21,32.18881028433529,1,0.4409343839317126,RSI_LT_34,EEM
2013-02-22,44.1314268111841,0,-0.0,RSI_LT_34,EEM
2013-02-25,25.94134913275053,1,0.5620558770055961,RSI_LT_34,EEM
2013-02-26,32.95005941306036,1,1.0945534134479074,RSI_LT_34,EEM
2013-02-27,40.87833658099038,0,-0.0,RSI_LT_34,EEM
2013-02-28,33.67345614777176,1,0.23143321207403922,RSI_LT_34,EEM
2013-03-01,36.09271481352828,0,-0.0,RSI_LT_34,EEM
2013-03-04,33.33333333333333,1,1.212113343988408,RSI_LT_34,EEM
2013-03-05,41.08102423675062,0,0.0,RSI_LT_34,EEM
2013-03-06,49.14776113903501,0,0.0,RSI_LT_34,EEM
2013-03-07,60.855271000618636,0,0.0,RSI_LT_34,EEM
2013-03-08,63.157932032241874,0,-0.0,RSI_LT_34,EEM
2013-03-11,70.58818870718865,0,-0.0,RSI_LT_34,EEM
2013-03-12,57.14285714285714,0,-0.0,RSI_LT_34,EEM
2013-03-13,43.042075192648134,0,0.0,RSI_LT_34,EEM
2013-03-14,49.18568110906915,0,-0.0,RSI_LT_34,EEM
2013-03-15,41.96427355007471,0,-0.0,RSI_LT_34,EEM
2013-03-18,41.1078636140194,0,-0.0,RSI_LT_34,EEM
2013-03-19,27.725931480493372,1,0.571559547930689,RSI_LT_34,EEM
2013-03-20,28.39502393606375,1,-1.0182342169947622,RSI_LT_34,EEM
2013-03-21,22.535194619448944,1,0.38277476156087786,RSI_LT_34,EEM
2013-03-22,17.417368223896517,1,-0.09533106863709451,RSI_LT_34,EEM
2013-03-25,18.53030432292111,1,1.431303232410075,RSI_LT_34,EEM
2013-03-26,36.53252236558505,0,0.0,RSI_LT_34,EEM
2013-03-27,44.966454980804905,0,0.0,RSI_LT_34,EEM
2013-03-28,43.25260429041336,0,-0.0,RSI_LT_34,EEM
2013-04-01,42.22974279137981,0,0.0,RSI_LT_34,EEM
2013-04-02,50.800018310546875,0,-0.0,RSI_LT_34,EEM
2013-04-03,47.037040699982626,0,-0.0,RSI_LT_34,EEM
2013-04-04,39.92249380113051,0,-0.0,RSI_LT_34,EEM
2013-04-05,45.77781545373628,0,0.0,RSI_LT_34,EEM
2013-04-08,43.518557764308625,0,0.0,RSI_LT_34,EEM
2013-04-09,53.35971955218817,0,0.0,RSI_LT_34,EEM
2013-04-10,49.35624987720941,0,0.0,RSI_LT_34,EEM
2013-04-11,46.60629891358758,0,-0.0,RSI_LT_34,EEM
2013-04-12,33.93500959872641,1,-2.4355311168801186,RSI_LT_34,EEM
2013-04-15,28.228203803473093,1,2.055800636417726,RSI_LT_34,EEM
2013-04-16,42.40962149909412,0,-0.0,RSI_LT_34,EEM
2013-04-17,40.83525100899242,0,0.0,RSI_LT_34,EEM
2013-04-18,42.00478522044243,0,0.0,RSI_LT_34,EEM
2013-04-19,50.31981676418963,0,0.0,RSI_LT_34,EEM
2013-04-22,51.65975087314697,0,0.0,RSI_LT_34,EEM
2013-04-23,49.457708548651496,0,0.0,RSI_LT_34,EEM
2013-04-24,47.75783660248674,0,0.0,RSI_LT_34,EEM
2013-04-25,51.45832836627486,0,-0.0,RSI_LT_34,EEM
2013-04-26,53.930142643205414,0,0.0,RSI_LT_34,EEM
2013-04-29,72.75003957755962,0,0.0,RSI_LT_34,EEM
2013-04-30,71.08757529488071,0,-0.0,RSI_LT_34,EEM
2013-05-01,74.86035841163421,0,0.0,RSI_LT_34,EEM
2013-05-02,77.04084164799052,0,0.0,RSI_LT_34,EEM
2013-05-03,75.54351713350106,0,0.0,RSI_LT_34,EEM
2013-05-06,74.57631502097547,0,0.0,RSI_LT_34,EEM
2013-05-07,75.34248722858122,0,0.0,RSI_LT_34,EEM
2013-05-08,75.93585178551575,0,-0.0,RSI_LT_34,EEM
2013-05-09,66.84786495958801,0,-0.0,RSI_LT_34,EEM
2013-05-10,68.5236484655673,0,-0.0,RSI_LT_34,EEM
2013-05-13,56.90137243018573,0,0.0,RSI_LT_34,EEM
2013-05-14,51.273852463696635,0,0.0,RSI_LT_34,EEM
2013-05-15,60.44777075412748,0,-0.0,RSI_LT_34,EEM
2013-05-16,51.40561326102276,0,0.0,RSI_LT_34,EEM
2013-05-17,47.84478151847741,0,0.0,RSI_LT_34,EEM
2013-05-20,48.94508451878535,0,-0.0,RSI_LT_34,EEM
2013-05-21,39.5348919733646,0,-0.0,RSI_LT_34,EEM
2013-05-22,22.2707896407029,1,-0.7448782626717443,RSI_LT_34,EEM
2013-05-23,22.2707896407029,1,-0.8677273386044848,RSI_LT_34,EEM
2013-05-24,21.98281744563654,1,0.5441200372499289,RSI_LT_34,EEM
2013-05-28,34.4186582920814,0,-0.0,RSI_LT_34,EEM
2013-05-29,21.686769137434723,1,0.0,RSI_LT_34,EEM
2013-05-30,21.37092246472558,1,-1.8112448477493936,RSI_LT_34,EEM
2013-05-31,17.15208438268496,1,1.4805839782902952,RSI_LT_34,EEM
2013-06-03,27.06556174432822,1,-1.219808943982159,RSI_LT_34,EEM
2013-06-04,21.483380699972585,1,-1.791762415107978,RSI_LT_34,EEM
2013-06-05,18.42106584037157,1,0.8382646476234656,RSI_LT_34,EEM
2013-06-06,26.69685054320621,1,-0.5134545020421211,RSI_LT_34,EEM
2013-06-07,27.378188612379972,1,-1.3516816309242285,RSI_LT_34,EEM
2013-06-10,26.28062058049646,1,-1.893369041079751,RSI_LT_34,EEM
2013-06-11,18.92431626117147,1,-0.6856283657703632,RSI_LT_34,EEM
2013-06-12,20.000016061883215,1,2.1222142761555984,RSI_LT_34,EEM
2013-06-13,31.89963104070857,1,-1.5773592265390657,RSI_LT_34,EEM
2013-06-14,32.660546348947705,1,0.9157893235254289,RSI_LT_34,EEM
2013-06-17,29.42301894073053,1,0.4285404373314483,RSI_LT_34,EEM
2013-06-18,34.979411593870736,0,-0.0,RSI_LT_34,EEM
2013-06-19,31.77567561208126,1,-4.480703224263882,RSI_LT_34,EEM
2013-06-20,20.17801181651629,1,1.4370899239346535,RSI_LT_34,EEM
2013-06-21,26.770513752921815,1,-2.0315378899574577,RSI_LT_34,EEM
2013-06-24,25.997227387783724,1,2.1282366898296434,RSI_LT_34,EEM
2013-06-25,36.62548985440812,0,0.0,RSI_LT_34,EEM
2013-06-26,42.838359367050096,0,0.0,RSI_LT_34,EEM
2013-06-27,38.210210724408846,0,0.0,RSI_LT_34,EEM
2013-06-28,43.89138631299076,0,0.0,RSI_LT_34,EEM
2013-07-01,41.78403783895757,0,-0.0,RSI_LT_34,EEM
2013-07-02,36.17943561186764,0,-0.0,RSI_LT_34,EEM
2013-07-03,41.459367404597636,0,-0.0,RSI_LT_34,EEM
2013-07-05,55.066076704096695,0,0.0,RSI_LT_34,EEM
2013-07-08,49.75368856425285,0,0.0,RSI_LT_34,EEM
2013-07-09,66.22691930248358,0,-0.0,RSI_LT_34,EEM
2013-07-10,51.33531425984096,0,0.0,RSI_LT_34,EEM
2013-07-11,64.50216950635989,0,-0.0,RSI_LT_34,EEM
2013-07-12,56.903760347759736,0,0.0,RSI_LT_34,EEM
2013-07-15,58.46773852418986,0,0.0,RSI_LT_34,EEM
2013-07-16,58.80000396728213,0,0.0,RSI_LT_34,EEM
2013-07-17,70.66378917411498,0,-0.0,RSI_LT_34,EEM
2013-07-18,68.89346899508789,0,-0.0,RSI_LT_34,EEM
2013-07-19,70.81540251131105,0,0.0,RSI_LT_34,EEM
2013-07-22,72.7999530030014,0,0.0,RSI_LT_34,EEM
2013-07-23,72.46958091665361,0,-0.0,RSI_LT_34,EEM
2013-07-24,71.74344469077288,0,0.0,RSI_LT_34,EEM
2013-07-25,58.28397558597277,0,-0.0,RSI_LT_34,EEM
2013-07-26,64.5902201143409,0,-0.0,RSI_LT_34,EEM
2013-07-29,49.84129636828446,0,-0.0,RSI_LT_34,EEM
2013-07-30,45.77924530872439,0,-0.0,RSI_LT_34,EEM
2013-07-31,35.59318527139301,0,0.0,RSI_LT_34,EEM
2013-08-01,55.172438534392036,0,-0.0,RSI_LT_34,EEM
2013-08-02,56.957924807351866,0,-0.0,RSI_LT_34,EEM
2013-08-05,46.440699006628506,0,-0.0,RSI_LT_34,EEM
2013-08-06,31.125864621385517,1,-1.07802407293357,RSI_LT_34,EEM
2013-08-07,31.023156325656515,1,1.92007744211391,RSI_LT_34,EEM
2013-08-08,40.96046293602303,0,0.0,RSI_LT_34,EEM
2013-08-09,43.34277099970823,0,0.0,RSI_LT_34,EEM
2013-08-12,55.88231004239917,0,0.0,RSI_LT_34,EEM
2013-08-13,60.281663806544714,0,0.0,RSI_LT_34,EEM
2013-08-14,65.79710016729379,0,-0.0,RSI_LT_34,EEM
2013-08-15,48.7499701976492,0,-0.0,RSI_LT_34,EEM
2013-08-16,44.19262843823045,0,-0.0,RSI_LT_34,EEM
2013-08-19,38.80597864714651,0,-0.0,RSI_LT_34,EEM
2013-08-20,43.45406149219792,0,-0.0,RSI_LT_34,EEM
2013-08-21,38.329217142723245,0,0.0,RSI_LT_34,EEM
2013-08-22,36.2944366396959,0,0.0,RSI_LT_34,EEM
2013-08-23,41.76334702258727,0,-0.0,RSI_LT_34,EEM
2013-08-26,32.798167545680116,1,-2.3018600017062907,RSI_LT_34,EEM
2013-08-27,23.799972534179688,1,0.2141950048809793,RSI_LT_34,EEM
2013-08-28,23.03034646666883,1,0.8014940812572258,RSI_LT_34,EEM
2013-08-29,30.062651761488482,1,0.7686215718150313,RSI_LT_34,EEM
2013-08-30,36.49791881947329,0,0.0,RSI_LT_34,EEM
2013-09-03,46.46223274661446,0,0.0,RSI_LT_34,EEM
2013-09-04,54.63913795815636,0,0.0,RSI_LT_34,EEM
2013-09-05,70.52152272768556,0,0.0,RSI_LT_34,EEM
2013-09-06,70.31959811599454,0,0.0,RSI_LT_34,EEM
2013-09-09,73.89553864561486,0,0.0,RSI_LT_34,EEM
2013-09-10,81.93017306339601,0,0.0,RSI_LT_34,EEM
2013-09-11,100.0,0,-0.0,RSI_LT_34,EEM
2013-09-12,89.1402773510455,0,0.0,RSI_LT_34,EEM
2013-09-13,89.06606813276191,0,0.0,RSI_LT_34,EEM
2013-09-16,89.47368861345718,0,-0.0,RSI_LT_34,EEM
2013-09-17,87.07483640484233,0,0.0,RSI_LT_34,EEM
2013-09-18,89.57953258462071,0,-0.0,RSI_LT_34,EEM
2013-09-19,84.7328327633125,0,-0.0,RSI_LT_34,EEM
2013-09-20,68.68329793537956,0,0.0,RSI_LT_34,EEM
2013-09-23,62.71187947489693,0,-0.0,RSI_LT_34,EEM
2013-09-24,55.55554666969497,0,-0.0,RSI_LT_34,EEM
2013-09-25,51.778660000241246,0,0.0,RSI_LT_34,EEM
2013-09-26,58.73686137952303,0,-0.0,RSI_LT_34,EEM
2013-09-27,50.70422210896677,0,-0.0,RSI_LT_34,EEM
2013-09-30,41.365461539757845,0,0.0,RSI_LT_34,EEM
2013-10-01,50.35088494213041,0,0.0,RSI_LT_34,EEM
2013-10-02,31.310680960043854,1,-0.38341684439792134,RSI_LT_34,EEM
2013-10-03,31.851850456444666,1,1.299015923722946,RSI_LT_34,EEM
2013-10-04,50.41320577058883,0,-0.0,RSI_LT_34,EEM
2013-10-07,43.75001862641375,0,-0.0,RSI_LT_34,EEM
2013-10-08,43.298978194334794,0,0.0,RSI_LT_34,EEM
2013-10-09,51.42119270576639,0,0.0,RSI_LT_34,EEM
2013-10-10,59.82902360217666,0,0.0,RSI_LT_34,EEM
2013-10-11,68.26483004163934,0,0.0,RSI_LT_34,EEM
2013-10-14,77.88460744910002,0,-0.0,RSI_LT_34,EEM
2013-10-15,64.45620443495551,0,0.0,RSI_LT_34,EEM
2013-10-16,66.07592100599629,0,0.0,RSI_LT_34,EEM
2013-10-17,70.93592356340793,0,0.0,RSI_LT_34,EEM
2013-10-18,66.85390067882153,0,-0.0,RSI_LT_34,EEM
2013-10-21,72.78284393727114,0,0.0,RSI_LT_34,EEM
2013-10-22,85.10635337495869,0,-0.0,RSI_LT_34,EEM
2013-10-23,62.249982595460324,0,-0.0,RSI_LT_34,EEM
2013-10-24,48.553054267977814,0,0.0,RSI_LT_34,EEM
2013-10-25,48.717920502757096,0,0.0,RSI_LT_34,EEM
2013-10-28,48.717920502757096,0,0.0,RSI_LT_34,EEM
2013-10-29,58.450695712092454,0,-0.0,RSI_LT_34,EEM
2013-10-30,48.17520890356605,0,-0.0,RSI_LT_34,EEM
2013-10-31,36.08244990096206,0,0.0,RSI_LT_34,EEM
2013-11-01,35.640103696429236,0,0.0,RSI_LT_34,EEM
2013-11-04,41.883121708587026,0,-0.0,RSI_LT_34,EEM
2013-11-05,24.71595711938687,1,0.31040413109477694,RSI_LT_34,EEM
2013-11-06,38.02279824611024,0,-0.0,RSI_LT_34,EEM
2013-11-07,30.303037308903853,1,-0.2181821880918533,RSI_LT_34,EEM
2013-11-08,25.078356785560118,1,-0.5102018592107904,RSI_LT_34,EEM
2013-11-11,17.460305926832845,1,-0.5372435081911653,RSI_LT_34,EEM
2013-11-12,12.693495526882984,1,0.17186274395026846,RSI_LT_34,EEM
2013-11-13,15.686252510406277,1,1.6176467150827767,RSI_LT_34,EEM
2013-11-14,34.7560918877176,0,0.0,RSI_LT_34,EEM
2013-11-15,47.160498943658325,0,0.0,RSI_LT_34,EEM
2013-11-18,48.68104725835666,0,-0.0,RSI_LT_34,EEM
2013-11-19,56.862715765493334,0,-0.0,RSI_LT_34,EEM
2013-11-20,47.26371416723365,0,-0.0,RSI_LT_34,EEM
2013-11-21,57.57575056989212,0,0.0,RSI_LT_34,EEM
2013-11-22,62.6780462675764,0,-0.0,RSI_LT_34,EEM
2013-11-25,57.29162734419858,0,0.0,RSI_LT_34,EEM
2013-11-26,62.23404956866597,0,0.0,RSI_LT_34,EEM
2013-11-27,64.14139030200627,0,0.0,RSI_LT_34,EEM
2013-11-29,61.9302759874739,0,-0.0,RSI_LT_34,EEM
2013-12-02,39.6866770516687,0,-0.0,RSI_LT_34,EEM
2013-12-03,31.75485630067888,1,-0.12100493085630548,RSI_LT_34,EEM
2013-12-04,33.727820000316015,1,-0.5815402854487894,RSI_LT_34,EEM
2013-12-05,37.49996862914377,0,0.0,RSI_LT_34,EEM
2013-12-06,52.42965005273258,0,0.0,RSI_LT_34,EEM
2013-12-09,49.318811852372335,0,0.0,RSI_LT_34,EEM
2013-12-10,58.09526808226179,0,-0.0,RSI_LT_34,EEM
2013-12-11,42.89338111065821,0,-0.0,RSI_LT_34,EEM
2013-12-12,36.31715226774272,0,0.0,RSI_LT_34,EEM
2013-12-13,30.446990176637257,1,0.6593417649164657,RSI_LT_34,EEM
2013-12-16,45.945991226216194,0,-0.0,RSI_LT_34,EEM
2013-12-17,42.76732803915453,0,0.0,RSI_LT_34,EEM
2013-12-18,50.42015010856371,0,-0.0,RSI_LT_34,EEM
2013-12-19,44.009811876847884,0,-0.0,RSI_LT_34,EEM
2013-12-20,27.46918813018928,1,0.741104843016438,RSI_LT_34,EEM
2013-12-23,32.4712637378297,1,0.5885279196934157,RSI_LT_34,EEM
2013-12-24,36.486503205372735,0,-0.0,RSI_LT_34,EEM
2013-12-26,43.269213134757564,0,0.0,RSI_LT_34,EEM
2013-12-27,56.41025641025641,0,0.0,RSI_LT_34,EEM
2013-12-30,57.38159044010295,0,0.0,RSI_LT_34,EEM
2013-12-31,57.96699870572885,0,-0.0,RSI_LT_34,EEM
2014-01-02,43.14926846011927,0,-0.0,RSI_LT_34,EEM
2014-01-03,36.94691161726132,0,-0.0,RSI_LT_34,EEM
2014-01-06,40.33818094366691,0,0.0,RSI_LT_34,EEM
2014-01-07,43.294121237362134,0,-0.0,RSI_LT_34,EEM
2014-01-08,37.7451035390651,0,-0.0,RSI_LT_34,EEM
2014-01-09,32.09875264085419,1,1.7690188737378598,RSI_LT_34,EEM
2014-01-10,45.45456909937552,0,-0.0,RSI_LT_34,EEM
2014-01-13,32.235297919148096,1,1.080674278165139,RSI_LT_34,EEM
2014-01-14,36.000006781689784,0,-0.0,RSI_LT_34,EEM
2014-01-15,31.026244943703603,1,-0.547121141544149,RSI_LT_34,EEM
2014-01-16,46.42862008550385,0,-0.0,RSI_LT_34,EEM
2014-01-17,44.36862778795465,0,-0.0,RSI_LT_34,EEM
2014-01-21,49.80838823962724,0,0.0,RSI_LT_34,EEM
2014-01-22,55.89222778228748,0,-0.0,RSI_LT_34,EEM
2014-01-23,43.34205501732551,0,-0.0,RSI_LT_34,EEM
2014-01-24,35.69893902141892,0,-0.0,RSI_LT_34,EEM
2014-01-27,23.414620530522242,1,0.6300910409696936,RSI_LT_34,EEM
2014-01-28,31.08809775110784,1,-1.4349152765033346,RSI_LT_34,EEM
2014-01-29,19.34672885193045,1,0.9264221813849227,RSI_LT_34,EEM
2014-01-30,25.925968442236083,1,0.15735000501724272,RSI_LT_34,EEM
2014-01-31,28.36536698088986,1,-2.827960343528535,RSI_LT_34,EEM
2014-02-03,23.41270021480375,1,2.0210185601311714,RSI_LT_34,EEM
2014-02-04,33.68238148972928,1,-0.3697817944835369,RSI_LT_34,EEM
2014-02-05,26.21725628978554,1,2.0943718856416105,RSI_LT_34,EEM
2014-02-06,42.6069822327114,0,0.0,RSI_LT_34,EEM
2014-02-07,55.65817155382333,0,-0.0,RSI_LT_34,EEM
2014-02-10,52.2776470354593,0,0.0,RSI_LT_34,EEM
2014-02-11,57.692299227744,0,0.0,RSI_LT_34,EEM
2014-02-12,64.592293650079,0,0.0,RSI_LT_34,EEM
2014-02-13,62.06897156512398,0,0.0,RSI_LT_34,EEM
2014-02-14,65.40882867118887,0,-0.0,RSI_LT_34,EEM
2014-02-18,76.84731054285241,0,-0.0,RSI_LT_34,EEM
2014-02-19,66.20112416420255,0,0.0,RSI_LT_34,EEM
2014-02-20,70.11172380724048,0,0.0,RSI_LT_34,EEM
2014-02-21,65.03270540452601,0,0.0,RSI_LT_34,EEM
2014-02-24,62.32395643186132,0,-0.0,RSI_LT_34,EEM
2014-02-25,61.88811468631457,0,0.0,RSI_LT_34,EEM
2014-02-26,47.087308524191876,0,0.0,RSI_LT_34,EEM
2014-02-27,60.93190699251554,0,-0.0,RSI_LT_34,EEM
2014-02-28,54.96687403290492,0,-0.0,RSI_LT_34,EEM
2014-03-03,36.419743638348045,0,0.0,RSI_LT_34,EEM
2014-03-04,52.12461191157257,0,0.0,RSI_LT_34,EEM
2014-03-05,56.83890753720485,0,0.0,RSI_LT_34,EEM
2014-03-06,61.725043827855494,0,-0.0,RSI_LT_34,EEM
2014-03-07,51.13924221777764,0,-0.0,RSI_LT_34,EEM
2014-03-10,47.867295579291444,0,-0.0,RSI_LT_34,EEM
2014-03-11,47.98101893213824,0,0.0,RSI_LT_34,EEM
2014-03-12,48.591561277404715,0,-0.0,RSI_LT_34,EEM
2014-03-13,31.516560044908587,1,0.5498897793179136,RSI_LT_34,EEM
2014-03-14,37.019254134957755,0,0.0,RSI_LT_34,EEM
2014-03-17,51.14504113179161,0,0.0,RSI_LT_34,EEM
2014-03-18,49.60631498005543,0,-0.0,RSI_LT_34,EEM
2014-03-19,40.25971345152852,0,0.0,RSI_LT_34,EEM
2014-03-20,34.75180566865879,0,0.0,RSI_LT_34,EEM
2014-03-21,43.18180504580528,0,0.0,RSI_LT_34,EEM
2014-03-24,51.35135895085507,0,0.0,RSI_LT_34,EEM
2014-03-25,62.2548964609349,0,0.0,RSI_LT_34,EEM
2014-03-26,62.34720240260407,0,0.0,RSI_LT_34,EEM
2014-03-27,78.51661930002741,0,0.0,RSI_LT_34,EEM
2014-03-28,79.10447619562753,0,0.0,RSI_LT_34,EEM
2014-03-31,78.0104654530203,0,0.0,RSI_LT_34,EEM
2014-04-01,77.659583102524,0,0.0,RSI_LT_34,EEM
2014-04-02,100.0,0,-0.0,RSI_LT_34,EEM
2014-04-03,94.64883071152448,0,-0.0,RSI_LT_34,EEM
2014-04-04,90.55942656842711,0,0.0,RSI_LT_34,EEM
2014-04-07,89.84960626872393,0,0.0,RSI_LT_34,EEM
2014-04-08,89.96280313741283,0,0.0,RSI_LT_34,EEM
2014-04-09,90.75340318240012,0,-0.0,RSI_LT_34,EEM
2014-04-10,74.73691959684652,0,0.0,RSI_LT_34,EEM
2014-04-11,71.54154786549924,0,-0.0,RSI_LT_34,EEM
2014-04-14,65.5319964028193,0,-0.0,RSI_LT_34,EEM
2014-04-15,42.399967040965336,0,0.0,RSI_LT_34,EEM
2014-04-16,51.020431995204376,0,0.0,RSI_LT_34,EEM
2014-04-17,59.493658661425876,0,-0.0,RSI_LT_34,EEM
2014-04-21,56.79760745423219,0,-0.0,RSI_LT_34,EEM
2014-04-22,52.469137982798514,0,-0.0,RSI_LT_34,EEM
2014-04-23,39.86927778657349,0,0.0,RSI_LT_34,EEM
2014-04-24,33.81296148658198,1,-1.3533140619527817,RSI_LT_34,EEM
2014-04-25,32.525910907660545,1,0.4899577766650731,RSI_LT_34,EEM
2014-04-28,36.89318230918799,0,0.0,RSI_LT_34,EEM
2014-04-29,45.13271547979673,0,-0.0,RSI_LT_34,EEM
2014-04-30,53.873265922352005,0,0.0,RSI_LT_34,EEM
2014-05-01,44.72572753026011,0,0.0,RSI_LT_34,EEM
2014-05-02,40.991032014282794,0,-0.0,RSI_LT_34,EEM
2014-05-05,41.55253050453322,0,0.0,RSI_LT_34,EEM
2014-05-06,48.45815422154853,0,0.0,RSI_LT_34,EEM
2014-05-07,60.27399646399986,0,-0.0,RSI_LT_34,EEM
2014-05-08,56.88883463541667,0,-0.0,RSI_LT_34,EEM
2014-05-09,72.72727272727273,0,0.0,RSI_LT_34,EEM
2014-05-12,78.76106642810726,0,0.0,RSI_LT_34,EEM
2014-05-13,76.3546881342173,0,0.0,RSI_LT_34,EEM
2014-05-14,82.22215440538194,0,-0.0,RSI_LT_34,EEM
2014-05-15,69.23078051686244,0,0.0,RSI_LT_34,EEM
2014-05-16,72.69623906853575,0,0.0,RSI_LT_34,EEM
2014-05-19,78.88887633020056,0,-0.0,RSI_LT_34,EEM
2014-05-20,67.83219581423204,0,0.0,RSI_LT_34,EEM
2014-05-21,69.02356383402307,0,0.0,RSI_LT_34,EEM
2014-05-22,74.13257600827923,0,-0.0,RSI_LT_34,EEM
2014-05-23,73.89940464265965,0,-0.0,RSI_LT_34,EEM
2014-05-27,57.89476502090057,0,0.0,RSI_LT_34,EEM
2014-05-28,59.183705245347745,0,0.0,RSI_LT_34,EEM
2014-05-29,56.52176316764246,0,-0.0,RSI_LT_34,EEM
2014-05-30,52.881327878095085,0,0.0,RSI_LT_34,EEM
2014-06-02,44.841304081271204,0,0.0,RSI_LT_34,EEM
2014-06-03,49.63767264625434,0,-0.0,RSI_LT_34,EEM
2014-06-04,51.69811755323666,0,0.0,RSI_LT_34,EEM
2014-06-05,53.79066542356215,0,0.0,RSI_LT_34,EEM
2014-06-06,55.86207622297318,0,0.0,RSI_LT_34,EEM
2014-06-09,59.73158829884739,0,0.0,RSI_LT_34,EEM
2014-06-10,70.77468004857029,0,-0.0,RSI_LT_34,EEM
2014-06-11,64.23356546387592,0,-0.0,RSI_LT_34,EEM
2014-06-12,57.95054908763971,0,0.0,RSI_LT_34,EEM
2014-06-13,73.451375233144,0,-0.0,RSI_LT_34,EEM
2014-06-16,65.66523956482945,0,0.0,RSI_LT_34,EEM
2014-06-17,61.90477055487537,0,0.0,RSI_LT_34,EEM
2014-06-18,76.06835795493448,0,-0.0,RSI_LT_34,EEM
2014-06-19,62.149525213506855,0,-0.0,RSI_LT_34,EEM
2014-06-20,50.0,0,-0.0,RSI_LT_34,EEM
2014-06-23,42.77458049436616,0,-0.0,RSI_LT_34,EEM
2014-06-24,33.55267780956683,1,-0.5753739829925109,RSI_LT_34,EEM
2014-06-25,31.481559973061692,1,0.11573897263317257,RSI_LT_34,EEM
2014-06-26,38.356182279459986,0,0.0,RSI_LT_34,EEM
2014-06-27,41.55837721883964,0,-0.0,RSI_LT_34,EEM
2014-06-30,43.83560212160008,0,0.0,RSI_LT_34,EEM
2014-07-01,55.91400936856527,0,0.0,RSI_LT_34,EEM
2014-07-02,50.0,0,0.0,RSI_LT_34,EEM
2014-07-03,65.45451602984252,0,-0.0,RSI_LT_34,EEM
2014-07-07,67.92455998925165,0,-0.0,RSI_LT_34,EEM
2014-07-08,63.52940912477224,0,0.0,RSI_LT_34,EEM
2014-07-09,68.91193962884707,0,-0.0,RSI_LT_34,EEM
2014-07-10,69.27079608039482,0,-0.0,RSI_LT_34,EEM
2014-07-11,66.66666666666666,0,0.0,RSI_LT_34,EEM
2014-07-14,70.37039653427665,0,-0.0,RSI_LT_34,EEM
2014-07-15,73.42998463063773,0,0.0,RSI_LT_34,EEM
2014-07-16,68.92660481255186,0,-0.0,RSI_LT_34,EEM
2014-07-17,41.02559922532307,0,0.0,RSI_LT_34,EEM
2014-07-18,50.0,0,0.0,RSI_LT_34,EEM
2014-07-21,53.125,0,0.0,RSI_LT_34,EEM
2014-07-22,62.78316992294074,0,0.0,RSI_LT_34,EEM
2014-07-23,60.069406271730855,0,0.0,RSI_LT_34,EEM
2014-07-24,67.9577535732563,0,-0.0,RSI_LT_34,EEM
2014-07-25,64.983148549645,0,0.0,RSI_LT_34,EEM
2014-07-28,64.62584857480952,0,-0.0,RSI_LT_34,EEM
2014-07-29,59.74839824908022,0,-0.0,RSI_LT_34,EEM
2014-07-30,54.407244435941585,0,-0.0,RSI_LT_34,EEM
2014-07-31,55.24691321685954,0,0.0,RSI_LT_34,EEM
2014-08-01,48.21431490836562,0,0.0,RSI_LT_34,EEM
2014-08-04,52.614375418401046,0,-0.0,RSI_LT_34,EEM
2014-08-05,36.03603913212822,0,-0.0,RSI_LT_34,EEM
2014-08-06,32.31204401666989,1,-0.39089900455614446,RSI_LT_34,EEM
2014-08-07,26.966334274147755,1,0.9002756057152839,RSI_LT_34,EEM
2014-08-08,35.80903869737848,0,0.0,RSI_LT_34,EEM
2014-08-11,39.801009660093754,0,0.0,RSI_LT_34,EEM
2014-08-12,43.42105791508892,0,0.0,RSI_LT_34,EEM
2014-08-13,49.47647821879765,0,0.0,RSI_LT_34,EEM
2014-08-14,63.02251158819973,0,-0.0,RSI_LT_34,EEM
2014-08-15,57.52501875449725,0,0.0,RSI_LT_34,EEM
2014-08-18,57.80725044515274,0,0.0,RSI_LT_34,EEM
2014-08-19,76.77157549470749,0,-0.0,RSI_LT_34,EEM
2014-08-20,83.69084378141382,0,-0.0,RSI_LT_34,EEM
2014-08-21,82.97856798492307,0,-0.0,RSI_LT_34,EEM
2014-08-22,74.99990830096357,0,0.0,RSI_LT_34,EEM
2014-08-25,71.89181164156884,0,0.0,RSI_LT_34,EEM
2014-08-26,74.87910953855226,0,0.0,RSI_LT_34,EEM
2014-08-27,74.75718446943533,0,-0.0,RSI_LT_34,EEM
2014-08-28,60.245859350816254,0,-0.0,RSI_LT_34,EEM
2014-08-29,61.506306202775306,0,-0.0,RSI_LT_34,EEM
2014-09-02,51.23159837189986,0,0.0,RSI_LT_34,EEM
2014-09-03,58.92115460105608,0,-0.0,RSI_LT_34,EEM
2014-09-04,58.196653393430296,0,0.0,RSI_LT_34,EEM
2014-09-05,68.56057486262048,0,-0.0,RSI_LT_34,EEM
2014-09-08,59.150345130217005,0,-0.0,RSI_LT_34,EEM
2014-09-09,44.98477599964752,0,-0.0,RSI_LT_34,EEM
2014-09-10,37.69476032195541,0,-0.0,RSI_LT_34,EEM
2014-09-11,29.878011195197203,1,-1.0619010931529949,RSI_LT_34,EEM
2014-09-12,29.696962691096147,1,-0.5024005848447421,RSI_LT_34,EEM
2014-09-15,28.405777551230273,1,1.3082389231504399,RSI_LT_34,EEM
2014-09-16,39.240479434922726,0,-0.0,RSI_LT_34,EEM
2014-09-17,25.464163604959296,1,0.13720872151636865,RSI_LT_34,EEM
2014-09-18,27.493280578764782,1,-0.7536008772671021,RSI_LT_34,EEM
2014-09-19,17.26029602038406,1,-1.5186375087796855,RSI_LT_34,EEM
2014-09-22,16.710884725443293,1,-0.5607426823543427,RSI_LT_34,EEM
2014-09-23,18.260896486830447,1,1.4332631014366104,RSI_LT_34,EEM
2014-09-24,32.041297312855534,1,-2.1774349469052767,RSI_LT_34,EEM
2014-09-25,27.494442884354484,1,0.44991387347508294,RSI_LT_34,EEM
2014-09-26,33.80609775013798,1,-2.027338125355882,RSI_LT_34,EEM
2014-09-29,29.36343006911116,1,0.0,RSI_LT_34,EEM
2014-09-30,19.99996451437478,1,-2.0452412433379363,RSI_LT_34,EEM
2014-10-01,18.14341509189488,1,0.5404107729077179,RSI_LT_34,EEM
2014-10-02,20.81628395084796,1,0.8551147605948994,RSI_LT_34,EEM
2014-10-03,27.84548275396861,1,1.3081417914144078,RSI_LT_34,EEM
2014-10-06,39.79165358673564,0,-0.0,RSI_LT_34,EEM
2014-10-07,38.74237059413418,0,0.0,RSI_LT_34,EEM
2014-10-08,38.86640051274527,0,-0.0,RSI_LT_34,EEM
2014-10-09,41.20171252220467,0,-0.0,RSI_LT_34,EEM
2014-10-10,32.216012781014314,1,1.0120954440873797,RSI_LT_34,EEM
2014-10-13,43.495905017177755,0,0.0,RSI_LT_34,EEM
2014-10-14,46.12401897293045,0,-0.0,RSI_LT_34,EEM
2014-10-15,49.27536575271925,0,-0.0,RSI_LT_34,EEM
2014-10-16,43.373494898799436,0,0.0,RSI_LT_34,EEM
2014-10-17,44.488214992655955,0,0.0,RSI_LT_34,EEM
2014-10-20,39.484983108094276,0,0.0,RSI_LT_34,EEM
2014-10-21,45.06723619139178,0,-0.0,RSI_LT_34,EEM
2014-10-22,33.81996285540059,1,-0.0245511433931922,RSI_LT_34,EEM
2014-10-23,40.17340339441996,0,0.0,RSI_LT_34,EEM
2014-10-24,58.94741068918901,0,-0.0,RSI_LT_34,EEM
2014-10-27,46.014537322550815,0,0.0,RSI_LT_34,EEM
2014-10-28,55.38923660285988,0,0.0,RSI_LT_34,EEM
2014-10-29,66.31950239345991,0,0.0,RSI_LT_34,EEM
2014-10-30,79.31038111486589,0,0.0,RSI_LT_34,EEM
2014-10-31,77.18634598034922,0,-0.0,RSI_LT_34,EEM
2014-11-03,66.78319719579795,0,0.0,RSI_LT_34,EEM
2014-11-04,65.20148004482613,0,-0.0,RSI_LT_34,EEM
2014-11-05,62.89749268401833,0,-0.0,RSI_LT_34,EEM
2014-11-06,53.453440725089095,0,0.0,RSI_LT_34,EEM
2014-11-07,53.03030828469605,0,0.0,RSI_LT_34,EEM
2014-11-10,60.19416636729393,0,-0.0,RSI_LT_34,EEM
2014-11-11,45.02167433181131,0,-0.0,RSI_LT_34,EEM
2014-11-12,42.060059135753555,0,-0.0,RSI_LT_34,EEM
2014-11-13,28.78053137525633,1,0.8272510102451003,RSI_LT_34,EEM
2014-11-14,33.936662518275085,1,-1.06177278303623,RSI_LT_34,EEM
2014-11-17,32.608764157874916,1,0.5365883431783569,RSI_LT_34,EEM
2014-11-18,37.50005768174749,0,-0.0,RSI_LT_34,EEM
2014-11-19,43.66198696560876,0,-0.0,RSI_LT_34,EEM
2014-11-20,55.0296258676147,0,0.0,RSI_LT_34,EEM
2014-11-21,72.26271274929519,0,-0.0,RSI_LT_34,EEM
2014-11-24,62.75165164896075,0,-0.0,RSI_LT_34,EEM
2014-11-25,58.25543505386925,0,0.0,RSI_LT_34,EEM
2014-11-26,65.57377903498477,0,-0.0,RSI_LT_34,EEM
2014-11-28,54.545478190305104,0,-0.0,RSI_LT_34,EEM
2014-12-01,43.18659655717056,0,-0.0,RSI_LT_34,EEM
2014-12-02,47.46542158593096,0,0.0,RSI_LT_34,EEM
2014-12-03,46.099265196578855,0,0.0,RSI_LT_34,EEM
2014-12-04,47.19623877537378,0,-0.0,RSI_LT_34,EEM
2014-12-05,47.08624252620497,0,-0.0,RSI_LT_34,EEM
2014-12-08,19.832387650177154,1,-0.943389436280917,RSI_LT_34,EEM
2014-12-09,19.66758212437614,1,-1.4786970677312383,RSI_LT_34,EEM
2014-12-10,18.06615059817031,1,-0.8394856767390158,RSI_LT_34,EEM
2014-12-11,4.825746039310815,1,-1.6418660778971361,RSI_LT_34,EEM
2014-12-12,5.113644368391348,1,-1.434531129033978,RSI_LT_34,EEM
2014-12-15,5.357150966616871,1,-0.15877579210737958,RSI_LT_34,EEM
2014-12-16,5.278601561005516,1,0.8481306618252082,RSI_LT_34,EEM
2014-12-17,10.773466981256348,1,1.36662409511219,RSI_LT_34,EEM
2014-12-18,20.638825935444444,1,0.7000271192636465,RSI_LT_34,EEM
2014-12-19,26.0563392893921,1,1.3903216102108207,RSI_LT_34,EEM
2014-12-22,39.28574347982072,0,-0.0,RSI_LT_34,EEM
2014-12-23,39.47368180893131,0,0.0,RSI_LT_34,EEM
2014-12-24,47.28260137183823,0,0.0,RSI_LT_34,EEM
2014-12-26,56.01091045154136,0,-0.0,RSI_LT_34,EEM
2014-12-29,62.883444556389094,0,0.0,RSI_LT_34,EEM
2014-12-30,76.3440669090392,0,0.0,RSI_LT_34,EEM
2014-12-31,78.26091163027269,0,-0.0,RSI_LT_34,EEM
2015-01-02,62.16218654390899,0,-0.0,RSI_LT_34,EEM
2015-01-05,42.17255121814481,0,-0.0,RSI_LT_34,EEM
2015-01-06,34.76818138756434,0,0.0,RSI_LT_34,EEM
2015-01-07,40.30304851828048,0,0.0,RSI_LT_34,EEM
2015-01-08,55.27778925718355,0,-0.0,RSI_LT_34,EEM
2015-01-09,52.19779816706053,0,-0.0,RSI_LT_34,EEM
2015-01-12,43.561688790136564,0,0.0,RSI_LT_34,EEM
2015-01-13,51.46667182073604,0,-0.0,RSI_LT_34,EEM
2015-01-14,47.55786506992448,0,0.0,RSI_LT_34,EEM
2015-01-15,48.35442035556766,0,0.0,RSI_LT_34,EEM
2015-01-16,59.57445945068502,0,-0.0,RSI_LT_34,EEM
2015-01-20,71.5653846247596,0,0.0,RSI_LT_34,EEM
2015-01-21,80.98953443899725,0,0.0,RSI_LT_34,EEM
2015-01-22,80.73872174586096,0,-0.0,RSI_LT_34,EEM
2015-01-23,69.76735933606646,0,0.0,RSI_LT_34,EEM
2015-01-26,72.67260903085088,0,-0.0,RSI_LT_34,EEM
2015-01-27,74.92258416536164,0,-0.0,RSI_LT_34,EEM
2015-01-28,62.46241154900503,0,0.0,RSI_LT_34,EEM
2015-01-29,66.88099265395839,0,-0.0,RSI_LT_34,EEM
2015-01-30,48.30097941361106,0,0.0,RSI_LT_34,EEM
2015-02-02,52.56124116099291,0,0.0,RSI_LT_34,EEM
2015-02-03,60.03861828432896,0,-0.0,RSI_LT_34,EEM
2015-02-04,49.66741945579267,0,0.0,RSI_LT_34,EEM
2015-02-05,42.96480605904347,0,-0.0,RSI_LT_34,EEM
2015-02-06,39.220191312458056,0,-0.0,RSI_LT_34,EEM
2015-02-09,38.40907967779663,0,-0.0,RSI_LT_34,EEM
2015-02-10,39.48596048400322,0,-0.0,RSI_LT_34,EEM
2015-02-11,40.92009081387036,0,0.0,RSI_LT_34,EEM
2015-02-12,50.90543460323674,0,0.0,RSI_LT_34,EEM
2015-02-13,69.05310008166803,0,-0.0,RSI_LT_34,EEM
2015-02-17,61.55916790234358,0,-0.0,RSI_LT_34,EEM
2015-02-18,51.67782915252155,0,-0.0,RSI_LT_34,EEM
2015-02-19,52.20341306284696,0,0.0,RSI_LT_34,EEM
2015-02-20,52.684568483602526,0,-0.0,RSI_LT_34,EEM
2015-02-23,58.14814343863337,0,0.0,RSI_LT_34,EEM
2015-02-24,66.77024814536632,0,-0.0,RSI_LT_34,EEM
2015-02-25,67.1874925494123,0,0.0,RSI_LT_34,EEM
2015-02-26,73.97264390039976,0,-0.0,RSI_LT_34,EEM
2015-02-27,62.55932224839684,0,-0.0,RSI_LT_34,EEM
2015-03-02,50.29246028028002,0,-0.0,RSI_LT_34,EEM
2015-03-03,44.55952199771119,0,-0.0,RSI_LT_34,EEM
2015-03-04,36.440694404034524,0,-0.0,RSI_LT_34,EEM
2015-03-05,38.222184546263726,0,-0.0,RSI_LT_34,EEM
2015-03-06,22.780007511543474,1,-0.38206244929809285,RSI_LT_34,EEM
2015-03-09,25.32199732480676,1,-2.224492248293386,RSI_LT_34,EEM
2015-03-10,0.3817605246222371,1,0.7583605860388198,RSI_LT_34,EEM
2015-03-11,10.60068718516932,1,0.6228956295626809,RSI_LT_34,EEM
2015-03-12,17.32023536451581,1,-1.2122806684388587,RSI_LT_34,EEM
2015-03-13,15.142822265625,1,1.2010420199370264,RSI_LT_34,EEM
2015-03-16,25.38457550708604,1,1.16099273071808,RSI_LT_34,EEM
2015-03-17,35.64355594248113,0,0.0,RSI_LT_34,EEM
2015-03-18,52.63155693271406,0,-0.0,RSI_LT_34,EEM
2015-03-19,46.33206765721288,0,0.0,RSI_LT_34,EEM
2015-03-20,57.945782424421196,0,0.0,RSI_LT_34,EEM
2015-03-23,60.623796751479965,0,0.0,RSI_LT_34,EEM
2015-03-24,73.98191900230867,0,-0.0,RSI_LT_34,EEM
2015-03-25,62.47382891910437,0,-0.0,RSI_LT_34,EEM
2015-03-26,55.91834987018345,0,0.0,RSI_LT_34,EEM
2015-03-27,62.77533687411407,0,0.0,RSI_LT_34,EEM
2015-03-30,65.08267410269889,0,-0.0,RSI_LT_34,EEM
2015-03-31,60.26788033089097,0,0.0,RSI_LT_34,EEM
2015-04-01,55.721428442645276,0,0.0,RSI_LT_34,EEM
2015-04-02,72.15187306247404,0,0.0,RSI_LT_34,EEM
2015-04-06,71.72232949346942,0,-0.0,RSI_LT_34,EEM
2015-04-07,67.08542039270262,0,0.0,RSI_LT_34,EEM
2015-04-08,72.06821553597689,0,0.0,RSI_LT_34,EEM
2015-04-09,85.0111453988107,0,0.0,RSI_LT_34,EEM
2015-04-10,92.73609783356656,0,-0.0,RSI_LT_34,EEM
2015-04-13,87.1194571873981,0,0.0,RSI_LT_34,EEM
2015-04-14,85.1351434945955,0,0.0,RSI_LT_34,EEM
2015-04-15,88.23530559561046,0,0.0,RSI_LT_34,EEM
2015-04-16,87.73334526910936,0,-0.0,RSI_LT_34,EEM
2015-04-17,68.71796627411088,0,-0.0,RSI_LT_34,EEM
2015-04-20,63.04985960555313,0,0.0,RSI_LT_34,EEM
2015-04-21,69.56521258386813,0,0.0,RSI_LT_34,EEM
2015-04-22,65.46051847306558,0,0.0,RSI_LT_34,EEM
2015-04-23,64.28572355369059,0,0.0,RSI_LT_34,EEM
2015-04-24,65.79802455574871,0,0.0,RSI_LT_34,EEM
2015-04-27,73.24415355762238,0,0.0,RSI_LT_34,EEM
2015-04-28,72.12545174937829,0,-0.0,RSI_LT_34,EEM
2015-04-29,56.73080332416747,0,-0.0,RSI_LT_34,EEM
2015-04-30,41.56979290843059,0,0.0,RSI_LT_34,EEM
2015-05-01,57.48297333732969,0,0.0,RSI_LT_34,EEM
2015-05-04,61.58730274065005,0,-0.0,RSI_LT_34,EEM
2015-05-05,50.14834309647113,0,-0.0,RSI_LT_34,EEM
2015-05-06,35.755814920573314,0,-0.0,RSI_LT_34,EEM
2015-05-07,28.616378984593652,1,1.275684095137275,RSI_LT_34,EEM
2015-05-08,36.23593729741083,0,-0.0,RSI_LT_34,EEM
2015-05-11,29.47362080821567,1,-0.3297206610153536,RSI_LT_34,EEM
2015-05-12,27.131725636893236,1,0.18904024487615967,RSI_LT_34,EEM
2015-05-13,33.23527299817792,1,0.9905616835625963,RSI_LT_34,EEM
2015-05-14,49.05060884408352,0,0.0,RSI_LT_34,EEM
2015-05-15,50.15483203499606,0,-0.0,RSI_LT_34,EEM
2015-05-18,40.05846974787291,0,0.0,RSI_LT_34,EEM
2015-05-19,47.682126733983935,0,-0.0,RSI_LT_34,EEM
2015-05-20,57.14287876815389,0,-0.0,RSI_LT_34,EEM
2015-05-21,55.17234827447106,0,0.0,RSI_LT_34,EEM
2015-05-22,47.05889460420478,0,-0.0,RSI_LT_34,EEM
2015-05-26,41.935553337158275,0,0.0,RSI_LT_34,EEM
2015-05-27,44.68086487890397,0,-0.0,RSI_LT_34,EEM
2015-05-28,34.3971636002581,0,-0.0,RSI_LT_34,EEM
2015-05-29,19.64291796377408,1,-0.389104697393472,RSI_LT_34,EEM
2015-06-01,8.365049895567424,1,0.3906246362021193,RSI_LT_34,EEM
2015-06-02,16.170242468415154,1,-0.5106981758937312,RSI_LT_34,EEM
2015-06-03,12.449845956806627,1,-1.5155192720539334,RSI_LT_34,EEM
2015-06-04,10.064973668696226,1,-0.4467617301701532,RSI_LT_34,EEM
2015-06-05,9.967887860188313,1,-0.024936764094407593,RSI_LT_34,EEM
2015-06-08,5.704637418089604,1,-0.5984984361643186,RSI_LT_34,EEM
2015-06-09,6.692848936314022,1,1.4550878260819688,RSI_LT_34,EEM
2015-06-10,23.79416804556054,1,-0.4945523121509199,RSI_LT_34,EEM
2015-06-11,26.81157016569088,1,0.0,RSI_LT_34,EEM
2015-06-12,31.355934943054166,1,-1.118292107776564,RSI_LT_34,EEM
2015-06-15,27.924512005527717,1,0.02512772380787176,RSI_LT_34,EEM
2015-06-16,23.599925536882125,1,0.6030193041896226,RSI_LT_34,EEM
2015-06-17,32.806310999467755,1,0.9240732353262393,RSI_LT_34,EEM
2015-06-18,52.631561335615466,0,-0.0,RSI_LT_34,EEM
2015-06-19,48.97960454713188,0,0.0,RSI_LT_34,EEM
2015-06-22,58.94044503279136,0,0.0,RSI_LT_34,EEM
2015-06-23,68.55350665054414,0,-0.0,RSI_LT_34,EEM
2015-06-24,55.36335377081423,0,-0.0,RSI_LT_34,EEM
2015-06-25,51.11820696883645,0,-0.0,RSI_LT_34,EEM
2015-06-26,45.584023909794865,0,-0.0,RSI_LT_34,EEM
2015-06-29,40.50632177913755,0,0.0,RSI_LT_34,EEM
2015-06-30,48.008844702883806,0,-0.0,RSI_LT_34,EEM
2015-07-01,44.779565938155784,0,0.0,RSI_LT_34,EEM
2015-07-02,42.37285630760733,0,-0.0,RSI_LT_34,EEM
2015-07-06,35.78727543777396,0,-0.0,RSI_LT_34,EEM
2015-07-07,23.926364574614055,1,-3.439226484754987,RSI_LT_34,EEM
2015-07-08,13.275814668706431,1,1.9304049013986857,RSI_LT_34,EEM
2015-07-09,23.794214782264717,1,2.53400081544366,RSI_LT_34,EEM
2015-07-10,36.1069544299263,0,0.0,RSI_LT_34,EEM
2015-07-13,40.69591423217494,0,0.0,RSI_LT_34,EEM
2015-07-14,47.668388661844375,0,-0.0,RSI_LT_34,EEM
2015-07-15,38.58409182823998,0,0.0,RSI_LT_34,EEM
2015-07-16,43.606565783532766,0,-0.0,RSI_LT_34,EEM
2015-07-17,41.44295334230682,0,-0.0,RSI_LT_34,EEM
2015-07-20,48.43137474895937,0,0.0,RSI_LT_34,EEM
2015-07-21,54.746133519267985,0,-0.0,RSI_LT_34,EEM
2015-07-22,65.78250786211251,0,-0.0,RSI_LT_34,EEM
2015-07-23,51.60344990574484,0,-0.0,RSI_LT_34,EEM
2015-07-24,27.152395677019385,1,-1.8888309147336968,RSI_LT_34,EEM
2015-07-27,16.18499722718046,1,1.0175988054835994,RSI_LT_34,EEM
2015-07-28,22.8723436634465,1,0.9801269121650691,RSI_LT_34,EEM
2015-07-29,33.15216996945135,1,-0.9975705860409634,RSI_LT_34,EEM
2015-07-30,20.728317955238794,1,1.0893183493581038,RSI_LT_34,EEM
2015-07-31,29.081630667066307,1,-1.6702557912850802,RSI_LT_34,EEM
2015-08-03,26.57343030436681,1,0.35616730990475354,RSI_LT_34,EEM
2015-08-04,28.571416214121484,1,0.027295444285169168,RSI_LT_34,EEM
2015-08-05,32.816492130082324,1,-0.873361627060032,RSI_LT_34,EEM
2015-08-06,33.24605447638676,1,-0.055067340120384944,RSI_LT_34,EEM
2015-08-07,38.48480014426512,0,0.0,RSI_LT_34,EEM
2015-08-10,58.566978933570695,0,-0.0,RSI_LT_34,EEM
2015-08-11,41.36984297024011,0,-0.0,RSI_LT_34,EEM
2015-08-12,29.870111855005632,1,-0.1688277201613686,RSI_LT_34,EEM
2015-08-13,32.485837655403245,1,0.1409223159685391,RSI_LT_34,EEM
2015-08-14,25.078356785560118,1,-1.097662265825039,RSI_LT_34,EEM
2015-08-17,27.027009611493582,1,-1.0813917891733804,RSI_LT_34,EEM
2015-08-18,20.872223054087897,1,-1.2370440484519296,RSI_LT_34,EEM
2015-08-19,18.181827735287143,1,-1.5729708322906766,RSI_LT_34,EEM
2015-08-20,17.14285997380243,1,-3.077836304672721,RSI_LT_34,EEM
2015-08-21,13.552361235460864,1,-4.36641314557491,RSI_LT_34,EEM
2015-08-24,0.8787214257987586,1,1.2771380026429968,RSI_LT_34,EEM
2015-08-25,8.522710647454943,1,3.310218055292058,RSI_LT_34,EEM
2015-08-26,25.996531733055832,1,4.424781027416569,RSI_LT_34,EEM
2015-08-27,41.20112885205847,0,-0.0,RSI_LT_34,EEM
2015-08-28,38.41060071099865,0,0.0,RSI_LT_34,EEM
2015-08-31,40.997241479150475,0,-0.0,RSI_LT_34,EEM
2015-09-01,36.31903017821411,0,0.0,RSI_LT_34,EEM
2015-09-02,41.88034068604848,0,0.0,RSI_LT_34,EEM
2015-09-03,45.75836131019479,0,-0.0,RSI_LT_34,EEM
2015-09-04,46.05433542442271,0,0.0,RSI_LT_34,EEM
2015-09-08,62.56828792790858,0,-0.0,RSI_LT_34,EEM
2015-09-09,58.956280885083885,0,0.0,RSI_LT_34,EEM
2015-09-10,54.38871951310658,0,0.0,RSI_LT_34,EEM
2015-09-11,42.49010516792944,0,-0.0,RSI_LT_34,EEM
2015-09-14,46.038557015813424,0,0.0,RSI_LT_34,EEM
2015-09-15,48.884375217623436,0,0.0,RSI_LT_34,EEM
2015-09-16,72.74775993862116,0,-0.0,RSI_LT_34,EEM
2015-09-17,68.14818373109838,0,-0.0,RSI_LT_34,EEM
2015-09-18,57.675457492418694,0,-0.0,RSI_LT_34,EEM
2015-09-21,72.45184592798721,0,-0.0,RSI_LT_34,EEM
2015-09-22,49.69135039353855,0,-0.0,RSI_LT_34,EEM
2015-09-23,44.72219955770639,0,-0.0,RSI_LT_34,EEM
2015-09-24,37.35290949726687,0,-0.0,RSI_LT_34,EEM
2015-09-25,34.131755676367135,0,-0.0,RSI_LT_34,EEM
2015-09-28,28.643204039362317,1,0.4730417225157213,RSI_LT_34,EEM
2015-09-29,25.45934044809161,1,2.8876275935989737,RSI_LT_34,EEM
2015-09-30,27.365722163196864,1,0.54911626564631,RSI_LT_34,EEM
2015-10-01,31.17205321927935,1,2.6699062274240237,RSI_LT_34,EEM
2015-10-02,50.11762720657599,0,0.0,RSI_LT_34,EEM
2015-10-05,58.130070269486545,0,-0.0,RSI_LT_34,EEM
2015-10-06,65.74710587401684,0,0.0,RSI_LT_34,EEM
2015-10-07,79.74679775045793,0,0.0,RSI_LT_34,EEM
2015-10-08,83.53408978620108,0,0.0,RSI_LT_34,EEM
2015-10-09,85.11898589698662,0,-0.0,RSI_LT_34,EEM
2015-10-12,92.8571074703618,0,-0.0,RSI_LT_34,EEM
2015-10-13,81.98019831896464,0,0.0,RSI_LT_34,EEM
2015-10-14,79.31819245834612,0,0.0,RSI_LT_34,EEM
2015-10-15,82.08662363369308,0,0.0,RSI_LT_34,EEM
2015-10-16,78.4869989151108,0,-0.0,RSI_LT_34,EEM
2015-10-19,66.92508701356437,0,-0.0,RSI_LT_34,EEM
2015-10-20,67.80105653142132,0,-0.0,RSI_LT_34,EEM
2015-10-21,48.83038196071083,0,0.0,RSI_LT_34,EEM
2015-10-22,53.58090749309661,0,0.0,RSI_LT_34,EEM
2015-10-23,54.54548156808736,0,-0.0,RSI_LT_34,EEM
2015-10-26,53.708448131873276,0,-0.0,RSI_LT_34,EEM
2015-10-27,56.14971134819771,0,-0.0,RSI_LT_34,EEM
2015-10-28,47.16493629070316,0,-0.0,RSI_LT_34,EEM
2015-10-29,28.955240536425777,1,0.17235724282327336,RSI_LT_34,EEM
2015-10-30,29.585789467150164,1,1.9787853815370182,RSI_LT_34,EEM
2015-11-02,45.675685149711214,0,0.0,RSI_LT_34,EEM
2015-11-03,51.92307515962583,0,-0.0,RSI_LT_34,EEM
2015-11-04,54.96187725982188,0,0.0,RSI_LT_34,EEM
2015-11-05,45.70546942558219,0,-0.0,RSI_LT_34,EEM
2015-11-06,36.05628142431461,0,-0.0,RSI_LT_34,EEM
2015-11-09,31.21945909332817,1,-0.4357865170282693,RSI_LT_34,EEM
2015-11-10,33.33330021954443,1,0.20425939273180926,RSI_LT_34,EEM
2015-11-11,38.57140210201406,0,-0.0,RSI_LT_34,EEM
2015-11-12,38.57136006243039,0,-0.0,RSI_LT_34,EEM
2015-11-13,32.99231888200855,1,1.9379776190784792,RSI_LT_34,EEM
2015-11-16,32.299648889002796,1,-0.29247873102566935,RSI_LT_34,EEM
2015-11-17,22.285643285402415,1,1.085359138247699,RSI_LT_34,EEM
2015-11-18,32.12282079505751,1,0.8995977409375522,RSI_LT_34,EEM
2015-11-19,36.55352038326311,0,0.0,RSI_LT_34,EEM
2015-11-20,47.55433881213408,0,-0.0,RSI_LT_34,EEM
2015-11-23,55.91060659981377,0,0.0,RSI_LT_34,EEM
2015-11-24,61.075988715228526,0,-0.0,RSI_LT_34,EEM
2015-11-25,55.357163130873914,0,-0.0,RSI_LT_34,EEM
2015-11-27,49.07651954054457,0,0.0,RSI_LT_34,EEM
2015-11-30,56.6765712992048,0,0.0,RSI_LT_34,EEM
2015-12-01,51.00673460583802,0,-0.0,RSI_LT_34,EEM
2015-12-02,46.2006089600141,0,-0.0,RSI_LT_34,EEM
2015-12-03,36.97753376803702,0,0.0,RSI_LT_34,EEM
2015-12-04,35.313535508173274,0,-0.0,RSI_LT_34,EEM
2015-12-07,22.222248386113094,1,-1.1104409822135786,RSI_LT_34,EEM
2015-12-08,21.951239368575074,1,-0.8194247390347686,RSI_LT_34,EEM
2015-12-09,16.023752979876065,1,-0.6731983434782318,RSI_LT_34,EEM
2015-12-10,16.265070623529994,1,-2.8034500094838544,RSI_LT_34,EEM
2015-12-11,15.56198056373951,1,1.6164885849866861,RSI_LT_34,EEM
2015-12-14,25.445290644965283,1,1.5283775507812125,RSI_LT_34,EEM
2015-12-15,29.567297772895287,1,1.9662040081394272,RSI_LT_34,EEM
2015-12-16,42.59679252562538,0,-0.0,RSI_LT_34,EEM
2015-12-17,40.38873651158786,0,-0.0,RSI_LT_34,EEM
2015-12-18,36.36363636363636,0,-0.0,RSI_LT_34,EEM
2015-12-21,39.04763288780059,0,0.0,RSI_LT_34,EEM
2015-12-22,46.45475335954813,0,0.0,RSI_LT_34,EEM
2015-12-23,55.14017692016311,0,-0.0,RSI_LT_34,EEM
2015-12-24,56.459352412937136,0,-0.0,RSI_LT_34,EEM
2015-12-28,67.42862685857907,0,0.0,RSI_LT_34,EEM
2015-12-29,62.25166483088956,0,-0.0,RSI_LT_34,EEM
2015-12-30,45.72369700658163,0,-0.0,RSI_LT_34,EEM
2015-12-31,29.99993896465749,1,-2.733765760513085,RSI_LT_34,EEM
2016-01-04,25.42367511613847,1,0.22356977329354155,RSI_LT_34,EEM
2016-01-05,28.17860946794042,1,-1.912041077653226,RSI_LT_34,EEM
2016-01-06,25.153304957069935,1,-3.0864221629196664,RSI_LT_34,EEM
2016-01-07,14.177171181133161,1,-1.072744537856718,RSI_LT_34,EEM
2016-01-08,2.6246348624679996,1,-0.03388759337266123,RSI_LT_34,EEM
2016-01-11,2.702663691887679,1,0.20338802014367996,RSI_LT_34,EEM
2016-01-12,4.53252356496202,1,-1.0487126912825162,RSI_LT_34,EEM
2016-01-13,3.4120536500969223,1,1.2991424299712895,RSI_LT_34,EEM
2016-01-14,13.858656075348605,1,-3.9487010105729414,RSI_LT_34,EEM
2016-01-15,10.736815391793812,1,1.475755761788089,RSI_LT_34,EEM
2016-01-19,21.678298981768577,1,-2.1814376006715874,RSI_LT_34,EEM
2016-01-20,17.73194457280276,1,0.3893826915099652,RSI_LT_34,EEM
2016-01-21,22.2476972914329,1,3.4203078014054755,RSI_LT_34,EEM
2016-01-22,44.29223386373336,0,-0.0,RSI_LT_34,EEM
2016-01-25,42.54385231090468,0,0.0,RSI_LT_34,EEM
2016-01-26,47.48490814403752,0,-0.0,RSI_LT_34,EEM
2016-01-27,45.90818378471395,0,0.0,RSI_LT_34,EEM
2016-01-28,53.48837811043845,0,0.0,RSI_LT_34,EEM
2016-01-29,58.18815828867623,0,-0.0,RSI_LT_34,EEM
2016-02-01,68.72430131563921,0,-0.0,RSI_LT_34,EEM
2016-02-02,53.87453939466667,0,0.0,RSI_LT_34,EEM
2016-02-03,66.72596868351219,0,0.0,RSI_LT_34,EEM
2016-02-04,67.4215976931057,0,-0.0,RSI_LT_34,EEM
2016-02-05,56.64062441792371,0,-0.0,RSI_LT_34,EEM
2016-02-08,57.65407614981211,0,-0.0,RSI_LT_34,EEM
2016-02-09,49.40239603909986,0,0.0,RSI_LT_34,EEM
2016-02-10,51.58729978519625,0,-0.0,RSI_LT_34,EEM
2016-02-11,42.20906348047883,0,0.0,RSI_LT_34,EEM
2016-02-12,36.44251806395451,0,0.0,RSI_LT_34,EEM
2016-02-16,46.881274676556735,0,0.0,RSI_LT_34,EEM
2016-02-17,63.75546124313323,0,-0.0,RSI_LT_34,EEM
2016-02-18,53.18066133062066,0,-0.0,RSI_LT_34,EEM
2016-02-19,48.4374883584625,0,0.0,RSI_LT_34,EEM
2016-02-22,61.5566041979685,0,-0.0,RSI_LT_34,EEM
2016-02-23,58.129174716616276,0,-0.0,RSI_LT_34,EEM
2016-02-24,62.8915696982343,0,0.0,RSI_LT_34,EEM
2016-02-25,62.71188084472008,0,-0.0,RSI_LT_34,EEM
2016-02-26,65.7360355715631,0,0.0,RSI_LT_34,EEM
2016-02-29,63.5135107270296,0,0.0,RSI_LT_34,EEM
2016-03-01,67.31234788552217,0,0.0,RSI_LT_34,EEM
2016-03-02,65.90908981442371,0,0.0,RSI_LT_34,EEM
2016-03-03,71.7391374456187,0,0.0,RSI_LT_34,EEM
2016-03-04,77.80171554451705,0,-0.0,RSI_LT_34,EEM
2016-03-07,72.5888381392219,0,-0.0,RSI_LT_34,EEM
2016-03-08,74.47914260751307,0,0.0,RSI_LT_34,EEM
2016-03-09,77.07805950250429,0,0.0,RSI_LT_34,EEM
2016-03-10,76.78568126858083,0,0.0,RSI_LT_34,EEM
2016-03-11,85.81394306965059,0,-0.0,RSI_LT_34,EEM
2016-03-14,80.89620158867683,0,-0.0,RSI_LT_34,EEM
2016-03-15,64.73831748692311,0,0.0,RSI_LT_34,EEM
2016-03-16,66.83938233477456,0,0.0,RSI_LT_34,EEM
2016-03-17,69.73995101310526,0,0.0,RSI_LT_34,EEM
2016-03-18,66.04774750526671,0,0.0,RSI_LT_34,EEM
2016-03-21,67.54616139503284,0,-0.0,RSI_LT_34,EEM
2016-03-22,77.34146214971851,0,-0.0,RSI_LT_34,EEM
2016-03-23,63.95664264816863,0,-0.0,RSI_LT_34,EEM
2016-03-24,62.09681554266213,0,0.0,RSI_LT_34,EEM
2016-03-28,55.238134451990426,0,0.0,RSI_LT_34,EEM
2016-03-29,64.51618677068919,0,0.0,RSI_LT_34,EEM
2016-03-30,77.50761781525233,0,-0.0,RSI_LT_34,EEM
2016-03-31,71.16111343676376,0,-0.0,RSI_LT_34,EEM
2016-04-01,57.353040174130285,0,-0.0,RSI_LT_34,EEM
2016-04-04,43.61237847966189,0,-0.0,RSI_LT_34,EEM
2016-04-05,32.16784709161965,1,1.2091828568344676,RSI_LT_34,EEM
2016-04-06,41.5094000115161,0,-0.0,RSI_LT_34,EEM
2016-04-07,40.36698210935968,0,0.0,RSI_LT_34,EEM
2016-04-08,50.26596419248441,0,0.0,RSI_LT_34,EEM
2016-04-11,54.166678353879455,0,0.0,RSI_LT_34,EEM
2016-04-12,54.83094591780509,0,0.0,RSI_LT_34,EEM
2016-04-13,57.5000151721256,0,-0.0,RSI_LT_34,EEM
2016-04-14,55.72689056918944,0,-0.0,RSI_LT_34,EEM
2016-04-15,54.525850374811114,0,0.0,RSI_LT_34,EEM
2016-04-18,61.2756232566627,0,0.0,RSI_LT_34,EEM
2016-04-19,75.58686917440278,0,-0.0,RSI_LT_34,EEM
2016-04-20,70.1492763923907,0,-0.0,RSI_LT_34,EEM
2016-04-21,76.21624631030454,0,-0.0,RSI_LT_34,EEM
2016-04-22,67.36530605019195,0,-0.0,RSI_LT_34,EEM
2016-04-25,58.14695512175978,0,0.0,RSI_LT_34,EEM
2016-04-26,56.04023108423463,0,0.0,RSI_LT_34,EEM
2016-04-27,49.2248617910461,0,-0.0,RSI_LT_34,EEM
2016-04-28,45.848384400231915,0,-0.0,RSI_LT_34,EEM
2016-04-29,46.691172345701176,0,-0.0,RSI_LT_34,EEM
2016-05-02,41.88679136640938,0,-0.0,RSI_LT_34,EEM
2016-05-03,18.770284867750988,1,-1.6201646740511277,RSI_LT_34,EEM
2016-05-04,16.71474429444615,1,-0.030503616807564526,RSI_LT_34,EEM
2016-05-05,18.530381030381037,1,0.15254134722357815,RSI_LT_34,EEM
2016-05-06,21.212222407747532,1,-1.279323668039789,RSI_LT_34,EEM
2016-05-09,19.87391079892997,1,1.912986531329075,RSI_LT_34,EEM
2016-05-10,25.731064598705018,1,-0.2421980602904661,RSI_LT_34,EEM
2016-05-11,20.36477265480518,1,-0.2731415796782599,RSI_LT_34,EEM
2016-05-12,22.18546476083651,1,-1.7954964748297275,RSI_LT_34,EEM
2016-05-13,19.364202954954635,1,1.2085509269170513,RSI_LT_34,EEM
2016-05-16,28.191509868494464,1,-0.45928207770886686,RSI_LT_34,EEM
2016-05-17,36.05439175819542,0,-0.0,RSI_LT_34,EEM
2016-05-18,38.97056657966743,0,-0.0,RSI_LT_34,EEM
2016-05-19,35.21596747497637,0,0.0,RSI_LT_34,EEM
2016-05-20,40.54873510174081,0,-0.0,RSI_LT_34,EEM
2016-05-23,45.547965338443994,0,0.0,RSI_LT_34,EEM
2016-05-24,39.54371465413083,0,0.0,RSI_LT_34,EEM
2016-05-25,48.639422241021826,0,0.0,RSI_LT_34,EEM
2016-05-26,53.745925910278686,0,-0.0,RSI_LT_34,EEM
2016-05-27,66.26512668961618,0,0.0,RSI_LT_34,EEM
2016-05-31,60.74768354290482,0,-0.0,RSI_LT_34,EEM
2016-06-01,64.67668867561069,0,0.0,RSI_LT_34,EEM
2016-06-02,80.10217983651226,0,0.0,RSI_LT_34,EEM
2016-06-03,95.85269253284252,0,0.0,RSI_LT_34,EEM
2016-06-06,95.92775880014568,0,0.0,RSI_LT_34,EEM
2016-06-07,98.78053508210144,0,0.0,RSI_LT_34,EEM
2016-06-08,98.73954563376941,0,-0.0,RSI_LT_34,EEM
2016-06-09,82.00848173171616,0,-0.0,RSI_LT_34,EEM
2016-06-10,57.23682641981536,0,-0.0,RSI_LT_34,EEM
2016-06-13,49.71427886339336,0,-0.0,RSI_LT_34,EEM
2016-06-14,47.61907306054149,0,0.0,RSI_LT_34,EEM
2016-06-15,52.564113850195774,0,-0.0,RSI_LT_34,EEM
2016-06-16,47.46668240018962,0,0.0,RSI_LT_34,EEM
2016-06-17,40.84081572803567,0,0.0,RSI_LT_34,EEM
2016-06-20,44.66289696763181,0,0.0,RSI_LT_34,EEM
2016-06-21,43.87462994118184,0,-0.0,RSI_LT_34,EEM
2016-06-22,37.499972276867595,0,0.0,RSI_LT_34,EEM
2016-06-23,54.6631747992588,0,-0.0,RSI_LT_34,EEM
2016-06-24,41.3725604593203,0,-0.0,RSI_LT_34,EEM
2016-06-27,41.782152639395214,0,0.0,RSI_LT_34,EEM
2016-06-28,51.952459380567824,0,0.0,RSI_LT_34,EEM
2016-06-29,55.64264522463076,0,0.0,RSI_LT_34,EEM
2016-06-30,58.9393983180649,0,0.0,RSI_LT_34,EEM
2016-07-01,60.38010913163166,0,-0.0,RSI_LT_34,EEM
2016-07-05,50.643778463587076,0,-0.0,RSI_LT_34,EEM
2016-07-06,48.09385279622513,0,-0.0,RSI_LT_34,EEM
2016-07-07,48.737011315997705,0,0.0,RSI_LT_34,EEM
2016-07-08,48.042180009019695,0,0.0,RSI_LT_34,EEM
2016-07-11,72.42798386210578,0,0.0,RSI_LT_34,EEM
2016-07-12,81.33876625019634,0,-0.0,RSI_LT_34,EEM
2016-07-13,75.7425681806808,0,0.0,RSI_LT_34,EEM
2016-07-14,73.58491148049363,0,-0.0,RSI_LT_34,EEM
2016-07-15,69.27532930781504,0,0.0,RSI_LT_34,EEM
2016-07-18,69.18602845939569,0,-0.0,RSI_LT_34,EEM
2016-07-19,77.52437613617585,0,0.0,RSI_LT_34,EEM
2016-07-20,81.0126078012883,0,-0.0,RSI_LT_34,EEM
2016-07-21,80.50308354296148,0,0.0,RSI_LT_34,EEM
2016-07-22,77.12172654741192,0,-0.0,RSI_LT_34,EEM
2016-07-25,64.23352583129605,0,0.0,RSI_LT_34,EEM
2016-07-26,61.26478756864176,0,0.0,RSI_LT_34,EEM
2016-07-27,64.47874230065659,0,0.0,RSI_LT_34,EEM
2016-07-28,55.980849891034936,0,0.0,RSI_LT_34,EEM
2016-07-29,61.81818812346437,0,-0.0,RSI_LT_34,EEM
2016-08-01,53.33335941672324,0,-0.0,RSI_LT_34,EEM
2016-08-02,56.52178420010573,0,0.0,RSI_LT_34,EEM
2016-08-03,55.05619181511135,0,0.0,RSI_LT_34,EEM
2016-08-04,63.10165664033096,0,0.0,RSI_LT_34,EEM
2016-08-05,66.0098355541942,0,0.0,RSI_LT_34,EEM
2016-08-08,82.90162609178613,0,0.0,RSI_LT_34,EEM
2016-08-09,82.63166242699363,0,0.0,RSI_LT_34,EEM
2016-08-10,81.56432676877569,0,0.0,RSI_LT_34,EEM
2016-08-11,85.3982823693041,0,-0.0,RSI_LT_34,EEM
2016-08-12,78.73310353041494,0,0.0,RSI_LT_34,EEM
2016-08-15,84.18978232057694,0,-0.0,RSI_LT_34,EEM
2016-08-16,87.29515501149102,0,-0.0,RSI_LT_34,EEM
2016-08-17,78.51563431323463,0,0.0,RSI_LT_34,EEM
2016-08-18,79.70481834433636,0,-0.0,RSI_LT_34,EEM
2016-08-19,69.5999609375596,0,-0.0,RSI_LT_34,EEM
2016-08-22,54.01454874525774,0,-0.0,RSI_LT_34,EEM
2016-08-23,46.59090252290264,0,0.0,RSI_LT_34,EEM
2016-08-24,48.35164528060387,0,0.0,RSI_LT_34,EEM
2016-08-25,38.15797178800345,0,-0.0,RSI_LT_34,EEM
2016-08-26,35.36586878717769,0,0.0,RSI_LT_34,EEM
2016-08-29,32.340542269102215,1,-0.26998457436980816,RSI_LT_34,EEM
2016-08-30,33.333389103417815,1,-1.109907587044856,RSI_LT_34,EEM
2016-08-31,31.02049649983806,1,0.7665004197942471,RSI_LT_34,EEM
2016-09-01,28.991707084079977,1,1.6299876439462624,RSI_LT_34,EEM
2016-09-02,46.570431913361176,0,0.0,RSI_LT_34,EEM
2016-09-06,68.07814270661444,0,-0.0,RSI_LT_34,EEM
2016-09-07,68.74993725844502,0,-0.0,RSI_LT_34,EEM
2016-09-08,65.46052301360237,0,-0.0,RSI_LT_34,EEM
2016-09-09,45.68762226569447,0,0.0,RSI_LT_34,EEM
2016-09-12,52.36967445846278,0,-0.0,RSI_LT_34,EEM
2016-09-13,39.63037405944659,0,0.0,RSI_LT_34,EEM
2016-09-14,41.803288299591244,0,0.0,RSI_LT_34,EEM
2016-09-15,52.25932745914939,0,-0.0,RSI_LT_34,EEM
2016-09-16,47.035541536494456,0,0.0,RSI_LT_34,EEM
2016-09-19,43.57894094366776,0,0.0,RSI_LT_34,EEM
2016-09-20,32.49371584069368,1,2.797389429206487,RSI_LT_34,EEM
2016-09-21,47.540966947375175,0,0.0,RSI_LT_34,EEM
2016-09-22,51.2871007411839,0,-0.0,RSI_LT_34,EEM
2016-09-23,60.79814960245645,0,-0.0,RSI_LT_34,EEM
2016-09-26,51.31582029420032,0,0.0,RSI_LT_34,EEM
2016-09-27,68.99042473393378,0,0.0,RSI_LT_34,EEM
2016-09-28,70.6150705893496,0,-0.0,RSI_LT_34,EEM
2016-09-29,55.9819753258641,0,0.0,RSI_LT_34,EEM
2016-09-30,60.82953035235878,0,0.0,RSI_LT_34,EEM
2016-10-03,60.55685810102147,0,-0.0,RSI_LT_34,EEM
2016-10-04,54.98940629920239,0,0.0,RSI_LT_34,EEM
2016-10-05,49.763072589641,0,0.0,RSI_LT_34,EEM
2016-10-06,46.73368279098387,0,-0.0,RSI_LT_34,EEM
2016-10-07,50.81963966705787,0,0.0,RSI_LT_34,EEM
2016-10-10,64.48860249732863,0,-0.0,RSI_LT_34,EEM
2016-10-11,44.96124183831183,0,-0.0,RSI_LT_34,EEM
2016-10-12,38.88888300200166,0,-0.0,RSI_LT_34,EEM
2016-10-13,42.81342961468018,0,0.0,RSI_LT_34,EEM
2016-10-14,41.00946334278383,0,-0.0,RSI_LT_34,EEM
2016-10-17,35.25425920537937,0,0.0,RSI_LT_34,EEM
2016-10-18,53.14466200986302,0,0.0,RSI_LT_34,EEM
2016-10-19,48.08361489405254,0,-0.0,RSI_LT_34,EEM
2016-10-20,45.76271843957141,0,-0.0,RSI_LT_34,EEM
2016-10-21,48.38709677419355,0,0.0,RSI_LT_34,EEM
2016-10-24,43.30709607462375,0,0.0,RSI_LT_34,EEM
2016-10-25,67.05868097395472,0,-0.0,RSI_LT_34,EEM
2016-10-26,56.15761602844289,0,-0.0,RSI_LT_34,EEM
2016-10-27,56.4356828293663,0,-0.0,RSI_LT_34,EEM
2016-10-28,51.18481355932204,0,0.0,RSI_LT_34,EEM
2016-10-31,56.578923152341766,0,-0.0,RSI_LT_34,EEM
2016-11-01,33.160584893801214,1,-1.1943502304195164,RSI_LT_34,EEM
2016-11-02,19.158876838720246,1,-0.2747315511711257,RSI_LT_34,EEM
2016-11-03,19.24880947477196,1,-1.0192808255131136,RSI_LT_34,EEM
2016-11-04,16.46587145225189,1,3.6181442416333143,RSI_LT_34,EEM
2016-11-07,42.69973580836964,0,0.0,RSI_LT_34,EEM
2016-11-08,45.69192967009326,0,-0.0,RSI_LT_34,EEM
2016-11-09,37.634396252573886,0,-0.0,RSI_LT_34,EEM
2016-11-10,32.64925001352225,1,-1.902333788815247,RSI_LT_34,EEM
2016-11-11,29.761899355588753,1,-0.7235890174256077,RSI_LT_34,EEM
2016-11-14,26.013520262028365,1,2.0116689701284773,RSI_LT_34,EEM
2016-11-15,35.340753145157876,0,-0.0,RSI_LT_34,EEM
2016-11-16,36.2013092570081,0,0.0,RSI_LT_34,EEM
2016-11-17,37.31589104333456,0,-0.0,RSI_LT_34,EEM
2016-11-18,38.64407678267431,0,0.0,RSI_LT_34,EEM
2016-11-21,26.720684976675543,1,1.5173168470266063,RSI_LT_34,EEM
2016-11-22,30.783930725725625,1,-1.0716222877297343,RSI_LT_34,EEM
2016-11-23,36.67427868322541,0,0.0,RSI_LT_34,EEM
2016-11-25,50.42491203499581,0,0.0,RSI_LT_34,EEM
2016-11-28,64.00002034507796,0,0.0,RSI_LT_34,EEM
2016-11-29,70.35716523933178,0,0.0,RSI_LT_34,EEM
2016-11-30,61.75114397267473,0,-0.0,RSI_LT_34,EEM
2016-12-01,58.26092292790693,0,0.0,RSI_LT_34,EEM
2016-12-02,58.078616441254226,0,0.0,RSI_LT_34,EEM
2016-12-05,66.94220868682473,0,0.0,RSI_LT_34,EEM
2016-12-06,64.75774034389579,0,0.0,RSI_LT_34,EEM
2016-12-07,65.81205219957124,0,0.0,RSI_LT_34,EEM
2016-12-08,80.18871998618069,0,-0.0,RSI_LT_34,EEM
2016-12-09,71.49529045184568,0,-0.0,RSI_LT_34,EEM
2016-12-12,62.05360335966158,0,0.0,RSI_LT_34,EEM
2016-12-13,67.18152802918611,0,-0.0,RSI_LT_34,EEM
2016-12-14,46.53739670731449,0,0.0,RSI_LT_34,EEM
2016-12-15,53.53845034267678,0,-0.0,RSI_LT_34,EEM
2016-12-16,50.44514147745088,0,-0.0,RSI_LT_34,EEM
2016-12-19,42.46989613015902,0,0.0,RSI_LT_34,EEM
2016-12-20,41.230794511543834,0,-0.0,RSI_LT_34,EEM
2016-12-21,23.19752702573423,1,-1.1887498621610204,RSI_LT_34,EEM
2016-12-22,16.86050637852415,1,0.5868454738753748,RSI_LT_34,EEM
2016-12-23,22.60868026837801,1,0.43757739562551023,RSI_LT_34,EEM
2016-12-27,27.678575483308435,1,0.7551505060373609,RSI_LT_34,EEM
2016-12-28,24.534091218725663,1,1.6431240051573814,RSI_LT_34,EEM
2016-12-29,50.18447119898537,0,-0.0,RSI_LT_34,EEM
2016-12-30,44.82752270407358,0,0.0,RSI_LT_34,EEM
2017-01-03,54.43036599410411,0,0.0,RSI_LT_34,EEM
2017-01-04,62.38247962900514,0,0.0,RSI_LT_34,EEM
2017-01-05,65.3179598618328,0,-0.0,RSI_LT_34,EEM
2017-01-06,73.61558782378333,0,-0.0,RSI_LT_34,EEM
2017-01-09,84.01485038295893,0,0.0,RSI_LT_34,EEM
2017-01-10,84.07406727146085,0,0.0,RSI_LT_34,EEM
2017-01-11,85.57045734130921,0,0.0,RSI_LT_34,EEM
2017-01-12,85.0694393854101,0,-0.0,RSI_LT_34,EEM
2017-01-13,80.34192074885436,0,-0.0,RSI_LT_34,EEM
2017-01-17,89.09955091444233,0,-0.0,RSI_LT_34,EEM
2017-01-18,77.2486537545514,0,-0.0,RSI_LT_34,EEM
2017-01-19,68.78606598766507,0,0.0,RSI_LT_34,EEM
2017-01-20,61.70205858401669,0,0.0,RSI_LT_34,EEM
2017-01-23,78.3333580582335,0,0.0,RSI_LT_34,EEM
2017-01-24,81.99996948242188,0,0.0,RSI_LT_34,EEM
2017-01-25,83.63634156787471,0,-0.0,RSI_LT_34,EEM
2017-01-26,73.05697536061732,0,0.0,RSI_LT_34,EEM
2017-01-27,71.11113465858517,0,-0.0,RSI_LT_34,EEM
2017-01-30,64.97458488647916,0,0.0,RSI_LT_34,EEM
2017-01-31,66.8316551218812,0,0.0,RSI_LT_34,EEM
2017-02-01,74.45651047173607,0,0.0,RSI_LT_34,EEM
2017-02-02,80.95238095238095,0,0.0,RSI_LT_34,EEM
2017-02-03,82.43902075936553,0,-0.0,RSI_LT_34,EEM
2017-02-06,71.87499254943006,0,-0.0,RSI_LT_34,EEM
2017-02-07,58.97443421486997,0,0.0,RSI_LT_34,EEM
2017-02-08,53.6232685296012,0,0.0,RSI_LT_34,EEM
2017-02-09,65.46764366869752,0,0.0,RSI_LT_34,EEM
2017-02-10,71.9298363025525,0,0.0,RSI_LT_34,EEM
2017-02-13,82.8221318342874,0,0.0,RSI_LT_34,EEM
2017-02-14,82.50005960470162,0,0.0,RSI_LT_34,EEM
2017-02-15,85.18521508686025,0,-0.0,RSI_LT_34,EEM
2017-02-16,77.54014622364384,0,-0.0,RSI_LT_34,EEM
2017-02-17,67.77780603486642,0,0.0,RSI_LT_34,EEM
2017-02-21,76.99537579293867,0,0.0,RSI_LT_34,EEM
2017-02-22,85.43691298035614,0,0.0,RSI_LT_34,EEM
2017-02-23,83.69566118786592,0,-0.0,RSI_LT_34,EEM
2017-02-24,64.3192816181501,0,-0.0,RSI_LT_34,EEM
2017-02-27,53.68420629949083,0,-0.0,RSI_LT_34,EEM
2017-02-28,41.86047749499652,0,0.0,RSI_LT_34,EEM
2017-03-01,53.70372725127758,0,-0.0,RSI_LT_34,EEM
2017-03-02,37.13358043989607,0,0.0,RSI_LT_34,EEM
2017-03-03,44.4099172848779,0,0.0,RSI_LT_34,EEM
2017-03-06,47.07791162271087,0,0.0,RSI_LT_34,EEM
2017-03-07,39.629577824967114,0,-0.0,RSI_LT_34,EEM
2017-03-08,32.31287838879359,1,-0.7917636365613268,RSI_LT_34,EEM
2017-03-09,29.102163160604874,1,1.1173135600968997,RSI_LT_34,EEM
2017-03-10,42.63319772600623,0,0.0,RSI_LT_34,EEM
2017-03-13,52.500005298192896,0,-0.0,RSI_LT_34,EEM
2017-03-14,54.78257888958057,0,0.0,RSI_LT_34,EEM
2017-03-15,59.58546304092596,0,0.0,RSI_LT_34,EEM
2017-03-16,74.26898954082003,0,-0.0,RSI_LT_34,EEM
2017-03-17,70.31251862642485,0,0.0,RSI_LT_34,EEM
2017-03-20,73.90110091646973,0,-0.0,RSI_LT_34,EEM
2017-03-21,65.59402037461416,0,0.0,RSI_LT_34,EEM
2017-03-22,73.3849910152696,0,0.0,RSI_LT_34,EEM
2017-03-23,79.60887693571607,0,0.0,RSI_LT_34,EEM
2017-03-24,77.60732606904816,0,-0.0,RSI_LT_34,EEM
2017-03-27,70.42247656452528,0,0.0,RSI_LT_34,EEM
2017-03-28,77.28933634223195,0,0.0,RSI_LT_34,EEM
2017-03-29,65.55553436287381,0,-0.0,RSI_LT_34,EEM
2017-03-30,53.10723991749946,0,-0.0,RSI_LT_34,EEM
2017-03-31,47.4746988230353,0,0.0,RSI_LT_34,EEM
2017-04-03,40.22993293622694,0,0.0,RSI_LT_34,EEM
2017-04-04,54.54553336107644,0,-0.0,RSI_LT_34,EEM
2017-04-05,42.399948730781674,0,-0.0,RSI_LT_34,EEM
2017-04-06,39.69470983748337,0,-0.0,RSI_LT_34,EEM
2017-04-07,32.812490686820894,1,-0.4064004362533291,RSI_LT_34,EEM
2017-04-10,31.578962464111882,1,-0.22953367684094284,RSI_LT_34,EEM
2017-04-11,23.664133251798134,1,0.4856913256492623,RSI_LT_34,EEM
2017-04-12,30.070051324732972,1,-0.4324649649035228,RSI_LT_34,EEM
2017-04-13,30.935391978747575,1,1.0475213433972286,RSI_LT_34,EEM
2017-04-17,55.263124872948666,0,-0.0,RSI_LT_34,EEM
2017-04-18,34.444465637126186,0,-0.0,RSI_LT_34,EEM
2017-04-19,29.703020780613826,1,1.2367934172933692,RSI_LT_34,EEM
2017-04-20,45.37820783038389,0,0.0,RSI_LT_34,EEM
2017-04-21,46.75329822492829,0,0.0,RSI_LT_34,EEM
2017-04-24,58.57142273260464,0,0.0,RSI_LT_34,EEM
2017-04-25,66.55520272106413,0,-0.0,RSI_LT_34,EEM
2017-04-26,65.24589138754783,0,-0.0,RSI_LT_34,EEM
2017-04-27,61.85564712868639,0,0.0,RSI_LT_34,EEM
2017-04-28,66.42861132720165,0,0.0,RSI_LT_34,EEM
2017-05-01,64.12217519368332,0,0.0,RSI_LT_34,EEM
2017-05-02,81.74279441629588,0,-0.0,RSI_LT_34,EEM
2017-05-03,80.73767416264351,0,-0.0,RSI_LT_34,EEM
2017-05-04,61.825701839915915,0,0.0,RSI_LT_34,EEM
2017-05-05,66.42330583690091,0,-0.0,RSI_LT_34,EEM
2017-05-08,57.53427998104846,0,0.0,RSI_LT_34,EEM
2017-05-09,60.42549323256033,0,0.0,RSI_LT_34,EEM
2017-05-10,68.42106888856284,0,0.0,RSI_LT_34,EEM
2017-05-11,70.916333450358,0,0.0,RSI_LT_34,EEM
2017-05-12,72.13741069309583,0,0.0,RSI_LT_34,EEM
2017-05-15,74.02134603271139,0,0.0,RSI_LT_34,EEM
2017-05-16,71.48436568676537,0,-0.0,RSI_LT_34,EEM
2017-05-17,61.00001144410635,0,-0.0,RSI_LT_34,EEM
2017-05-18,56.65636027796543,0,0.0,RSI_LT_34,EEM
2017-05-19,62.76600169835268,0,0.0,RSI_LT_34,EEM
2017-05-22,63.32452630784328,0,0.0,RSI_LT_34,EEM
2017-05-23,58.13254465609122,0,0.0,RSI_LT_34,EEM
2017-05-24,56.6978259784523,0,0.0,RSI_LT_34,EEM
2017-05-25,58.13254465609122,0,0.0,RSI_LT_34,EEM
2017-05-26,57.878796636129806,0,-0.0,RSI_LT_34,EEM
2017-05-30,48.06453478570646,0,-0.0,RSI_LT_34,EEM
2017-05-31,42.899417299533766,0,0.0,RSI_LT_34,EEM
2017-06-01,59.60261470931885,0,0.0,RSI_LT_34,EEM
2017-06-02,78.82348717288961,0,-0.0,RSI_LT_34,EEM
2017-06-05,66.09190362396686,0,0.0,RSI_LT_34,EEM
2017-06-06,65.69768989194657,0,-0.0,RSI_LT_34,EEM
2017-06-07,63.00580583847289,0,0.0,RSI_LT_34,EEM
2017-06-08,64.83519247456519,0,-0.0,RSI_LT_34,EEM
2017-06-09,50.515476080454775,0,-0.0,RSI_LT_34,EEM
2017-06-12,41.29346813206835,0,0.0,RSI_LT_34,EEM
2017-06-13,51.75878819014464,0,-0.0,RSI_LT_34,EEM
2017-06-14,61.30957922438868,0,-0.0,RSI_LT_34,EEM
2017-06-15,38.636417822456025,0,0.0,RSI_LT_34,EEM
2017-06-16,33.333411825098366,1,0.9946623854202752,RSI_LT_34,EEM
2017-06-19,47.97984760473562,0,-0.0,RSI_LT_34,EEM
2017-06-20,35.63218726797584,0,0.0,RSI_LT_34,EEM
2017-06-21,38.49056114884221,0,0.0,RSI_LT_34,EEM
2017-06-22,37.5478664008559,0,0.0,RSI_LT_34,EEM
2017-06-23,47.80875464678365,0,0.0,RSI_LT_34,EEM
2017-06-26,59.47958500669344,0,-0.0,RSI_LT_34,EEM
2017-06-27,46.97986405355931,0,0.0,RSI_LT_34,EEM
2017-06-28,52.27959719637546,0,-0.0,RSI_LT_34,EEM
2017-06-29,50.73745117698491,0,0.0,RSI_LT_34,EEM
2017-06-30,52.42162486442074,0,0.0,RSI_LT_34,EEM
2017-07-03,50.0,0,-0.0,RSI_LT_34,EEM
2017-07-05,60.28878728619825,0,-0.0,RSI_LT_34,EEM
2017-07-06,49.6855278010698,0,0.0,RSI_LT_34,EEM
2017-07-07,47.541026664048495,0,0.0,RSI_LT_34,EEM
2017-07-10,50.31056562868364,0,0.0,RSI_LT_34,EEM
2017-07-11,49.36707485489681,0,0.0,RSI_LT_34,EEM
2017-07-12,68.10342654130781,0,0.0,RSI_LT_34,EEM
2017-07-13,67.06232327325662,0,0.0,RSI_LT_34,EEM
2017-07-14,82.84018793585442,0,-0.0,RSI_LT_34,EEM
2017-07-17,76.99118230880374,0,0.0,RSI_LT_34,EEM
2017-07-18,76.21951290428002,0,0.0,RSI_LT_34,EEM
2017-07-19,80.33712982101966,0,-0.0,RSI_LT_34,EEM
2017-07-20,91.96151930780874,0,-0.0,RSI_LT_34,EEM
2017-07-21,90.84980764388064,0,0.0,RSI_LT_34,EEM
2017-07-24,90.00013623978202,0,-0.0,RSI_LT_34,EEM
2017-07-25,84.82513143715508,0,0.0,RSI_LT_34,EEM
2017-07-26,81.60402057793108,0,-0.0,RSI_LT_34,EEM
2017-07-27,70.69786587746006,0,-0.0,RSI_LT_34,EEM
2017-07-28,60.1228673734466,0,0.0,RSI_LT_34,EEM
2017-07-31,69.59473566186989,0,0.0,RSI_LT_34,EEM
2017-08-01,69.59481403201278,0,0.0,RSI_LT_34,EEM
2017-08-02,61.207100669551835,0,-0.0,RSI_LT_34,EEM
2017-08-03,55.03884221514476,0,0.0,RSI_LT_34,EEM
2017-08-04,61.267669956641114,0,0.0,RSI_LT_34,EEM
2017-08-07,65.4089302722843,0,0.0,RSI_LT_34,EEM
2017-08-08,70.46977288379463,0,-0.0,RSI_LT_34,EEM
2017-08-09,45.098097880966094,0,-0.0,RSI_LT_34,EEM
2017-08-10,29.61370017763734,1,0.23353216915875663,RSI_LT_34,EEM
2017-08-11,32.78001665173498,1,1.0251688261361913,RSI_LT_34,EEM
2017-08-14,42.142879525015566,0,0.0,RSI_LT_34,EEM
2017-08-15,40.44115893979364,0,0.0,RSI_LT_34,EEM
2017-08-16,48.24280020962571,0,-0.0,RSI_LT_34,EEM
2017-08-17,43.019915772313546,0,0.0,RSI_LT_34,EEM
2017-08-18,46.23652164996027,0,0.0,RSI_LT_34,EEM
2017-08-21,44.13410678589543,0,0.0,RSI_LT_34,EEM
2017-08-22,50.738932918665235,0,0.0,RSI_LT_34,EEM
2017-08-23,58.656300948843665,0,0.0,RSI_LT_34,EEM
2017-08-24,81.14474265574748,0,0.0,RSI_LT_34,EEM
2017-08-25,82.10861023361024,0,-0.0,RSI_LT_34,EEM
2017-08-28,74.73681956228727,0,-0.0,RSI_LT_34,EEM
2017-08-29,72.22216335353707,0,0.0,RSI_LT_34,EEM
2017-08-30,67.99992675792426,0,0.0,RSI_LT_34,EEM
2017-08-31,88.05965333804001,0,0.0,RSI_LT_34,EEM
2017-09-01,87.8172048216101,0,-0.0,RSI_LT_34,EEM
2017-09-05,65.41661236024706,0,0.0,RSI_LT_34,EEM
2017-09-06,62.27272254377356,0,0.0,RSI_LT_34,EEM
2017-09-07,64.22411312533399,0,-0.0,RSI_LT_34,EEM
2017-09-08,54.43550247801168,0,0.0,RSI_LT_34,EEM
2017-09-11,59.92909000645252,0,-0.0,RSI_LT_34,EEM
2017-09-12,62.36155920789626,0,-0.0,RSI_LT_34,EEM
2017-09-13,58.885046135196994,0,0.0,RSI_LT_34,EEM
2017-09-14,59.58905809701605,0,0.0,RSI_LT_34,EEM
2017-09-15,62.17946445055503,0,0.0,RSI_LT_34,EEM
2017-09-18,60.0,0,0.0,RSI_LT_34,EEM
2017-09-19,76.0162450339136,0,-0.0,RSI_LT_34,EEM
2017-09-20,66.38654788732845,0,0.0,RSI_LT_34,EEM
2017-09-21,60.9756324491296,0,-0.0,RSI_LT_34,EEM
2017-09-22,62.1891066578859,0,-0.0,RSI_LT_34,EEM
2017-09-25,29.8164567704861,1,-0.2689955844943914,RSI_LT_34,EEM
2017-09-26,28.888885121273873,1,-0.35963102129876745,RSI_LT_34,EEM
2017-09-27,29.953889507094118,1,-0.06768010998168261,RSI_LT_34,EEM
2017-09-28,25.48073484344137,1,1.1512463770062764,RSI_LT_34,EEM
2017-09-29,33.1896792694196,1,0.02231270079622316,RSI_LT_34,EEM
2017-10-02,28.57140345819299,1,1.584112202826815,RSI_LT_34,EEM
2017-10-03,44.24460727811625,0,-0.0,RSI_LT_34,EEM
2017-10-04,47.67443751654145,0,0.0,RSI_LT_34,EEM
2017-10-05,53.767146552399865,0,-0.0,RSI_LT_34,EEM
2017-10-06,54.32526042904133,0,-0.0,RSI_LT_34,EEM
2017-10-09,73.02318979436134,0,0.0,RSI_LT_34,EEM
2017-10-10,81.45152110847569,0,0.0,RSI_LT_34,EEM
2017-10-11,88.14218402502921,0,-0.0,RSI_LT_34,EEM
2017-10-12,88.49216320870963,0,0.0,RSI_LT_34,EEM
2017-10-13,88.06592695853114,0,-0.0,RSI_LT_34,EEM
2017-10-16,86.938907062815,0,-0.0,RSI_LT_34,EEM
2017-10-17,71.71723399172325,0,0.0,RSI_LT_34,EEM
2017-10-18,73.55770377013494,0,-0.0,RSI_LT_34,EEM
2017-10-19,55.34883225782413,0,0.0,RSI_LT_34,EEM
2017-10-20,65.07173103599328,0,-0.0,RSI_LT_34,EEM
2017-10-23,55.9671150126843,0,0.0,RSI_LT_34,EEM
2017-10-24,45.95958331005331,0,-0.0,RSI_LT_34,EEM
2017-10-25,37.43316598906176,0,-0.0,RSI_LT_34,EEM
2017-10-26,32.40732564505589,1,1.4511870141933114,RSI_LT_34,EEM
2017-10-27,39.166646798432794,0,-0.0,RSI_LT_34,EEM
2017-10-30,35.338296264321244,0,0.0,RSI_LT_34,EEM
2017-10-31,48.07016369744749,0,0.0,RSI_LT_34,EEM
2017-11-01,50.33557820194601,0,0.0,RSI_LT_34,EEM
2017-11-02,59.315617480299196,0,-0.0,RSI_LT_34,EEM
2017-11-03,51.48151287811357,0,0.0,RSI_LT_34,EEM
2017-11-06,67.01752883101864,0,-0.0,RSI_LT_34,EEM
2017-11-07,60.6349340906201,0,0.0,RSI_LT_34,EEM
2017-11-08,65.13756223664623,0,-0.0,RSI_LT_34,EEM
2017-11-09,65.53849440354567,0,-0.0,RSI_LT_34,EEM
2017-11-10,52.68819850638928,0,-0.0,RSI_LT_34,EEM
2017-11-13,56.53845871694237,0,-0.0,RSI_LT_34,EEM
2017-11-14,41.93552852794189,0,-0.0,RSI_LT_34,EEM
2017-11-15,32.25803970669895,1,2.0815091490884674,RSI_LT_34,EEM
2017-11-16,50.14834309647113,0,0.0,RSI_LT_34,EEM
2017-11-17,57.142857142857146,0,0.0,RSI_LT_34,EEM
2017-11-20,53.246767723181605,0,0.0,RSI_LT_34,EEM
2017-11-21,66.5688939602421,0,0.0,RSI_LT_34,EEM
2017-11-22,65.55894511563369,0,-0.0,RSI_LT_34,EEM
2017-11-24,69.55119936519658,0,-0.0,RSI_LT_34,EEM
2017-11-27,59.94469752772236,0,0.0,RSI_LT_34,EEM
2017-11-28,65.11627906976744,0,-0.0,RSI_LT_34,EEM
2017-11-29,58.468654494474,0,-0.0,RSI_LT_34,EEM
2017-11-30,55.021813693235664,0,-0.0,RSI_LT_34,EEM
2017-12-01,40.359914566625676,0,0.0,RSI_LT_34,EEM
2017-12-04,38.13336561408364,0,-0.0,RSI_LT_34,EEM
2017-12-05,33.61584325710055,1,-1.350768466167629,RSI_LT_34,EEM
2017-12-06,15.864123686607869,1,0.2871048401500209,RSI_LT_34,EEM
2017-12-07,16.10175518754471,1,1.167141116665471,RSI_LT_34,EEM
2017-12-08,27.707831073504423,1,0.500652044213612,RSI_LT_34,EEM
2017-12-11,38.00001089912317,0,-0.0,RSI_LT_34,EEM
2017-12-12,28.323693686343603,1,1.1993005445717353,RSI_LT_34,EEM
2017-12-13,46.93250205654414,0,-0.0,RSI_LT_34,EEM
2017-12-14,49.5145822839817,0,0.0,RSI_LT_34,EEM
2017-12-15,55.63137221204535,0,0.0,RSI_LT_34,EEM
2017-12-18,61.309509617928185,0,-0.0,RSI_LT_34,EEM
2017-12-19,48.24354047066433,0,0.0,RSI_LT_34,EEM
2017-12-20,57.14290120949707,0,0.0,RSI_LT_34,EEM
2017-12-21,59.020643642766764,0,0.0,RSI_LT_34,EEM
2017-12-22,57.48666128800296,0,-0.0,RSI_LT_34,EEM
2017-12-26,54.084525203898515,0,0.0,RSI_LT_34,EEM
2017-12-27,60.71430193323373,0,0.0,RSI_LT_34,EEM
2017-12-28,57.82750017976602,0,0.0,RSI_LT_34,EEM
2017-12-29,67.44185751780932,0,0.0,RSI_LT_34,EEM
2018-01-02,74.21053318435935,0,0.0,RSI_LT_34,EEM
2018-01-03,73.79681544319317,0,0.0,RSI_LT_34,EEM
2018-01-04,98.68418080655726,0,0.0,RSI_LT_34,EEM
2018-01-05,98.82350301248752,0,0.0,RSI_LT_34,EEM
2018-01-08,98.70964883891776,0,-0.0,RSI_LT_34,EEM
2018-01-09,95.69883357967029,0,-0.0,RSI_LT_34,EEM
2018-01-10,87.25492762674824,0,0.0,RSI_LT_34,EEM
2018-01-11,87.96297386459699,0,0.0,RSI_LT_34,EEM
2018-01-12,88.49557820871036,0,-0.0,RSI_LT_34,EEM
2018-01-16,82.73813781288212,0,0.0,RSI_LT_34,EEM
2018-01-17,81.41031362446493,0,0.0,RSI_LT_34,EEM
2018-01-18,78.67649327517776,0,0.0,RSI_LT_34,EEM
2018-01-19,79.93083375682258,0,0.0,RSI_LT_34,EEM
2018-01-22,78.9855372928864,0,0.0,RSI_LT_34,EEM
2018-01-23,80.66670820453416,0,0.0,RSI_LT_34,EEM
2018-01-24,85.07471694331807,0,-0.0,RSI_LT_34,EEM
2018-01-25,92.83383574682337,0,0.0,RSI_LT_34,EEM
2018-01-26,93.67813194016631,0,-0.0,RSI_LT_34,EEM
2018-01-29,73.42104444214671,0,-0.0,RSI_LT_34,EEM
2018-01-30,64.7331531903105,0,0.0,RSI_LT_34,EEM
2018-01-31,62.9267802514347,0,-0.0,RSI_LT_34,EEM
2018-02-01,53.27696515081741,0,-0.0,RSI_LT_34,EEM
2018-02-02,37.61143183533587,0,-0.0,RSI_LT_34,EEM
2018-02-05,25.8523052080878,1,3.2537440127873296,RSI_LT_34,EEM
2018-02-06,37.41005845085787,0,-0.0,RSI_LT_34,EEM
2018-02-07,28.46560312603441,1,-3.465039384954438,RSI_LT_34,EEM
2018-02-08,24.321873603116885,1,1.597722836895854,RSI_LT_34,EEM
2018-02-09,24.45845386245186,1,1.57260531178125,RSI_LT_34,EEM
2018-02-12,31.215968009149734,1,0.7635138579088041,RSI_LT_34,EEM
2018-02-13,35.58050588349593,0,0.0,RSI_LT_34,EEM
2018-02-14,39.807529607299664,0,0.0,RSI_LT_34,EEM
2018-02-15,47.27427808303304,0,-0.0,RSI_LT_34,EEM
2018-02-16,52.30915092579244,0,-0.0,RSI_LT_34,EEM
2018-02-20,57.993724284674485,0,-0.0,RSI_LT_34,EEM
2018-02-21,49.69021551848426,0,0.0,RSI_LT_34,EEM
2018-02-22,61.58533110499364,0,0.0,RSI_LT_34,EEM
2018-02-23,84.80137566172425,0,0.0,RSI_LT_34,EEM
2018-02-26,84.05796400365989,0,-0.0,RSI_LT_34,EEM
2018-02-27,62.55999755859375,0,-0.0,RSI_LT_34,EEM
2018-02-28,53.869513119887934,0,-0.0,RSI_LT_34,EEM
2018-03-01,42.98724751957898,0,0.0,RSI_LT_34,EEM
2018-03-02,33.26227209432464,1,0.1454387975706739,RSI_LT_34,EEM
2018-03-05,35.43478819733252,0,0.0,RSI_LT_34,EEM
2018-03-06,47.59726598985658,0,0.0,RSI_LT_34,EEM
2018-03-07,48.63014951345203,0,0.0,RSI_LT_34,EEM
2018-03-08,48.394502637040354,0,0.0,RSI_LT_34,EEM
2018-03-09,50.33111244349531,0,0.0,RSI_LT_34,EEM
2018-03-12,46.300698390270064,0,-0.0,RSI_LT_34,EEM
2018-03-13,61.00624026832434,0,0.0,RSI_LT_34,EEM
2018-03-14,78.90622555279553,0,-0.0,RSI_LT_34,EEM
2018-03-15,76.22638847702977,0,-0.0,RSI_LT_34,EEM
2018-03-16,71.09369994143847,0,-0.0,RSI_LT_34,EEM
2018-03-19,57.94701108409385,0,0.0,RSI_LT_34,EEM
2018-03-20,59.16398043342802,0,0.0,RSI_LT_34,EEM
2018-03-21,62.08952130651733,0,-0.0,RSI_LT_34,EEM
2018-03-22,41.48297757507465,0,-0.0,RSI_LT_34,EEM
2018-03-23,20.934942329819464,1,3.241630363721515,RSI_LT_34,EEM
2018-03-26,38.44937377395504,0,-0.0,RSI_LT_34,EEM
2018-03-27,36.00000452112269,0,-0.0,RSI_LT_34,EEM
2018-03-28,34.008680511467844,0,0.0,RSI_LT_34,EEM
2018-03-29,43.26423718344657,0,-0.0,RSI_LT_34,EEM
2018-04-02,39.386786829745134,0,0.0,RSI_LT_34,EEM
2018-04-03,45.249407520938945,0,0.0,RSI_LT_34,EEM
2018-04-04,41.64556509713482,0,0.0,RSI_LT_34,EEM
2018-04-05,40.36223358790982,0,-0.0,RSI_LT_34,EEM
2018-04-06,44.44445048227143,0,0.0,RSI_LT_34,EEM
2018-04-09,51.96722859499573,0,0.0,RSI_LT_34,EEM
2018-04-10,46.72726263880315,0,0.0,RSI_LT_34,EEM
2018-04-11,55.81898571623535,0,-0.0,RSI_LT_34,EEM
2018-04-12,58.59727706216152,0,-0.0,RSI_LT_34,EEM
2018-04-13,40.92071860774141,0,0.0,RSI_LT_34,EEM
2018-04-16,53.548408532128384,0,0.0,RSI_LT_34,EEM
2018-04-17,47.25271500673512,0,0.0,RSI_LT_34,EEM
2018-04-18,53.846125630893226,0,-0.0,RSI_LT_34,EEM
2018-04-19,47.560974191439946,0,-0.0,RSI_LT_34,EEM
2018-04-20,53.06116623394485,0,-0.0,RSI_LT_34,EEM
2018-04-23,46.17736610632167,0,-0.0,RSI_LT_34,EEM
2018-04-24,22.957207106915433,1,-0.7715401018620671,RSI_LT_34,EEM
2018-04-25,19.5876194059297,1,1.44708854143194,RSI_LT_34,EEM
2018-04-26,34.83149438564645,0,0.0,RSI_LT_34,EEM
2018-04-27,45.4005716387922,0,-0.0,RSI_LT_34,EEM
2018-04-30,40.27392678912027,0,-0.0,RSI_LT_34,EEM
2018-05-01,36.243369690706665,0,-0.0,RSI_LT_34,EEM
2018-05-02,25.668439379937936,1,-0.21588617180468006,RSI_LT_34,EEM
2018-05-03,26.966284910933183,1,0.4543467739645868,RSI_LT_34,EEM
2018-05-04,36.90852532205368,0,-0.0,RSI_LT_34,EEM
2018-05-07,38.235264785080275,0,0.0,RSI_LT_34,EEM
2018-05-08,46.1289985171877,0,0.0,RSI_LT_34,EEM
2018-05-09,53.71023877627496,0,0.0,RSI_LT_34,EEM
2018-05-10,58.14695512175978,0,-0.0,RSI_LT_34,EEM
2018-05-11,52.39731977806779,0,0.0,RSI_LT_34,EEM
2018-05-14,60.22732198746348,0,-0.0,RSI_LT_34,EEM
2018-05-15,46.90266084220618,0,0.0,RSI_LT_34,EEM
2018-05-16,61.55916790234358,0,-0.0,RSI_LT_34,EEM
2018-05-17,52.76495468065507,0,-0.0,RSI_LT_34,EEM
2018-05-18,46.01768940576763,0,0.0,RSI_LT_34,EEM
2018-05-21,52.097117416175514,0,0.0,RSI_LT_34,EEM
2018-05-22,51.01580388134991,0,-0.0,RSI_LT_34,EEM
2018-05-23,49.77068032960437,0,-0.0,RSI_LT_34,EEM
2018-05-24,32.9670237538802,1,0.4108966691440674,RSI_LT_34,EEM
2018-05-25,37.06662407760432,0,-0.0,RSI_LT_34,EEM
2018-05-29,27.882577617547938,1,0.7938271719170942,RSI_LT_34,EEM
2018-05-30,40.72288093450023,0,-0.0,RSI_LT_34,EEM
2018-05-31,28.530219130885996,1,1.4007512006611877,RSI_LT_34,EEM
2018-06-01,48.082636035054705,0,0.0,RSI_LT_34,EEM
2018-06-04,60.51873325572013,0,-0.0,RSI_LT_34,EEM
2018-06-05,51.26760805535288,0,0.0,RSI_LT_34,EEM
2018-06-06,57.70172426175351,0,-0.0,RSI_LT_34,EEM
2018-06-07,49.26927515248819,0,-0.0,RSI_LT_34,EEM
2018-06-08,50.97192366982032,0,0.0,RSI_LT_34,EEM
2018-06-11,48.87389167640388,0,-0.0,RSI_LT_34,EEM
2018-06-12,62.35631868914851,0,-0.0,RSI_LT_34,EEM
2018-06-13,52.76971464287541,0,-0.0,RSI_LT_34,EEM
2018-06-14,48.65593492866928,0,-0.0,RSI_LT_34,EEM
2018-06-15,34.011588256494136,0,-0.0,RSI_LT_34,EEM
2018-06-18,19.88638272462549,1,-1.7457447940225745,RSI_LT_34,EEM
2018-06-19,17.766523018414148,1,0.43279867905468006,RSI_LT_34,EEM
2018-06-20,5.539324230692657,1,-1.4062121336789635,RSI_LT_34,EEM
2018-06-21,5.705674400701994,1,1.0351896379240833,RSI_LT_34,EEM
2018-06-22,17.344077906772384,1,-1.3433432661383748,RSI_LT_34,EEM
2018-06-25,14.953198558968381,1,-0.3923424335531389,RSI_LT_34,EEM
2018-06-26,14.7805310810418,1,-1.9230723338549471,RSI_LT_34,EEM
2018-06-27,13.195809960075394,1,0.8504530594898085,RSI_LT_34,EEM
2018-06-28,20.408064759727893,1,1.499187690170789,RSI_LT_34,EEM
2018-06-29,31.660214315750096,1,-0.9923846919101642,RSI_LT_34,EEM
2018-07-02,32.41104424906855,1,0.06992722198104762,RSI_LT_34,EEM
2018-07-03,38.74705931292805,0,-0.0,RSI_LT_34,EEM
2018-07-05,34.988145557582655,0,0.0,RSI_LT_34,EEM
2018-07-06,49.28569676921861,0,0.0,RSI_LT_34,EEM
2018-07-09,52.98014081553771,0,-0.0,RSI_LT_34,EEM
2018-07-10,59.405926570801874,0,-0.0,RSI_LT_34,EEM
2018-07-11,50.7399551591206,0,0.0,RSI_LT_34,EEM
2018-07-12,66.59241172242585,0,0.0,RSI_LT_34,EEM
2018-07-13,63.942306369719375,0,-0.0,RSI_LT_34,EEM
2018-07-16,53.723393462248644,0,0.0,RSI_LT_34,EEM
2018-07-17,64.109595913146,0,-0.0,RSI_LT_34,EEM
2018-07-18,62.942809596421036,0,-0.0,RSI_LT_34,EEM
2018-07-19,56.34147725739657,0,0.0,RSI_LT_34,EEM
2018-07-20,56.658596983521036,0,-0.0,RSI_LT_34,EEM
2018-07-23,42.85712788578531,0,0.0,RSI_LT_34,EEM
2018-07-24,52.631593356951605,0,0.0,RSI_LT_34,EEM
2018-07-25,72.27723426695913,0,-0.0,RSI_LT_34,EEM
2018-07-26,58.98733712678712,0,0.0,RSI_LT_34,EEM
2018-07-27,60.294124521877016,0,-0.0,RSI_LT_34,EEM
2018-07-30,62.9155800632791,0,0.0,RSI_LT_34,EEM
2018-07-31,62.14099034672892,0,-0.0,RSI_LT_34,EEM
2018-08-01,56.9377684773076,0,-0.0,RSI_LT_34,EEM
2018-08-02,56.26475601287798,0,0.0,RSI_LT_34,EEM
2018-08-03,53.164553294639155,0,-0.0,RSI_LT_34,EEM
2018-08-06,52.50000715255055,0,0.0,RSI_LT_34,EEM
2018-08-07,50.13121152138282,0,-0.0,RSI_LT_34,EEM
2018-08-08,37.77779123347724,0,-0.0,RSI_LT_34,EEM
2018-08-09,42.805803274324504,0,-0.0,RSI_LT_34,EEM
2018-08-10,28.932614971164796,1,-1.6438969832094141,RSI_LT_34,EEM
2018-08-13,24.523844556705413,1,0.6120577660834403,RSI_LT_34,EEM
2018-08-14,24.881559214968775,1,-2.8778739088194616,RSI_LT_34,EEM
2018-08-15,20.792111367857927,1,0.6263602667880397,RSI_LT_34,EEM
2018-08-16,27.754295163263876,1,1.0533842994660647,RSI_LT_34,EEM
2018-08-17,29.253143559028004,1,0.4501360945922128,RSI_LT_34,EEM
2018-08-20,34.26130214055539,0,0.0,RSI_LT_34,EEM
2018-08-21,35.504208583538954,0,0.0,RSI_LT_34,EEM
2018-08-22,40.277791443732895,0,-0.0,RSI_LT_34,EEM
2018-08-23,36.18540094068593,0,0.0,RSI_LT_34,EEM
2018-08-24,51.64835471939613,0,0.0,RSI_LT_34,EEM
2018-08-27,64.05960301595351,0,-0.0,RSI_LT_34,EEM
2018-08-28,60.34155652664244,0,0.0,RSI_LT_34,EEM
2018-08-29,80.04644909584462,0,-0.0,RSI_LT_34,EEM
2018-08-30,61.346180086359055,0,0.0,RSI_LT_34,EEM
2018-08-31,59.63856806033671,0,-0.0,RSI_LT_34,EEM
2018-09-04,49.37833109509942,0,-0.0,RSI_LT_34,EEM
2018-09-05,39.298241152389515,0,0.0,RSI_LT_34,EEM
2018-09-06,35.925875952706065,0,-0.0,RSI_LT_34,EEM
2018-09-07,39.511142291762326,0,-0.0,RSI_LT_34,EEM
2018-09-10,25.38624970421276,1,0.2187655661719301,RSI_LT_34,EEM
2018-09-11,15.499841689459558,1,0.5093356458991227,RSI_LT_34,EEM
2018-09-12,20.49367087415311,1,1.3513547100604484,RSI_LT_34,EEM
2018-09-13,25.806406246978554,1,-0.09524027506510047,RSI_LT_34,EEM
2018-09-14,34.67485824762052,0,-0.0,RSI_LT_34,EEM
2018-09-17,26.548669578896906,1,0.9619954150239973,RSI_LT_34,EEM
2018-09-18,44.06774400864839,0,0.0,RSI_LT_34,EEM
2018-09-19,64.38359206698203,0,0.0,RSI_LT_34,EEM
2018-09-20,68.95526093140252,0,0.0,RSI_LT_34,EEM
2018-09-21,75.14973274247339,0,-0.0,RSI_LT_34,EEM
2018-09-24,73.39188494318657,0,0.0,RSI_LT_34,EEM
2018-09-25,74.00005667562577,0,0.0,RSI_LT_34,EEM
2018-09-26,73.07698818908746,0,0.0,RSI_LT_34,EEM
2018-09-27,69.96703991217358,0,-0.0,RSI_LT_34,EEM
2018-09-28,64.63417187118384,0,0.0,RSI_LT_34,EEM
2018-10-01,73.19588169440956,0,-0.0,RSI_LT_34,EEM
2018-10-02,56.7213106552651,0,-0.0,RSI_LT_34,EEM
2018-10-03,40.780120257830625,0,-0.0,RSI_LT_34,EEM
2018-10-04,20.000022439410785,1,-0.3659466204845474,RSI_LT_34,EEM
2018-10-05,14.328351070734769,1,0.14691815148588638,RSI_LT_34,EEM
2018-10-08,18.49316947564931,1,-0.3667518833318284,RSI_LT_34,EEM
2018-10-09,12.758691903254203,1,-2.96932290668136,RSI_LT_34,EEM
2018-10-10,6.965231253914325,1,-1.0116376242212621,RSI_LT_34,EEM
2018-10-11,1.6627885483151914,1,2.9381746137253417,RSI_LT_34,EEM
2018-10-12,24.063180926240264,1,-1.0672630811732309,RSI_LT_34,EEM
2018-10-15,22.040103615134257,1,2.5087806941485713,RSI_LT_34,EEM
2018-10-16,37.14287729250307,0,-0.0,RSI_LT_34,EEM
2018-10-17,36.22951947369738,0,-0.0,RSI_LT_34,EEM
2018-10-18,36.170211437583276,0,0.0,RSI_LT_34,EEM
2018-10-19,40.75828641300057,0,0.0,RSI_LT_34,EEM
2018-10-22,44.02983205095065,0,-0.0,RSI_LT_34,EEM
2018-10-23,42.203148134100495,0,-0.0,RSI_LT_34,EEM
2018-10-24,41.784705228241506,0,0.0,RSI_LT_34,EEM
2018-10-25,49.864861730068846,0,-0.0,RSI_LT_34,EEM
2018-10-26,37.91042175767666,0,-0.0,RSI_LT_34,EEM
2018-10-29,36.59940921618356,0,0.0,RSI_LT_34,EEM
2018-10-30,34.13173618499235,0,0.0,RSI_LT_34,EEM
2018-10-31,40.909077773070415,0,0.0,RSI_LT_34,EEM
2018-11-01,59.07783197510221,0,0.0,RSI_LT_34,EEM
2018-11-02,58.418759166730894,0,0.0,RSI_LT_34,EEM
2018-11-05,56.37482743021618,0,-0.0,RSI_LT_34,EEM
2018-11-06,59.77200022614834,0,0.0,RSI_LT_34,EEM
2018-11-07,78.86324676292628,0,-0.0,RSI_LT_34,EEM
2018-11-08,61.976549520766774,0,-0.0,RSI_LT_34,EEM
2018-11-09,59.011172134094814,0,-0.0,RSI_LT_34,EEM
2018-11-12,60.06494893817032,0,0.0,RSI_LT_34,EEM
2018-11-13,58.0919739222659,0,0.0,RSI_LT_34,EEM
2018-11-14,56.76626224608624,0,0.0,RSI_LT_34,EEM
2018-11-15,52.50963800854994,0,0.0,RSI_LT_34,EEM
2018-11-16,50.800018310546875,0,-0.0,RSI_LT_34,EEM
2018-11-19,44.669103209954116,0,-0.0,RSI_LT_34,EEM
2018-11-20,38.9423021080476,0,0.0,RSI_LT_34,EEM
2018-11-21,38.54837250883379,0,-0.0,RSI_LT_34,EEM
2018-11-23,42.75493658999962,0,0.0,RSI_LT_34,EEM
2018-11-26,54.03377835797502,0,0.0,RSI_LT_34,EEM
2018-11-27,62.57423558685205,0,0.0,RSI_LT_34,EEM
2018-11-28,66.0682317199286,0,-0.0,RSI_LT_34,EEM
2018-11-29,60.45693245972946,0,-0.0,RSI_LT_34,EEM
2018-11-30,52.68597451401981,0,0.0,RSI_LT_34,EEM
2018-12-03,59.03398633667785,0,-0.0,RSI_LT_34,EEM
2018-12-04,55.64926848378686,0,-0.0,RSI_LT_34,EEM
2018-12-06,60.66178094765932,0,-0.0,RSI_LT_34,EEM
2018-12-07,46.98355911222693,0,-0.0,RSI_LT_34,EEM
2018-12-10,47.4169475492656,0,0.0,RSI_LT_34,EEM
2018-12-11,45.506676819750666,0,0.0,RSI_LT_34,EEM
2018-12-12,49.10715623778105,0,-0.0,RSI_LT_34,EEM
2018-12-13,38.36207924218993,0,-0.0,RSI_LT_34,EEM
2018-12-14,36.701046172045395,0,-0.0,RSI_LT_34,EEM
2018-12-17,34.3629087727722,0,-0.0,RSI_LT_34,EEM
2018-12-18,20.342620115943873,1,-1.6606993390846814,RSI_LT_34,EEM
2018-12-19,21.444711004410593,1,0.7794212106474907,RSI_LT_34,EEM
2018-12-20,28.73564226370354,1,-0.6960568481337526,RSI_LT_34,EEM
2018-12-21,32.383414568583504,1,-0.9345810126515808,RSI_LT_34,EEM
2018-12-24,32.89474344649936,1,1.9916098652310144,RSI_LT_34,EEM
2018-12-26,40.140839394913556,0,-0.0,RSI_LT_34,EEM
2018-12-27,28.961713322062934,1,0.9518980106750785,RSI_LT_34,EEM
2018-12-28,35.57214284426452,0,-0.0,RSI_LT_34,EEM
2018-12-31,39.393936209453095,0,0.0,RSI_LT_34,EEM
2019-01-02,45.53572138151209,0,-0.0,RSI_LT_34,EEM
2019-01-03,40.80000895183202,0,0.0,RSI_LT_34,EEM
2019-01-04,63.824861299599895,0,0.0,RSI_LT_34,EEM
2019-01-07,61.98545426331958,0,0.0,RSI_LT_34,EEM
2019-01-08,67.58105283786008,0,0.0,RSI_LT_34,EEM
2019-01-09,78.44038262491611,0,0.0,RSI_LT_34,EEM
2019-01-10,75.83550709004257,0,-0.0,RSI_LT_34,EEM
2019-01-11,73.0198043174054,0,-0.0,RSI_LT_34,EEM
2019-01-14,64.33912958275187,0,0.0,RSI_LT_34,EEM
2019-01-15,69.58635098397919,0,0.0,RSI_LT_34,EEM
2019-01-16,72.28380343221382,0,0.0,RSI_LT_34,EEM
2019-01-17,86.43213624029912,0,0.0,RSI_LT_34,EEM
2019-01-18,81.63263717328573,0,-0.0,RSI_LT_34,EEM
2019-01-22,64.70592635176,0,0.0,RSI_LT_34,EEM
2019-01-23,67.18751241764618,0,0.0,RSI_LT_34,EEM
2019-01-24,64.30598421384789,0,0.0,RSI_LT_34,EEM
2019-01-25,66.75463626984725,0,-0.0,RSI_LT_34,EEM
2019-01-28,62.779145053197524,0,0.0,RSI_LT_34,EEM
2019-01-29,69.14895775630997,0,0.0,RSI_LT_34,EEM
2019-01-30,73.57633255793948,0,0.0,RSI_LT_34,EEM
2019-01-31,72.70588594324448,0,-0.0,RSI_LT_34,EEM
2019-02-01,65.98639338093776,0,0.0,RSI_LT_34,EEM
2019-02-04,64.95329226891461,0,0.0,RSI_LT_34,EEM
2019-02-05,81.20476368188929,0,-0.0,RSI_LT_34,EEM
2019-02-06,68.287059521644,0,-0.0,RSI_LT_34,EEM
2019-02-07,58.62069267911105,0,-0.0,RSI_LT_34,EEM
2019-02-08,49.50493927645407,0,-0.0,RSI_LT_34,EEM
2019-02-11,53.47596637352639,0,0.0,RSI_LT_34,EEM
2019-02-12,56.71639383308487,0,-0.0,RSI_LT_34,EEM
2019-02-13,40.17590157387385,0,0.0,RSI_LT_34,EEM
2019-02-14,34.824316583588256,0,-0.0,RSI_LT_34,EEM
2019-02-15,38.24563986561551,0,0.0,RSI_LT_34,EEM
2019-02-19,43.4082863752444,0,0.0,RSI_LT_34,EEM
2019-02-20,36.231906092047595,0,-0.0,RSI_LT_34,EEM
2019-02-21,44.247745786113846,0,0.0,RSI_LT_34,EEM
2019-02-22,63.91301174925199,0,0.0,RSI_LT_34,EEM
2019-02-25,76.77165590842327,0,-0.0,RSI_LT_34,EEM
2019-02-26,76.47052663702675,0,-0.0,RSI_LT_34,EEM
2019-02-27,62.25681338140538,0,-0.0,RSI_LT_34,EEM
2019-02-28,56.537070560975046,0,0.0,RSI_LT_34,EEM
2019-03-01,56.07141640724518,0,0.0,RSI_LT_34,EEM
2019-03-04,58.214260412749795,0,0.0,RSI_LT_34,EEM
2019-03-05,59.51560062196573,0,-0.0,RSI_LT_34,EEM
2019-03-06,51.21106444314795,0,-0.0,RSI_LT_34,EEM
2019-03-07,41.225630884742195,0,-0.0,RSI_LT_34,EEM
2019-03-08,29.532176136097462,1,1.8731959431555145,RSI_LT_34,EEM
2019-03-11,35.21504301270437,0,0.0,RSI_LT_34,EEM
2019-03-12,40.369411198689114,0,0.0,RSI_LT_34,EEM
2019-03-13,45.533127904305104,0,-0.0,RSI_LT_34,EEM
2019-03-14,50.31847830180541,0,0.0,RSI_LT_34,EEM
2019-03-15,57.951478322562735,0,0.0,RSI_LT_34,EEM
2019-03-18,62.22761431147106,0,0.0,RSI_LT_34,EEM
2019-03-19,58.17694452228374,0,0.0,RSI_LT_34,EEM
2019-03-20,62.921371190260096,0,0.0,RSI_LT_34,EEM
2019-03-21,81.27211481303252,0,-0.0,RSI_LT_34,EEM
2019-03-22,60.36747272639892,0,0.0,RSI_LT_34,EEM
2019-03-25,51.75719979037428,0,0.0,RSI_LT_34,EEM
2019-03-26,50.32895521114495,0,-0.0,RSI_LT_34,EEM
2019-03-27,42.89857540281027,0,0.0,RSI_LT_34,EEM
2019-03-28,50.28572113660663,0,0.0,RSI_LT_34,EEM
2019-03-29,47.5903005345185,0,0.0,RSI_LT_34,EEM
2019-04-01,50.98591246601691,0,-0.0,RSI_LT_34,EEM
2019-04-02,48.77383799672995,0,0.0,RSI_LT_34,EEM
2019-04-03,51.794866778825465,0,0.0,RSI_LT_34,EEM
2019-04-04,54.257938706770204,0,0.0,RSI_LT_34,EEM
2019-04-05,81.07259240718366,0,0.0,RSI_LT_34,EEM
2019-04-08,80.45607381874844,0,-0.0,RSI_LT_34,EEM
2019-04-09,77.2277589211075,0,0.0,RSI_LT_34,EEM
2019-04-10,91.72663153850375,0,-0.0,RSI_LT_34,EEM
2019-04-11,76.17452370681103,0,0.0,RSI_LT_34,EEM
2019-04-12,75.17486248419435,0,-0.0,RSI_LT_34,EEM
2019-04-15,60.50421380280878,0,0.0,RSI_LT_34,EEM
2019-04-16,68.8715751162594,0,0.0,RSI_LT_34,EEM
2019-04-17,66.66666666666666,0,-0.0,RSI_LT_34,EEM
2019-04-18,61.57409533228547,0,-0.0,RSI_LT_34,EEM
2019-04-22,46.91940129049054,0,0.0,RSI_LT_34,EEM
2019-04-23,49.321206827804886,0,-0.0,RSI_LT_34,EEM
2019-04-24,40.07348919400305,0,-0.0,RSI_LT_34,EEM
2019-04-25,34.24119315609558,0,0.0,RSI_LT_34,EEM
2019-04-26,46.46017773801787,0,0.0,RSI_LT_34,EEM
2019-04-29,40.394097926908096,0,-0.0,RSI_LT_34,EEM
2019-04-30,44.56519710995242,0,-0.0,RSI_LT_34,EEM
2019-05-01,26.630468584791828,1,0.229363055775611,RSI_LT_34,EEM
2019-05-02,25.41445197078076,1,1.1899323768540304,RSI_LT_34,EEM
2019-05-03,42.60871440110261,0,-0.0,RSI_LT_34,EEM
2019-05-06,33.56169215454196,1,-1.9626004660959206,RSI_LT_34,EEM
2019-05-07,23.978271873905356,1,-0.1413037208841783,RSI_LT_34,EEM
2019-05-08,28.115093849823225,1,-1.5801933007800528,RSI_LT_34,EEM
2019-05-09,23.529483762587702,1,0.5990893907079187,RSI_LT_34,EEM
2019-05-10,25.13091776247464,1,-3.3349159753398583,RSI_LT_34,EEM
2019-05-13,16.959101725163592,1,1.404632008636364,RSI_LT_34,EEM
2019-05-14,25.441722786263867,1,0.19440586486274558,RSI_LT_34,EEM
2019-05-15,28.09612755332644,1,-0.4850855327674042,RSI_LT_34,EEM
2019-05-16,25.771299482904126,1,-1.8035532190727843,RSI_LT_34,EEM
2019-05-17,15.706778049696283,1,-0.4219458420936961,RSI_LT_34,EEM
2019-05-20,18.03603399745279,1,1.2711917991232946,RSI_LT_34,EEM
2019-05-21,30.322592289057397,1,-0.4922489728812818,RSI_LT_34,EEM
2019-05-22,29.436316866692692,1,-1.2861747559697712,RSI_LT_34,EEM
2019-05-23,30.387931743218232,1,0.10022780175464874,RSI_LT_34,EEM
2019-05-24,27.08805147343749,1,0.3504365130784004,RSI_LT_34,EEM
2019-05-28,42.271271737443094,0,0.0,RSI_LT_34,EEM
2019-05-29,36.01393564633762,0,0.0,RSI_LT_34,EEM
2019-05-30,39.0000165303338,0,0.0,RSI_LT_34,EEM
2019-05-31,44.55783283854762,0,0.0,RSI_LT_34,EEM
2019-06-03,65.3696238155176,0,0.0,RSI_LT_34,EEM
2019-06-04,71.08430781675371,0,-0.0,RSI_LT_34,EEM
2019-06-05,54.54543953285597,0,0.0,RSI_LT_34,EEM
2019-06-06,60.09391689322057,0,0.0,RSI_LT_34,EEM
2019-06-07,82.90162609178613,0,0.0,RSI_LT_34,EEM
2019-06-10,85.77592231157911,0,0.0,RSI_LT_34,EEM
2019-06-11,87.54723391024082,0,-0.0,RSI_LT_34,EEM
2019-06-12,72.5352557257394,0,-0.0,RSI_LT_34,EEM
2019-06-13,68.4015275814098,0,-0.0,RSI_LT_34,EEM
2019-06-14,56.47839057909852,0,-0.0,RSI_LT_34,EEM
2019-06-17,47.670229333274996,0,0.0,RSI_LT_34,EEM
2019-06-18,60.43361442183537,0,0.0,RSI_LT_34,EEM
2019-06-19,69.54177398707529,0,0.0,RSI_LT_34,EEM
2019-06-20,73.78188612379972,0,-0.0,RSI_LT_34,EEM
2019-06-21,69.24939154208866,0,-0.0,RSI_LT_34,EEM
2019-06-24,64.62763097288929,0,-0.0,RSI_LT_34,EEM
2019-06-25,52.546898793921436,0,0.0,RSI_LT_34,EEM
2019-06-26,64.13040886752103,0,0.0,RSI_LT_34,EEM
2019-06-27,68.0306892894809,0,-0.0,RSI_LT_34,EEM
2019-06-28,75.78350767558756,0,0.0,RSI_LT_34,EEM
2019-07-01,81.91211999641202,0,-0.0,RSI_LT_34,EEM
2019-07-02,72.9097612941912,0,-0.0,RSI_LT_34,EEM
2019-07-03,67.27940299930859,0,-0.0,RSI_LT_34,EEM
2019-07-05,50.4166766007836,0,-0.0,RSI_LT_34,EEM
2019-07-08,48.015827963239644,0,-0.0,RSI_LT_34,EEM
2019-07-09,46.718177426386546,0,0.0,RSI_LT_34,EEM
2019-07-10,62.54983046622927,0,-0.0,RSI_LT_34,EEM
2019-07-11,53.42468855383072,0,0.0,RSI_LT_34,EEM
2019-07-12,46.87492549412298,0,0.0,RSI_LT_34,EEM
2019-07-15,52.47521386890262,0,-0.0,RSI_LT_34,EEM
2019-07-16,35.03189046687643,0,-0.0,RSI_LT_34,EEM
2019-07-17,34.591143665323926,0,0.0,RSI_LT_34,EEM
2019-07-18,45.7627776161381,0,-0.0,RSI_LT_34,EEM
2019-07-19,47.92900610350681,0,0.0,RSI_LT_34,EEM
2019-07-22,56.94447755816756,0,0.0,RSI_LT_34,EEM
2019-07-23,63.97048098823054,0,0.0,RSI_LT_34,EEM
2019-07-24,54.205600812848715,0,-0.0,RSI_LT_34,EEM
2019-07-25,42.33581520195579,0,0.0,RSI_LT_34,EEM
2019-07-26,44.755339893882365,0,-0.0,RSI_LT_34,EEM
2019-07-29,35.55564346587698,0,-0.0,RSI_LT_34,EEM
2019-07-30,29.62971684229116,1,-1.2296061634104793,RSI_LT_34,EEM
2019-07-31,23.880693323919985,1,-1.9631306819193672,RSI_LT_34,EEM
2019-08-01,8.560347092447657,1,-0.9768046848021461,RSI_LT_34,EEM
2019-08-02,8.000033291857221,1,-3.6991369376625727,RSI_LT_34,EEM
2019-08-05,4.952892148571479,1,1.434062443615991,RSI_LT_34,EEM
2019-08-06,15.157976398706708,1,0.45443146276735735,RSI_LT_34,EEM
2019-08-07,17.07821142665624,1,1.2314597951625483,RSI_LT_34,EEM
2019-08-08,26.5593434731083,1,-1.017874527898055,RSI_LT_34,EEM
2019-08-09,23.2514050919349,1,-1.203911600440155,RSI_LT_34,EEM
2019-08-12,21.61686887695687,1,1.2693577246700727,RSI_LT_34,EEM
2019-08-13,29.52217341377613,1,-2.882922358429685,RSI_LT_34,EEM
2019-08-14,26.656396173780976,1,0.6711365778740319,RSI_LT_34,EEM
2019-08-15,33.5581625885406,1,1.384617732121396,RSI_LT_34,EEM
2019-08-16,41.68040356633587,0,0.0,RSI_LT_34,EEM
2019-08-19,56.8710582770134,0,0.0,RSI_LT_34,EEM
2019-08-20,51.99998204845122,0,0.0,RSI_LT_34,EEM
2019-08-21,54.1572977843004,0,-0.0,RSI_LT_34,EEM
2019-08-22,42.857142857142854,0,-0.0,RSI_LT_34,EEM
2019-08-23,41.20171252220467,0,0.0,RSI_LT_34,EEM
2019-08-26,48.5193485289939,0,0.0,RSI_LT_34,EEM
2019-08-27,42.929322120432715,0,0.0,RSI_LT_34,EEM
2019-08-28,61.98625663000026,0,0.0,RSI_LT_34,EEM
2019-08-29,64.19355513525554,0,0.0,RSI_LT_34,EEM
2019-08-30,61.324006151367776,0,-0.0,RSI_LT_34,EEM
2019-09-03,54.05401922298717,0,0.0,RSI_LT_34,EEM
2019-09-04,61.690156585128925,0,0.0,RSI_LT_34,EEM
2019-09-05,62.53442947173289,0,0.0,RSI_LT_34,EEM
2019-09-06,74.46808757336623,0,0.0,RSI_LT_34,EEM
2019-09-09,91.1660834541994,0,0.0,RSI_LT_34,EEM
2019-09-10,90.56604316795311,0,0.0,RSI_LT_34,EEM
2019-09-11,91.28919536441006,0,0.0,RSI_LT_34,EEM
2019-09-12,91.8300690260434,0,0.0,RSI_LT_34,EEM
2019-09-13,91.25874312420972,0,-0.0,RSI_LT_34,EEM
2019-09-16,79.86108167676853,0,0.0,RSI_LT_34,EEM
2019-09-17,87.45242515664887,0,-0.0,RSI_LT_34,EEM
2019-09-18,76.52583336765963,0,-0.0,RSI_LT_34,EEM
2019-09-19,63.586927226513744,0,0.0,RSI_LT_34,EEM
2019-09-20,60.58822473443046,0,0.0,RSI_LT_34,EEM
2019-09-23,58.38508433774905,0,-0.0,RSI_LT_34,EEM
2019-09-24,45.04950588537447,0,-0.0,RSI_LT_34,EEM
2019-09-25,35.227309672175565,0,-0.0,RSI_LT_34,EEM
2019-09-26,21.768815167352614,1,-1.2873422464629969,RSI_LT_34,EEM
2019-09-27,4.54554321322135,1,0.5659437640024079,RSI_LT_34,EEM
2019-09-30,18.67474032539755,1,-0.7095598444066376,RSI_LT_34,EEM
2019-10-01,15.897500102703347,1,-0.763926464522191,RSI_LT_34,EEM
2019-10-02,14.832573437346,1,1.2912849561774076,RSI_LT_34,EEM
2019-10-03,34.01643444980863,0,0.0,RSI_LT_34,EEM
2019-10-04,37.596919855928746,0,-0.0,RSI_LT_34,EEM
2019-10-07,32.29166528693003,1,-0.7137605412344539,RSI_LT_34,EEM
2019-10-08,34.06595095667873,0,0.0,RSI_LT_34,EEM
2019-10-09,41.19603981476553,0,0.0,RSI_LT_34,EEM
2019-10-10,48.538033221346254,0,0.0,RSI_LT_34,EEM
2019-10-11,65.35211812454398,0,-0.0,RSI_LT_34,EEM
2019-10-14,59.71429007393973,0,0.0,RSI_LT_34,EEM
2019-10-15,68.71502307997221,0,0.0,RSI_LT_34,EEM
2019-10-16,76.10617676547736,0,0.0,RSI_LT_34,EEM
2019-10-17,73.26730429549652,0,-0.0,RSI_LT_34,EEM
2019-10-18,66.44946525957928,0,0.0,RSI_LT_34,EEM
2019-10-21,77.81345788935921,0,0.0,RSI_LT_34,EEM
2019-10-22,85.96487001262196,0,0.0,RSI_LT_34,EEM
2019-10-23,84.31368442468451,0,0.0,RSI_LT_34,EEM
2019-10-24,81.22062868932318,0,0.0,RSI_LT_34,EEM
2019-10-25,77.40109828533005,0,0.0,RSI_LT_34,EEM
2019-10-28,88.0434376982498,0,-0.0,RSI_LT_34,EEM
2019-10-29,73.96444895886236,0,0.0,RSI_LT_34,EEM
2019-10-30,74.99989162805014,0,-0.0,RSI_LT_34,EEM
2019-10-31,59.79384889462187,0,0.0,RSI_LT_34,EEM
2019-11-01,76.27125767183537,0,0.0,RSI_LT_34,EEM
2019-11-04,76.76354852904399,0,0.0,RSI_LT_34,EEM
2019-11-05,78.70729492717257,0,-0.0,RSI_LT_34,EEM
2019-11-06,74.63763809281606,0,0.0,RSI_LT_34,EEM
2019-11-07,77.27271601329693,0,-0.0,RSI_LT_34,EEM
2019-11-08,65.40877787094584,0,-0.0,RSI_LT_34,EEM
2019-11-11,56.48144223569138,0,-0.0,RSI_LT_34,EEM
2019-11-12,55.45454965806473,0,-0.0,RSI_LT_34,EEM
2019-11-13,47.674425051869804,0,0.0,RSI_LT_34,EEM
2019-11-14,53.35460455275595,0,0.0,RSI_LT_34,EEM
2019-11-15,48.409898755983185,0,-0.0,RSI_LT_34,EEM
2019-11-18,38.05673831156496,0,0.0,RSI_LT_34,EEM
2019-11-19,33.76632384123022,1,-0.44033009197530504,RSI_LT_34,EEM
2019-11-20,33.05095019420912,1,-0.20949756635451067,RSI_LT_34,EEM
2019-11-21,21.59629205776109,1,0.0,RSI_LT_34,EEM
2019-11-22,26.589652731686783,1,1.0030331604603093,RSI_LT_34,EEM
2019-11-25,48.108122597779655,0,-0.0,RSI_LT_34,EEM
2019-11-26,52.35287121870001,0,0.0,RSI_LT_34,EEM
2019-11-27,66.19717553130046,0,-0.0,RSI_LT_34,EEM
2019-11-29,43.96137402329353,0,-0.0,RSI_LT_34,EEM
2019-12-02,32.75864714896751,1,-0.5172758342822936,RSI_LT_34,EEM
2019-12-03,30.158803844554683,1,0.7563216365817027,RSI_LT_34,EEM
2019-12-04,37.735876217055605,0,0.0,RSI_LT_34,EEM
2019-12-05,46.6981318803914,0,0.0,RSI_LT_34,EEM
2019-12-06,54.38597665341005,0,-0.0,RSI_LT_34,EEM
2019-12-09,50.612297645943265,0,0.0,RSI_LT_34,EEM
2019-12-10,44.23962647577929,0,0.0,RSI_LT_34,EEM
2019-12-11,59.550608351763906,0,0.0,RSI_LT_34,EEM
2019-12-12,68.04733393902116,0,-0.0,RSI_LT_34,EEM
2019-12-13,84.5588544661515,0,-0.0,RSI_LT_34,EEM
2019-12-16,70.33648776026355,0,0.0,RSI_LT_34,EEM
2019-12-17,78.26091283223904,0,0.0,RSI_LT_34,EEM
2019-12-18,77.74486287995671,0,0.0,RSI_LT_34,EEM
2019-12-19,76.5625689180184,0,0.0,RSI_LT_34,EEM
2019-12-20,75.32901836580015,0,0.0,RSI_LT_34,EEM
2019-12-23,80.20479637537757,0,-0.0,RSI_LT_34,EEM
2019-12-24,76.38895695607657,0,0.0,RSI_LT_34,EEM
2019-12-26,73.54091089908387,0,0.0,RSI_LT_34,EEM
2019-12-27,65.82921990166102,0,-0.0,RSI_LT_34,EEM
2019-12-30,57.70932587196357,0,0.0,RSI_LT_34,EEM
2019-12-31,77.90060255564525,0,0.0,RSI_LT_34,EEM
2020-01-02,82.7586887283717,0,-0.0,RSI_LT_34,EEM
2020-01-03,57.337907509634405,0,-0.0,RSI_LT_34,EEM
2020-01-06,54.96688658069683,0,-0.0,RSI_LT_34,EEM
2020-01-07,53.040554473003205,0,0.0,RSI_LT_34,EEM
2020-01-08,56.0126899355725,0,0.0,RSI_LT_34,EEM
2020-01-09,61.607148939262174,0,0.0,RSI_LT_34,EEM
2020-01-10,60.670759719061074,0,0.0,RSI_LT_34,EEM
2020-01-13,66.14175278117919,0,-0.0,RSI_LT_34,EEM
2020-01-14,66.84353943868192,0,-0.0,RSI_LT_34,EEM
2020-01-15,60.04965738674926,0,0.0,RSI_LT_34,EEM
2020-01-16,52.78596279267489,0,0.0,RSI_LT_34,EEM
2020-01-17,73.04966553713587,0,-0.0,RSI_LT_34,EEM
2020-01-21,53.0928103649826,0,0.0,RSI_LT_34,EEM
2020-01-22,57.58294267278707,0,-0.0,RSI_LT_34,EEM
2020-01-23,48.98419611865009,0,-0.0,RSI_LT_34,EEM
2020-01-24,41.648102930606456,0,-0.0,RSI_LT_34,EEM
2020-01-27,28.15197139039617,1,0.8360352628265177,RSI_LT_34,EEM
2020-01-28,23.52935814106128,1,0.48365478587264477,RSI_LT_34,EEM
2020-01-29,27.643767848232955,1,-1.4898040567638882,RSI_LT_34,EEM
2020-01-30,26.232372964793953,1,-2.0241948374843943,RSI_LT_34,EEM
2020-01-31,19.169297144458938,1,1.1161273186673482,RSI_LT_34,EEM
2020-02-03,21.792896641708992,1,2.5833687806909422,RSI_LT_34,EEM
2020-02-04,39.21873779966991,0,0.0,RSI_LT_34,EEM
2020-02-05,38.05732251935291,0,0.0,RSI_LT_34,EEM
2020-02-06,41.53847758978887,0,-0.0,RSI_LT_34,EEM
2020-02-07,39.83608054141199,0,0.0,RSI_LT_34,EEM
2020-02-10,55.62497069437833,0,0.0,RSI_LT_34,EEM
2020-02-11,57.48502674855445,0,0.0,RSI_LT_34,EEM
2020-02-12,60.55554692146954,0,-0.0,RSI_LT_34,EEM
2020-02-13,61.23596187874549,0,0.0,RSI_LT_34,EEM
2020-02-14,73.27393509239805,0,-0.0,RSI_LT_34,EEM
2020-02-18,65.42920641045953,0,0.0,RSI_LT_34,EEM
2020-02-19,57.79035174076503,0,-0.0,RSI_LT_34,EEM
2020-02-20,45.088170406414065,0,-0.0,RSI_LT_34,EEM
2020-02-21,41.866025651555724,0,-0.0,RSI_LT_34,EEM
2020-02-24,33.7186739265932,1,-0.7919319195059504,RSI_LT_34,EEM
2020-02-25,28.598511257325043,1,0.7982535441204197,RSI_LT_34,EEM
2020-02-26,25.19841720367603,1,-2.3998081208106536,RSI_LT_34,EEM
2020-02-27,12.31614592062202,1,-0.3688166165106366,RSI_LT_34,EEM
2020-02-28,13.399973602274784,1,2.1717696401126974,RSI_LT_34,EEM
2020-03-02,26.109208462904007,1,-0.676334743174134,RSI_LT_34,EEM
2020-03-03,26.15383210893475,1,1.7752907616694458,RSI_LT_34,EEM
2020-03-04,30.990401707229836,1,-2.102741422946852,RSI_LT_34,EEM
2020-03-05,30.077512319408015,1,-2.050281004540022,RSI_LT_34,EEM
2020-03-06,27.556810023121187,1,-6.8278136195810575,RSI_LT_34,EEM
2020-03-09,23.774504533227628,1,5.081576776930707,RSI_LT_34,EEM
2020-03-10,39.46557382576517,0,-0.0,RSI_LT_34,EEM
2020-03-11,31.255575129132396,1,-10.010678301256004,RSI_LT_34,EEM
2020-03-12,25.10730538909084,1,7.208544559988073,RSI_LT_34,EEM
2020-03-13,36.531366958493244,0,-0.0,RSI_LT_34,EEM
2020-03-16,25.439919923982245,1,6.892198135839522,RSI_LT_34,EEM
2020-03-17,33.226259817066136,1,-8.636503593724488,RSI_LT_34,EEM
2020-03-18,27.147631762515275,1,0.7769497438015138,RSI_LT_34,EEM
2020-03-19,28.920312821389956,1,0.7388418110683137,RSI_LT_34,EEM
2020-03-20,30.70832331968792,1,-2.3915815861063283,RSI_LT_34,EEM
2020-03-23,33.654783663170846,1,7.513881709243564,RSI_LT_34,EEM
2020-03-24,34.910125473543815,0,0.0,RSI_LT_34,EEM
2020-03-25,41.719593171115875,0,0.0,RSI_LT_34,EEM
2020-03-26,54.58079117345852,0,-0.0,RSI_LT_34,EEM
2020-03-27,42.06935849572176,0,0.0,RSI_LT_34,EEM
2020-03-30,58.327221566148914,0,0.0,RSI_LT_34,EEM
2020-03-31,51.369860776708414,0,-0.0,RSI_LT_34,EEM
2020-04-01,58.708401359553946,0,0.0,RSI_LT_34,EEM
2020-04-02,61.913351030802104,0,-0.0,RSI_LT_34,EEM
2020-04-03,57.70234562191633,0,0.0,RSI_LT_34,EEM
2020-04-06,67.25097867448613,0,0.0,RSI_LT_34,EEM
2020-04-07,60.594426669358526,0,0.0,RSI_LT_34,EEM
2020-04-08,57.32086486991815,0,-0.0,RSI_LT_34,EEM
2020-04-09,49.94095557391093,0,0.0,RSI_LT_34,EEM
2020-04-13,65.74500750046877,0,0.0,RSI_LT_34,EEM
2020-04-14,67.06053250210175,0,-0.0,RSI_LT_34,EEM
2020-04-15,57.697435983856735,0,0.0,RSI_LT_34,EEM
2020-04-16,72.58065310030062,0,0.0,RSI_LT_34,EEM
2020-04-17,71.13750527840169,0,-0.0,RSI_LT_34,EEM
2020-04-20,73.38002274121116,0,-0.0,RSI_LT_34,EEM
2020-04-21,48.67078456396991,0,0.0,RSI_LT_34,EEM
2020-04-22,55.65370881842702,0,-0.0,RSI_LT_34,EEM
2020-04-23,51.3812313831282,0,-0.0,RSI_LT_34,EEM
2020-04-24,52.14956776197389,0,0.0,RSI_LT_34,EEM
2020-04-27,57.47508242491143,0,0.0,RSI_LT_34,EEM
2020-04-28,51.51515370449174,0,0.0,RSI_LT_34,EEM
2020-04-29,69.8706666779486,0,-0.0,RSI_LT_34,EEM
2020-04-30,59.733783058137135,0,-0.0,RSI_LT_34,EEM
2020-05-01,42.81345458723918,0,0.0,RSI_LT_34,EEM
2020-05-04,49.22601697837784,0,0.0,RSI_LT_34,EEM
2020-05-05,59.61200386179614,0,-0.0,RSI_LT_34,EEM
2020-05-06,50.31058598670779,0,0.0,RSI_LT_34,EEM
2020-05-07,54.5090241640732,0,0.0,RSI_LT_34,EEM
2020-05-08,61.052615376172604,0,-0.0,RSI_LT_34,EEM
2020-05-11,52.87355313860857,0,-0.0,RSI_LT_34,EEM
2020-05-12,50.85066230729126,0,-0.0,RSI_LT_34,EEM
2020-05-13,37.90697468107379,0,0.0,RSI_LT_34,EEM
2020-05-14,48.49314295389131,0,-0.0,RSI_LT_34,EEM
2020-05-15,62.54414531965256,0,0.0,RSI_LT_34,EEM
2020-05-18,72.53882886835936,0,-0.0,RSI_LT_34,EEM
2020-05-19,65.65654230365382,0,0.0,RSI_LT_34,EEM
2020-05-20,71.19815769465723,0,-0.0,RSI_LT_34,EEM
2020-05-21,62.49998935631235,0,-0.0,RSI_LT_34,EEM
2020-05-22,45.43430184694149,0,0.0,RSI_LT_34,EEM
2020-05-26,56.23763528013856,0,0.0,RSI_LT_34,EEM
2020-05-27,58.84691456896186,0,-0.0,RSI_LT_34,EEM
2020-05-28,56.704991482697565,0,0.0,RSI_LT_34,EEM
2020-05-29,60.48952191551242,0,0.0,RSI_LT_34,EEM
2020-06-01,71.10017438626558,0,0.0,RSI_LT_34,EEM
2020-06-02,68.57144998044967,0,0.0,RSI_LT_34,EEM
2020-06-03,76.52733611973984,0,-0.0,RSI_LT_34,EEM
2020-06-04,67.77777374105816,0,0.0,RSI_LT_34,EEM
2020-06-05,76.87861590322127,0,0.0,RSI_LT_34,EEM
2020-06-08,87.03126862646926,0,-0.0,RSI_LT_34,EEM
2020-06-09,81.12248241052805,0,0.0,RSI_LT_34,EEM
2020-06-10,81.6832022842884,0,-0.0,RSI_LT_34,EEM
2020-06-11,62.26416633437985,0,0.0,RSI_LT_34,EEM
2020-06-12,63.14497270192375,0,-0.0,RSI_LT_34,EEM
2020-06-15,54.325705549758545,0,0.0,RSI_LT_34,EEM
2020-06-16,50.06952944403503,0,0.0,RSI_LT_34,EEM
2020-06-17,46.015043114723255,0,0.0,RSI_LT_34,EEM
2020-06-18,50.49181496575837,0,-0.0,RSI_LT_34,EEM
2020-06-19,40.11857230739538,0,0.0,RSI_LT_34,EEM
2020-06-22,42.830203481739474,0,0.0,RSI_LT_34,EEM
2020-06-23,49.168205590329706,0,-0.0,RSI_LT_34,EEM
2020-06-24,41.76991102643011,0,0.0,RSI_LT_34,EEM
2020-06-25,68.937291465278,0,-0.0,RSI_LT_34,EEM
2020-06-26,51.05104348284308,0,0.0,RSI_LT_34,EEM
2020-06-29,64.38351690414821,0,-0.0,RSI_LT_34,EEM
2020-06-30,58.21431734116253,0,0.0,RSI_LT_34,EEM
2020-07-01,59.233419374390245,0,0.0,RSI_LT_34,EEM
2020-07-02,68.96549979560531,0,0.0,RSI_LT_34,EEM
2020-07-06,79.0613780557166,0,-0.0,RSI_LT_34,EEM
2020-07-07,67.41766171637562,0,0.0,RSI_LT_34,EEM
2020-07-08,70.98765286743816,0,0.0,RSI_LT_34,EEM
2020-07-09,77.44108414422375,0,-0.0,RSI_LT_34,EEM
2020-07-10,73.22315477395236,0,-0.0,RSI_LT_34,EEM
2020-07-13,75.72652069522712,0,0.0,RSI_LT_34,EEM
2020-07-14,75.21816356475404,0,0.0,RSI_LT_34,EEM
2020-07-15,77.48689321842639,0,-0.0,RSI_LT_34,EEM
2020-07-16,67.7419271270164,0,0.0,RSI_LT_34,EEM
2020-07-17,63.531660871405236,0,0.0,RSI_LT_34,EEM
2020-07-20,52.26130845922781,0,0.0,RSI_LT_34,EEM
2020-07-21,67.75958676238838,0,-0.0,RSI_LT_34,EEM
2020-07-22,50.181787412071344,0,-0.0,RSI_LT_34,EEM
2020-07-23,44.516130620060125,0,-0.0,RSI_LT_34,EEM
2020-07-24,48.251710942428836,0,0.0,RSI_LT_34,EEM
2020-07-27,63.27159185634157,0,-0.0,RSI_LT_34,EEM
2020-07-28,56.2147087474892,0,0.0,RSI_LT_34,EEM
2020-07-29,62.287105977832105,0,-0.0,RSI_LT_34,EEM
2020-07-30,63.054175158107576,0,-0.0,RSI_LT_34,EEM
2020-07-31,56.31067511701009,0,0.0,RSI_LT_34,EEM
2020-08-03,53.488372093023266,0,0.0,RSI_LT_34,EEM
2020-08-04,55.55551369334001,0,0.0,RSI_LT_34,EEM
2020-08-05,62.903245653973876,0,0.0,RSI_LT_34,EEM
2020-08-06,69.49150976856914,0,-0.0,RSI_LT_34,EEM
2020-08-07,57.285415919527495,0,0.0,RSI_LT_34,EEM
2020-08-10,51.91008982102659,0,-0.0,RSI_LT_34,EEM
2020-08-11,54.86935350439959,0,0.0,RSI_LT_34,EEM
2020-08-12,53.65852523886039,0,-0.0,RSI_LT_34,EEM
2020-08-13,59.94549247507195,0,-0.0,RSI_LT_34,EEM
2020-08-14,63.768123954413824,0,0.0,RSI_LT_34,EEM
2020-08-17,66.30726931358052,0,-0.0,RSI_LT_34,EEM
2020-08-18,59.11952477033845,0,-0.0,RSI_LT_34,EEM
2020-08-19,43.076903213387375,0,-0.0,RSI_LT_34,EEM
2020-08-20,38.76922462959246,0,0.0,RSI_LT_34,EEM
2020-08-21,58.039239152386436,0,0.0,RSI_LT_34,EEM
2020-08-24,63.48127799187584,0,0.0,RSI_LT_34,EEM
2020-08-25,70.85894021446592,0,0.0,RSI_LT_34,EEM
2020-08-26,65.94984823210916,0,-0.0,RSI_LT_34,EEM
2020-08-27,60.5263289982884,0,0.0,RSI_LT_34,EEM
2020-08-28,68.45069363105921,0,-0.0,RSI_LT_34,EEM
2020-08-31,46.75001788141049,0,0.0,RSI_LT_34,EEM
2020-09-01,55.83863895352463,0,-0.0,RSI_LT_34,EEM
2020-09-02,61.44860625236748,0,-0.0,RSI_LT_34,EEM
2020-09-03,52.59998519896331,0,0.0,RSI_LT_34,EEM
2020-09-04,50.6250144044581,0,-0.0,RSI_LT_34,EEM
2020-09-08,38.188964256723224,0,0.0,RSI_LT_34,EEM
2020-09-09,40.53030084096755,0,-0.0,RSI_LT_34,EEM
2020-09-10,34.41225745490276,0,0.0,RSI_LT_34,EEM
2020-09-11,41.28597173382078,0,0.0,RSI_LT_34,EEM
2020-09-14,42.454399204417705,0,0.0,RSI_LT_34,EEM
2020-09-15,55.19124885698165,0,-0.0,RSI_LT_34,EEM
2020-09-16,47.39040131499309,0,-0.0,RSI_LT_34,EEM
2020-09-17,46.80411608925901,0,-0.0,RSI_LT_34,EEM
2020-09-18,52.304152123525654,0,-0.0,RSI_LT_34,EEM
2020-09-21,47.5687188846584,0,-0.0,RSI_LT_34,EEM
2020-09-22,52.4475369020096,0,-0.0,RSI_LT_34,EEM
2020-09-23,37.037027225589505,0,-0.0,RSI_LT_34,EEM
2020-09-24,41.99479559337544,0,0.0,RSI_LT_34,EEM
2020-09-25,35.56847388597936,0,0.0,RSI_LT_34,EEM
2020-09-28,30.93746274706149,1,-0.06908977559176854,RSI_LT_34,EEM
2020-09-29,18.84049557991807,1,1.613276729168267,RSI_LT_34,EEM
2020-09-30,35.882341061475074,0,0.0,RSI_LT_34,EEM
2020-10-01,44.90358676770554,0,-0.0,RSI_LT_34,EEM
2020-10-02,43.00791928529155,0,0.0,RSI_LT_34,EEM
2020-10-05,55.919420395691404,0,0.0,RSI_LT_34,EEM
2020-10-06,61.828003851624274,0,0.0,RSI_LT_34,EEM
2020-10-07,79.03694322030418,0,0.0,RSI_LT_34,EEM
2020-10-08,85.40545667681515,0,0.0,RSI_LT_34,EEM
2020-10-09,86.3980490260985,0,0.0,RSI_LT_34,EEM
2020-10-12,86.1183106657684,0,-0.0,RSI_LT_34,EEM
2020-10-13,82.71610519910858,0,-0.0,RSI_LT_34,EEM
2020-10-14,72.40438753197158,0,-0.0,RSI_LT_34,EEM
2020-10-15,62.56987407216396,0,0.0,RSI_LT_34,EEM
2020-10-16,74.30343299587587,0,-0.0,RSI_LT_34,EEM
2020-10-19,65.34295133982798,0,0.0,RSI_LT_34,EEM
2020-10-20,69.90597185732787,0,0.0,RSI_LT_34,EEM
2020-10-21,66.07774708943788,0,-0.0,RSI_LT_34,EEM
2020-10-22,60.72871492642426,0,0.0,RSI_LT_34,EEM
2020-10-23,60.08225930519144,0,-0.0,RSI_LT_34,EEM
2020-10-26,40.30421835724408,0,0.0,RSI_LT_34,EEM
2020-10-27,47.72722018322111,0,-0.0,RSI_LT_34,EEM
2020-10-28,36.20689277179751,0,0.0,RSI_LT_34,EEM
2020-10-29,47.499994701807104,0,-0.0,RSI_LT_34,EEM
2020-10-30,39.240479434922726,0,0.0,RSI_LT_34,EEM
2020-11-02,48.291554137426445,0,0.0,RSI_LT_34,EEM
2020-11-03,44.498768384461776,0,0.0,RSI_LT_34,EEM
2020-11-04,57.88495890884076,0,0.0,RSI_LT_34,EEM
2020-11-05,63.430427104365364,0,0.0,RSI_LT_34,EEM
2020-11-06,63.132147893327826,0,0.0,RSI_LT_34,EEM
2020-11-09,71.67234206265871,0,-0.0,RSI_LT_34,EEM
2020-11-10,64.4122478214451,0,0.0,RSI_LT_34,EEM
2020-11-11,80.26069215763998,0,-0.0,RSI_LT_34,EEM
2020-11-12,73.10603624972094,0,0.0,RSI_LT_34,EEM
2020-11-13,83.27206913574706,0,0.0,RSI_LT_34,EEM
2020-11-16,83.36380906154284,0,-0.0,RSI_LT_34,EEM
2020-11-17,81.95490339206916,0,-0.0,RSI_LT_34,EEM
2020-11-18,72.16747079079775,0,0.0,RSI_LT_34,EEM
2020-11-19,66.16767287753467,0,0.0,RSI_LT_34,EEM
2020-11-20,66.66666666666666,0,0.0,RSI_LT_34,EEM
2020-11-23,64.57679613508084,0,0.0,RSI_LT_34,EEM
2020-11-24,82.4242031913959,0,-0.0,RSI_LT_34,EEM
2020-11-25,73.70029082687927,0,0.0,RSI_LT_34,EEM
2020-11-27,85.20710526642492,0,-0.0,RSI_LT_34,EEM
2020-11-30,54.97509534369754,0,0.0,RSI_LT_34,EEM
2020-12-01,58.67577781048623,0,0.0,RSI_LT_34,EEM
2020-12-02,59.99996532094598,0,0.0,RSI_LT_34,EEM
2020-12-03,66.87501788138206,0,0.0,RSI_LT_34,EEM
2020-12-04,69.65647326726042,0,0.0,RSI_LT_34,EEM
2020-12-07,68.00802852197674,0,0.0,RSI_LT_34,EEM
2020-12-08,67.28395158631733,0,-0.0,RSI_LT_34,EEM
2020-12-09,56.25002055332849,0,0.0,RSI_LT_34,EEM
2020-12-10,65.06987517341257,0,-0.0,RSI_LT_34,EEM
2020-12-11,56.9387764634809,0,-0.0,RSI_LT_34,EEM
2020-12-14,63.84437441622948,0,0.0,RSI_LT_34,EEM
2020-12-15,60.0,0,0.0,RSI_LT_34,EEM
2020-12-16,61.65050206706264,0,0.0,RSI_LT_34,EEM
2020-12-17,59.278314533500996,0,-0.0,RSI_LT_34,EEM
2020-12-18,52.046829285703936,0,-0.0,RSI_LT_34,EEM
2020-12-21,42.685893219630394,0,-0.0,RSI_LT_34,EEM
2020-12-22,38.68133968724534,0,0.0,RSI_LT_34,EEM
2020-12-23,49.13417983231856,0,-0.0,RSI_LT_34,EEM
2020-12-24,38.66347166698684,0,0.0,RSI_LT_34,EEM
2020-12-28,44.33248039080975,0,0.0,RSI_LT_34,EEM
2020-12-29,63.70562503993819,0,0.0,RSI_LT_34,EEM
2020-12-30,64.95101659956654,0,-0.0,RSI_LT_34,EEM
2020-12-31,62.27387786644797,0,0.0,RSI_LT_34,EEM
2021-01-04,62.27391505346985,0,0.0,RSI_LT_34,EEM
2021-01-05,72.33199316370249,0,-0.0,RSI_LT_34,EEM
2021-01-06,76.89071858926789,0,0.0,RSI_LT_34,EEM
2021-01-07,85.59669392945166,0,0.0,RSI_LT_34,EEM
2021-01-08,87.84721348389019,0,-0.0,RSI_LT_34,EEM
2021-01-11,80.5732369940441,0,0.0,RSI_LT_34,EEM
2021-01-12,81.70913256555187,0,0.0,RSI_LT_34,EEM
2021-01-13,79.80130735465943,0,0.0,RSI_LT_34,EEM
2021-01-14,79.21634327320368,0,-0.0,RSI_LT_34,EEM
2021-01-15,70.24168574974905,0,0.0,RSI_LT_34,EEM
2021-01-19,72.60082681810852,0,0.0,RSI_LT_34,EEM
2021-01-20,71.49059078643448,0,0.0,RSI_LT_34,EEM
2021-01-21,76.82926616521242,0,-0.0,RSI_LT_34,EEM
2021-01-22,69.31299915028336,0,0.0,RSI_LT_34,EEM
2021-01-25,63.84893517756189,0,-0.0,RSI_LT_34,EEM
2021-01-26,67.8776204164366,0,-0.0,RSI_LT_34,EEM
2021-01-27,48.32000732421876,0,0.0,RSI_LT_34,EEM
2021-01-28,50.38401881683413,0,-0.0,RSI_LT_34,EEM
2021-01-29,37.635859847059514,0,0.0,RSI_LT_34,EEM
2021-02-01,52.49377851513894,0,0.0,RSI_LT_34,EEM
2021-02-02,51.340992621982835,0,0.0,RSI_LT_34,EEM
2021-02-03,46.638652992859456,0,0.0,RSI_LT_34,EEM
2021-02-04,46.03397680810793,0,0.0,RSI_LT_34,EEM
2021-02-05,52.90780379771151,0,0.0,RSI_LT_34,EEM
2021-02-08,50.668649782596,0,0.0,RSI_LT_34,EEM
2021-02-09,57.94797671928972,0,0.0,RSI_LT_34,EEM
2021-02-10,75.58350569123509,0,0.0,RSI_LT_34,EEM
2021-02-11,76.5517608788017,0,0.0,RSI_LT_34,EEM
2021-02-12,100.0,0,0.0,RSI_LT_34,EEM
2021-02-16,100.0,0,0.0,RSI_LT_34,EEM
2021-02-17,100.0,0,-0.0,RSI_LT_34,EEM
2021-02-18,73.50992959223115,0,0.0,RSI_LT_34,EEM
2021-02-19,76.2611427116054,0,-0.0,RSI_LT_34,EEM
2021-02-22,45.63316558638967,0,0.0,RSI_LT_34,EEM
2021-02-23,47.3572914818459,0,-0.0,RSI_LT_34,EEM
2021-02-24,36.52561625656528,0,-0.0,RSI_LT_34,EEM
2021-02-25,25.89926724847686,1,-1.3404325275584883,RSI_LT_34,EEM
2021-02-26,14.612650161822515,1,2.6800644685973207,RSI_LT_34,EEM
2021-03-01,31.40026449302536,1,-0.9787875996958739,RSI_LT_34,EEM
2021-03-02,27.844709515916023,1,-0.20135568039694185,RSI_LT_34,EEM
2021-03-03,27.248667503949676,1,-2.3294212162517036,RSI_LT_34,EEM
2021-03-04,25.653783939781903,1,1.089205316534625,RSI_LT_34,EEM
2021-03-05,27.548556386702998,1,-2.693666568116193,RSI_LT_34,EEM
2021-03-08,28.375005722045884,1,2.195490049124249,RSI_LT_34,EEM
2021-03-09,35.617966114335516,0,-0.0,RSI_LT_34,EEM
2021-03-10,36.10478345063461,0,0.0,RSI_LT_34,EEM
2021-03-11,52.774768357670204,0,-0.0,RSI_LT_34,EEM
2021-03-12,51.37713071568447,0,0.0,RSI_LT_34,EEM
2021-03-15,43.54243490493044,0,0.0,RSI_LT_34,EEM
2021-03-16,48.209701141238995,0,0.0,RSI_LT_34,EEM
2021-03-17,49.357311352556216,0,-0.0,RSI_LT_34,EEM
2021-03-18,51.131812871438,0,0.0,RSI_LT_34,EEM
2021-03-19,51.6469046154341,0,-0.0,RSI_LT_34,EEM
2021-03-22,62.22220069306397,0,-0.0,RSI_LT_34,EEM
2021-03-23,44.822011666306594,0,-0.0,RSI_LT_34,EEM
2021-03-24,38.74125687579028,0,0.0,RSI_LT_34,EEM
2021-03-25,23.292438346866263,1,2.6001585832601704,RSI_LT_34,EEM
2021-03-26,44.078939112932574,0,-0.0,RSI_LT_34,EEM
2021-03-29,40.34812714765224,0,0.0,RSI_LT_34,EEM
2021-03-30,39.77637106632331,0,0.0,RSI_LT_34,EEM
2021-03-31,41.64088597780509,0,0.0,RSI_LT_34,EEM
2021-04-01,53.67894811376723,0,0.0,RSI_LT_34,EEM
2021-04-05,49.90956475191356,0,0.0,RSI_LT_34,EEM
2021-04-06,53.96826464740927,0,-0.0,RSI_LT_34,EEM
2021-04-07,56.250008765397304,0,0.0,RSI_LT_34,EEM
2021-04-08,74.94647573008248,0,-0.0,RSI_LT_34,EEM
2021-04-09,66.66669267007987,0,-0.0,RSI_LT_34,EEM
2021-04-12,49.481852483609615,0,0.0,RSI_LT_34,EEM
2021-04-13,57.41239809038685,0,0.0,RSI_LT_34,EEM
2021-04-14,58.53020921775627,0,0.0,RSI_LT_34,EEM
2021-04-15,60.794044899894836,0,0.0,RSI_LT_34,EEM
2021-04-16,56.71231072799177,0,-0.0,RSI_LT_34,EEM
2021-04-19,51.09892873835939,0,-0.0,RSI_LT_34,EEM
2021-04-20,41.26983165859827,0,0.0,RSI_LT_34,EEM
2021-04-21,57.09972156146853,0,-0.0,RSI_LT_34,EEM
2021-04-22,47.38562458159896,0,0.0,RSI_LT_34,EEM
2021-04-23,65.9763353678356,0,0.0,RSI_LT_34,EEM
2021-04-26,73.48241098241098,0,-0.0,RSI_LT_34,EEM
2021-04-27,70.74821105351594,0,0.0,RSI_LT_34,EEM
2021-04-28,72.07786417242379,0,-0.0,RSI_LT_34,EEM
2021-04-29,63.602908693121655,0,-0.0,RSI_LT_34,EEM
2021-04-30,44.78876871746103,0,0.0,RSI_LT_34,EEM
2021-05-03,47.4626702513246,0,-0.0,RSI_LT_34,EEM
2021-05-04,45.17047394150751,0,0.0,RSI_LT_34,EEM
2021-05-05,43.895344646526475,0,0.0,RSI_LT_34,EEM
2021-05-06,53.723425301699876,0,0.0,RSI_LT_34,EEM
2021-05-07,50.84742109845775,0,-0.0,RSI_LT_34,EEM
2021-05-10,38.87640661338673,0,-0.0,RSI_LT_34,EEM
2021-05-11,37.85562425344261,0,-0.0,RSI_LT_34,EEM
2021-05-12,23.404252441000708,1,-0.134415336137228,RSI_LT_34,EEM
2021-05-13,23.655900746805358,1,1.8073494938319667,RSI_LT_34,EEM
2021-05-14,40.72073682040003,0,-0.0,RSI_LT_34,EEM
2021-05-17,40.35716450943354,0,0.0,RSI_LT_34,EEM
2021-05-18,52.105277599498336,0,-0.0,RSI_LT_34,EEM
2021-05-19,48.48486496925123,0,0.0,RSI_LT_34,EEM
2021-05-20,46.580378762344886,0,-0.0,RSI_LT_34,EEM
2021-05-21,35.83181012701483,0,0.0,RSI_LT_34,EEM
2021-05-24,48.68156951956483,0,0.0,RSI_LT_34,EEM
2021-05-25,55.178899197908024,0,0.0,RSI_LT_34,EEM
2021-05-26,78.72336588000927,0,0.0,RSI_LT_34,EEM
2021-05-27,80.09596209085753,0,0.0,RSI_LT_34,EEM
2021-05-28,76.8156603166417,0,0.0,RSI_LT_34,EEM
2021-06-01,83.2618145204201,0,0.0,RSI_LT_34,EEM
2021-06-02,80.69308566739781,0,-0.0,RSI_LT_34,EEM
2021-06-03,72.76788907394729,0,0.0,RSI_LT_34,EEM
2021-06-04,73.8758483007845,0,-0.0,RSI_LT_34,EEM
2021-06-07,79.67665829136874,0,-0.0,RSI_LT_34,EEM
2021-06-08,72.3557315370021,0,-0.0,RSI_LT_34,EEM
2021-06-09,65.43532831551464,0,0.0,RSI_LT_34,EEM
2021-06-10,63.509751375520935,0,-0.0,RSI_LT_34,EEM
2021-06-11,60.21220642265423,0,0.0,RSI_LT_34,EEM
2021-06-14,57.983189685570615,0,-0.0,RSI_LT_34,EEM
2021-06-15,33.33333333333333,1,-1.3621503474277374,RSI_LT_34,EEM
2021-06-16,24.425273496590876,1,0.5523830408298958,RSI_LT_34,EEM
2021-06-17,36.1634899480217,0,-0.0,RSI_LT_34,EEM
2021-06-18,21.241772215019438,1,0.4241186505214545,RSI_LT_34,EEM
2021-06-21,29.235842504676498,1,-0.45905252332492097,RSI_LT_34,EEM
2021-06-22,29.431404844802742,1,0.6087471621987417,RSI_LT_34,EEM
2021-06-23,38.29115834152207,0,0.0,RSI_LT_34,EEM
2021-06-24,43.64162964971991,0,0.0,RSI_LT_34,EEM
2021-06-25,52.81500435673699,0,0.0,RSI_LT_34,EEM
2021-06-28,51.51516106862047,0,-0.0,RSI_LT_34,EEM
2021-06-29,56.83885749268946,0,-0.0,RSI_LT_34,EEM
2021-06-30,64.48277268201053,0,-0.0,RSI_LT_34,EEM
2021-07-01,53.951882376228795,0,-0.0,RSI_LT_34,EEM
2021-07-02,60.61774526366331,0,-0.0,RSI_LT_34,EEM
2021-07-06,40.361454089194986,0,-0.0,RSI_LT_34,EEM
2021-07-07,42.81149186299757,0,-0.0,RSI_LT_34,EEM
2021-07-08,25.76527533952769,1,1.7287231344289555,RSI_LT_34,EEM
2021-07-09,32.79443001084503,1,0.09336925821268327,RSI_LT_34,EEM
2021-07-12,25.76527533952769,1,0.09328927832330525,RSI_LT_34,EEM
2021-07-13,25.765347580052648,1,0.4287037012019157,RSI_LT_34,EEM
2021-07-14,30.1703526598924,1,0.24127180928157355,RSI_LT_34,EEM
2021-07-15,35.30924110158202,0,-0.0,RSI_LT_34,EEM
2021-07-16,34.335831212462494,0,-0.0,RSI_LT_34,EEM
2021-07-19,28.364378768792136,1,0.3226456406783873,RSI_LT_34,EEM
2021-07-20,38.11882590443241,0,0.0,RSI_LT_34,EEM
2021-07-21,43.518546317668935,0,0.0,RSI_LT_34,EEM
2021-07-22,60.0,0,-0.0,RSI_LT_34,EEM
2021-07-23,33.647785916330974,1,-1.9043992229379358,RSI_LT_34,EEM
2021-07-26,24.69734125829558,1,-2.019019869381977,RSI_LT_34,EEM
2021-07-27,18.945279903678795,1,2.7144816698018603,RSI_LT_34,EEM
2021-07-28,33.70604867704233,1,0.5015399706171264,RSI_LT_34,EEM
2021-07-29,35.05476392738579,0,-0.0,RSI_LT_34,EEM
2021-07-30,34.62131007487305,0,0.0,RSI_LT_34,EEM
2021-08-02,43.939414373191795,0,0.0,RSI_LT_34,EEM
2021-08-03,44.40732346181255,0,0.0,RSI_LT_34,EEM
2021-08-04,43.74997986327648,0,-0.0,RSI_LT_34,EEM
2021-08-05,42.20339728238099,0,-0.0,RSI_LT_34,EEM
2021-08-06,44.864863378738576,0,0.0,RSI_LT_34,EEM
2021-08-09,56.35595994242391,0,0.0,RSI_LT_34,EEM
2021-08-10,72.79998779296875,0,0.0,RSI_LT_34,EEM
2021-08-11,59.52379871117751,0,-0.0,RSI_LT_34,EEM
2021-08-12,45.58827654298825,0,-0.0,RSI_LT_34,EEM
2021-08-13,52.76597747869859,0,-0.0,RSI_LT_34,EEM
2021-08-16,35.51014942709493,0,-0.0,RSI_LT_34,EEM
2021-08-17,20.504767165224436,1,0.15898615170881758,RSI_LT_34,EEM
2021-08-18,15.436321509491933,1,-1.7063503657038126,RSI_LT_34,EEM
2021-08-19,12.234100295942937,1,-0.08074468063807849,RSI_LT_34,EEM
2021-08-20,13.690544445138258,1,1.5151515151515138,RSI_LT_34,EEM
2021-08-23,26.395945966879935,1,2.2686555017879417,RSI_LT_34,EEM
2021-08-24,42.11576268786043,0,0.0,RSI_LT_34,EEM
2021-08-25,41.176488794626316,0,-0.0,RSI_LT_34,EEM
2021-08-26,40.92741625366472,0,0.0,RSI_LT_34,EEM
2021-08-27,48.717955883709166,0,0.0,RSI_LT_34,EEM
2021-08-30,54.31374426300136,0,0.0,RSI_LT_34,EEM
2021-08-31,71.45787820087526,0,0.0,RSI_LT_34,EEM
2021-09-01,74.54209715868282,0,-0.0,RSI_LT_34,EEM
2021-09-02,84.09084639641733,0,0.0,RSI_LT_34,EEM
2021-09-03,85.62987114898104,0,0.0,RSI_LT_34,EEM
2021-09-07,84.26719283101082,0,-0.0,RSI_LT_34,EEM
2021-09-08,64.71962908363622,0,-0.0,RSI_LT_34,EEM
2021-09-09,62.731442235691375,0,-0.0,RSI_LT_34,EEM
2021-09-10,69.66582691095093,0,0.0,RSI_LT_34,EEM
2021-09-13,65.29412424687811,0,-0.0,RSI_LT_34,EEM
2021-09-14,56.568330064082765,0,-0.0,RSI_LT_34,EEM
2021-09-15,46.204631265131304,0,-0.0,RSI_LT_34,EEM
2021-09-16,24.74574079462063,1,-0.42644159731037856,RSI_LT_34,EEM
2021-09-17,24.914657549584547,1,-2.6863875454772868,RSI_LT_34,EEM
2021-09-20,11.166275415546565,1,0.7401458680969419,RSI_LT_34,EEM
2021-09-21,12.469407779377846,1,1.2509949572672152,RSI_LT_34,EEM
2021-09-22,28.93400474610469,1,0.7844630280735121,RSI_LT_34,EEM
2021-09-23,36.32073731723841,0,-0.0,RSI_LT_34,EEM
2021-09-24,32.150272086035415,1,0.6498657719330891,RSI_LT_34,EEM
2021-09-27,34.73894982447028,0,-0.0,RSI_LT_34,EEM
2021-09-28,33.269241491019315,1,-0.9316178663933528,RSI_LT_34,EEM
2021-09-29,30.565363761048985,1,0.8003231883603412,RSI_LT_34,EEM
2021-09-30,38.939681769238064,0,-0.0,RSI_LT_34,EEM
2021-10-01,40.18870518359852,0,-0.0,RSI_LT_34,EEM
2021-10-04,45.70814150714805,0,0.0,RSI_LT_34,EEM
2021-10-05,45.474119681111254,0,-0.0,RSI_LT_34,EEM
2021-10-06,34.49881646597272,0,0.0,RSI_LT_34,EEM
2021-10-07,42.18109434616855,0,0.0,RSI_LT_34,EEM
2021-10-08,50.45046051275002,0,-0.0,RSI_LT_34,EEM
2021-10-11,45.36817726294959,0,-0.0,RSI_LT_34,EEM
2021-10-12,50.13121152138282,0,0.0,RSI_LT_34,EEM
2021-10-13,64.60396086348109,0,0.0,RSI_LT_34,EEM
2021-10-14,62.36840546626151,0,0.0,RSI_LT_34,EEM
2021-10-15,68.42102047104976,0,-0.0,RSI_LT_34,EEM
2021-10-18,79.52133595763245,0,0.0,RSI_LT_34,EEM
2021-10-19,81.21956960854642,0,-0.0,RSI_LT_34,EEM
2021-10-20,86.94524954930728,0,-0.0,RSI_LT_34,EEM
2021-10-21,73.75005811465336,0,-0.0,RSI_LT_34,EEM
2021-10-22,69.55133221174538,0,0.0,RSI_LT_34,EEM
2021-10-25,74.16415735118319,0,-0.0,RSI_LT_34,EEM
2021-10-26,73.93945489056428,0,-0.0,RSI_LT_34,EEM
2021-10-27,57.61588734756983,0,0.0,RSI_LT_34,EEM
2021-10-28,56.01372768530147,0,-0.0,RSI_LT_34,EEM
2021-10-29,33.223660682354634,1,0.7855489793062498,RSI_LT_34,EEM
2021-11-01,42.598165027653664,0,-0.0,RSI_LT_34,EEM
2021-11-02,23.37664911246415,1,0.47187939616477603,RSI_LT_34,EEM
2021-11-03,29.002981455508092,1,-0.23483157625834306,RSI_LT_34,EEM
2021-11-04,31.067930002160423,1,-0.11769590786541162,RSI_LT_34,EEM
2021-11-05,31.578907742076353,1,0.9230189269523015,RSI_LT_34,EEM
2021-11-08,35.80244587901059,0,-0.0,RSI_LT_34,EEM
2021-11-09,36.593032225146416,0,-0.0,RSI_LT_34,EEM
2021-11-10,39.18919615540257,0,0.0,RSI_LT_34,EEM
2021-11-11,52.5066279090834,0,0.0,RSI_LT_34,EEM
2021-11-12,66.98115923600497,0,-0.0,RSI_LT_34,EEM
2021-11-15,58.644112946190724,0,0.0,RSI_LT_34,EEM
2021-11-16,70.31253725293851,0,-0.0,RSI_LT_34,EEM
2021-11-17,60.23170970597376,0,-0.0,RSI_LT_34,EEM
2021-11-18,50.32258779027056,0,-0.0,RSI_LT_34,EEM
2021-11-19,50.0,0,-0.0,RSI_LT_34,EEM
2021-11-22,35.62090403298092,0,-0.0,RSI_LT_34,EEM
2021-11-23,37.457051881196435,0,-0.0,RSI_LT_34,EEM
2021-11-24,39.350179511085344,0,-0.0,RSI_LT_34,EEM
2021-11-26,5.865899464556847,1,0.39014091115492366,RSI_LT_34,EEM
2021-11-29,7.162493615894363,1,-0.10226884369962663,RSI_LT_34,EEM
2021-11-30,7.407363130009514,1,0.3685509922469743,RSI_LT_34,EEM
2021-12-01,10.220967984985691,1,1.2239870838802958,RSI_LT_34,EEM
2021-12-02,24.55691532717573,1,-1.4107230512043545,RSI_LT_34,EEM
2021-12-03,24.129308855988413,1,0.7767806262030108,RSI_LT_34,EEM
2021-12-06,31.249994481046144,1,1.5821553875558392,RSI_LT_34,EEM
2021-12-07,45.4158143242331,0,0.0,RSI_LT_34,EEM
2021-12-08,48.14049130815841,0,-0.0,RSI_LT_34,EEM
2021-12-09,46.50699742640901,0,0.0,RSI_LT_34,EEM
2021-12-10,70.53574976470335,0,-0.0,RSI_LT_34,EEM
2021-12-13,46.7811239604745,0,-0.0,RSI_LT_34,EEM
2021-12-14,46.186435198655154,0,-0.0,RSI_LT_34,EEM
2021-12-15,42.735039948354874,0,0.0,RSI_LT_34,EEM
2021-12-16,35.26574321578731,0,-0.0,RSI_LT_34,EEM
2021-12-17,39.67394740906674,0,-0.0,RSI_LT_34,EEM
2021-12-20,26.865688637528223,1,1.6863471225047721,RSI_LT_34,EEM
2021-12-21,27.227747546652083,1,0.4767817873833069,RSI_LT_34,EEM
2021-12-22,27.764197771545966,1,0.5157829455411989,RSI_LT_34,EEM
2021-12-23,33.823570660558175,1,0.45155459871453196,RSI_LT_34,EEM
2021-12-27,36.61969939152977,0,-0.0,RSI_LT_34,EEM
2021-12-28,53.242292825124366,0,-0.0,RSI_LT_34,EEM
2021-12-29,51.315819193442735,0,0.0,RSI_LT_34,EEM
2021-12-30,60.93294363368232,0,-0.0,RSI_LT_34,EEM
2021-12-31,56.232643658727305,0,0.0,RSI_LT_34,EEM
2022-01-03,63.97850234214132,0,-0.0,RSI_LT_34,EEM
2022-01-04,75.07885106685103,0,-0.0,RSI_LT_34,EEM
2022-01-05,49.842237507761766,0,0.0,RSI_LT_34,EEM
2022-01-06,49.68353704542025,0,0.0,RSI_LT_34,EEM
2022-01-07,52.537287259360824,0,0.0,RSI_LT_34,EEM
2022-01-10,49.20129041536311,0,0.0,RSI_LT_34,EEM
2022-01-11,65.12196324680798,0,0.0,RSI_LT_34,EEM
2022-01-12,74.30993302821173,0,-0.0,RSI_LT_34,EEM
2022-01-13,60.61225093537905,0,-0.0,RSI_LT_34,EEM
2022-01-14,63.461560406705395,0,-0.0,RSI_LT_34,EEM
2022-01-18,50.191575361135826,0,0.0,RSI_LT_34,EEM
2022-01-19,53.80229984422094,0,0.0,RSI_LT_34,EEM
2022-01-20,65.68424079030953,0,-0.0,RSI_LT_34,EEM
2022-01-21,55.23809177804985,0,-0.0,RSI_LT_34,EEM
2022-01-24,44.727287103331896,0,-0.0,RSI_LT_34,EEM
2022-01-25,44.00716808699973,0,-0.0,RSI_LT_34,EEM
2022-01-26,26.23272380892189,1,-1.1552178744164143,RSI_LT_34,EEM
2022-01-27,10.438419679071473,1,0.48873679456979957,RSI_LT_34,EEM
2022-01-28,16.9767365525244,1,3.2776468747151455,RSI_LT_34,EEM
2022-01-31,39.108054117682464,0,0.0,RSI_LT_34,EEM
2022-02-01,49.236623438266676,0,-0.0,RSI_LT_34,EEM
2022-02-02,46.37965593051424,0,-0.0,RSI_LT_34,EEM
2022-02-03,38.951300426903494,0,0.0,RSI_LT_34,EEM
2022-02-04,46.413495997379606,0,-0.0,RSI_LT_34,EEM
2022-02-07,53.01205262267717,0,0.0,RSI_LT_34,EEM
2022-02-08,58.940387870417936,0,0.0,RSI_LT_34,EEM
2022-02-09,73.34757815060844,0,-0.0,RSI_LT_34,EEM
2022-02-10,76.95755435529335,0,-0.0,RSI_LT_34,EEM
2022-02-11,64.32868841430599,0,-0.0,RSI_LT_34,EEM
2022-02-14,43.91534177950999,0,0.0,RSI_LT_34,EEM
2022-02-15,53.20089936084749,0,0.0,RSI_LT_34,EEM
2022-02-16,57.588362699667144,0,-0.0,RSI_LT_34,EEM
2022-02-17,56.87883820027573,0,-0.0,RSI_LT_34,EEM
2022-02-18,50.5725328381016,0,-0.0,RSI_LT_34,EEM
2022-02-22,45.454521661010055,0,-0.0,RSI_LT_34,EEM
2022-02-23,36.82434086908109,0,-0.0,RSI_LT_34,EEM
2022-02-24,23.00163913818919,1,1.8498532256509437,RSI_LT_34,EEM
2022-02-25,34.08405398315345,0,-0.0,RSI_LT_34,EEM
2022-02-28,34.76260939514512,0,-0.0,RSI_LT_34,EEM
2022-03-01,33.33331466127865,1,0.17349385230644998,RSI_LT_34,EEM
2022-03-02,22.260224087623186,1,-1.4072260889953503,RSI_LT_34,EEM
2022-03-03,15.334362203940415,1,-2.0202063354128996,RSI_LT_34,EEM
2022-03-04,14.528536280068792,1,-3.74271225666023,RSI_LT_34,EEM
2022-03-07,12.287529813269074,1,0.32595899222715996,RSI_LT_34,EEM
2022-03-08,15.211213726058034,1,2.8312861832975766,RSI_LT_34,EEM
2022-03-09,29.639151818742675,1,-1.8731704024613105,RSI_LT_34,EEM
2022-03-10,30.223357999392462,1,-2.0929159544450737,RSI_LT_34,EEM
2022-03-11,18.7989474218908,1,-2.419541429834926,RSI_LT_34,EEM
2022-03-14,17.843858263361724,1,0.1444332144232563,RSI_LT_34,EEM
2022-03-15,19.97333265606747,1,8.052890412730097,RSI_LT_34,EEM
2022-03-16,44.24861779135373,0,-0.0,RSI_LT_34,EEM
2022-03-17,46.042472748481856,0,0.0,RSI_LT_34,EEM
2022-03-18,53.67064396870888,0,-0.0,RSI_LT_34,EEM
2022-03-21,59.3852852354895,0,0.0,RSI_LT_34,EEM
2022-03-22,62.16769139497357,0,-0.0,RSI_LT_34,EEM
2022-03-23,54.85325263056828,0,0.0,RSI_LT_34,EEM
2022-03-24,61.66867779985719,0,-0.0,RSI_LT_34,EEM
2022-03-25,66.06216272440362,0,0.0,RSI_LT_34,EEM
2022-03-28,76.75435441062716,0,0.0,RSI_LT_34,EEM
2022-03-29,78.94037459768896,0,-0.0,RSI_LT_34,EEM
2022-03-30,60.27710675666866,0,-0.0,RSI_LT_34,EEM
2022-03-31,54.48851292375716,0,0.0,RSI_LT_34,EEM
2022-04-01,55.51020312835731,0,0.0,RSI_LT_34,EEM
2022-04-04,70.45904992069855,0,-0.0,RSI_LT_34,EEM
2022-04-05,53.75490972143692,0,-0.0,RSI_LT_34,EEM
2022-04-06,50.74628565246974,0,-0.0,RSI_LT_34,EEM
2022-04-07,45.25546987955162,0,0.0,RSI_LT_34,EEM
2022-04-08,48.837219617894476,0,-0.0,RSI_LT_34,EEM
2022-04-11,42.54935478878082,0,-0.0,RSI_LT_34,EEM
2022-04-12,32.38864208322683,1,1.3113313069353039,RSI_LT_34,EEM
2022-04-13,40.445279258519015,0,-0.0,RSI_LT_34,EEM
2022-04-14,41.28786428354169,0,-0.0,RSI_LT_34,EEM
2022-04-18,30.55556008392334,1,-0.4990953075417859,RSI_LT_34,EEM
2022-04-19,15.15897665482153,1,-0.5928001199550947,RSI_LT_34,EEM
2022-04-20,17.765093716799072,1,-1.926605921985236,RSI_LT_34,EEM
2022-04-21,16.6220255901264,1,-0.8886746219225361,RSI_LT_34,EEM
2022-04-22,16.53338975688706,1,-0.7314803338319131,RSI_LT_34,EEM
2022-04-25,14.427890911161299,1,-2.1868271348204904,RSI_LT_34,EEM
2022-04-26,13.242047708090382,1,1.1664629998481502,RSI_LT_34,EEM
2022-04-27,22.45765040571557,1,1.441264613804294,RSI_LT_34,EEM
2022-04-28,22.784778546261677,1,0.3552013438429702,RSI_LT_34,EEM
2022-04-29,28.538288607236424,1,-0.14157945204998912,RSI_LT_34,EEM
2022-05-02,29.146900152587847,1,0.7325174279926294,RSI_LT_34,EEM
2022-05-03,35.73086832572018,0,0.0,RSI_LT_34,EEM
2022-05-04,44.34591450845789,0,-0.0,RSI_LT_34,EEM
2022-05-05,38.02282582130241,0,-0.0,RSI_LT_34,EEM
2022-05-06,36.697242569215746,0,-0.0,RSI_LT_34,EEM
2022-05-09,31.64557114833258,1,0.47798396656348885,RSI_LT_34,EEM
2022-05-10,39.17707633147603,0,-0.0,RSI_LT_34,EEM
2022-05-11,31.725404046552057,1,-0.6555681354854292,RSI_LT_34,EEM
2022-05-12,21.98021342667886,1,2.766497742067231,RSI_LT_34,EEM
2022-05-13,34.223705645371865,0,-0.0,RSI_LT_34,EEM
2022-05-16,33.66174827242341,1,2.4547429179812674,RSI_LT_34,EEM
2022-05-17,40.3249426808729,0,-0.0,RSI_LT_34,EEM
2022-05-18,31.095880174472953,1,1.5869064234845354,RSI_LT_34,EEM
2022-05-19,45.82677524852638,0,0.0,RSI_LT_34,EEM
2022-05-20,51.764701356752404,0,0.0,RSI_LT_34,EEM
2022-05-23,66.73232263689195,0,-0.0,RSI_LT_34,EEM
2022-05-24,57.04101518673001,0,0.0,RSI_LT_34,EEM
2022-05-25,61.48283557122212,0,0.0,RSI_LT_34,EEM
2022-05-26,68.3587108767355,0,0.0,RSI_LT_34,EEM
2022-05-27,64.71697081106292,0,0.0,RSI_LT_34,EEM
2022-05-31,70.1570617888214,0,-0.0,RSI_LT_34,EEM
2022-06-01,60.11905798116114,0,0.0,RSI_LT_34,EEM
2022-06-02,78.66107283998697,0,-0.0,RSI_LT_34,EEM
2022-06-03,64.46278581657769,0,0.0,RSI_LT_34,EEM
2022-06-06,64.8979452022801,0,0.0,RSI_LT_34,EEM
2022-06-07,63.55930559596547,0,0.0,RSI_LT_34,EEM
2022-06-08,76.35933550311174,0,-0.0,RSI_LT_34,EEM
2022-06-09,56.11111228848731,0,-0.0,RSI_LT_34,EEM
2022-06-10,45.785451672804044,0,-0.0,RSI_LT_34,EEM
2022-06-13,30.90614487207185,1,1.3857472179091834,RSI_LT_34,EEM
2022-06-14,30.456054896819936,1,1.3170943270126356,RSI_LT_34,EEM
2022-06-15,37.676616814124316,0,-0.0,RSI_LT_34,EEM
2022-06-16,24.238043642552512,1,0.37954885992965703,RSI_LT_34,EEM
2022-06-17,28.70661910128382,1,1.6133179578684986,RSI_LT_34,EEM
2022-06-21,33.03706809880683,1,-1.7861602485089279,RSI_LT_34,EEM
2022-06-22,28.610369942280656,1,0.30310414605270175,RSI_LT_34,EEM
2022-06-23,27.524215138273476,1,2.36716812661375,RSI_LT_34,EEM
2022-06-24,43.08825237114049,0,0.0,RSI_LT_34,EEM
2022-06-27,46.6353690700626,0,-0.0,RSI_LT_34,EEM
2022-06-28,57.307706415288116,0,-0.0,RSI_LT_34,EEM
2022-06-29,50.519742440596616,0,-0.0,RSI_LT_34,EEM
2022-06-30,42.50557909514117,0,-0.0,RSI_LT_34,EEM
2022-07-01,54.75500774481361,0,-0.0,RSI_LT_34,EEM
2022-07-05,48.209406631469214,0,-0.0,RSI_LT_34,EEM
2022-07-06,34.365308257925236,0,0.0,RSI_LT_34,EEM
2022-07-07,57.57575056989212,0,0.0,RSI_LT_34,EEM
2022-07-08,55.974851820795834,0,-0.0,RSI_LT_34,EEM
2022-07-11,25.377637585470495,1,-0.38442215304757,RSI_LT_34,EEM
2022-07-12,23.167157393568942,1,-0.23154143313871556,RSI_LT_34,EEM
2022-07-13,24.30769194653797,1,-0.9025231695157898,RSI_LT_34,EEM
2022-07-14,22.965126594631045,1,0.5204287310726752,RSI_LT_34,EEM
2022-07-15,28.69569447930499,1,0.6989398143882664,RSI_LT_34,EEM
2022-07-18,36.31128798205883,0,0.0,RSI_LT_34,EEM
2022-07-19,50.0,0,-0.0,RSI_LT_34,EEM
2022-07-20,50.938332866297536,0,0.0,RSI_LT_34,EEM
2022-07-21,46.017696127579555,0,-0.0,RSI_LT_34,EEM
2022-07-22,41.1609347305106,0,0.0,RSI_LT_34,EEM
2022-07-25,59.440548247778544,0,-0.0,RSI_LT_34,EEM
2022-07-26,56.29139156499431,0,0.0,RSI_LT_34,EEM
2022-07-27,66.39341955643292,0,0.0,RSI_LT_34,EEM
2022-07-28,74.71258319960012,0,-0.0,RSI_LT_34,EEM
2022-07-29,69.16416660162284,0,-0.0,RSI_LT_34,EEM
2022-08-01,60.1694193813962,0,-0.0,RSI_LT_34,EEM
2022-08-02,48.220061528737276,0,0.0,RSI_LT_34,EEM
2022-08-03,55.72757721487892,0,0.0,RSI_LT_34,EEM
2022-08-04,53.267976707975805,0,0.0,RSI_LT_34,EEM
2022-08-05,61.85187435273971,0,0.0,RSI_LT_34,EEM
2022-08-08,60.53636598815838,0,-0.0,RSI_LT_34,EEM
2022-08-09,64.48975016115119,0,0.0,RSI_LT_34,EEM
2022-08-10,60.81077597983371,0,0.0,RSI_LT_34,EEM
2022-08-11,60.63341152589417,0,0.0,RSI_LT_34,EEM
2022-08-12,72.24489414607639,0,-0.0,RSI_LT_34,EEM
2022-08-15,76.95656716937759,0,-0.0,RSI_LT_34,EEM
2022-08-16,83.49047946363987,0,-0.0,RSI_LT_34,EEM
2022-08-17,73.73734454623394,0,-0.0,RSI_LT_34,EEM
2022-08-18,61.139902517699795,0,-0.0,RSI_LT_34,EEM
2022-08-19,46.72131275688639,0,-0.0,RSI_LT_34,EEM
2022-08-22,39.781003097699354,0,0.0,RSI_LT_34,EEM
2022-08-23,46.428556831511585,0,-0.0,RSI_LT_34,EEM
2022-08-24,34.632038206462866,0,0.0,RSI_LT_34,EEM
2022-08-25,49.83391483208352,0,-0.0,RSI_LT_34,EEM
2022-08-26,33.647785916330974,1,-0.6248438152656743,RSI_LT_34,EEM
2022-08-29,33.024664830746445,1,-1.1820860811035727,RSI_LT_34,EEM
2022-08-30,28.91893452324493,1,0.35632320281546725,RSI_LT_34,EEM
2022-08-31,32.9700187512733,1,-0.7862068752008677,RSI_LT_34,EEM
2022-09-01,32.26664225260416,1,-0.9202469841024019,RSI_LT_34,EEM
2022-09-02,33.9887252165322,1,-1.1867881950270998,RSI_LT_34,EEM
2022-09-06,32.9700187512733,1,0.8877288756154789,RSI_LT_34,EEM
2022-09-07,35.26316899011893,0,-0.0,RSI_LT_34,EEM
2022-09-08,33.500003814697266,1,1.4832154314280643,RSI_LT_34,EEM
2022-09-09,28.301873212181533,1,1.4871841821915144,RSI_LT_34,EEM
2022-09-12,44.17348712048142,0,-0.0,RSI_LT_34,EEM
2022-09-13,34.97856483880447,0,0.0,RSI_LT_34,EEM
2022-09-14,41.55249431497025,0,-0.0,RSI_LT_34,EEM
2022-09-15,36.12902696538881,0,-0.0,RSI_LT_34,EEM
2022-09-16,35.820912518148276,0,0.0,RSI_LT_34,EEM
2022-09-19,40.44944879729799,0,-0.0,RSI_LT_34,EEM
2022-09-20,42.857155832313055,0,-0.0,RSI_LT_34,EEM
2022-09-21,32.51669886646515,1,-0.4855686718576169,RSI_LT_34,EEM
2022-09-22,32.73541220121763,1,-2.4667927960645653,RSI_LT_34,EEM
2022-09-23,18.541656898126107,1,-1.2228978107475474,RSI_LT_34,EEM
2022-09-26,6.652313787768392,1,-0.1125518134409198,RSI_LT_34,EEM
2022-09-27,8.907986758161044,1,0.8732433050451238,RSI_LT_34,EEM
2022-09-28,11.944457984270727,1,-2.234021281983245,RSI_LT_34,EEM
2022-09-29,10.776945470885465,1,-0.3713146519576216,RSI_LT_34,EEM
2022-09-30,11.405842253686444,1,1.6341733869534414,RSI_LT_34,EEM
2022-10-03,20.853099847412153,1,3.272213885605346,RSI_LT_34,EEM
2022-10-04,39.45841649542347,0,0.0,RSI_LT_34,EEM
2022-10-05,45.17545510746819,0,-0.0,RSI_LT_34,EEM
2022-10-06,44.78261626735375,0,-0.0,RSI_LT_34,EEM
2022-10-07,46.29215775527821,0,-0.0,RSI_LT_34,EEM
2022-10-10,45.67628375920897,0,-0.0,RSI_LT_34,EEM
2022-10-11,40.954280535574114,0,0.0,RSI_LT_34,EEM
2022-10-12,37.60504437388504,0,0.0,RSI_LT_34,EEM
2022-10-13,46.55173709767134,0,-0.0,RSI_LT_34,EEM
2022-10-14,42.47188911491324,0,0.0,RSI_LT_34,EEM
2022-10-17,46.887976985204205,0,0.0,RSI_LT_34,EEM
2022-10-18,30.245231890851898,1,-1.8202485563877047,RSI_LT_34,EEM
2022-10-19,25.407923542456942,1,0.6373152311289987,RSI_LT_34,EEM
2022-10-20,30.536156030866138,1,1.5256152955956503,RSI_LT_34,EEM
2022-10-21,45.320185473149145,0,-0.0,RSI_LT_34,EEM
2022-10-24,37.551011828671875,0,0.0,RSI_LT_34,EEM
2022-10-25,45.887433376957404,0,0.0,RSI_LT_34,EEM
2022-10-26,51.361861928723044,0,-0.0,RSI_LT_34,EEM
2022-10-27,47.83427982341764,0,-0.0,RSI_LT_34,EEM
2022-10-28,50.800018310546875,0,-0.0,RSI_LT_34,EEM
2022-10-31,38.46150319251659,0,0.0,RSI_LT_34,EEM
2022-11-01,46.443514978265014,0,-0.0,RSI_LT_34,EEM
2022-11-02,50.11284776788751,0,0.0,RSI_LT_34,EEM
2022-11-03,49.88659718906351,0,0.0,RSI_LT_34,EEM
2022-11-04,58.691581721417606,0,0.0,RSI_LT_34,EEM
2022-11-07,78.41187684700154,0,0.0,RSI_LT_34,EEM
2022-11-08,78.30420310521605,0,-0.0,RSI_LT_34,EEM
2022-11-09,63.23525149385396,0,0.0,RSI_LT_34,EEM
2022-11-10,75.92952302177285,0,0.0,RSI_LT_34,EEM
2022-11-11,82.74106629367452,0,-0.0,RSI_LT_34,EEM
2022-11-14,80.96025454873872,0,0.0,RSI_LT_34,EEM
2022-11-15,81.68788135567482,0,-0.0,RSI_LT_34,EEM
2022-11-16,77.60969129233389,0,0.0,RSI_LT_34,EEM
2022-11-17,77.1604992779743,0,-0.0,RSI_LT_34,EEM
2022-11-18,67.49520245249316,0,-0.0,RSI_LT_34,EEM
2022-11-21,61.6871558642772,0,0.0,RSI_LT_34,EEM
2022-11-22,60.50724412332805,0,0.0,RSI_LT_34,EEM
2022-11-23,70.19232673757601,0,-0.0,RSI_LT_34,EEM
2022-11-25,57.59802982010141,0,-0.0,RSI_LT_34,EEM
2022-11-28,41.358007975538854,0,0.0,RSI_LT_34,EEM
2022-11-29,56.28271074934765,0,0.0,RSI_LT_34,EEM
2022-11-30,58.866998776667614,0,-0.0,RSI_LT_34,EEM
2022-12-01,66.94673112102717,0,0.0,RSI_LT_34,EEM
2022-12-02,67.67120109361349,0,-0.0,RSI_LT_34,EEM
2022-12-05,63.659780891359034,0,-0.0,RSI_LT_34,EEM
2022-12-06,71.59417469501847,0,-0.0,RSI_LT_34,EEM
2022-12-07,66.29525692833592,0,0.0,RSI_LT_34,EEM
2022-12-08,67.73328884553138,0,-0.0,RSI_LT_34,EEM
2022-12-09,66.31853005740967,0,-0.0,RSI_LT_34,EEM
2022-12-12,67.19581311610409,0,-0.0,RSI_LT_34,EEM
2022-12-13,52.7439081122824,0,0.0,RSI_LT_34,EEM
2022-12-14,29.22373474773339,1,-2.3051006878508695,RSI_LT_34,EEM
2022-12-15,21.69491700761907,1,0.29162409011584955,RSI_LT_34,EEM
2022-12-16,20.618532375156974,1,0.07929891050719728,RSI_LT_34,EEM
2022-12-19,25.301154982787864,1,-0.026418742919231963,RSI_LT_34,EEM
2022-12-20,25.714205638908084,1,0.898283134199751,RSI_LT_34,EEM
2022-12-21,37.890559807357604,0,-0.0,RSI_LT_34,EEM
2022-12-22,20.576129103153804,1,-0.13209838593449819,RSI_LT_34,EEM
2022-12-23,22.522510138153834,1,1.4814851444281851,RSI_LT_34,EEM
2022-12-27,39.84962082535021,0,-0.0,RSI_LT_34,EEM
2022-12-28,36.42611818992187,0,0.0,RSI_LT_34,EEM
2022-12-29,47.44318058668239,0,-0.0,RSI_LT_34,EEM
2022-12-30,52.84810279390035,0,0.0,RSI_LT_34,EEM
2023-01-03,55.786336376787645,0,0.0,RSI_LT_34,EEM
2023-01-04,66.81511978909575,0,-0.0,RSI_LT_34,EEM
2023-01-05,65.21741293779885,0,0.0,RSI_LT_34,EEM
2023-01-06,68.5039547462587,0,0.0,RSI_LT_34,EEM
2023-01-09,75.00001892212033,0,0.0,RSI_LT_34,EEM
2023-01-10,77.08334537467849,0,0.0,RSI_LT_34,EEM
2023-01-11,75.25563935582315,0,0.0,RSI_LT_34,EEM
2023-01-12,85.65124870422252,0,0.0,RSI_LT_34,EEM
2023-01-13,84.41250380784146,0,-0.0,RSI_LT_34,EEM
2023-01-17,90.95610036905025,0,-0.0,RSI_LT_34,EEM
2023-01-18,83.55096064780231,0,0.0,RSI_LT_34,EEM
2023-01-19,78.92981580971895,0,0.0,RSI_LT_34,EEM
2023-01-20,85.4286035032038,0,0.0,RSI_LT_34,EEM
2023-01-23,82.88593782802603,0,0.0,RSI_LT_34,EEM
2023-01-24,81.18086738643882,0,0.0,RSI_LT_34,EEM
2023-01-25,79.26832104926086,0,0.0,RSI_LT_34,EEM
2023-01-26,81.04091802497568,0,-0.0,RSI_LT_34,EEM
2023-01-27,73.6059685152595,0,-0.0,RSI_LT_34,EEM
2023-01-30,52.293603667712695,0,-0.0,RSI_LT_34,EEM
2023-01-31,54.63260654958501,0,0.0,RSI_LT_34,EEM
2023-02-01,66.07141437983294,0,-0.0,RSI_LT_34,EEM
2023-02-02,57.878796636129806,0,-0.0,RSI_LT_34,EEM
2023-02-03,37.536664764909226,0,-0.0,RSI_LT_34,EEM
2023-02-06,26.41508851950637,1,0.39721909697363333,RSI_LT_34,EEM
2023-02-07,28.906194120592232,1,-0.12363807803772442,RSI_LT_34,EEM
2023-02-08,27.792210880511746,1,0.47041952037005785,RSI_LT_34,EEM
2023-02-09,23.626394355923892,1,-0.9610724168258811,RSI_LT_34,EEM
2023-02-10,22.454313295060217,1,0.8211043601165535,RSI_LT_34,EEM
2023-02-13,35.95167904040346,0,-0.0,RSI_LT_34,EEM
2023-02-14,36.170234968780974,0,-0.0,RSI_LT_34,EEM
2023-02-15,21.794958007851903,1,0.02492725350551339,RSI_LT_34,EEM
2023-02-16,23.95837748484719,1,-1.0967064766277956,RSI_LT_34,EEM
2023-02-17,26.744222150922695,1,-1.2600806354701066,RSI_LT_34,EEM
2023-02-21,27.822641428171494,1,-0.48493778772096263,RSI_LT_34,EEM
2023-02-22,21.11562322373561,1,0.48730089389537046,RSI_LT_34,EEM
2023-02-23,27.169841740537393,1,-2.2460466086290043,RSI_LT_34,EEM
2023-02-24,15.868226200116268,1,0.5221952138994457,RSI_LT_34,EEM
2023-02-27,23.17460548130009,1,-0.7012998902952483,RSI_LT_34,EEM
2023-02-28,12.944925088639366,1,2.144911599902821,RSI_LT_34,EEM
2023-03-01,31.770796080394817,1,0.3585131687162013,RSI_LT_34,EEM
2023-03-02,37.362594751850494,0,0.0,RSI_LT_34,EEM
2023-03-03,42.71359192127537,0,-0.0,RSI_LT_34,EEM
2023-03-06,46.19566907503965,0,-0.0,RSI_LT_34,EEM
2023-03-07,44.27085144238267,0,0.0,RSI_LT_34,EEM
2023-03-08,48.818896061051156,0,-0.0,RSI_LT_34,EEM
2023-03-09,37.27680205993498,0,-0.0,RSI_LT_34,EEM
2023-03-10,43.947385328284554,0,0.0,RSI_LT_34,EEM
2023-03-13,41.80330773528112,0,0.0,RSI_LT_34,EEM
2023-03-14,45.454525114916365,0,-0.0,RSI_LT_34,EEM
2023-03-15,22.53086492430647,1,1.5293793609425066,RSI_LT_34,EEM
2023-03-16,31.60764103992649,1,-0.6078211979621218,RSI_LT_34,EEM
2023-03-17,22.816862058219883,1,0.37223979626819226,RSI_LT_34,EEM
2023-03-20,26.760511922287535,1,0.9006626558619724,RSI_LT_34,EEM
2023-03-21,39.938043565553826,0,0.0,RSI_LT_34,EEM
2023-03-22,39.75154690837493,0,0.0,RSI_LT_34,EEM
2023-03-23,62.629769203862224,0,-0.0,RSI_LT_34,EEM
2023-03-24,64.87453187873352,0,-0.0,RSI_LT_34,EEM
2023-03-27,59.52378480917397,0,0.0,RSI_LT_34,EEM
2023-03-28,65.7060658129214,0,0.0,RSI_LT_34,EEM
2023-03-29,81.56993654323367,0,0.0,RSI_LT_34,EEM
2023-03-30,80.36360307173295,0,-0.0,RSI_LT_34,EEM
2023-03-31,85.99219248638138,0,0.0,RSI_LT_34,EEM
2023-04-03,85.65735840798077,0,0.0,RSI_LT_34,EEM
2023-04-04,83.41012528720074,0,-0.0,RSI_LT_34,EEM
2023-04-05,71.24457265600954,0,0.0,RSI_LT_34,EEM
2023-04-06,65.81627588784028,0,0.0,RSI_LT_34,EEM
2023-04-10,70.00004015467582,0,0.0,RSI_LT_34,EEM
2023-04-11,81.34712158406761,0,-0.0,RSI_LT_34,EEM
2023-04-12,61.445816356779936,0,0.0,RSI_LT_34,EEM
2023-04-13,69.37802186971258,0,-0.0,RSI_LT_34,EEM
2023-04-14,55.497458532639634,0,0.0,RSI_LT_34,EEM
2023-04-17,60.591146890362154,0,-0.0,RSI_LT_34,EEM
2023-04-18,57.49999523161932,0,-0.0,RSI_LT_34,EEM
2023-04-19,47.916616996081984,0,-0.0,RSI_LT_34,EEM
2023-04-20,53.488417481653926,0,-0.0,RSI_LT_34,EEM
2023-04-21,41.9491189815391,0,-0.0,RSI_LT_34,EEM
2023-04-24,39.41902539864443,0,-0.0,RSI_LT_34,EEM
2023-04-25,24.482746373732766,1,0.5760702503646131,RSI_LT_34,EEM
2023-04-26,32.74648785945797,1,1.3538153080693283,RSI_LT_34,EEM
2023-04-27,32.269501627333796,1,0.5137445706951738,RSI_LT_34,EEM
2023-04-28,39.50178177498727,0,-0.0,RSI_LT_34,EEM
2023-05-01,33.93505384636572,1,-0.9743617131159898,RSI_LT_34,EEM
2023-05-02,30.32259969876256,1,-0.15535359982679076,RSI_LT_34,EEM
2023-05-03,34.05803311044093,0,0.0,RSI_LT_34,EEM
2023-05-04,41.5282097296256,0,0.0,RSI_LT_34,EEM
2023-05-05,56.012675418741516,0,0.0,RSI_LT_34,EEM
2023-05-08,57.928829357118616,0,-0.0,RSI_LT_34,EEM
2023-05-09,68.84612845248138,0,-0.0,RSI_LT_34,EEM
2023-05-10,65.41671633725134,0,-0.0,RSI_LT_34,EEM
2023-05-11,51.98014847100548,0,-0.0,RSI_LT_34,EEM
2023-05-12,37.28065478979,0,0.0,RSI_LT_34,EEM
2023-05-15,54.545430294332235,0,-0.0,RSI_LT_34,EEM
2023-05-16,56.52176316764246,0,0.0,RSI_LT_34,EEM
2023-05-17,60.416650109805104,0,-0.0,RSI_LT_34,EEM
2023-05-18,51.43888248531752,0,0.0,RSI_LT_34,EEM
2023-05-19,41.048026932796276,0,0.0,RSI_LT_34,EEM
2023-05-22,47.876433090999065,0,-0.0,RSI_LT_34,EEM
2023-05-23,41.89188666722512,0,-0.0,RSI_LT_34,EEM
2023-05-24,38.39007752230951,0,-0.0,RSI_LT_34,EEM
2023-05-25,39.116721520586765,0,0.0,RSI_LT_34,EEM
2023-05-26,56.63718805806899,0,-0.0,RSI_LT_34,EEM
2023-05-30,38.65815163739625,0,-0.0,RSI_LT_34,EEM
2023-05-31,37.69468627968275,0,0.0,RSI_LT_34,EEM
2023-06-01,46.09163090172885,0,0.0,RSI_LT_34,EEM
2023-06-02,57.07433899195072,0,-0.0,RSI_LT_34,EEM
2023-06-05,56.62648830452091,0,0.0,RSI_LT_34,EEM
2023-06-06,56.93780777612698,0,-0.0,RSI_LT_34,EEM
2023-06-07,58.76545302985349,0,0.0,RSI_LT_34,EEM
2023-06-08,65.8415355445941,0,0.0,RSI_LT_34,EEM
2023-06-09,68.59901334036071,0,0.0,RSI_LT_34,EEM
2023-06-12,63.27679902068016,0,0.0,RSI_LT_34,EEM
2023-06-13,75.64467189283013,0,0.0,RSI_LT_34,EEM
2023-06-14,85.71425393841996,0,0.0,RSI_LT_34,EEM
2023-06-15,84.34501872001871,0,-0.0,RSI_LT_34,EEM
2023-06-16,75.76921101859664,0,-0.0,RSI_LT_34,EEM
2023-06-20,58.112140867005444,0,-0.0,RSI_LT_34,EEM
2023-06-21,50.154772801086544,0,-0.0,RSI_LT_34,EEM
2023-06-22,56.055338201363256,0,-0.0,RSI_LT_34,EEM
2023-06-23,42.00624222711184,0,0.0,RSI_LT_34,EEM
2023-06-26,41.0827897800234,0,0.0,RSI_LT_34,EEM
2023-06-27,46.53182950761836,0,-0.0,RSI_LT_34,EEM
2023-06-28,36.6666782263313,0,-0.0,RSI_LT_34,EEM
2023-06-29,28.348964448521897,1,0.7898124160280684,RSI_LT_34,EEM
2023-06-30,26.751658903653592,1,1.1122310703610028,RSI_LT_34,EEM
2023-07-03,37.209310062243766,0,-0.0,RSI_LT_34,EEM
2023-07-05,44.44440029298906,0,-0.0,RSI_LT_34,EEM
2023-07-06,36.57146282581566,0,0.0,RSI_LT_34,EEM
2023-07-07,45.26315366792886,0,0.0,RSI_LT_34,EEM
2023-07-10,53.846153846153854,0,0.0,RSI_LT_34,EEM
2023-07-11,57.386369178117086,0,0.0,RSI_LT_34,EEM
2023-07-12,62.5935005522276,0,0.0,RSI_LT_34,EEM
2023-07-13,70.69770825367564,0,-0.0,RSI_LT_34,EEM
2023-07-14,70.37033439503101,0,0.0,RSI_LT_34,EEM
2023-07-17,68.47288279874397,0,-0.0,RSI_LT_34,EEM
2023-07-18,59.69383236976782,0,-0.0,RSI_LT_34,EEM
2023-07-19,62.23404956866597,0,-0.0,RSI_LT_34,EEM
2023-07-20,71.99995304999003,0,-0.0,RSI_LT_34,EEM
2023-07-21,66.20203733339005,0,0.0,RSI_LT_34,EEM
2023-07-24,71.38637358482498,0,0.0,RSI_LT_34,EEM
2023-07-25,70.87080241298963,0,0.0,RSI_LT_34,EEM
2023-07-26,63.80594093792746,0,-0.0,RSI_LT_34,EEM
2023-07-27,44.36086882946655,0,0.0,RSI_LT_34,EEM
2023-07-28,63.450283591828544,0,0.0,RSI_LT_34,EEM
2023-07-31,63.12680747634105,0,-0.0,RSI_LT_34,EEM
2023-08-01,59.1160034690499,0,-0.0,RSI_LT_34,EEM
2023-08-02,47.24062200529846,0,0.0,RSI_LT_34,EEM
2023-08-03,52.391785292844894,0,-0.0,RSI_LT_34,EEM
2023-08-04,52.511426660349485,0,-0.0,RSI_LT_34,EEM
2023-08-07,44.987163419766965,0,-0.0,RSI_LT_34,EEM
2023-08-08,34.90103988148013,0,0.0,RSI_LT_34,EEM
2023-08-09,32.56410156089527,1,0.14966668262070826,RSI_LT_34,EEM
2023-08-10,38.55076918654087,0,-0.0,RSI_LT_34,EEM
2023-08-11,11.147548774981587,1,-0.48028926898503466,RSI_LT_34,EEM
2023-08-14,9.937874953797163,1,-1.143004254884572,RSI_LT_34,EEM
2023-08-15,10.191075064509704,1,-0.8992766972953259,RSI_LT_34,EEM
2023-08-16,12.79998779296875,1,0.23334237308787475,RSI_LT_34,EEM
2023-08-17,10.288064551576895,1,-0.6725254075514608,RSI_LT_34,EEM
2023-08-18,9.469699159032459,1,0.23437538805106684,RSI_LT_34,EEM
2023-08-21,12.734096844800291,1,-0.20785094197448561,RSI_LT_34,EEM
2023-08-22,15.044240318948894,1,1.5881296869951989,RSI_LT_34,EEM
2023-08-23,30.685955876277305,1,-0.38442215304757,RSI_LT_34,EEM
2023-08-24,27.62236689594829,1,0.10290948450355497,RSI_LT_34,EEM
2023-08-25,35.930734500969365,0,0.0,RSI_LT_34,EEM
2023-08-28,48.400042114193546,0,0.0,RSI_LT_34,EEM
2023-08-29,67.05885696847119,0,-0.0,RSI_LT_34,EEM
2023-08-30,73.39050453751409,0,-0.0,RSI_LT_34,EEM
2023-08-31,59.34060406201312,0,0.0,RSI_LT_34,EEM
2023-09-01,70.98966911214254,0,-0.0,RSI_LT_34,EEM
2023-09-05,62.97463235382881,0,-0.0,RSI_LT_34,EEM
2023-09-06,60.30300157904837,0,-0.0,RSI_LT_34,EEM
2023-09-07,43.80955148978633,0,0.0,RSI_LT_34,EEM
2023-09-08,47.40260464079365,0,0.0,RSI_LT_34,EEM
2023-09-11,53.97725056028298,0,-0.0,RSI_LT_34,EEM
2023-09-12,46.62575035982167,0,-0.0,RSI_LT_34,EEM
2023-09-13,36.29893093500764,0,0.0,RSI_LT_34,EEM
2023-09-14,43.53739378204055,0,-0.0,RSI_LT_34,EEM
2023-09-15,49.230823404096114,0,-0.0,RSI_LT_34,EEM
2023-09-18,37.44288817317055,0,-0.0,RSI_LT_34,EEM
2023-09-19,39.04752216617227,0,-0.0,RSI_LT_34,EEM
2023-09-20,40.19600876635276,0,-0.0,RSI_LT_34,EEM
2023-09-21,36.44438491612724,0,0.0,RSI_LT_34,EEM
2023-09-22,45.41987956017332,0,-0.0,RSI_LT_34,EEM
2023-09-25,30.735923587074282,1,-1.4099240895149134,RSI_LT_34,EEM
2023-09-26,26.007296832403412,1,0.15890194904166766,RSI_LT_34,EEM
2023-09-27,28.102189272910792,1,0.26440633243784983,RSI_LT_34,EEM
2023-09-28,23.64341772975402,1,0.07912076857301553,RSI_LT_34,EEM
2023-09-29,26.016319416445953,1,-0.5006651846811039,RSI_LT_34,EEM
2023-10-02,24.615413959097808,1,-1.3241526012326865,RSI_LT_34,EEM
2023-10-03,22.299712236909443,1,-0.2952141723278845,RSI_LT_34,EEM
2023-10-04,22.695120845941887,1,0.37684894723601925,RSI_LT_34,EEM
2023-10-05,34.061178289253405,0,0.0,RSI_LT_34,EEM
2023-10-06,36.55466225573164,0,-0.0,RSI_LT_34,EEM
2023-10-09,36.4017397549978,0,0.0,RSI_LT_34,EEM
2023-10-10,58.99582458134086,0,0.0,RSI_LT_34,EEM
2023-10-11,61.86771756393701,0,-0.0,RSI_LT_34,EEM
2023-10-12,51.379341188974735,0,-0.0,RSI_LT_34,EEM
2023-10-13,48.50498002035351,0,0.0,RSI_LT_34,EEM
2023-10-16,56.129060044668954,0,-0.0,RSI_LT_34,EEM
2023-10-17,64.44452921571038,0,-0.0,RSI_LT_34,EEM
2023-10-18,54.889554221680974,0,-0.0,RSI_LT_34,EEM
2023-10-19,49.23078006542507,0,-0.0,RSI_LT_34,EEM
2023-10-20,33.54426865159941,1,-0.08155094658200968,RSI_LT_34,EEM
2023-10-23,35.215885371451606,0,0.0,RSI_LT_34,EEM
2023-10-24,33.673498515642834,1,-1.3161371737693495,RSI_LT_34,EEM
2023-10-25,23.510981908282204,1,-0.4899300406980611,RSI_LT_34,EEM
2023-10-26,25.510215997602188,1,-0.08206398486642064,RSI_LT_34,EEM
2023-10-27,26.5017496374018,1,1.0402438565932703,RSI_LT_34,EEM
2023-10-30,29.010276233167517,1,-0.5689490255779028,RSI_LT_34,EEM
2023-10-31,27.960558099380236,1,0.9264309142228422,RSI_LT_34,EEM
2023-11-01,42.50004087171187,0,0.0,RSI_LT_34,EEM
2023-11-02,56.96588979197521,0,0.0,RSI_LT_34,EEM
2023-11-03,73.5210807511616,0,0.0,RSI_LT_34,EEM
2023-11-06,76.24022422042765,0,-0.0,RSI_LT_34,EEM
2023-11-07,71.42858731652198,0,-0.0,RSI_LT_34,EEM
2023-11-08,76.5624143184457,0,-0.0,RSI_LT_34,EEM
2023-11-09,72.48520676668393,0,0.0,RSI_LT_34,EEM
2023-11-10,75.13815123925139,0,-0.0,RSI_LT_34,EEM
2023-11-13,72.00005634027649,0,0.0,RSI_LT_34,EEM
2023-11-14,82.75866928872699,0,0.0,RSI_LT_34,EEM
2023-11-15,82.71608891936467,0,-0.0,RSI_LT_34,EEM
2023-11-16,71.42865792984574,0,0.0,RSI_LT_34,EEM
2023-11-17,64.70595568454095,0,0.0,RSI_LT_34,EEM
2023-11-20,66.6667059126878,0,-0.0,RSI_LT_34,EEM
2023-11-21,63.157912348624535,0,-0.0,RSI_LT_34,EEM
2023-11-22,66.66678440486871,0,0.0,RSI_LT_34,EEM
2023-11-24,75.17251721225865,0,-0.0,RSI_LT_34,EEM
2023-11-27,68.45889750731153,0,0.0,RSI_LT_34,EEM
2023-11-28,72.02578302760452,0,-0.0,RSI_LT_34,EEM
2023-11-29,52.58619697420627,0,0.0,RSI_LT_34,EEM
2023-11-30,46.85995768802659,0,0.0,RSI_LT_34,EEM
2023-12-01,61.29031596477339,0,-0.0,RSI_LT_34,EEM
2023-12-04,48.23004368345362,0,-0.0,RSI_LT_34,EEM
2023-12-05,29.850751933923945,1,-0.12807181323774008,RSI_LT_34,EEM
2023-12-06,33.14920154527387,1,0.48730089389537046,RSI_LT_34,EEM
2023-12-07,41.14580332396213,0,-0.0,RSI_LT_34,EEM
2023-12-08,37.1979794964221,0,0.0,RSI_LT_34,EEM
2023-12-11,46.72898529023794,0,0.0,RSI_LT_34,EEM
2023-12-12,37.36266039547099,0,0.0,RSI_LT_34,EEM
2023-12-13,54.04040112129007,0,0.0,RSI_LT_34,EEM
2023-12-14,63.30645099266747,0,-0.0,RSI_LT_34,EEM
2023-12-15,54.90195491781207,0,-0.0,RSI_LT_34,EEM
2023-12-18,66.03772226880625,0,0.0,RSI_LT_34,EEM
2023-12-19,78.37827620751219,0,-0.0,RSI_LT_34,EEM
2023-12-20,47.93386605911827,0,0.0,RSI_LT_34,EEM
2023-12-21,54.67624517217342,0,-0.0,RSI_LT_34,EEM
2023-12-22,54.41530466576352,0,0.0,RSI_LT_34,EEM
2023-12-26,55.26928925076429,0,0.0,RSI_LT_34,EEM
2023-12-27,57.46100765828452,0,0.0,RSI_LT_34,EEM
2023-12-28,56.68934436510374,0,-0.0,RSI_LT_34,EEM
2023-12-29,49.8701020753943,0,-0.0,RSI_LT_34,EEM
2024-01-02,47.05884552885056,0,-0.0,RSI_LT_34,EEM
2024-01-03,44.85982307983689,0,-0.0,RSI_LT_34,EEM
2024-01-04,38.82062937882232,0,0.0,RSI_LT_34,EEM
2024-01-05,61.278183627753826,0,0.0,RSI_LT_34,EEM
2024-01-08,49.50979200520595,0,-0.0,RSI_LT_34,EEM
2024-01-09,41.90871303615579,0,-0.0,RSI_LT_34,EEM
2024-01-10,31.963525200533013,1,0.4113106455938542,RSI_LT_34,EEM
2024-01-11,29.717046487147883,1,0.35842136386654566,RSI_LT_34,EEM
2024-01-12,23.58973355765093,1,-2.4234712868618224,RSI_LT_34,EEM
2024-01-16,15.972205665360676,1,-1.4901952805861929,RSI_LT_34,EEM
2024-01-17,15.436213259531314,1,0.8227212600325551,RSI_LT_34,EEM
2024-01-18,25.08145062886595,1,1.0529025888629029,RSI_LT_34,EEM
2024-01-19,35.02992370597104,0,-0.0,RSI_LT_34,EEM
2024-01-22,30.853988410877875,1,0.8672847244981519,RSI_LT_34,EEM
2024-01-23,34.80521256294253,0,0.0,RSI_LT_34,EEM
2024-01-24,47.58064185336801,0,0.0,RSI_LT_34,EEM
2024-01-25,49.45650934497092,0,0.0,RSI_LT_34,EEM
2024-01-26,47.60560534960365,0,0.0,RSI_LT_34,EEM
2024-01-29,45.77258178243104,0,-0.0,RSI_LT_34,EEM
2024-01-30,56.27237202993784,0,-0.0,RSI_LT_34,EEM
2024-01-31,64.60903282523037,0,0.0,RSI_LT_34,EEM
2024-02-01,65.46179324629483,0,-0.0,RSI_LT_34,EEM
2024-02-02,55.90914765673226,0,0.0,RSI_LT_34,EEM
2024-02-05,67.0157820944529,0,0.0,RSI_LT_34,EEM
2024-02-06,74.3903063083739,0,0.0,RSI_LT_34,EEM
2024-02-07,69.71158607484898,0,-0.0,RSI_LT_34,EEM
2024-02-08,62.22222598983085,0,0.0,RSI_LT_34,EEM
2024-02-09,64.43520120538079,0,0.0,RSI_LT_34,EEM
2024-02-12,68.2835974919756,0,-0.0,RSI_LT_34,EEM
2024-02-13,58.653874369106774,0,0.0,RSI_LT_34,EEM
2024-02-14,68.87611459051338,0,0.0,RSI_LT_34,EEM
2024-02-15,67.17328364560156,0,0.0,RSI_LT_34,EEM
2024-02-16,71.21660444677879,0,0.0,RSI_LT_34,EEM
2024-02-20,71.30174810139869,0,0.0,RSI_LT_34,EEM
2024-02-21,62.25675735850737,0,0.0,RSI_LT_34,EEM
2024-02-22,66.89415973815295,0,-0.0,RSI_LT_34,EEM
2024-02-23,71.7948502975604,0,-0.0,RSI_LT_34,EEM
2024-02-26,65.32841227720897,0,0.0,RSI_LT_34,EEM
2024-02-27,62.15139623880288,0,-0.0,RSI_LT_34,EEM
2024-02-28,68.12230347653713,0,0.0,RSI_LT_34,EEM
2024-02-29,58.28574044363839,0,0.0,RSI_LT_34,EEM
2024-03-01,64.39025297965185,0,-0.0,RSI_LT_34,EEM
2024-03-04,57.948667788254625,0,-0.0,RSI_LT_34,EEM
2024-03-05,47.5555419921875,0,0.0,RSI_LT_34,EEM
2024-03-06,57.24639884564033,0,0.0,RSI_LT_34,EEM
2024-03-07,54.61541283057624,0,-0.0,RSI_LT_34,EEM
2024-03-08,54.19849217696682,0,0.0,RSI_LT_34,EEM
2024-03-11,59.68381770892231,0,0.0,RSI_LT_34,EEM
2024-03-12,64.82758892843896,0,-0.0,RSI_LT_34,EEM
2024-03-13,75.19992797862552,0,-0.0,RSI_LT_34,EEM
2024-03-14,69.14494134731015,0,-0.0,RSI_LT_34,EEM
2024-03-15,55.918374973141475,0,0.0,RSI_LT_34,EEM
2024-03-18,59.25925925925927,0,-0.0,RSI_LT_34,EEM
2024-03-19,63.43611150322316,0,0.0,RSI_LT_34,EEM
2024-03-20,61.39529107006618,0,0.0,RSI_LT_34,EEM
2024-03-21,57.435903455129484,0,-0.0,RSI_LT_34,EEM
2024-03-22,50.909109824905755,0,0.0,RSI_LT_34,EEM
2024-03-25,49.53270028467582,0,-0.0,RSI_LT_34,EEM
2024-03-26,35.46512659463103,0,0.0,RSI_LT_34,EEM
2024-03-27,40.96387757118662,0,0.0,RSI_LT_34,EEM
2024-03-28,51.87504023307767,0,0.0,RSI_LT_34,EEM
2024-04-01,63.38030060847023,0,0.0,RSI_LT_34,EEM
2024-04-02,64.86482306758461,0,0.0,RSI_LT_34,EEM
2024-04-03,75.57256798744355,0,-0.0,RSI_LT_34,EEM
2024-04-04,53.00005722024071,0,0.0,RSI_LT_34,EEM
2024-04-05,54.80761471591534,0,0.0,RSI_LT_34,EEM
2024-04-08,82.35291917707293,0,0.0,RSI_LT_34,EEM
2024-04-09,85.82675273261384,0,-0.0,RSI_LT_34,EEM
2024-04-10,60.220957214303624,0,0.0,RSI_LT_34,EEM
2024-04-11,63.819064652354854,0,-0.0,RSI_LT_34,EEM
2024-04-12,40.14331771905789,0,-0.0,RSI_LT_34,EEM
2024-04-15,35.2348791393632,0,-0.0,RSI_LT_34,EEM
2024-04-16,27.218984997409848,1,-0.07549721370645468,RSI_LT_34,EEM
2024-04-17,26.33133456803081,1,0.4029208035783327,RSI_LT_34,EEM
2024-04-18,30.97343439844802,1,-0.40130386681338504,RSI_LT_34,EEM
2024-04-19,27.745645621145343,1,1.0828514608148598,RSI_LT_34,EEM
2024-04-22,30.939206142296683,1,0.8221271451732681,RSI_LT_34,EEM
2024-04-23,31.880145810747464,1,0.3459337420944175,RSI_LT_34,EEM
2024-04-24,40.43212020528713,0,0.0,RSI_LT_34,EEM
2024-04-25,37.33768968199315,0,0.0,RSI_LT_34,EEM
2024-04-26,62.307687793255035,0,0.0,RSI_LT_34,EEM
2024-04-29,73.72259928300441,0,-0.0,RSI_LT_34,EEM
2024-04-30,72.40142634081779,0,0.0,RSI_LT_34,EEM
2024-05-01,73.57146165814262,0,0.0,RSI_LT_34,EEM
2024-05-02,80.00004124000446,0,0.0,RSI_LT_34,EEM
2024-05-03,85.20412532454137,0,0.0,RSI_LT_34,EEM
2024-05-06,83.56943785546707,0,-0.0,RSI_LT_34,EEM
2024-05-07,76.16284807817489,0,0.0,RSI_LT_34,EEM
2024-05-08,75.22663519627886,0,0.0,RSI_LT_34,EEM
2024-05-09,75.52244414584709,0,0.0,RSI_LT_34,EEM
2024-05-10,72.3906515311483,0,0.0,RSI_LT_34,EEM
2024-05-13,71.62635923726957,0,0.0,RSI_LT_34,EEM
2024-05-14,90.55124023044436,0,0.0,RSI_LT_34,EEM
2024-05-15,91.89195110478191,0,0.0,RSI_LT_34,EEM
2024-05-16,87.93976977562228,0,0.0,RSI_LT_34,EEM
2024-05-17,86.6667514379326,0,-0.0,RSI_LT_34,EEM
2024-05-20,79.16676600783603,0,-0.0,RSI_LT_34,EEM
2024-05-21,77.94871092626681,0,-0.0,RSI_LT_34,EEM
2024-05-22,72.59619264204233,0,-0.0,RSI_LT_34,EEM
2024-05-23,60.79298633599242,0,0.0,RSI_LT_34,EEM
2024-05-24,61.30436152727261,0,-0.0,RSI_LT_34,EEM
2024-05-28,53.43135604947137,0,-0.0,RSI_LT_34,EEM
2024-05-29,35.1020547977199,0,-0.0,RSI_LT_34,EEM
2024-05-30,18.957412804362136,1,-0.9715636018949425,RSI_LT_34,EEM
2024-05-31,12.757256557981819,1,1.052880155706104,RSI_LT_34,EEM
2024-06-03,20.895458653894053,1,-1.3971114349594083,RSI_LT_34,EEM
2024-06-04,18.00637091897501,1,1.609034566434553,RSI_LT_34,EEM
2024-06-05,35.04273875832088,0,0.0,RSI_LT_34,EEM
2024-06-06,40.22344761448094,0,-0.0,RSI_LT_34,EEM
2024-06-07,38.50265906990691,0,0.0,RSI_LT_34,EEM
2024-06-10,40.56847876336746,0,-0.0,RSI_LT_34,EEM
2024-06-11,37.02831334514931,0,0.0,RSI_LT_34,EEM
2024-06-12,49.50247575957139,0,-0.0,RSI_LT_34,EEM
2024-06-13,49.74999403952984,0,0.0,RSI_LT_34,EEM
2024-06-14,56.04394452752717,0,0.0,RSI_LT_34,EEM
2024-06-17,53.89049941790095,0,0.0,RSI_LT_34,EEM
2024-06-18,69.11316946839165,0,-0.0,RSI_LT_34,EEM
2024-06-20,59.55055056056167,0,-0.0,RSI_LT_34,EEM
2024-06-21,52.87352289917348,0,0.0,RSI_LT_34,EEM
2024-06-24,64.7886869902537,0,-0.0,RSI_LT_34,EEM
2024-06-25,57.070691502069195,0,-0.0,RSI_LT_34,EEM
2024-06-26,68.90245746252167,0,0.0,RSI_LT_34,EEM
2024-06-27,59.2000097656548,0,0.0,RSI_LT_34,EEM
2024-06-28,66.66666666666666,0,0.0,RSI_LT_34,EEM
2024-07-01,67.96873137353074,0,0.0,RSI_LT_34,EEM
2024-07-02,64.03508184872375,0,0.0,RSI_LT_34,EEM
2024-07-03,70.2898891250805,0,0.0,RSI_LT_34,EEM
2024-07-05,77.18122351796617,0,0.0,RSI_LT_34,EEM
2024-07-08,85.92601174362945,0,0.0,RSI_LT_34,EEM
2024-07-09,87.58177919617034,0,0.0,RSI_LT_34,EEM
2024-07-10,94.64284903338313,0,0.0,RSI_LT_34,EEM
2024-07-11,100.0,0,0.0,RSI_LT_34,EEM
2024-07-12,100.0,0,-0.0,RSI_LT_34,EEM
2024-07-15,80.33480015897261,0,0.0,RSI_LT_34,EEM
2024-07-16,81.49614399747689,0,-0.0,RSI_LT_34,EEM
2024-07-17,61.980841184141575,0,-0.0,RSI_LT_34,EEM
2024-07-18,45.017159606626834,0,-0.0,RSI_LT_34,EEM
2024-07-19,35.87299818831805,0,0.0,RSI_LT_34,EEM
2024-07-22,42.28568439087871,0,-0.0,RSI_LT_34,EEM
2024-07-23,35.13511284319486,0,-0.0,RSI_LT_34,EEM
2024-07-24,25.798463620651518,1,-0.40379614039608436,RSI_LT_34,EEM
2024-07-25,19.849136898200953,1,1.0255194420370817,RSI_LT_34,EEM
2024-07-26,24.58626688322404,1,-0.33049902651376417,RSI_LT_34,EEM
2024-07-29,26.666634062365503,1,-0.45002945502777836,RSI_LT_34,EEM
2024-07-30,20.572860787258904,1,2.1889174645794984,RSI_LT_34,EEM
2024-07-31,42.32674038605897,0,-0.0,RSI_LT_34,EEM
2024-08-01,39.041099469599985,0,-0.0,RSI_LT_34,EEM
2024-08-02,37.49996862914377,0,-0.0,RSI_LT_34,EEM
2024-08-05,25.09295657205091,1,0.5690335659399137,RSI_LT_34,EEM
2024-08-06,30.2103695361688,1,0.6150061269760254,RSI_LT_34,EEM
2024-08-07,37.654373315374464,0,0.0,RSI_LT_34,EEM
2024-08-08,49.11033550268385,0,0.0,RSI_LT_34,EEM
2024-08-09,47.23248427143986,0,0.0,RSI_LT_34,EEM
2024-08-12,49.815494259313084,0,0.0,RSI_LT_34,EEM
2024-08-13,55.61402522516734,0,-0.0,RSI_LT_34,EEM
2024-08-14,44.91016049132671,0,0.0,RSI_LT_34,EEM
2024-08-15,57.5052704078094,0,0.0,RSI_LT_34,EEM
2024-08-16,69.54644660619726,0,0.0,RSI_LT_34,EEM
2024-08-19,94.05686359164828,0,-0.0,RSI_LT_34,EEM
2024-08-20,85.67839798031885,0,0.0,RSI_LT_34,EEM
2024-08-21,85.38461463220916,0,-0.0,RSI_LT_34,EEM
2024-08-22,68.3760358646923,0,0.0,RSI_LT_34,EEM
2024-08-23,72.24998474121094,0,-0.0,RSI_LT_34,EEM
2024-08-26,65.01182736644274,0,0.0,RSI_LT_34,EEM
2024-08-27,61.2565533907868,0,-0.0,RSI_LT_34,EEM
2024-08-28,60.62175602544185,0,0.0,RSI_LT_34,EEM
2024-08-29,55.42520452259788,0,0.0,RSI_LT_34,EEM
2024-08-30,49.33331807454427,0,-0.0,RSI_LT_34,EEM
2024-09-03,30.8138948185523,1,-0.02351992925894164,RSI_LT_34,EEM
2024-09-04,34.083557901889804,0,0.0,RSI_LT_34,EEM
2024-09-05,31.666692097981766,1,-1.8327128026918715,RSI_LT_34,EEM
2024-09-06,29.32099601223058,1,0.8377269005373833,RSI_LT_34,EEM
2024-09-09,20.20910369320825,1,-0.3797765092704908,RSI_LT_34,EEM
2024-09-10,21.804550095797524,1,0.7386169873181636,RSI_LT_34,EEM
2024-09-11,28.522363798437425,1,0.8278200069148145,RSI_LT_34,EEM
2024-09-12,39.46494822738106,0,0.0,RSI_LT_34,EEM
2024-09-13,42.902269319541084,0,0.0,RSI_LT_34,EEM
2024-09-16,43.78886512933818,0,0.0,RSI_LT_34,EEM
2024-09-17,60.58094110496258,0,-0.0,RSI_LT_34,EEM
2024-09-18,57.254861481983454,0,0.0,RSI_LT_34,EEM
2024-09-19,67.94111014247872,0,-0.0,RSI_LT_34,EEM
2024-09-20,85.23981188354347,0,0.0,RSI_LT_34,EEM
2024-09-23,85.18513285739111,0,0.0,RSI_LT_34,EEM
2024-09-24,94.05936574062709,0,-0.0,RSI_LT_34,EEM
2024-09-25,82.89784501466528,0,0.0,RSI_LT_34,EEM
2024-09-26,86.93283227661875,0,-0.0,RSI_LT_34,EEM
2024-09-27,84.9999788072434,0,-0.0,RSI_LT_34,EEM
2024-09-30,74.04324760740495,0,0.0,RSI_LT_34,EEM
2024-10-01,75.19870991687722,0,0.0,RSI_LT_34,EEM
2024-10-02,80.0,0,-0.0,RSI_LT_34,EEM
2024-10-03,70.59704024905999,0,0.0,RSI_LT_34,EEM
2024-10-04,73.29548256211213,0,0.0,RSI_LT_34,EEM
2024-10-07,73.48380501452706,0,-0.0,RSI_LT_34,EEM
2024-10-08,54.88165688821072,0,-0.0,RSI_LT_34,EEM
2024-10-09,56.81469797873583,0,0.0,RSI_LT_34,EEM
2024-10-10,43.25953386984737,0,0.0,RSI_LT_34,EEM
2024-10-11,47.60076733271341,0,-0.0,RSI_LT_34,EEM
2024-10-14,53.333305987842195,0,-0.0,RSI_LT_34,EEM
2024-10-15,40.56604316795311,0,0.0,RSI_LT_34,EEM
2024-10-16,33.54434862107708,1,-0.15371035005919964,RSI_LT_34,EEM
2024-10-17,37.41179089393006,0,0.0,RSI_LT_34,EEM
2024-10-18,37.70489460010935,0,-0.0,RSI_LT_34,EEM
2024-10-21,29.047616452589722,1,-0.2192949067264638,RSI_LT_34,EEM
2024-10-22,38.97766148168641,0,-0.0,RSI_LT_34,EEM
2024-10-23,38.73017872150785,0,-0.0,RSI_LT_34,EEM
2024-10-24,36.10225822688544,0,-0.0,RSI_LT_34,EEM
2024-10-25,28.16898570697485,1,0.44326411275270594,RSI_LT_34,EEM
2024-10-28,35.08773808408401,0,-0.0,RSI_LT_34,EEM
2024-10-29,49.75128532630872,0,-0.0,RSI_LT_34,EEM
2024-10-30,30.95235067692883,1,-0.6481915615727862,RSI_LT_34,EEM
2024-10-31,28.017192476482847,1,0.08999080954052996,RSI_LT_34,EEM
2024-11-01,12.565533907868058,1,0.5619240066718101,RSI_LT_34,EEM
2024-11-04,26.630523795208816,1,1.3634259561234874,RSI_LT_34,EEM
2024-11-05,46.80847610050029,0,-0.0,RSI_LT_34,EEM
2024-11-06,41.66667870802923,0,0.0,RSI_LT_34,EEM
2024-11-07,58.707865469535406,0,-0.0,RSI_LT_34,EEM
2024-11-08,44.94625367216668,0,-0.0,RSI_LT_34,EEM
2024-11-11,39.45719685235019,0,-0.0,RSI_LT_34,EEM
2024-11-12,34.42621014363854,0,-0.0,RSI_LT_34,EEM
2024-11-13,35.45961784278278,0,-0.0,RSI_LT_34,EEM
2024-11-14,35.79543073639675,0,0.0,RSI_LT_34,EEM
2024-11-15,35.30530738946092,0,0.0,RSI_LT_34,EEM
2024-11-18,38.138632525516066,0,-0.0,RSI_LT_34,EEM
2024-11-19,30.20405557635911,1,-0.11517907679404749,RSI_LT_34,EEM
2024-11-20,33.712950009124,1,-0.20756492463334109,RSI_LT_34,EEM
2024-11-21,14.040077343392213,1,0.023106820955454133,RSI_LT_34,EEM
2024-11-22,21.096928920937415,1,0.06932207680303559,RSI_LT_34,EEM
2024-11-25,25.728126574027442,1,-0.4156090959784309,RSI_LT_34,EEM
2024-11-26,37.857117555538,0,0.0,RSI_LT_34,EEM
2024-11-27,50.0,0,0.0,RSI_LT_34,EEM
2024-11-29,65.34649725793537,0,0.0,RSI_LT_34,EEM
2024-12-02,70.33902414581239,0,0.0,RSI_LT_34,EEM
2024-12-03,55.12833052936343,0,0.0,RSI_LT_34,EEM
2024-12-04,62.79075956778623,0,0.0,RSI_LT_34,EEM
2024-12-05,75.45446979102366,0,-0.0,RSI_LT_34,EEM
2024-12-06,76.85180933542907,0,0.0,RSI_LT_34,EEM
2024-12-09,87.30965253357707,0,-0.0,RSI_LT_34,EEM
2024-12-10,63.53378660352816,0,0.0,RSI_LT_34,EEM
2024-12-11,70.30071575771221,0,-0.0,RSI_LT_34,EEM
2024-12-12,64.1844528073199,0,0.0,RSI_LT_34,EEM
2024-12-13,63.79930569703068,0,-0.0,RSI_LT_34,EEM
2024-12-16,56.293732410334385,0,-0.0,RSI_LT_34,EEM
2024-12-17,42.22219161040863,0,-0.0,RSI_LT_34,EEM
2024-12-18,31.403071302648627,1,0.3336496489587448,RSI_LT_34,EEM
2024-12-19,29.03224388768959,1,0.40380520143505905,RSI_LT_34,EEM
2024-12-20,32.20722404222286,1,0.5677735064359313,RSI_LT_34,EEM
2024-12-23,20.370308698227774,1,0.30581292224935996,RSI_LT_34,EEM
2024-12-24,28.213140278246144,1,-0.35177700123995015,RSI_LT_34,EEM
2024-12-26,22.784784149169525,1,-0.4471697667701946,RSI_LT_34,EEM
2024-12-27,23.00313219826694,1,-0.8037828811353842,RSI_LT_34,EEM
2024-12-30,19.82508001966292,1,-0.3336496489587448,RSI_LT_34,EEM
2024-12-31,20.42041835635898,1,-0.14347530781652074,RSI_LT_34,EEM
2025-01-02,26.5624976716948,1,0.9339157567556766,RSI_LT_34,EEM
2025-01-03,54.87184603526729,0,0.0,RSI_LT_34,EEM
2025-01-06,55.10205273227288,0,-0.0,RSI_LT_34,EEM
2025-01-07,43.54065937676248,0,-0.0,RSI_LT_34,EEM
2025-01-08,32.68297493840669,1,-1.698562434047035,RSI_LT_34,EEM
2025-01-10,20.532345863811017,1,-0.6814280317768318,RSI_LT_34,EEM
2025-01-13,19.565235419160274,1,1.1271724307603481,RSI_LT_34,EEM
2025-01-14,33.00331362615448,1,1.308458709807847,RSI_LT_34,EEM
2025-01-15,47.67805367740411,0,-0.0,RSI_LT_34,EEM
2025-01-16,49.04456509458374,0,0.0,RSI_LT_34,EEM
2025-01-17,54.838731329258366,0,0.0,RSI_LT_34,EEM
2025-01-21,55.6195857701948,0,0.0,RSI_LT_34,EEM
2025-01-22,54.029854825247135,0,0.0,RSI_LT_34,EEM
2025-01-23,60.6348864189577,0,0.0,RSI_LT_34,EEM
2025-01-24,67.80186270410971,0,-0.0,RSI_LT_34,EEM
2025-01-27,66.3635722600416,0,0.0,RSI_LT_34,EEM
2025-01-28,75.07497634436194,0,0.0,RSI_LT_34,EEM
2025-01-29,71.18048472935635,0,0.0,RSI_LT_34,EEM
2025-01-30,72.8757122928881,0,-0.0,RSI_LT_34,EEM
2025-01-31,63.71431218358482,0,-0.0,RSI_LT_34,EEM
2025-02-03,54.59769232961583,0,0.0,RSI_LT_34,EEM
2025-02-04,58.31130740413436,0,-0.0,RSI_LT_34,EEM
2025-02-05,56.33077278690819,0,0.0,RSI_LT_34,EEM
2025-02-06,57.21523290412364,0,-0.0,RSI_LT_34,EEM
2025-02-07,53.36927306864195,0,0.0,RSI_LT_34,EEM
2025-02-10,72.46383221509161,0,-0.0,RSI_LT_34,EEM
2025-02-11,66.16314930574762,0,0.0,RSI_LT_34,EEM
2025-02-12,68.36158618259483,0,0.0,RSI_LT_34,EEM
2025-02-13,63.870984413877636,0,0.0,RSI_LT_34,EEM
2025-02-14,78.64403711246888,0,0.0,RSI_LT_34,EEM
2025-02-18,89.04109946959997,0,-0.0,RSI_LT_34,EEM
2025-02-19,82.51123454234742,0,0.0,RSI_LT_34,EEM
2025-02-20,88.93271514192016,0,-0.0,RSI_LT_34,EEM
2025-02-21,83.46774503666263,0,-0.0,RSI_LT_34,EEM
2025-02-24,66.13415298515194,0,0.0,RSI_LT_34,EEM
2025-02-25,59.84848156448638,0,0.0,RSI_LT_34,EEM
2025-02-26,69.4158269307154,0,-0.0,RSI_LT_34,EEM
2025-02-27,50.28249257264902,0,-0.0,RSI_LT_34,EEM
2025-02-28,38.860097482300205,0,-0.0,RSI_LT_34,EEM
2025-03-03,29.743603286901603,1,0.8405248196680537,RSI_LT_34,EEM
2025-03-04,31.155758665506283,1,2.9868047153157384,RSI_LT_34,EEM
2025-03-05,48.653851232588096,0,-0.0,RSI_LT_34,EEM
2025-03-06,41.81460857186497,0,0.0,RSI_LT_34,EEM
2025-03-07,45.34880110478449,0,-0.0,RSI_LT_34,EEM
2025-03-10,42.31464887483496,0,0.0,RSI_LT_34,EEM
2025-03-11,45.563127823190406,0,0.0,RSI_LT_34,EEM
2025-03-12,43.63955215631933,0,-0.0,RSI_LT_34,EEM
2025-03-13,49.69816241740242,0,0.0,RSI_LT_34,EEM
2025-03-14,63.24956724873495,0,0.0,RSI_LT_34,EEM
2025-03-17,72.61263168457972,0,-0.0,RSI_LT_34,EEM
2025-03-18,67.71221387101383,0,0.0,RSI_LT_34,EEM
2025-03-19,58.72644713532928,0,-0.0,RSI_LT_34,EEM
2025-03-20,56.849301944800075,0,-0.0,RSI_LT_34,EEM
2025-03-21,51.82652696853308,0,0.0,RSI_LT_34,EEM
2025-03-24,70.170447772193,0,-0.0,RSI_LT_34,EEM
2025-03-25,64.13377208238836,0,-0.0,RSI_LT_34,EEM
2025-03-26,56.3253389282296,0,0.0,RSI_LT_34,EEM
2025-03-27,62.20240190190304,0,-0.0,RSI_LT_34,EEM
2025-03-28,38.05303460809191,0,-0.0,RSI_LT_34,EEM
2025-03-31,19.629520787356626,1,0.3203647304445001,RSI_LT_34,EEM
2025-04-01,25.670388326100962,1,0.13686444589913194,RSI_LT_34,EEM
2025-04-02,24.218654539060566,1,-2.118451646584907,RSI_LT_34,EEM
2025-04-03,20.195357980265385,1,-5.562018435542715,RSI_LT_34,EEM
2025-04-04,11.831989936169222,1,-3.721049946022692,RSI_LT_34,EEM
2025-04-07,6.412190266749448,1,-1.4077277741402439,RSI_LT_34,EEM
2025-04-08,6.025800936215731,1,6.9314593385659595,RSI_LT_34,EEM
2025-04-09,32.977566148594946,1,-1.7237171841328225,RSI_LT_34,EEM
2025-04-10,29.107503697665408,1,3.1373529449736592,RSI_LT_34,EEM
2025-04-11,40.19417180879254,0,0.0,RSI_LT_34,EEM
2025-04-14,42.60132137366486,0,-0.0,RSI_LT_34,EEM
2025-04-15,41.67459731541189,0,-0.0,RSI_LT_34,EEM
2025-04-16,39.48810539999219,0,0.0,RSI_LT_34,EEM
2025-04-17,44.91770152159495,0,-0.0,RSI_LT_34,EEM
2025-04-21,58.364766595730906,0,0.0,RSI_LT_34,EEM
2025-04-22,74.54032086623307,0,0.0,RSI_LT_34,EEM
2025-04-23,82.16832668618095,0,0.0,RSI_LT_34,EEM
2025-04-24,74.17355453322372,0,-0.0,RSI_LT_34,EEM
2025-04-25,85.27318131323474,0,0.0,RSI_LT_34,EEM
2025-04-28,79.47021122330656,0,0.0,RSI_LT_34,EEM
2025-04-29,77.53625692278136,0,0.0,RSI_LT_34,EEM
2025-04-30,79.50532845554318,0,-0.0,RSI_LT_34,EEM
2025-05-01,95.74489153231305,0,0.0,RSI_LT_34,EEM
2025-05-02,96.95137410883547,0,0.0,RSI_LT_34,EEM
2025-05-05,97.50702180404888,0,-0.0,RSI_LT_34,EEM
2025-05-06,91.45578139316467,0,-0.0,RSI_LT_34,EEM
2025-05-07,75.23516032517058,0,-0.0,RSI_LT_34,EEM
2025-05-08,69.85302161199388,0,0.0,RSI_LT_34,EEM
2025-05-09,74.82996021808688,0,0.0,RSI_LT_34,EEM
2025-05-12,80.67889694435618,0,0.0,RSI_LT_34,EEM
2025-05-13,80.4749558138505,0,0.0,RSI_LT_34,EEM
2025-05-14,81.63776456779372,0,-0.0,RSI_LT_34,EEM
2025-05-15,81.43564777132973,0,-0.0,RSI_LT_34,EEM
2025-05-16,72.34036796902794,0,0.0,RSI_LT_34,EEM
2025-05-19,69.76740747531173,0,-0.0,RSI_LT_34,EEM
2025-05-20,73.46937504476422,0,-0.0,RSI_LT_34,EEM
2025-05-21,87.80473281391598,0,-0.0,RSI_LT_34,EEM
2025-05-22,82.94922774560783,0,0.0,RSI_LT_34,EEM
2025-05-23,82.03874685658626,0,-0.0,RSI_LT_34,EEM
2025-05-27,59.99987284390954,0,-0.0,RSI_LT_34,EEM
2025-05-28,48.12033741284314,0,0.0,RSI_LT_34,EEM
2025-05-29,40.00006634225306,0,-0.0,RSI_LT_34,EEM
2025-05-30,27.219005699452623,1,0.7249516982400284,RSI_LT_34,EEM
2025-06-02,39.69850498498084,0,0.0,RSI_LT_34,EEM
2025-06-03,39.999961853027344,0,0.0,RSI_LT_34,EEM
2025-06-04,54.365027104024655,0,0.0,RSI_LT_34,EEM
2025-06-05,60.98488570355172,0,0.0,RSI_LT_34,EEM
2025-06-06,66.66661850128602,0,0.0,RSI_LT_34,EEM
2025-06-09,69.12279433711993,0,0.0,RSI_LT_34,EEM
2025-06-10,74.41860759846601,0,0.0,RSI_LT_34,EEM
2025-06-11,81.33331129288827,0,0.0,RSI_LT_34,EEM
2025-06-12,80.7559655444989,0,-0.0,RSI_LT_34,EEM
2025-06-13,75.56272975601858,0,0.0,RSI_LT_34,EEM
2025-06-16,73.79314064273754,0,-0.0,RSI_LT_34,EEM
2025-06-17,59.53082525086418,0,-0.0,RSI_LT_34,EEM
2025-06-18,51.228065478979005,0,-0.0,RSI_LT_34,EEM
2025-06-20,42.361117549899134,0,0.0,RSI_LT_34,EEM
2025-06-23,46.6238013114738,0,0.0,RSI_LT_34,EEM
2025-06-24,57.6530602314904,0,0.0,RSI_LT_34,EEM
2025-06-25,55.0135478942096,0,0.0,RSI_LT_34,EEM
2025-06-26,56.43043515698372,0,-0.0,RSI_LT_34,EEM
2025-06-27,52.80614479146595,0,0.0,RSI_LT_34,EEM
2025-06-30,67.06953480197535,0,0.0,RSI_LT_34,EEM
2025-07-01,66.76835331594232,0,0.0,RSI_LT_34,EEM
2025-07-02,83.62375590149291,0,0.0,RSI_LT_34,EEM
2025-07-03,85.0650420299207,0,-0.0,RSI_LT_34,EEM
2025-07-07,74.85716652388768,0,0.0,RSI_LT_34,EEM
2025-07-08,74.26904368058662,0,-0.0,RSI_LT_34,EEM
2025-07-09,58.07868627437915,0,0.0,RSI_LT_34,EEM
2025-07-10,59.66388844366085,0,-0.0,RSI_LT_34,EEM
2025-07-11,49.549537165117016,0,0.0,RSI_LT_34,EEM
2025-07-14,55.71434021009953,0,0.0,RSI_LT_34,EEM
2025-07-15,59.56522243912633,0,0.0,RSI_LT_34,EEM
2025-07-16,61.885249105340755,0,0.0,RSI_LT_34,EEM
2025-07-17,62.94820959331528,0,-0.0,RSI_LT_34,EEM
2025-07-18,56.666767332704964,0,0.0,RSI_LT_34,EEM
2025-07-21,82.75880860659589,0,0.0,RSI_LT_34,EEM
2025-07-22,80.11383463633388,0,0.0,RSI_LT_34,EEM
2025-07-23,87.61479127586304,0,-0.0,RSI_LT_34,EEM
2025-07-24,76.72422156195688,0,-0.0,RSI_LT_34,EEM
2025-07-25,77.0563056517029,0,-0.0,RSI_LT_34,EEM
2025-07-28,66.53698635016951,0,0.0,RSI_LT_34,EEM
2025-07-29,61.607183911471544,0,-0.0,RSI_LT_34,EEM
2025-07-30,48.523210146793716,0,-0.0,RSI_LT_34,EEM
2025-07-31,36.70889132114344,0,-0.0,RSI_LT_34,EEM
2025-08-01,33.20607963984584,1,1.037344381920513,RSI_LT_34,EEM
2025-08-04,37.499982970096845,0,0.0,RSI_LT_34,EEM
2025-08-05,39.86253980197657,0,0.0,RSI_LT_34,EEM
2025-08-06,33.71210588677283,1,0.8355407580231899,RSI_LT_34,EEM
2025-08-07,46.762583017728744,0,-0.0,RSI_LT_34,EEM
2025-08-08,48.68914339271121,0,-0.0,RSI_LT_34,EEM
2025-08-11,52.41933375069411,0,0.0,RSI_LT_34,EEM
2025-08-12,61.43791582986458,0,0.0,RSI_LT_34,EEM
2025-08-13,75.15151865445193,0,-0.0,RSI_LT_34,EEM
2025-08-14,68.13186698022645,0,0.0,RSI_LT_34,EEM
2025-08-15,76.0479007720773,0,0.0,RSI_LT_34,EEM
2025-08-18,74.44089651558177,0,-0.0,RSI_LT_34,EEM
2025-08-19,64.41176767580437,0,-0.0,RSI_LT_34,EEM
2025-08-20,60.49383878890346,0,-0.0,RSI_LT_34,EEM
2025-08-21,52.72108711137754,0,0.0,RSI_LT_34,EEM
2025-08-22,65.29566360052563,0,-0.0,RSI_LT_34,EEM
2025-08-25,62.871295542659446,0,-0.0,RSI_LT_34,EEM
2025-08-26,54.3417028724566,0,-0.0,RSI_LT_34,EEM
2025-08-27,40.97859220191995,0,0.0,RSI_LT_34,EEM
2025-08-28,53.87319355960934,0,-0.0,RSI_LT_34,EEM
2025-08-29,48.67552973126598,0,-0.0,RSI_LT_34,EEM
2025-09-02,42.599281955658626,0,0.0,RSI_LT_34,EEM
2025-09-03,53.72546438343254,0,-0.0,RSI_LT_34,EEM
2025-09-04,51.893910932578095,0,0.0,RSI_LT_34,EEM
2025-09-05,62.93931464660437,0,0.0,RSI_LT_34,EEM
2025-09-08,55.38459506964761,0,0.0,RSI_LT_34,EEM
2025-09-09,66.40926015388422,0,0.0,RSI_LT_34,EEM
2025-09-10,73.66553356936511,0,0.0,RSI_LT_34,EEM
2025-09-11,86.50310266104525,0,-0.0,RSI_LT_34,EEM
2025-09-12,84.8386814939328,0,0.0,RSI_LT_34,EEM
2025-09-15,92.901142994391,0,0.0,RSI_LT_34,EEM
2025-09-16,94.70745873437198,0,0.0,RSI_LT_34,EEM
2025-09-17,94.76578000470793,0,-0.0,RSI_LT_34,EEM
2025-09-18,95.55556261980526,0,-0.0,RSI_LT_34,EEM
2025-09-19,91.02556578513003,0,0.0,RSI_LT_34,EEM
2025-09-22,90.41088911010605,0,0.0,RSI_LT_34,EEM
2025-09-23,89.51303423504771,0,-0.0,RSI_LT_34,EEM
2025-09-24,81.5999121095091,0,-0.0,RSI_LT_34,EEM
2025-09-25,62.62136192008771,0,-0.0,RSI_LT_34,EEM
2025-09-26,60.563392893921026,0,0.0,RSI_LT_34,EEM
2025-09-29,62.33182399017416,0,0.0,RSI_LT_34,EEM
2025-09-30,59.02444379935839,0,0.0,RSI_LT_34,EEM
2025-10-01,62.500021287357185,0,0.0,RSI_LT_34,EEM
2025-10-02,69.91518780075033,0,0.0,RSI_LT_34,EEM
2025-10-03,75.41667593849441,0,0.0,RSI_LT_34,EEM
2025-10-06,75.31379484265567,0,-0.0,RSI_LT_34,EEM
2025-10-07,63.669109171743784,0,0.0,RSI_LT_34,EEM
2025-10-08,72.6073151570699,0,-0.0,RSI_LT_34,EEM
2025-10-09,67.0731409471374,0,-0.0,RSI_LT_34,EEM
2025-10-10,42.55318991946343,0,0.0,RSI_LT_34,EEM
2025-10-13,52.09678987309373,0,-0.0,RSI_LT_34,EEM
2025-10-14,46.67696890226358,0,0.0,RSI_LT_34,EEM
2025-10-15,50.14451193663635,0,0.0,RSI_LT_34,EEM
2025-10-16,50.85469319130923,0,-0.0,RSI_LT_34,EEM
2025-10-17,49.63610447718927,0,0.0,RSI_LT_34,EEM
2025-10-20,52.989122406743306,0,-0.0,RSI_LT_34,EEM
2025-10-21,51.655630142897124,0,-0.0,RSI_LT_34,EEM
2025-10-22,48.3960710204238,0,0.0,RSI_LT_34,EEM
2025-10-23,55.712280365715934,0,0.0,RSI_LT_34,EEM
2025-10-24,78.93775261038004,0,0.0,RSI_LT_34,EEM
2025-10-27,74.78071734811252,0,-0.0,RSI_LT_34,EEM
2025-10-28,83.17074328077418,0,0.0,RSI_LT_34,EEM
2025-10-29,80.56339390292389,0,-0.0,RSI_LT_34,EEM
2025-10-30,66.40216045364683,0,-0.0,RSI_LT_34,EEM
2025-10-31,64.35896909213086,0,0.0,RSI_LT_34,EEM
2025-11-03,60.39890188952382,0,-0.0,RSI_LT_34,EEM
2025-11-04,54.08162272310594,0,0.0,RSI_LT_34,EEM
2025-11-05,59.86239093992028,0,-0.0,RSI_LT_34,EEM
2025-11-06,49.65031918100439,0,-0.0,RSI_LT_34,EEM
2025-11-07,43.27629319631513,0,0.0,RSI_LT_34,EEM
2025-11-10,47.74773845946325,0,0.0,RSI_LT_34,EEM
2025-11-11,48.66072606979704,0,0.0,RSI_LT_34,EEM
2025-11-12,44.84416923342918,0,-0.0,RSI_LT_34,EEM
2025-11-13,44.10378122379648,0,0.0,RSI_LT_34,EEM
2025-11-14,45.89372114216002,0,-0.0,RSI_LT_34,EEM
2025-11-17,34.909903524214315,0,-0.0,RSI_LT_34,EEM
2025-11-18,42.005415011304535,0,-0.0,RSI_LT_34,EEM
2025-11-19,31.26844753220827,1,-1.374183629968262,RSI_LT_34,EEM
2025-11-20,28.494651221933267,1,-0.018832867850726576,RSI_LT_34,EEM
2025-11-21,29.69188602935283,1,1.054616552510712,RSI_LT_34,EEM
2025-11-24,20.820266715443367,1,0.3540786940910756,RSI_LT_34,EEM
2025-11-25,23.9393995440863,1,0.7242399543114786,RSI_LT_34,EEM
2025-11-26,31.793496570404415,1,0.14748896364651376,RSI_LT_34,EEM
2025-11-28,40.19291815697415,0,-0.0,RSI_LT_34,EEM
2025-12-01,39.102568805096034,0,0.0,RSI_LT_34,EEM
2025-12-02,49.799154334038064,0,0.0,RSI_LT_34,EEM
2025-12-03,56.637133785806995,0,-0.0,RSI_LT_34,EEM
2025-12-04,61.538532076440596,0,0.0,RSI_LT_34,EEM
2025-12-05,96.57135757150363,0,-0.0,RSI_LT_34,EEM
2025-12-08,90.86013015059815,0,-0.0,RSI_LT_34,EEM
2025-12-09,81.29485346381946,0,0.0,RSI_LT_34,EEM
2025-12-10,85.63528226571293,0,-0.0,RSI_LT_34,EEM
2025-12-11,69.04759742235504,0,-0.0,RSI_LT_34,EEM
2025-12-12,48.2143313300511,0,-0.0,RSI_LT_34,EEM
2025-12-15,45.7627776161381,0,-0.0,RSI_LT_34,EEM
2025-12-16,30.813971540604314,1,-0.7172538153993213,RSI_LT_34,EEM
2025-12-17,26.984120576644585,1,1.1406887951024514,RSI_LT_34,EEM
2025-12-18,37.070945406264656,0,0.0,RSI_LT_34,EEM
2025-12-19,38.61608454309282,0,0.0,RSI_LT_34,EEM
2025-12-22,43.44085580449068,0,0.0,RSI_LT_34,EEM
2025-12-23,47.73665426237087,0,,RSI_LT_34,EEM
