Date,RSI,Active,Return,Signal_Type,Ticker
1993-01-29,,0,0.0,RSI_LT_38,SPY
1993-02-01,,0,0.0,RSI_LT_38,SPY
1993-02-02,,0,0.0,RSI_LT_38,SPY
1993-02-03,,0,0.0,RSI_LT_38,SPY
1993-02-04,,0,-0.0,RSI_LT_38,SPY
1993-02-05,,0,0.0,RSI_LT_38,SPY
1993-02-08,,0,-0.0,RSI_LT_38,SPY
1993-02-09,,0,0.0,RSI_LT_38,SPY
1993-02-10,,0,0.0,RSI_LT_38,SPY
1993-02-11,,0,-0.0,RSI_LT_38,SPY
1993-02-12,,0,-0.0,RSI_LT_38,SPY
1993-02-16,,0,-0.0,RSI_LT_38,SPY
1993-02-17,,0,-0.0,RSI_LT_38,SPY
1993-02-18,,0,0.0,RSI_LT_38,SPY
1993-02-19,44.444444444444436,0,0.0,RSI_LT_38,SPY
1993-02-22,41.747572815533985,0,-0.0,RSI_LT_38,SPY
1993-02-23,39.603960396039604,0,0.0,RSI_LT_38,SPY
1993-02-24,41.34615384615385,0,0.0,RSI_LT_38,SPY
1993-02-25,39.603960396039604,0,0.0,RSI_LT_38,SPY
1993-02-26,41.1764705882353,0,-0.0,RSI_LT_38,SPY
1993-03-01,39.62264150943396,0,0.0,RSI_LT_38,SPY
1993-03-02,53.846153846153854,0,0.0,RSI_LT_38,SPY
1993-03-03,55.37190082644628,0,-0.0,RSI_LT_38,SPY
1993-03-04,49.18032786885246,0,-0.0,RSI_LT_38,SPY
1993-03-05,52.17391304347826,0,0.0,RSI_LT_38,SPY
1993-03-08,82.88288288288288,0,-0.0,RSI_LT_38,SPY
1993-03-09,80.0,0,0.0,RSI_LT_38,SPY
1993-03-10,81.19658119658119,0,-0.0,RSI_LT_38,SPY
1993-03-11,77.58620689655173,0,-0.0,RSI_LT_38,SPY
1993-03-12,67.46031746031747,0,0.0,RSI_LT_38,SPY
1993-03-15,69.69696969696969,0,0.0,RSI_LT_38,SPY
1993-03-16,64.91228070175438,0,-0.0,RSI_LT_38,SPY
1993-03-17,59.166666666666664,0,0.0,RSI_LT_38,SPY
1993-03-18,61.41732283464567,0,-0.0,RSI_LT_38,SPY
1993-03-19,59.09090909090909,0,-0.0,RSI_LT_38,SPY
1993-03-22,47.89915966386554,0,0.0,RSI_LT_38,SPY
1993-03-23,46.55172413793104,0,0.0,RSI_LT_38,SPY
1993-03-24,50.0,0,0.0,RSI_LT_38,SPY
1993-03-25,55.752212389380524,0,-0.0,RSI_LT_38,SPY
1993-03-26,34.8314606741573,1,0.41753653444676075,RSI_LT_38,SPY
1993-03-29,41.111111111111114,0,0.0,RSI_LT_38,SPY
1993-03-30,41.75824175824176,0,-0.0,RSI_LT_38,SPY
1993-03-31,43.18181818181818,0,-0.0,RSI_LT_38,SPY
1993-04-01,48.71794871794872,0,-0.0,RSI_LT_38,SPY
1993-04-02,30.693069306930695,1,0.49610205527994555,RSI_LT_38,SPY
1993-04-05,35.18518518518519,1,-0.28208744710860323,RSI_LT_38,SPY
1993-04-06,36.893203883495154,1,0.35360678925036026,RSI_LT_38,SPY
1993-04-07,34.34343434343434,1,-0.14094432699084392,RSI_LT_38,SPY
1993-04-08,36.95652173913044,1,1.4114326040931546,RSI_LT_38,SPY
1993-04-12,51.92307692307693,0,0.0,RSI_LT_38,SPY
1993-04-13,51.92307692307693,0,-0.0,RSI_LT_38,SPY
1993-04-14,50.94339622641509,0,0.0,RSI_LT_38,SPY
1993-04-15,46.391752577319586,0,0.0,RSI_LT_38,SPY
1993-04-16,50.561797752808985,0,-0.0,RSI_LT_38,SPY
1993-04-19,43.82022471910112,0,-0.0,RSI_LT_38,SPY
1993-04-20,38.04347826086957,0,-0.0,RSI_LT_38,SPY
1993-04-21,38.04347826086957,0,-0.0,RSI_LT_38,SPY
1993-04-22,33.33333333333333,1,-0.4267425320056861,RSI_LT_38,SPY
1993-04-23,43.20987654320988,0,-0.0,RSI_LT_38,SPY
1993-04-26,32.94117647058823,1,1.0799136069114423,RSI_LT_38,SPY
1993-04-27,44.79166666666667,0,-0.0,RSI_LT_38,SPY
1993-04-28,40.42553191489362,0,0.0,RSI_LT_38,SPY
1993-04-29,44.89795918367347,0,0.0,RSI_LT_38,SPY
1993-04-30,32.5,1,0.638750887154016,RSI_LT_38,SPY
1993-05-03,37.2093023255814,1,0.35260930888576514,RSI_LT_38,SPY
1993-05-04,41.573033707865164,0,0.0,RSI_LT_38,SPY
1993-05-05,44.08602150537634,0,-0.0,RSI_LT_38,SPY
1993-05-06,41.83673469387755,0,-0.0,RSI_LT_38,SPY
1993-05-07,43.1578947368421,0,0.0,RSI_LT_38,SPY
1993-05-10,48.35164835164835,0,0.0,RSI_LT_38,SPY
1993-05-11,52.08333333333334,0,-0.0,RSI_LT_38,SPY
1993-05-12,62.50000000000001,0,-0.0,RSI_LT_38,SPY
1993-05-13,54.94505494505495,0,-0.0,RSI_LT_38,SPY
1993-05-14,61.72839506172839,0,0.0,RSI_LT_38,SPY
1993-05-17,56.33802816901408,0,-0.0,RSI_LT_38,SPY
1993-05-18,57.971014492753625,0,0.0,RSI_LT_38,SPY
1993-05-19,68.47826086956522,0,0.0,RSI_LT_38,SPY
1993-05-20,69.14893617021276,0,-0.0,RSI_LT_38,SPY
1993-05-21,57.14285714285714,0,0.0,RSI_LT_38,SPY
1993-05-24,57.57575757575757,0,0.0,RSI_LT_38,SPY
1993-05-25,57.14285714285714,0,0.0,RSI_LT_38,SPY
1993-05-26,66.66666666666666,0,-0.0,RSI_LT_38,SPY
1993-05-27,65.48672566371681,0,-0.0,RSI_LT_38,SPY
1993-05-28,60.68376068376069,0,0.0,RSI_LT_38,SPY
1993-06-01,63.2,0,-0.0,RSI_LT_38,SPY
1993-06-02,63.2,0,-0.0,RSI_LT_38,SPY
1993-06-03,69.91150442477877,0,-0.0,RSI_LT_38,SPY
1993-06-04,67.52136752136752,0,-0.0,RSI_LT_38,SPY
1993-06-07,63.24786324786325,0,-0.0,RSI_LT_38,SPY
1993-06-08,57.36434108527132,0,0.0,RSI_LT_38,SPY
1993-06-09,47.61904761904762,0,0.0,RSI_LT_38,SPY
1993-06-10,46.07843137254902,0,0.0,RSI_LT_38,SPY
1993-06-11,55.78947368421053,0,-0.0,RSI_LT_38,SPY
1993-06-14,51.64835164835165,0,-0.0,RSI_LT_38,SPY
1993-06-15,48.35164835164835,0,0.0,RSI_LT_38,SPY
1993-06-16,38.15789473684211,0,0.0,RSI_LT_38,SPY
1993-06-17,44.73684210526315,0,-0.0,RSI_LT_38,SPY
1993-06-18,37.362637362637365,1,0.21067415730338102,RSI_LT_38,SPY
1993-06-21,28.75,1,0.07007708479327412,RSI_LT_38,SPY
1993-06-22,30.37974683544303,1,-0.9103641456582601,RSI_LT_38,SPY
1993-06-23,27.58620689655173,1,1.3427561837455748,RSI_LT_38,SPY
1993-06-24,42.574257425742566,0,-0.0,RSI_LT_38,SPY
1993-06-25,44.329896907216494,0,0.0,RSI_LT_38,SPY
1993-06-28,59.00000000000001,0,-0.0,RSI_LT_38,SPY
1993-06-29,52.94117647058823,0,0.0,RSI_LT_38,SPY
1993-06-30,52.47524752475248,0,-0.0,RSI_LT_38,SPY
1993-07-01,47.474747474747474,0,-0.0,RSI_LT_38,SPY
1993-07-02,44.76190476190476,0,-0.0,RSI_LT_38,SPY
1993-07-06,40.17094017094017,0,0.0,RSI_LT_38,SPY
1993-07-07,40.67796610169491,0,0.0,RSI_LT_38,SPY
1993-07-08,45.736434108527135,0,0.0,RSI_LT_38,SPY
1993-07-09,56.75675675675676,0,-0.0,RSI_LT_38,SPY
1993-07-12,55.04587155963303,0,-0.0,RSI_LT_38,SPY
1993-07-13,54.12844036697247,0,0.0,RSI_LT_38,SPY
1993-07-14,63.366336633663366,0,-0.0,RSI_LT_38,SPY
1993-07-15,51.13636363636364,0,-0.0,RSI_LT_38,SPY
1993-07-16,49.45054945054945,0,-0.0,RSI_LT_38,SPY
1993-07-19,38.15789473684211,0,0.0,RSI_LT_38,SPY
1993-07-20,45.205479452054796,0,-0.0,RSI_LT_38,SPY
1993-07-21,44.5945945945946,0,-0.0,RSI_LT_38,SPY
1993-07-22,41.25,0,0.0,RSI_LT_38,SPY
1993-07-23,50.63291139240506,0,0.0,RSI_LT_38,SPY
1993-07-26,66.66666666666666,0,-0.0,RSI_LT_38,SPY
1993-07-27,63.768115942028984,0,-0.0,RSI_LT_38,SPY
1993-07-28,50.0,0,0.0,RSI_LT_38,SPY
1993-07-29,53.33333333333333,0,-0.0,RSI_LT_38,SPY
1993-07-30,47.76119402985074,0,0.0,RSI_LT_38,SPY
1993-08-02,51.42857142857143,0,0.0,RSI_LT_38,SPY
1993-08-03,48.484848484848484,0,0.0,RSI_LT_38,SPY
1993-08-04,53.33333333333333,0,-0.0,RSI_LT_38,SPY
1993-08-05,54.23728813559322,0,0.0,RSI_LT_38,SPY
1993-08-06,56.666666666666664,0,0.0,RSI_LT_38,SPY
1993-08-09,59.375,0,-0.0,RSI_LT_38,SPY
1993-08-10,59.375,0,0.0,RSI_LT_38,SPY
1993-08-11,70.37037037037038,0,-0.0,RSI_LT_38,SPY
1993-08-12,60.78431372549019,0,0.0,RSI_LT_38,SPY
1993-08-13,55.55555555555556,0,0.0,RSI_LT_38,SPY
1993-08-16,63.46153846153846,0,0.0,RSI_LT_38,SPY
1993-08-17,70.37037037037038,0,0.0,RSI_LT_38,SPY
1993-08-18,70.37037037037038,0,0.0,RSI_LT_38,SPY
1993-08-19,82.6086956521739,0,0.0,RSI_LT_38,SPY
1993-08-20,81.3953488372093,0,-0.0,RSI_LT_38,SPY
1993-08-23,75.55555555555556,0,0.0,RSI_LT_38,SPY
1993-08-24,81.9672131147541,0,0.0,RSI_LT_38,SPY
1993-08-25,86.4406779661017,0,0.0,RSI_LT_38,SPY
1993-08-26,86.20689655172414,0,-0.0,RSI_LT_38,SPY
1993-08-27,82.35294117647058,0,0.0,RSI_LT_38,SPY
1993-08-30,85.71428571428571,0,0.0,RSI_LT_38,SPY
1993-08-31,86.66666666666667,0,-0.0,RSI_LT_38,SPY
1993-09-01,89.65517241379311,0,-0.0,RSI_LT_38,SPY
1993-09-02,81.9672131147541,0,0.0,RSI_LT_38,SPY
1993-09-03,79.62962962962963,0,-0.0,RSI_LT_38,SPY
1993-09-07,64.40677966101694,0,-0.0,RSI_LT_38,SPY
1993-09-08,53.57142857142857,0,0.0,RSI_LT_38,SPY
1993-09-09,55.932203389830505,0,0.0,RSI_LT_38,SPY
1993-09-10,63.38028169014085,0,0.0,RSI_LT_38,SPY
1993-09-13,66.66666666666666,0,-0.0,RSI_LT_38,SPY
1993-09-14,50.847457627118644,0,0.0,RSI_LT_38,SPY
1993-09-15,53.2258064516129,0,-0.0,RSI_LT_38,SPY
1993-09-16,47.76119402985074,0,-0.0,RSI_LT_38,SPY
1993-09-17,41.02564102564102,0,-0.0,RSI_LT_38,SPY
1993-09-20,30.95238095238095,1,-0.343878954607979,RSI_LT_38,SPY
1993-09-21,25.882352941176478,1,0.8281573498964745,RSI_LT_38,SPY
1993-09-22,35.78947368421052,1,0.5475701574264136,RSI_LT_38,SPY
1993-09-23,42.857142857142854,0,-0.0,RSI_LT_38,SPY
1993-09-24,40.59405940594059,0,0.0,RSI_LT_38,SPY
1993-09-27,53.27102803738317,0,-0.0,RSI_LT_38,SPY
1993-09-28,54.285714285714285,0,-0.0,RSI_LT_38,SPY
1993-09-29,50.46728971962617,0,-0.0,RSI_LT_38,SPY
1993-09-30,42.2680412371134,0,0.0,RSI_LT_38,SPY
1993-10-01,45.63106796116505,0,0.0,RSI_LT_38,SPY
1993-10-04,49.494949494949495,0,-0.0,RSI_LT_38,SPY
1993-10-05,46.391752577319586,0,-0.0,RSI_LT_38,SPY
1993-10-06,48.913043478260875,0,-0.0,RSI_LT_38,SPY
1993-10-07,53.57142857142858,0,0.0,RSI_LT_38,SPY
1993-10-08,63.51351351351351,0,0.0,RSI_LT_38,SPY
1993-10-11,69.44444444444444,0,0.0,RSI_LT_38,SPY
1993-10-12,64.51612903225806,0,0.0,RSI_LT_38,SPY
1993-10-13,59.25925925925926,0,0.0,RSI_LT_38,SPY
1993-10-14,73.91304347826087,0,0.0,RSI_LT_38,SPY
1993-10-15,70.49180327868852,0,-0.0,RSI_LT_38,SPY
1993-10-18,69.35483870967742,0,-0.0,RSI_LT_38,SPY
1993-10-19,63.23529411764706,0,0.0,RSI_LT_38,SPY
1993-10-20,67.16417910447761,0,-0.0,RSI_LT_38,SPY
1993-10-21,61.29032258064516,0,-0.0,RSI_LT_38,SPY
1993-10-22,53.731343283582085,0,0.0,RSI_LT_38,SPY
1993-10-25,57.971014492753625,0,-0.0,RSI_LT_38,SPY
1993-10-26,57.971014492753625,0,0.0,RSI_LT_38,SPY
1993-10-27,62.12121212121212,0,0.0,RSI_LT_38,SPY
1993-10-28,66.66666666666666,0,0.0,RSI_LT_38,SPY
1993-10-29,65.27777777777777,0,0.0,RSI_LT_38,SPY
1993-11-01,66.21621621621622,0,-0.0,RSI_LT_38,SPY
1993-11-02,65.33333333333334,0,-0.0,RSI_LT_38,SPY
1993-11-03,39.99999999999999,0,-0.0,RSI_LT_38,SPY
1993-11-04,26.506024096385545,1,0.47716428084525475,RSI_LT_38,SPY
1993-11-05,33.720930232558146,1,0.13568521031208647,RSI_LT_38,SPY
1993-11-08,40.25974025974026,0,0.0,RSI_LT_38,SPY
1993-11-09,39.473684210526315,0,0.0,RSI_LT_38,SPY
1993-11-10,48.23529411764706,0,-0.0,RSI_LT_38,SPY
1993-11-11,50.0,0,0.0,RSI_LT_38,SPY
1993-11-12,51.76470588235294,0,-0.0,RSI_LT_38,SPY
1993-11-15,51.76470588235294,0,0.0,RSI_LT_38,SPY
1993-11-16,54.94505494505495,0,-0.0,RSI_LT_38,SPY
1993-11-17,44.31818181818182,0,-0.0,RSI_LT_38,SPY
1993-11-18,42.391304347826086,0,-0.0,RSI_LT_38,SPY
1993-11-19,38.46153846153846,0,-0.0,RSI_LT_38,SPY
1993-11-22,35.35353535353535,1,0.5431093007467691,RSI_LT_38,SPY
1993-11-23,48.86363636363637,0,0.0,RSI_LT_38,SPY
1993-11-24,62.82051282051282,0,0.0,RSI_LT_38,SPY
1993-11-26,59.722222222222214,0,-0.0,RSI_LT_38,SPY
1993-11-29,53.94736842105263,0,0.0,RSI_LT_38,SPY
1993-11-30,53.94736842105263,0,0.0,RSI_LT_38,SPY
1993-12-01,47.76119402985074,0,0.0,RSI_LT_38,SPY
1993-12-02,53.731343283582085,0,0.0,RSI_LT_38,SPY
1993-12-03,53.03030303030303,0,0.0,RSI_LT_38,SPY
1993-12-06,57.142857142857146,0,-0.0,RSI_LT_38,SPY
1993-12-07,51.5625,0,0.0,RSI_LT_38,SPY
1993-12-08,58.92857142857143,0,-0.0,RSI_LT_38,SPY
1993-12-09,57.89473684210526,0,-0.0,RSI_LT_38,SPY
1993-12-10,57.89473684210526,0,0.0,RSI_LT_38,SPY
1993-12-13,73.6842105263158,0,-0.0,RSI_LT_38,SPY
1993-12-14,56.666666666666664,0,-0.0,RSI_LT_38,SPY
1993-12-15,50.0,0,0.0,RSI_LT_38,SPY
1993-12-16,53.33333333333333,0,-0.0,RSI_LT_38,SPY
1993-12-17,57.14285714285714,0,0.0,RSI_LT_38,SPY
1993-12-20,57.89473684210526,0,-0.0,RSI_LT_38,SPY
1993-12-21,51.66666666666666,0,0.0,RSI_LT_38,SPY
1993-12-22,56.060606060606055,0,-0.0,RSI_LT_38,SPY
1993-12-23,50.81967213114754,0,0.0,RSI_LT_38,SPY
1993-12-27,53.125,0,0.0,RSI_LT_38,SPY
1993-12-28,56.060606060606055,0,-0.0,RSI_LT_38,SPY
1993-12-29,54.41176470588235,0,-0.0,RSI_LT_38,SPY
1993-12-30,53.6231884057971,0,-0.0,RSI_LT_38,SPY
1993-12-31,50.0,0,-0.0,RSI_LT_38,SPY
1994-01-03,40.57971014492754,0,0.0,RSI_LT_38,SPY
1994-01-04,53.125,0,0.0,RSI_LT_38,SPY
1994-01-05,56.92307692307692,0,0.0,RSI_LT_38,SPY
1994-01-06,53.33333333333333,0,0.0,RSI_LT_38,SPY
1994-01-07,61.19402985074626,0,0.0,RSI_LT_38,SPY
1994-01-10,68.67469879518072,0,-0.0,RSI_LT_38,SPY
1994-01-11,70.37037037037037,0,-0.0,RSI_LT_38,SPY
1994-01-12,61.84210526315789,0,-0.0,RSI_LT_38,SPY
1994-01-13,59.49367088607595,0,0.0,RSI_LT_38,SPY
1994-01-14,58.44155844155844,0,0.0,RSI_LT_38,SPY
1994-01-17,56.75675675675676,0,0.0,RSI_LT_38,SPY
1994-01-18,59.45945945945946,0,-0.0,RSI_LT_38,SPY
1994-01-19,61.11111111111111,0,0.0,RSI_LT_38,SPY
1994-01-20,70.58823529411765,0,-0.0,RSI_LT_38,SPY
1994-01-21,71.64179104477611,0,-0.0,RSI_LT_38,SPY
1994-01-24,62.6865671641791,0,0.0,RSI_LT_38,SPY
1994-01-25,60.93749999999999,0,0.0,RSI_LT_38,SPY
1994-01-26,63.23529411764706,0,0.0,RSI_LT_38,SPY
1994-01-27,65.75342465753425,0,0.0,RSI_LT_38,SPY
1994-01-28,57.62711864406779,0,0.0,RSI_LT_38,SPY
1994-01-31,67.16417910447761,0,-0.0,RSI_LT_38,SPY
1994-02-01,64.28571428571428,0,0.0,RSI_LT_38,SPY
1994-02-02,72.36842105263158,0,-0.0,RSI_LT_38,SPY
1994-02-03,63.63636363636363,0,-0.0,RSI_LT_38,SPY
1994-02-04,43.75,0,0.0,RSI_LT_38,SPY
1994-02-07,46.15384615384615,0,0.0,RSI_LT_38,SPY
1994-02-08,48.24561403508772,0,0.0,RSI_LT_38,SPY
1994-02-09,49.137931034482754,0,-0.0,RSI_LT_38,SPY
1994-02-10,45.238095238095234,0,0.0,RSI_LT_38,SPY
1994-02-11,49.6,0,0.0,RSI_LT_38,SPY
1994-02-14,50.39370078740157,0,0.0,RSI_LT_38,SPY
1994-02-15,51.90839694656488,0,-0.0,RSI_LT_38,SPY
1994-02-16,45.76271186440678,0,-0.0,RSI_LT_38,SPY
1994-02-17,40.650406504065046,0,-0.0,RSI_LT_38,SPY
1994-02-18,32.231404958677686,1,1.0000000000000009,RSI_LT_38,SPY
1994-02-22,42.1875,0,-0.0,RSI_LT_38,SPY
1994-02-23,36.0655737704918,1,-1.3236267372600974,RSI_LT_38,SPY
1994-02-24,32.592592592592595,1,0.46948356807512415,RSI_LT_38,SPY
1994-02-25,47.66355140186916,0,0.0,RSI_LT_38,SPY
1994-02-28,43.99999999999999,0,-0.0,RSI_LT_38,SPY
1994-03-01,40.952380952380956,0,0.0,RSI_LT_38,SPY
1994-03-02,38.61386138613861,0,-0.0,RSI_LT_38,SPY
1994-03-03,42.391304347826086,0,0.0,RSI_LT_38,SPY
1994-03-04,41.75824175824176,0,0.0,RSI_LT_38,SPY
1994-03-07,45.36082474226804,0,-0.0,RSI_LT_38,SPY
1994-03-08,37.89473684210527,1,0.4679144385026701,RSI_LT_38,SPY
1994-03-09,42.574257425742566,0,-0.0,RSI_LT_38,SPY
1994-03-10,41.34615384615385,0,0.0,RSI_LT_38,SPY
1994-03-11,49.51456310679612,0,0.0,RSI_LT_38,SPY
1994-03-14,42.22222222222222,0,-0.0,RSI_LT_38,SPY
1994-03-15,43.67816091954023,0,0.0,RSI_LT_38,SPY
1994-03-16,63.291139240506325,0,0.0,RSI_LT_38,SPY
1994-03-17,59.722222222222214,0,-0.0,RSI_LT_38,SPY
1994-03-18,53.086419753086425,0,-0.0,RSI_LT_38,SPY
1994-03-21,54.43037974683545,0,0.0,RSI_LT_38,SPY
1994-03-22,55.55555555555556,0,-0.0,RSI_LT_38,SPY
1994-03-23,57.69230769230769,0,-0.0,RSI_LT_38,SPY
1994-03-24,44.565217391304344,0,-0.0,RSI_LT_38,SPY
1994-03-25,33.673469387755105,1,0.13605442176871652,RSI_LT_38,SPY
1994-03-28,37.234042553191486,1,-1.970108695652173,RSI_LT_38,SPY
1994-03-29,24.13793103448276,1,-1.3860013860013898,RSI_LT_38,SPY
1994-03-30,22.58064516129032,1,0.28109627547434624,RSI_LT_38,SPY
1994-03-31,20.0,1,-1.5416958654519974,RSI_LT_38,SPY
1994-04-04,15.714285714285708,1,2.0640569395017794,RSI_LT_38,SPY
1994-04-05,30.35714285714286,1,0.0,RSI_LT_38,SPY
1994-04-06,25.0,1,0.4881450488145145,RSI_LT_38,SPY
1994-04-07,28.22085889570552,1,-0.7633587786259555,RSI_LT_38,SPY
1994-04-08,27.878787878787875,1,0.41958041958041203,RSI_LT_38,SPY
1994-04-11,31.137724550898213,1,-0.139275766016711,RSI_LT_38,SPY
1994-04-12,29.09090909090908,1,-0.5230125523012608,RSI_LT_38,SPY
1994-04-13,27.988338192419832,1,0.0350508236943492,RSI_LT_38,SPY
1994-04-14,31.493506493506487,1,0.0,RSI_LT_38,SPY
1994-04-15,34.64285714285714,1,-0.6657323055360931,RSI_LT_38,SPY
1994-04-18,31.525423728813564,1,0.1410934744268122,RSI_LT_38,SPY
1994-04-19,40.24896265560166,0,-0.0,RSI_LT_38,SPY
1994-04-20,47.549019607843135,0,0.0,RSI_LT_38,SPY
1994-04-21,54.273504273504265,0,-0.0,RSI_LT_38,SPY
1994-04-22,65.80310880829015,0,0.0,RSI_LT_38,SPY
1994-04-25,60.0,0,-0.0,RSI_LT_38,SPY
1994-04-26,58.92857142857143,0,-0.0,RSI_LT_38,SPY
1994-04-28,48.57142857142857,0,0.0,RSI_LT_38,SPY
1994-04-29,58.0246913580247,0,0.0,RSI_LT_38,SPY
1994-05-02,59.523809523809526,0,-0.0,RSI_LT_38,SPY
1994-05-03,59.880239520958085,0,-0.0,RSI_LT_38,SPY
1994-05-04,63.69426751592357,0,-0.0,RSI_LT_38,SPY
1994-05-05,61.87500000000001,0,-0.0,RSI_LT_38,SPY
1994-05-06,52.659574468085104,0,-0.0,RSI_LT_38,SPY
1994-05-09,51.03092783505155,0,0.0,RSI_LT_38,SPY
1994-05-10,55.18867924528301,0,-0.0,RSI_LT_38,SPY
1994-05-11,49.787234042553195,0,0.0,RSI_LT_38,SPY
1994-05-12,44.07582938388626,0,0.0,RSI_LT_38,SPY
1994-05-13,44.71153846153847,0,0.0,RSI_LT_38,SPY
1994-05-16,35.75418994413407,1,1.473684210526316,RSI_LT_38,SPY
1994-05-17,48.62385321100918,0,0.0,RSI_LT_38,SPY
1994-05-18,58.25688073394495,0,0.0,RSI_LT_38,SPY
1994-05-19,59.19282511210763,0,-0.0,RSI_LT_38,SPY
1994-05-20,52.77777777777778,0,-0.0,RSI_LT_38,SPY
1994-05-23,52.29357798165137,0,0.0,RSI_LT_38,SPY
1994-05-24,55.99999999999999,0,0.0,RSI_LT_38,SPY
1994-05-25,58.51528384279476,0,0.0,RSI_LT_38,SPY
1994-05-26,66.99507389162562,0,0.0,RSI_LT_38,SPY
1994-05-27,76.79558011049724,0,-0.0,RSI_LT_38,SPY
1994-05-31,71.77914110429448,0,0.0,RSI_LT_38,SPY
1994-06-01,86.66666666666667,0,-0.0,RSI_LT_38,SPY
1994-06-02,83.45323741007195,0,0.0,RSI_LT_38,SPY
1994-06-03,85.25641025641025,0,-0.0,RSI_LT_38,SPY
1994-06-06,84.61538461538461,0,-0.0,RSI_LT_38,SPY
1994-06-07,76.27118644067797,0,-0.0,RSI_LT_38,SPY
1994-06-08,57.02479338842975,0,0.0,RSI_LT_38,SPY
1994-06-09,57.72357723577235,0,0.0,RSI_LT_38,SPY
1994-06-10,64.95726495726495,0,0.0,RSI_LT_38,SPY
1994-06-13,68.9655172413793,0,0.0,RSI_LT_38,SPY
1994-06-14,71.65354330708661,0,-0.0,RSI_LT_38,SPY
1994-06-15,63.3587786259542,0,0.0,RSI_LT_38,SPY
1994-06-16,64.44444444444444,0,-0.0,RSI_LT_38,SPY
1994-06-17,50.0,0,-0.0,RSI_LT_38,SPY
1994-06-20,44.44444444444444,0,-0.0,RSI_LT_38,SPY
1994-06-21,35.3233830845771,1,0.3811503811503858,RSI_LT_38,SPY
1994-06-22,39.23444976076555,0,-0.0,RSI_LT_38,SPY
1994-06-23,31.100478468899524,1,-2.083333333333337,RSI_LT_38,SPY
1994-06-24,24.25373134328359,1,1.7375886524822803,RSI_LT_38,SPY
1994-06-27,36.42172523961661,1,-0.4879749041477921,RSI_LT_38,SPY
1994-06-28,37.62376237623763,1,0.3152364273204977,RSI_LT_38,SPY
1994-06-29,36.148648648648646,1,-0.6284916201117263,RSI_LT_38,SPY
1994-06-30,33.009708737864074,1,0.21082220660575413,RSI_LT_38,SPY
1994-07-01,33.440514469453376,1,0.5259467040673149,RSI_LT_38,SPY
1994-07-05,31.68316831683167,1,-0.13951866062086316,RSI_LT_38,SPY
1994-07-06,32.54237288135593,1,0.4191407614390519,RSI_LT_38,SPY
1994-07-07,33.88704318936877,1,-0.03478260869564931,RSI_LT_38,SPY
1994-07-08,38.34586466165414,0,-0.0,RSI_LT_38,SPY
1994-07-11,40.637450199203194,0,0.0,RSI_LT_38,SPY
1994-07-12,46.086956521739125,0,0.0,RSI_LT_38,SPY
1994-07-13,44.64285714285714,0,0.0,RSI_LT_38,SPY
1994-07-14,55.04201680672269,0,0.0,RSI_LT_38,SPY
1994-07-15,73.74301675977654,0,0.0,RSI_LT_38,SPY
1994-07-18,65.18518518518519,0,-0.0,RSI_LT_38,SPY
1994-07-19,69.29133858267717,0,-0.0,RSI_LT_38,SPY
1994-07-20,60.30534351145038,0,0.0,RSI_LT_38,SPY
1994-07-21,71.42857142857143,0,0.0,RSI_LT_38,SPY
1994-07-22,71.1864406779661,0,0.0,RSI_LT_38,SPY
1994-07-25,68.22429906542057,0,-0.0,RSI_LT_38,SPY
1994-07-26,68.86792452830188,0,0.0,RSI_LT_38,SPY
1994-07-27,64.89361702127658,0,0.0,RSI_LT_38,SPY
1994-07-28,67.67676767676767,0,0.0,RSI_LT_38,SPY
1994-07-29,81.35593220338983,0,0.0,RSI_LT_38,SPY
1994-08-01,82.8125,0,0.0,RSI_LT_38,SPY
1994-08-02,82.67716535433071,0,0.0,RSI_LT_38,SPY
1994-08-03,77.31958762886597,0,-0.0,RSI_LT_38,SPY
1994-08-04,65.48672566371681,0,-0.0,RSI_LT_38,SPY
1994-08-05,58.47457627118644,0,0.0,RSI_LT_38,SPY
1994-08-08,63.865546218487395,0,0.0,RSI_LT_38,SPY
1994-08-09,72.97297297297297,0,0.0,RSI_LT_38,SPY
1994-08-10,74.13793103448276,0,-0.0,RSI_LT_38,SPY
1994-08-11,66.39344262295083,0,0.0,RSI_LT_38,SPY
1994-08-12,70.92198581560284,0,-0.0,RSI_LT_38,SPY
1994-08-15,71.94244604316546,0,0.0,RSI_LT_38,SPY
1994-08-16,75.625,0,-0.0,RSI_LT_38,SPY
1994-08-17,73.71794871794872,0,-0.0,RSI_LT_38,SPY
1994-08-18,62.77372262773723,0,-0.0,RSI_LT_38,SPY
1994-08-19,57.6,0,-0.0,RSI_LT_38,SPY
1994-08-22,54.83870967741936,0,0.0,RSI_LT_38,SPY
1994-08-23,60.0,0,0.0,RSI_LT_38,SPY
1994-08-24,74.83870967741936,0,-0.0,RSI_LT_38,SPY
1994-08-25,75.81699346405229,0,0.0,RSI_LT_38,SPY
1994-08-26,80.42328042328043,0,-0.0,RSI_LT_38,SPY
1994-08-29,79.03225806451613,0,0.0,RSI_LT_38,SPY
1994-08-30,78.68852459016394,0,-0.0,RSI_LT_38,SPY
1994-08-31,80.0,0,-0.0,RSI_LT_38,SPY
1994-09-01,72.45508982035929,0,-0.0,RSI_LT_38,SPY
1994-09-02,67.59776536312849,0,0.0,RSI_LT_38,SPY
1994-09-06,63.52201257861635,0,-0.0,RSI_LT_38,SPY
1994-09-07,63.125,0,0.0,RSI_LT_38,SPY
1994-09-08,70.30303030303031,0,-0.0,RSI_LT_38,SPY
1994-09-09,59.48717948717948,0,-0.0,RSI_LT_38,SPY
1994-09-12,57.71144278606966,0,0.0,RSI_LT_38,SPY
1994-09-13,55.95854922279793,0,0.0,RSI_LT_38,SPY
1994-09-14,48.17073170731708,0,0.0,RSI_LT_38,SPY
1994-09-15,60.30927835051547,0,-0.0,RSI_LT_38,SPY
1994-09-16,38.7434554973822,0,0.0,RSI_LT_38,SPY
1994-09-19,40.10416666666667,0,-0.0,RSI_LT_38,SPY
1994-09-20,28.63070539419087,1,0.0,RSI_LT_38,SPY
1994-09-21,29.61373390557941,1,-0.23688663282571687,RSI_LT_38,SPY
1994-09-22,30.0,1,-0.33921302578019397,RSI_LT_38,SPY
1994-09-23,30.39647577092512,1,0.5105513955071528,RSI_LT_38,SPY
1994-09-26,34.43983402489627,1,-0.06772773450728353,RSI_LT_38,SPY
1994-09-27,34.58333333333334,1,0.7793968146390995,RSI_LT_38,SPY
1994-09-28,36.693548387096776,1,-0.504371217215871,RSI_LT_38,SPY
1994-09-29,39.39393939393939,0,-0.0,RSI_LT_38,SPY
1994-09-30,40.26548672566371,0,-0.0,RSI_LT_38,SPY
1994-10-03,36.60714285714286,1,-1.4925373134328401,RSI_LT_38,SPY
1994-10-04,29.811320754716988,1,0.03443526170798794,RSI_LT_38,SPY
1994-10-05,18.421052631578945,1,-0.3098106712564497,RSI_LT_38,SPY
1994-10-06,21.319796954314725,1,0.44889502762430755,RSI_LT_38,SPY
1994-10-07,25.1207729468599,1,1.0656583018219257,RSI_LT_38,SPY
1994-10-10,45.85635359116023,0,0.0,RSI_LT_38,SPY
1994-10-11,56.44444444444445,0,0.0,RSI_LT_38,SPY
1994-10-12,59.00900900900901,0,0.0,RSI_LT_38,SPY
1994-10-13,63.51351351351351,0,0.0,RSI_LT_38,SPY
1994-10-14,63.18181818181818,0,-0.0,RSI_LT_38,SPY
1994-10-17,62.05357142857144,0,-0.0,RSI_LT_38,SPY
1994-10-18,55.769230769230774,0,0.0,RSI_LT_38,SPY
1994-10-19,62.80193236714976,0,-0.0,RSI_LT_38,SPY
1994-10-20,58.29596412556054,0,-0.0,RSI_LT_38,SPY
1994-10-21,57.01754385964913,0,-0.0,RSI_LT_38,SPY
1994-10-24,62.20095693779904,0,0.0,RSI_LT_38,SPY
1994-10-25,62.55924170616114,0,0.0,RSI_LT_38,SPY
1994-10-26,67.13615023474179,0,0.0,RSI_LT_38,SPY
1994-10-27,67.88990825688074,0,0.0,RSI_LT_38,SPY
1994-10-28,72.0,0,-0.0,RSI_LT_38,SPY
1994-10-31,62.672811059907836,0,-0.0,RSI_LT_38,SPY
1994-11-01,53.441295546558706,0,-0.0,RSI_LT_38,SPY
1994-11-02,48.03149606299212,0,0.0,RSI_LT_38,SPY
1994-11-03,48.63813229571984,0,-0.0,RSI_LT_38,SPY
1994-11-04,43.10344827586207,0,0.0,RSI_LT_38,SPY
1994-11-07,45.89041095890411,0,0.0,RSI_LT_38,SPY
1994-11-08,47.50830564784053,0,0.0,RSI_LT_38,SPY
1994-11-09,51.74825174825175,0,-0.0,RSI_LT_38,SPY
1994-11-10,50.16949152542374,0,-0.0,RSI_LT_38,SPY
1994-11-11,52.669039145907476,0,0.0,RSI_LT_38,SPY
1994-11-14,56.5359477124183,0,-0.0,RSI_LT_38,SPY
1994-11-15,53.114754098360656,0,0.0,RSI_LT_38,SPY
1994-11-16,51.851851851851855,0,-0.0,RSI_LT_38,SPY
1994-11-17,35.826771653543304,1,-0.1343183344526544,RSI_LT_38,SPY
1994-11-18,36.8421052631579,1,-1.008742434431742,RSI_LT_38,SPY
1994-11-21,37.44855967078189,1,-2.1739130434782594,RSI_LT_38,SPY
1994-11-22,31.379310344827587,1,0.5555555555555536,RSI_LT_38,SPY
1994-11-23,31.379310344827587,1,0.4834254143646355,RSI_LT_38,SPY
1994-11-25,39.62264150943396,0,0.0,RSI_LT_38,SPY
1994-11-28,40.520446096654275,0,-0.0,RSI_LT_38,SPY
1994-11-29,34.81781376518218,1,-0.1368925393566034,RSI_LT_38,SPY
1994-11-30,32.92682926829268,1,-0.9938313913639529,RSI_LT_38,SPY
1994-12-01,31.889763779527556,1,0.9345794392523255,RSI_LT_38,SPY
1994-12-02,40.0,0,0.0,RSI_LT_38,SPY
1994-12-05,33.87755102040816,1,0.06851661527920161,RSI_LT_38,SPY
1994-12-06,35.86497890295358,1,-0.7189318726463556,RSI_LT_38,SPY
1994-12-07,30.24193548387096,1,-0.96551724137931,RSI_LT_38,SPY
1994-12-08,29.296875,1,0.3830083565459663,RSI_LT_38,SPY
1994-12-09,32.69961977186313,1,0.6590357266736069,RSI_LT_38,SPY
1994-12-12,41.66666666666667,0,0.0,RSI_LT_38,SPY
1994-12-13,58.29145728643216,0,0.0,RSI_LT_38,SPY
1994-12-14,58.080808080808076,0,0.0,RSI_LT_38,SPY
1994-12-15,56.99481865284973,0,-0.0,RSI_LT_38,SPY
1994-12-16,51.32275132275132,0,0.0,RSI_LT_38,SPY
1994-12-19,52.60416666666667,0,-0.0,RSI_LT_38,SPY
1994-12-20,51.26903553299493,0,0.0,RSI_LT_38,SPY
1994-12-21,66.33165829145729,0,-0.0,RSI_LT_38,SPY
1994-12-22,58.01104972375691,0,0.0,RSI_LT_38,SPY
1994-12-23,58.01104972375691,0,0.0,RSI_LT_38,SPY
1994-12-27,61.02564102564103,0,-0.0,RSI_LT_38,SPY
1994-12-28,62.96296296296296,0,0.0,RSI_LT_38,SPY
1994-12-29,74.23312883435582,0,-0.0,RSI_LT_38,SPY
1994-12-30,58.82352941176471,0,0.0,RSI_LT_38,SPY
1995-01-03,57.692307692307686,0,0.0,RSI_LT_38,SPY
1995-01-04,58.37837837837838,0,0.0,RSI_LT_38,SPY
1995-01-05,54.70588235294118,0,0.0,RSI_LT_38,SPY
1995-01-06,53.04878048780488,0,0.0,RSI_LT_38,SPY
1995-01-09,56.9620253164557,0,0.0,RSI_LT_38,SPY
1995-01-10,56.68789808917197,0,0.0,RSI_LT_38,SPY
1995-01-11,60.666666666666664,0,0.0,RSI_LT_38,SPY
1995-01-12,50.83333333333333,0,0.0,RSI_LT_38,SPY
1995-01-13,65.75342465753425,0,0.0,RSI_LT_38,SPY
1995-01-16,68.94409937888199,0,0.0,RSI_LT_38,SPY
1995-01-17,65.75342465753425,0,-0.0,RSI_LT_38,SPY
1995-01-18,71.64179104477611,0,-0.0,RSI_LT_38,SPY
1995-01-19,63.08724832214765,0,-0.0,RSI_LT_38,SPY
1995-01-20,75.2,0,0.0,RSI_LT_38,SPY
1995-01-23,74.16666666666666,0,0.0,RSI_LT_38,SPY
1995-01-24,71.81818181818181,0,0.0,RSI_LT_38,SPY
1995-01-25,73.72881355932203,0,0.0,RSI_LT_38,SPY
1995-01-26,73.72881355932203,0,0.0,RSI_LT_38,SPY
1995-01-27,75.59055118110236,0,-0.0,RSI_LT_38,SPY
1995-01-30,67.88321167883211,0,0.0,RSI_LT_38,SPY
1995-01-31,70.06802721088435,0,-0.0,RSI_LT_38,SPY
1995-02-01,69.38775510204081,0,0.0,RSI_LT_38,SPY
1995-02-02,65.38461538461539,0,0.0,RSI_LT_38,SPY
1995-02-03,70.96774193548387,0,0.0,RSI_LT_38,SPY
1995-02-06,73.05389221556887,0,0.0,RSI_LT_38,SPY
1995-02-07,75.0,0,0.0,RSI_LT_38,SPY
1995-02-08,83.44370860927152,0,0.0,RSI_LT_38,SPY
1995-02-09,90.0,0,0.0,RSI_LT_38,SPY
1995-02-10,89.62962962962963,0,0.0,RSI_LT_38,SPY
1995-02-13,89.39393939393939,0,0.0,RSI_LT_38,SPY
1995-02-14,89.0625,0,0.0,RSI_LT_38,SPY
1995-02-15,90.14084507042253,0,-0.0,RSI_LT_38,SPY
1995-02-16,86.56716417910448,0,-0.0,RSI_LT_38,SPY
1995-02-17,87.21804511278197,0,-0.0,RSI_LT_38,SPY
1995-02-21,85.24590163934427,0,0.0,RSI_LT_38,SPY
1995-02-22,88.19444444444444,0,0.0,RSI_LT_38,SPY
1995-02-23,87.02290076335878,0,0.0,RSI_LT_38,SPY
1995-02-24,82.29166666666667,0,-0.0,RSI_LT_38,SPY
1995-02-27,61.11111111111111,0,0.0,RSI_LT_38,SPY
1995-02-28,67.6923076923077,0,-0.0,RSI_LT_38,SPY
1995-03-01,58.66666666666666,0,0.0,RSI_LT_38,SPY
1995-03-02,59.74025974025973,0,0.0,RSI_LT_38,SPY
1995-03-03,58.94039735099338,0,0.0,RSI_LT_38,SPY
1995-03-06,59.21052631578947,0,-0.0,RSI_LT_38,SPY
1995-03-07,50.0,0,0.0,RSI_LT_38,SPY
1995-03-08,47.23926380368098,0,-0.0,RSI_LT_38,SPY
1995-03-09,48.125,0,0.0,RSI_LT_38,SPY
1995-03-10,63.402061855670105,0,-0.0,RSI_LT_38,SPY
1995-03-13,62.755102040816325,0,0.0,RSI_LT_38,SPY
1995-03-14,62.755102040816325,0,-0.0,RSI_LT_38,SPY
1995-03-15,59.898477157360404,0,0.0,RSI_LT_38,SPY
1995-03-16,62.01923076923077,0,-0.0,RSI_LT_38,SPY
1995-03-17,65.48223350253807,0,0.0,RSI_LT_38,SPY
1995-03-20,60.23391812865497,0,-0.0,RSI_LT_38,SPY
1995-03-21,64.77987421383648,0,0.0,RSI_LT_38,SPY
1995-03-22,64.55696202531645,0,0.0,RSI_LT_38,SPY
1995-03-23,64.77987421383648,0,0.0,RSI_LT_38,SPY
1995-03-24,72.27722772277228,0,0.0,RSI_LT_38,SPY
1995-03-27,83.24607329842932,0,0.0,RSI_LT_38,SPY
1995-03-28,82.5136612021858,0,-0.0,RSI_LT_38,SPY
1995-03-29,82.5136612021858,0,-0.0,RSI_LT_38,SPY
1995-03-30,73.42657342657343,0,-0.0,RSI_LT_38,SPY
1995-03-31,68.62745098039215,0,0.0,RSI_LT_38,SPY
1995-04-03,65.21739130434783,0,0.0,RSI_LT_38,SPY
1995-04-04,72.54901960784314,0,0.0,RSI_LT_38,SPY
1995-04-05,68.65671641791045,0,0.0,RSI_LT_38,SPY
1995-04-06,78.78787878787878,0,-0.0,RSI_LT_38,SPY
1995-04-07,77.03703703703704,0,0.0,RSI_LT_38,SPY
1995-04-10,82.70676691729324,0,-0.0,RSI_LT_38,SPY
1995-04-11,75.88652482269504,0,0.0,RSI_LT_38,SPY
1995-04-12,77.33333333333334,0,0.0,RSI_LT_38,SPY
1995-04-13,72.35772357723577,0,-0.0,RSI_LT_38,SPY
1995-04-17,58.91472868217055,0,-0.0,RSI_LT_38,SPY
1995-04-18,54.285714285714285,0,-0.0,RSI_LT_38,SPY
1995-04-19,53.52112676056338,0,0.0,RSI_LT_38,SPY
1995-04-20,57.4468085106383,0,0.0,RSI_LT_38,SPY
1995-04-21,67.36111111111111,0,0.0,RSI_LT_38,SPY
1995-04-24,72.98850574712644,0,-0.0,RSI_LT_38,SPY
1995-04-25,65.4320987654321,0,0.0,RSI_LT_38,SPY
1995-04-26,66.06060606060606,0,0.0,RSI_LT_38,SPY
1995-04-27,65.21739130434783,0,0.0,RSI_LT_38,SPY
1995-04-28,67.48466257668711,0,-0.0,RSI_LT_38,SPY
1995-05-01,62.65060240963856,0,0.0,RSI_LT_38,SPY
1995-05-02,68.51851851851852,0,0.0,RSI_LT_38,SPY
1995-05-03,74.11167512690355,0,-0.0,RSI_LT_38,SPY
1995-05-04,70.7182320441989,0,-0.0,RSI_LT_38,SPY
1995-05-05,77.10843373493975,0,0.0,RSI_LT_38,SPY
1995-05-08,84.91620111731844,0,-0.0,RSI_LT_38,SPY
1995-05-09,84.91620111731844,0,0.0,RSI_LT_38,SPY
1995-05-10,84.8314606741573,0,0.0,RSI_LT_38,SPY
1995-05-11,84.21052631578948,0,0.0,RSI_LT_38,SPY
1995-05-12,80.0,0,0.0,RSI_LT_38,SPY
1995-05-15,87.32394366197182,0,0.0,RSI_LT_38,SPY
1995-05-16,87.23404255319149,0,-0.0,RSI_LT_38,SPY
1995-05-17,78.76712328767123,0,-0.0,RSI_LT_38,SPY
1995-05-18,57.89473684210526,0,0.0,RSI_LT_38,SPY
1995-05-19,61.20218579234973,0,0.0,RSI_LT_38,SPY
1995-05-22,66.66666666666666,0,0.0,RSI_LT_38,SPY
1995-05-23,64.14141414141415,0,-0.0,RSI_LT_38,SPY
1995-05-24,64.14141414141415,0,0.0,RSI_LT_38,SPY
1995-05-25,65.98984771573603,0,-0.0,RSI_LT_38,SPY
1995-05-26,50.0,0,-0.0,RSI_LT_38,SPY
1995-05-30,50.476190476190474,0,0.0,RSI_LT_38,SPY
1995-05-31,62.31884057971015,0,-0.0,RSI_LT_38,SPY
1995-06-01,59.05797101449276,0,0.0,RSI_LT_38,SPY
1995-06-02,59.2057761732852,0,0.0,RSI_LT_38,SPY
1995-06-05,59.9290780141844,0,-0.0,RSI_LT_38,SPY
1995-06-06,58.3916083916084,0,-0.0,RSI_LT_38,SPY
1995-06-07,57.388316151202744,0,-0.0,RSI_LT_38,SPY
1995-06-08,66.80000000000001,0,-0.0,RSI_LT_38,SPY
1995-06-09,61.56716417910448,0,0.0,RSI_LT_38,SPY
1995-06-12,58.8,0,0.0,RSI_LT_38,SPY
1995-06-13,59.765625,0,-0.0,RSI_LT_38,SPY
1995-06-14,59.533073929961084,0,0.0,RSI_LT_38,SPY
1995-06-15,61.33828996282528,0,-0.0,RSI_LT_38,SPY
1995-06-16,68.75,0,0.0,RSI_LT_38,SPY
1995-06-19,73.38129496402877,0,-0.0,RSI_LT_38,SPY
1995-06-20,61.75115207373271,0,-0.0,RSI_LT_38,SPY
1995-06-21,63.80952380952381,0,0.0,RSI_LT_38,SPY
1995-06-22,69.96047430830039,0,-0.0,RSI_LT_38,SPY
1995-06-23,65.27196652719665,0,-0.0,RSI_LT_38,SPY
1995-06-26,56.72727272727273,0,-0.0,RSI_LT_38,SPY
1995-06-27,59.09090909090909,0,0.0,RSI_LT_38,SPY
1995-06-28,63.5036496350365,0,-0.0,RSI_LT_38,SPY
1995-06-29,66.92307692307693,0,-0.0,RSI_LT_38,SPY
1995-06-30,63.78600823045268,0,0.0,RSI_LT_38,SPY
1995-07-03,59.817351598173516,0,0.0,RSI_LT_38,SPY
1995-07-05,62.882096069869,0,0.0,RSI_LT_38,SPY
1995-07-06,67.18146718146718,0,0.0,RSI_LT_38,SPY
1995-07-07,71.69811320754718,0,0.0,RSI_LT_38,SPY
1995-07-10,67.10526315789474,0,-0.0,RSI_LT_38,SPY
1995-07-11,64.83050847457628,0,0.0,RSI_LT_38,SPY
1995-07-12,70.86330935251799,0,-0.0,RSI_LT_38,SPY
1995-07-13,62.91666666666667,0,-0.0,RSI_LT_38,SPY
1995-07-14,63.983050847457626,0,0.0,RSI_LT_38,SPY
1995-07-17,79.90654205607477,0,-0.0,RSI_LT_38,SPY
1995-07-18,71.84873949579833,0,-0.0,RSI_LT_38,SPY
1995-07-19,59.07335907335908,0,0.0,RSI_LT_38,SPY
1995-07-20,62.40601503759399,0,-0.0,RSI_LT_38,SPY
1995-07-21,61.940298507462686,0,0.0,RSI_LT_38,SPY
1995-07-24,63.70106761565836,0,0.0,RSI_LT_38,SPY
1995-07-25,65.42372881355934,0,-0.0,RSI_LT_38,SPY
1995-07-26,58.498023715415016,0,0.0,RSI_LT_38,SPY
1995-07-27,60.674157303370784,0,-0.0,RSI_LT_38,SPY
1995-07-28,55.55555555555556,0,-0.0,RSI_LT_38,SPY
1995-07-31,57.142857142857146,0,-0.0,RSI_LT_38,SPY
1995-08-01,47.93388429752066,0,-0.0,RSI_LT_38,SPY
1995-08-02,47.93388429752066,0,-0.0,RSI_LT_38,SPY
1995-08-03,48.333333333333336,0,0.0,RSI_LT_38,SPY
1995-08-04,44.64285714285714,0,0.0,RSI_LT_38,SPY
1995-08-07,53.731343283582085,0,0.0,RSI_LT_38,SPY
1995-08-08,66.66666666666666,0,-0.0,RSI_LT_38,SPY
1995-08-09,63.333333333333336,0,-0.0,RSI_LT_38,SPY
1995-08-10,61.68831168831169,0,-0.0,RSI_LT_38,SPY
1995-08-11,46.62162162162162,0,0.0,RSI_LT_38,SPY
1995-08-14,48.36601307189542,0,-0.0,RSI_LT_38,SPY
1995-08-15,47.13375796178344,0,0.0,RSI_LT_38,SPY
1995-08-16,39.416058394160586,0,-0.0,RSI_LT_38,SPY
1995-08-17,45.0,0,0.0,RSI_LT_38,SPY
1995-08-18,50.434782608695656,0,-0.0,RSI_LT_38,SPY
1995-08-21,48.73949579831933,0,0.0,RSI_LT_38,SPY
1995-08-22,55.08474576271186,0,-0.0,RSI_LT_38,SPY
1995-08-23,50.0,0,0.0,RSI_LT_38,SPY
1995-08-24,50.0,0,0.0,RSI_LT_38,SPY
1995-08-25,54.22535211267606,0,-0.0,RSI_LT_38,SPY
1995-08-28,49.67741935483871,0,0.0,RSI_LT_38,SPY
1995-08-29,52.76073619631902,0,0.0,RSI_LT_38,SPY
1995-08-30,57.668711656441715,0,0.0,RSI_LT_38,SPY
1995-08-31,66.43835616438356,0,0.0,RSI_LT_38,SPY
1995-09-01,62.30769230769231,0,0.0,RSI_LT_38,SPY
1995-09-05,73.2484076433121,0,0.0,RSI_LT_38,SPY
1995-09-06,72.72727272727272,0,0.0,RSI_LT_38,SPY
1995-09-07,76.0,0,0.0,RSI_LT_38,SPY
1995-09-08,77.5,0,0.0,RSI_LT_38,SPY
1995-09-11,83.75,0,0.0,RSI_LT_38,SPY
1995-09-12,84.70588235294117,0,0.0,RSI_LT_38,SPY
1995-09-13,92.52873563218391,0,0.0,RSI_LT_38,SPY
1995-09-14,93.62745098039215,0,-0.0,RSI_LT_38,SPY
1995-09-15,83.41463414634146,0,-0.0,RSI_LT_38,SPY
1995-09-18,83.00970873786407,0,0.0,RSI_LT_38,SPY
1995-09-19,83.72093023255815,0,0.0,RSI_LT_38,SPY
1995-09-20,84.44444444444444,0,-0.0,RSI_LT_38,SPY
1995-09-21,73.91304347826087,0,0.0,RSI_LT_38,SPY
1995-09-22,72.26890756302521,0,-0.0,RSI_LT_38,SPY
1995-09-25,65.71428571428572,0,-0.0,RSI_LT_38,SPY
1995-09-26,64.2156862745098,0,-0.0,RSI_LT_38,SPY
1995-09-27,62.92682926829268,0,0.0,RSI_LT_38,SPY
1995-09-28,65.29680365296804,0,-0.0,RSI_LT_38,SPY
1995-09-29,61.574074074074076,0,-0.0,RSI_LT_38,SPY
1995-10-02,53.21100917431193,0,0.0,RSI_LT_38,SPY
1995-10-03,50.24390243902439,0,-0.0,RSI_LT_38,SPY
1995-10-04,39.42857142857143,0,0.0,RSI_LT_38,SPY
1995-10-05,48.48484848484849,0,0.0,RSI_LT_38,SPY
1995-10-06,53.8961038961039,0,-0.0,RSI_LT_38,SPY
1995-10-09,38.92215568862275,0,-0.0,RSI_LT_38,SPY
1995-10-10,31.125827814569533,1,0.32388663967610754,RSI_LT_38,SPY
1995-10-11,44.6969696969697,0,0.0,RSI_LT_38,SPY
1995-10-12,52.5974025974026,0,0.0,RSI_LT_38,SPY
1995-10-13,58.12499999999999,0,-0.0,RSI_LT_38,SPY
1995-10-16,52.54237288135593,0,0.0,RSI_LT_38,SPY
1995-10-17,59.29648241206031,0,0.0,RSI_LT_38,SPY
1995-10-18,55.494505494505496,0,0.0,RSI_LT_38,SPY
1995-10-19,61.6580310880829,0,-0.0,RSI_LT_38,SPY
1995-10-20,60.40609137055837,0,-0.0,RSI_LT_38,SPY
1995-10-23,57.2139303482587,0,0.0,RSI_LT_38,SPY
1995-10-24,59.20398009950249,0,-0.0,RSI_LT_38,SPY
1995-10-25,48.86877828054299,0,-0.0,RSI_LT_38,SPY
1995-10-26,41.66666666666667,0,0.0,RSI_LT_38,SPY
1995-10-27,53.413654618473885,0,0.0,RSI_LT_38,SPY
1995-10-30,57.93357933579336,0,-0.0,RSI_LT_38,SPY
1995-10-31,52.72727272727273,0,0.0,RSI_LT_38,SPY
1995-11-01,53.900709219858165,0,0.0,RSI_LT_38,SPY
1995-11-02,55.78231292517007,0,0.0,RSI_LT_38,SPY
1995-11-03,60.14234875444839,0,-0.0,RSI_LT_38,SPY
1995-11-06,53.531598513011154,0,-0.0,RSI_LT_38,SPY
1995-11-07,48.897058823529406,0,0.0,RSI_LT_38,SPY
1995-11-08,51.736111111111114,0,0.0,RSI_LT_38,SPY
1995-11-09,58.422939068100355,0,-0.0,RSI_LT_38,SPY
1995-11-10,59.70695970695971,0,-0.0,RSI_LT_38,SPY
1995-11-13,58.24175824175824,0,-0.0,RSI_LT_38,SPY
1995-11-14,59.55056179775281,0,0.0,RSI_LT_38,SPY
1995-11-15,72.69372693726937,0,0.0,RSI_LT_38,SPY
1995-11-16,71.96969696969697,0,0.0,RSI_LT_38,SPY
1995-11-17,70.63492063492063,0,-0.0,RSI_LT_38,SPY
1995-11-20,69.53125,0,0.0,RSI_LT_38,SPY
1995-11-21,69.64980544747081,0,-0.0,RSI_LT_38,SPY
1995-11-22,63.26530612244898,0,0.0,RSI_LT_38,SPY
1995-11-24,64.0,0,0.0,RSI_LT_38,SPY
1995-11-27,67.64705882352942,0,0.0,RSI_LT_38,SPY
1995-11-28,76.22641509433963,0,0.0,RSI_LT_38,SPY
1995-11-29,73.19148936170212,0,-0.0,RSI_LT_38,SPY
1995-11-30,68.69565217391305,0,0.0,RSI_LT_38,SPY
1995-12-01,69.95708154506437,0,0.0,RSI_LT_38,SPY
1995-12-04,76.17328519855596,0,0.0,RSI_LT_38,SPY
1995-12-05,85.25179856115108,0,0.0,RSI_LT_38,SPY
1995-12-06,83.53413654618474,0,-0.0,RSI_LT_38,SPY
1995-12-07,75.10040160642569,0,0.0,RSI_LT_38,SPY
1995-12-08,75.2,0,0.0,RSI_LT_38,SPY
1995-12-11,82.99595141700405,0,-0.0,RSI_LT_38,SPY
1995-12-12,76.31578947368422,0,0.0,RSI_LT_38,SPY
1995-12-13,82.57261410788382,0,-0.0,RSI_LT_38,SPY
1995-12-14,72.6923076923077,0,-0.0,RSI_LT_38,SPY
1995-12-15,66.66666666666666,0,-0.0,RSI_LT_38,SPY
1995-12-18,46.37223974763407,0,0.0,RSI_LT_38,SPY
1995-12-19,51.977401129943495,0,-0.0,RSI_LT_38,SPY
1995-12-20,48.04177545691906,0,0.0,RSI_LT_38,SPY
1995-12-21,50.0,0,0.0,RSI_LT_38,SPY
1995-12-22,45.329670329670336,0,0.0,RSI_LT_38,SPY
1995-12-26,44.2577030812325,0,-0.0,RSI_LT_38,SPY
1995-12-27,42.57142857142857,0,-0.0,RSI_LT_38,SPY
1995-12-28,44.74474474474475,0,0.0,RSI_LT_38,SPY
1995-12-29,43.38461538461539,0,0.0,RSI_LT_38,SPY
1996-01-02,47.42857142857144,0,0.0,RSI_LT_38,SPY
1996-01-03,50.716332378223484,0,-0.0,RSI_LT_38,SPY
1996-01-04,41.988950276243095,0,-0.0,RSI_LT_38,SPY
1996-01-05,44.57478005865102,0,0.0,RSI_LT_38,SPY
1996-01-08,50.150150150150154,0,-0.0,RSI_LT_38,SPY
1996-01-09,51.38461538461538,0,-0.0,RSI_LT_38,SPY
1996-01-10,37.61194029850746,1,0.5992704533611226,RSI_LT_38,SPY
1996-01-11,46.5625,0,-0.0,RSI_LT_38,SPY
1996-01-12,42.15686274509803,0,-0.0,RSI_LT_38,SPY
1996-01-15,38.33333333333333,0,0.0,RSI_LT_38,SPY
1996-01-16,43.59756097560976,0,-0.0,RSI_LT_38,SPY
1996-01-17,42.30769230769231,0,0.0,RSI_LT_38,SPY
1996-01-18,44.956772334293944,0,0.0,RSI_LT_38,SPY
1996-01-19,48.09782608695652,0,0.0,RSI_LT_38,SPY
1996-01-22,41.59021406727828,0,0.0,RSI_LT_38,SPY
1996-01-23,41.230769230769226,0,0.0,RSI_LT_38,SPY
1996-01-24,52.037617554858926,0,-0.0,RSI_LT_38,SPY
1996-01-25,51.07692307692308,0,0.0,RSI_LT_38,SPY
1996-01-26,53.77906976744186,0,0.0,RSI_LT_38,SPY
1996-01-29,68.83561643835617,0,0.0,RSI_LT_38,SPY
1996-01-30,85.45454545454545,0,0.0,RSI_LT_38,SPY
1996-01-31,86.39455782312925,0,0.0,RSI_LT_38,SPY
1996-02-01,88.77887788778878,0,-0.0,RSI_LT_38,SPY
1996-02-02,86.21794871794872,0,0.0,RSI_LT_38,SPY
1996-02-05,85.57046979865771,0,0.0,RSI_LT_38,SPY
1996-02-06,90.46153846153845,0,0.0,RSI_LT_38,SPY
1996-02-07,90.77380952380952,0,0.0,RSI_LT_38,SPY
1996-02-08,91.26760563380282,0,-0.0,RSI_LT_38,SPY
1996-02-09,90.98591549295774,0,0.0,RSI_LT_38,SPY
1996-02-12,91.53439153439153,0,-0.0,RSI_LT_38,SPY
1996-02-13,88.45070422535211,0,-0.0,RSI_LT_38,SPY
1996-02-14,83.06878306878306,0,-0.0,RSI_LT_38,SPY
1996-02-15,75.67567567567568,0,-0.0,RSI_LT_38,SPY
1996-02-16,71.15902964959568,0,-0.0,RSI_LT_38,SPY
1996-02-20,60.84656084656085,0,0.0,RSI_LT_38,SPY
1996-02-21,61.75710594315245,0,0.0,RSI_LT_38,SPY
1996-02-22,66.21004566210046,0,-0.0,RSI_LT_38,SPY
1996-02-23,66.97459584295612,0,-0.0,RSI_LT_38,SPY
1996-02-26,55.86956521739131,0,-0.0,RSI_LT_38,SPY
1996-02-27,50.23041474654379,0,-0.0,RSI_LT_38,SPY
1996-02-28,45.22144522144522,0,-0.0,RSI_LT_38,SPY
1996-02-29,35.141509433962256,1,1.5900195694716235,RSI_LT_38,SPY
1996-03-01,43.852459016393446,0,0.0,RSI_LT_38,SPY
1996-03-04,42.916666666666664,0,0.0,RSI_LT_38,SPY
1996-03-05,48.03921568627451,0,-0.0,RSI_LT_38,SPY
1996-03-06,48.03921568627451,0,0.0,RSI_LT_38,SPY
1996-03-07,52.67326732673266,0,-0.0,RSI_LT_38,SPY
1996-03-08,42.628205128205124,0,0.0,RSI_LT_38,SPY
1996-03-11,49.682539682539684,0,-0.0,RSI_LT_38,SPY
1996-03-12,42.880523731587566,0,0.0,RSI_LT_38,SPY
1996-03-13,39.09249563699826,0,0.0,RSI_LT_38,SPY
1996-03-14,41.79620034542314,0,-0.0,RSI_LT_38,SPY
1996-03-15,44.81481481481481,0,0.0,RSI_LT_38,SPY
1996-03-18,52.97029702970297,0,-0.0,RSI_LT_38,SPY
1996-03-19,53.859060402684555,0,-0.0,RSI_LT_38,SPY
1996-03-20,57.219251336898395,0,-0.0,RSI_LT_38,SPY
1996-03-21,50.59288537549407,0,0.0,RSI_LT_38,SPY
1996-03-22,49.290060851926974,0,-0.0,RSI_LT_38,SPY
1996-03-25,44.15584415584416,0,0.0,RSI_LT_38,SPY
1996-03-26,50.337078651685395,0,-0.0,RSI_LT_38,SPY
1996-03-27,43.93939393939394,0,0.0,RSI_LT_38,SPY
1996-03-28,64.03508771929825,0,-0.0,RSI_LT_38,SPY
1996-03-29,54.60317460317461,0,0.0,RSI_LT_38,SPY
1996-04-01,66.46525679758308,0,0.0,RSI_LT_38,SPY
1996-04-02,64.30868167202573,0,0.0,RSI_LT_38,SPY
1996-04-03,62.1160409556314,0,-0.0,RSI_LT_38,SPY
1996-04-04,66.18181818181819,0,-0.0,RSI_LT_38,SPY
1996-04-08,38.43283582089551,0,-0.0,RSI_LT_38,SPY
1996-04-09,37.45454545454545,1,-1.7783191230207107,RSI_LT_38,SPY
1996-04-10,30.029154518950435,1,-0.12400793650794162,RSI_LT_38,SPY
1996-04-11,30.473372781065095,1,1.266451452694306,RSI_LT_38,SPY
1996-04-12,37.83068783068783,1,0.8337420304070697,RSI_LT_38,SPY
1996-04-15,43.81188118811881,0,0.0,RSI_LT_38,SPY
1996-04-16,42.67676767676767,0,-0.0,RSI_LT_38,SPY
1996-04-17,45.92391304347826,0,0.0,RSI_LT_38,SPY
1996-04-18,44.41340782122905,0,0.0,RSI_LT_38,SPY
1996-04-19,48.56321839080459,0,0.0,RSI_LT_38,SPY
1996-04-22,46.08433734939759,0,0.0,RSI_LT_38,SPY
1996-04-23,46.88427299703264,0,-0.0,RSI_LT_38,SPY
1996-04-24,44.88636363636363,0,0.0,RSI_LT_38,SPY
1996-04-25,48.09782608695652,0,0.0,RSI_LT_38,SPY
1996-04-26,60.983606557377044,0,0.0,RSI_LT_38,SPY
1996-04-29,64.3598615916955,0,-0.0,RSI_LT_38,SPY
1996-04-30,84.93150684931507,0,0.0,RSI_LT_38,SPY
1996-05-01,87.4439461883408,0,-0.0,RSI_LT_38,SPY
1996-05-02,59.01639344262295,0,-0.0,RSI_LT_38,SPY
1996-05-03,50.925925925925924,0,-0.0,RSI_LT_38,SPY
1996-05-06,47.11538461538462,0,-0.0,RSI_LT_38,SPY
1996-05-07,45.581395348837205,0,0.0,RSI_LT_38,SPY
1996-05-08,55.0,0,-0.0,RSI_LT_38,SPY
1996-05-09,52.56916996047431,0,0.0,RSI_LT_38,SPY
1996-05-10,54.198473282442755,0,0.0,RSI_LT_38,SPY
1996-05-13,61.53846153846153,0,0.0,RSI_LT_38,SPY
1996-05-14,67.49226006191951,0,-0.0,RSI_LT_38,SPY
1996-05-15,64.40129449838187,0,0.0,RSI_LT_38,SPY
1996-05-16,64.40129449838187,0,0.0,RSI_LT_38,SPY
1996-05-17,66.86746987951807,0,0.0,RSI_LT_38,SPY
1996-05-20,70.11173184357541,0,-0.0,RSI_LT_38,SPY
1996-05-21,68.16901408450704,0,0.0,RSI_LT_38,SPY
1996-05-22,87.34567901234568,0,-0.0,RSI_LT_38,SPY
1996-05-23,84.22619047619048,0,0.0,RSI_LT_38,SPY
1996-05-24,85.95988538681948,0,-0.0,RSI_LT_38,SPY
1996-05-28,79.7872340425532,0,-0.0,RSI_LT_38,SPY
1996-05-29,70.33898305084746,0,0.0,RSI_LT_38,SPY
1996-05-30,72.65415549597856,0,-0.0,RSI_LT_38,SPY
1996-05-31,63.18681318681318,0,0.0,RSI_LT_38,SPY
1996-06-03,57.188498402555915,0,0.0,RSI_LT_38,SPY
1996-06-04,57.728706624605685,0,0.0,RSI_LT_38,SPY
1996-06-05,63.142857142857146,0,-0.0,RSI_LT_38,SPY
1996-06-06,56.83646112600537,0,0.0,RSI_LT_38,SPY
1996-06-07,54.0,0,-0.0,RSI_LT_38,SPY
1996-06-10,47.76119402985074,0,-0.0,RSI_LT_38,SPY
1996-06-11,48.048048048048045,0,-0.0,RSI_LT_38,SPY
1996-06-12,39.666666666666664,0,0.0,RSI_LT_38,SPY
1996-06-13,42.198581560283685,0,-0.0,RSI_LT_38,SPY
1996-06-14,36.04240282685513,1,-0.07002801120448154,RSI_LT_38,SPY
1996-06-17,42.14876033057851,0,-0.0,RSI_LT_38,SPY
1996-06-18,41.12903225806452,0,0.0,RSI_LT_38,SPY
1996-06-19,40.408163265306115,0,-0.0,RSI_LT_38,SPY
1996-06-20,45.83333333333333,0,0.0,RSI_LT_38,SPY
1996-06-21,46.3302752293578,0,0.0,RSI_LT_38,SPY
1996-06-24,40.30612244897959,0,-0.0,RSI_LT_38,SPY
1996-06-25,25.153374233128844,1,-0.6777284412245899,RSI_LT_38,SPY
1996-06-26,25.625,1,0.7058823529411784,RSI_LT_38,SPY
1996-06-27,37.36842105263158,1,0.3504672897196359,RSI_LT_38,SPY
1996-06-28,45.02617801047121,0,0.0,RSI_LT_38,SPY
1996-07-01,54.91071428571429,0,-0.0,RSI_LT_38,SPY
1996-07-02,53.01724137931035,0,-0.0,RSI_LT_38,SPY
1996-07-03,51.03734439834026,0,-0.0,RSI_LT_38,SPY
1996-07-05,36.936936936936945,1,-0.40505122706695484,RSI_LT_38,SPY
1996-07-08,35.446685878962526,1,0.40669856459329967,RSI_LT_38,SPY
1996-07-09,42.5531914893617,0,0.0,RSI_LT_38,SPY
1996-07-10,42.201834862385326,0,-0.0,RSI_LT_38,SPY
1996-07-11,33.74083129584352,1,0.07265681763137799,RSI_LT_38,SPY
1996-07-12,31.909547738693476,1,-2.9525653436592414,RSI_LT_38,SPY
1996-07-15,23.2421875,1,0.24937655860348684,RSI_LT_38,SPY
1996-07-16,24.951644100580268,1,1.1940298507462588,RSI_LT_38,SPY
1996-07-17,33.0223880597015,1,1.3765978367748177,RSI_LT_38,SPY
1996-07-18,36.120996441281136,1,-0.7274490785645016,RSI_LT_38,SPY
1996-07-19,32.58232235701905,1,-0.7327796775769446,RSI_LT_38,SPY
1996-07-22,26.49122807017544,1,-1.2795275590551158,RSI_LT_38,SPY
1996-07-23,24.91749174917493,1,0.1994017946161497,RSI_LT_38,SPY
1996-07-24,26.280991735537185,1,0.8955223880596996,RSI_LT_38,SPY
1996-07-25,36.72316384180791,1,0.5424063116370892,RSI_LT_38,SPY
1996-07-26,40.48507462686567,0,-0.0,RSI_LT_38,SPY
1996-07-29,35.460992907801426,1,0.9670220679395047,RSI_LT_38,SPY
1996-07-30,37.8839590443686,1,0.7367387033398787,RSI_LT_38,SPY
1996-07-31,47.45762711864407,0,0.0,RSI_LT_38,SPY
1996-08-01,53.187919463087255,0,0.0,RSI_LT_38,SPY
1996-08-02,72.16312056737588,0,-0.0,RSI_LT_38,SPY
1996-08-05,68.566493955095,0,0.0,RSI_LT_38,SPY
1996-08-06,66.54411764705883,0,0.0,RSI_LT_38,SPY
1996-08-07,63.52705410821643,0,-0.0,RSI_LT_38,SPY
1996-08-08,66.59663865546219,0,-0.0,RSI_LT_38,SPY
1996-08-09,68.91304347826087,0,0.0,RSI_LT_38,SPY
1996-08-12,79.27107061503418,0,-0.0,RSI_LT_38,SPY
1996-08-13,73.11827956989248,0,0.0,RSI_LT_38,SPY
1996-08-14,71.84684684684684,0,-0.0,RSI_LT_38,SPY
1996-08-15,69.06976744186046,0,0.0,RSI_LT_38,SPY
1996-08-16,79.09738717339667,0,0.0,RSI_LT_38,SPY
1996-08-19,77.08333333333333,0,-0.0,RSI_LT_38,SPY
1996-08-20,74.50980392156862,0,-0.0,RSI_LT_38,SPY
1996-08-21,65.13157894736842,0,0.0,RSI_LT_38,SPY
1996-08-22,58.267716535433074,0,-0.0,RSI_LT_38,SPY
1996-08-23,58.73015873015873,0,-0.0,RSI_LT_38,SPY
1996-08-26,51.92307692307693,0,0.0,RSI_LT_38,SPY
1996-08-27,52.83018867924528,0,-0.0,RSI_LT_38,SPY
1996-08-28,52.83018867924528,0,-0.0,RSI_LT_38,SPY
1996-08-29,47.781569965870304,0,-0.0,RSI_LT_38,SPY
1996-08-30,35.62091503267973,1,0.6457785218847212,RSI_LT_38,SPY
1996-09-03,45.484949832775925,0,0.0,RSI_LT_38,SPY
1996-09-04,43.40277777777778,0,-0.0,RSI_LT_38,SPY
1996-09-05,37.764350453172206,1,1.4179283826003308,RSI_LT_38,SPY
1996-09-06,41.80790960451978,0,0.0,RSI_LT_38,SPY
1996-09-09,48.756218905472636,0,-0.0,RSI_LT_38,SPY
1996-09-10,48.87780548628429,0,0.0,RSI_LT_38,SPY
1996-09-11,53.65853658536585,0,0.0,RSI_LT_38,SPY
1996-09-12,52.50000000000001,0,0.0,RSI_LT_38,SPY
1996-09-13,62.30248306997743,0,0.0,RSI_LT_38,SPY
1996-09-16,66.66666666666666,0,-0.0,RSI_LT_38,SPY
1996-09-17,63.888888888888886,0,-0.0,RSI_LT_38,SPY
1996-09-18,63.30275229357798,0,0.0,RSI_LT_38,SPY
1996-09-19,71.28953771289537,0,-0.0,RSI_LT_38,SPY
1996-09-20,78.34224598930481,0,-0.0,RSI_LT_38,SPY
1996-09-23,76.4367816091954,0,-0.0,RSI_LT_38,SPY
1996-09-24,75.94202898550725,0,0.0,RSI_LT_38,SPY
1996-09-25,89.22558922558923,0,-0.0,RSI_LT_38,SPY
1996-09-26,85.83333333333333,0,0.0,RSI_LT_38,SPY
1996-09-27,82.47422680412372,0,-0.0,RSI_LT_38,SPY
1996-09-30,81.63265306122449,0,0.0,RSI_LT_38,SPY
1996-10-01,81.63265306122449,0,0.0,RSI_LT_38,SPY
1996-10-02,81.63265306122449,0,-0.0,RSI_LT_38,SPY
1996-10-03,70.14925373134328,0,0.0,RSI_LT_38,SPY
1996-10-04,77.52808988764045,0,0.0,RSI_LT_38,SPY
1996-10-07,82.65895953757226,0,-0.0,RSI_LT_38,SPY
1996-10-08,79.44444444444444,0,-0.0,RSI_LT_38,SPY
1996-10-09,63.63636363636363,0,-0.0,RSI_LT_38,SPY
1996-10-10,63.0,0,0.0,RSI_LT_38,SPY
1996-10-11,71.25984251968504,0,0.0,RSI_LT_38,SPY
1996-10-14,72.2007722007722,0,-0.0,RSI_LT_38,SPY
1996-10-15,70.22900763358778,0,0.0,RSI_LT_38,SPY
1996-10-16,73.04964539007092,0,0.0,RSI_LT_38,SPY
1996-10-17,73.79310344827586,0,0.0,RSI_LT_38,SPY
1996-10-18,76.7741935483871,0,-0.0,RSI_LT_38,SPY
1996-10-21,73.28767123287672,0,-0.0,RSI_LT_38,SPY
1996-10-22,62.585034013605444,0,0.0,RSI_LT_38,SPY
1996-10-23,65.24590163934425,0,-0.0,RSI_LT_38,SPY
1996-10-24,48.943661971830984,0,0.0,RSI_LT_38,SPY
1996-10-25,48.76325088339223,0,-0.0,RSI_LT_38,SPY
1996-10-28,46.77966101694916,0,0.0,RSI_LT_38,SPY
1996-10-29,58.78378378378378,0,-0.0,RSI_LT_38,SPY
1996-10-30,57.615894039735096,0,0.0,RSI_LT_38,SPY
1996-10-31,55.86206896551724,0,-0.0,RSI_LT_38,SPY
1996-11-01,51.99999999999999,0,0.0,RSI_LT_38,SPY
1996-11-04,57.407407407407405,0,0.0,RSI_LT_38,SPY
1996-11-05,57.92682926829268,0,0.0,RSI_LT_38,SPY
1996-11-06,65.84158415841583,0,0.0,RSI_LT_38,SPY
1996-11-07,64.70588235294119,0,0.0,RSI_LT_38,SPY
1996-11-08,67.88321167883211,0,-0.0,RSI_LT_38,SPY
1996-11-11,72.65625,0,-0.0,RSI_LT_38,SPY
1996-11-12,68.92950391644908,0,0.0,RSI_LT_38,SPY
1996-11-13,78.08219178082192,0,0.0,RSI_LT_38,SPY
1996-11-14,79.59183673469389,0,0.0,RSI_LT_38,SPY
1996-11-15,86.41304347826087,0,0.0,RSI_LT_38,SPY
1996-11-18,84.98498498498499,0,0.0,RSI_LT_38,SPY
1996-11-19,90.05681818181819,0,0.0,RSI_LT_38,SPY
1996-11-20,88.9589905362776,0,-0.0,RSI_LT_38,SPY
1996-11-21,91.55844155844156,0,0.0,RSI_LT_38,SPY
1996-11-22,91.74603174603175,0,0.0,RSI_LT_38,SPY
1996-11-25,92.57142857142857,0,-0.0,RSI_LT_38,SPY
1996-11-26,84.89208633093526,0,-0.0,RSI_LT_38,SPY
1996-11-27,81.52173913043478,0,0.0,RSI_LT_38,SPY
1996-11-29,80.97014925373134,0,0.0,RSI_LT_38,SPY
1996-12-02,82.64150943396227,0,-0.0,RSI_LT_38,SPY
1996-12-03,65.5688622754491,0,0.0,RSI_LT_38,SPY
1996-12-04,64.7239263803681,0,-0.0,RSI_LT_38,SPY
1996-12-05,58.44155844155844,0,-0.0,RSI_LT_38,SPY
1996-12-06,52.72727272727273,0,0.0,RSI_LT_38,SPY
1996-12-09,60.90225563909774,0,-0.0,RSI_LT_38,SPY
1996-12-10,53.865979381443296,0,-0.0,RSI_LT_38,SPY
1996-12-11,47.405660377358494,0,-0.0,RSI_LT_38,SPY
1996-12-12,40.5241935483871,0,0.0,RSI_LT_38,SPY
1996-12-13,37.367303609341825,1,-1.2787723785166238,RSI_LT_38,SPY
1996-12-16,24.468085106382986,1,0.7987910189982683,RSI_LT_38,SPY
1996-12-17,30.957230142566203,1,0.7924609124009496,RSI_LT_38,SPY
1996-12-18,36.41618497109827,1,2.06119847003825,RSI_LT_38,SPY
1996-12-19,44.81605351170568,0,-0.0,RSI_LT_38,SPY
1996-12-20,43.67816091954023,0,-0.0,RSI_LT_38,SPY
1996-12-23,49.44237918215614,0,0.0,RSI_LT_38,SPY
1996-12-24,51.42857142857143,0,0.0,RSI_LT_38,SPY
1996-12-26,55.650684931506845,0,0.0,RSI_LT_38,SPY
1996-12-27,58.89679715302491,0,-0.0,RSI_LT_38,SPY
1996-12-30,48.87640449438202,0,-0.0,RSI_LT_38,SPY
1996-12-31,43.57262103505843,0,0.0,RSI_LT_38,SPY
1997-01-02,48.14814814814815,0,0.0,RSI_LT_38,SPY
1997-01-03,61.33093525179856,0,-0.0,RSI_LT_38,SPY
1997-01-06,56.14334470989761,0,0.0,RSI_LT_38,SPY
1997-01-07,66.26712328767124,0,-0.0,RSI_LT_38,SPY
1997-01-08,59.42275042444822,0,0.0,RSI_LT_38,SPY
1997-01-09,59.62837837837838,0,0.0,RSI_LT_38,SPY
1997-01-10,56.3071297989031,0,-0.0,RSI_LT_38,SPY
1997-01-13,56.931608133086876,0,0.0,RSI_LT_38,SPY
1997-01-14,62.54237288135593,0,-0.0,RSI_LT_38,SPY
1997-01-15,58.90652557319224,0,0.0,RSI_LT_38,SPY
1997-01-16,57.63636363636364,0,0.0,RSI_LT_38,SPY
1997-01-17,59.40766550522648,0,0.0,RSI_LT_38,SPY
1997-01-20,64.49814126394052,0,0.0,RSI_LT_38,SPY
1997-01-21,78.9795918367347,0,0.0,RSI_LT_38,SPY
1997-01-22,79.96108949416342,0,-0.0,RSI_LT_38,SPY
1997-01-23,66.47286821705427,0,-0.0,RSI_LT_38,SPY
1997-01-24,63.7546468401487,0,-0.0,RSI_LT_38,SPY
1997-01-27,57.69230769230769,0,0.0,RSI_LT_38,SPY
1997-01-28,64.16309012875536,0,0.0,RSI_LT_38,SPY
1997-01-29,64.76793248945148,0,0.0,RSI_LT_38,SPY
1997-01-30,65.63786008230453,0,-0.0,RSI_LT_38,SPY
1997-01-31,65.77319587628867,0,0.0,RSI_LT_38,SPY
1997-02-03,62.18678815489749,0,0.0,RSI_LT_38,SPY
1997-02-04,66.37554585152839,0,-0.0,RSI_LT_38,SPY
1997-02-05,53.28330206378987,0,0.0,RSI_LT_38,SPY
1997-02-06,53.54477611940299,0,0.0,RSI_LT_38,SPY
1997-02-07,58.36120401337792,0,-0.0,RSI_LT_38,SPY
1997-02-10,50.990099009900995,0,0.0,RSI_LT_38,SPY
1997-02-11,52.70700636942674,0,0.0,RSI_LT_38,SPY
1997-02-12,63.96825396825397,0,0.0,RSI_LT_38,SPY
1997-02-13,73.79421221864952,0,-0.0,RSI_LT_38,SPY
1997-02-14,74.03225806451613,0,0.0,RSI_LT_38,SPY
1997-02-18,75.23076923076923,0,-0.0,RSI_LT_38,SPY
1997-02-19,69.23076923076923,0,-0.0,RSI_LT_38,SPY
1997-02-20,59.276729559748425,0,0.0,RSI_LT_38,SPY
1997-02-21,59.96835443037974,0,0.0,RSI_LT_38,SPY
1997-02-24,62.68436578171091,0,0.0,RSI_LT_38,SPY
1997-02-25,61.136712749615974,0,-0.0,RSI_LT_38,SPY
1997-02-26,65.56836902800659,0,-0.0,RSI_LT_38,SPY
1997-02-27,56.06758832565285,0,-0.0,RSI_LT_38,SPY
1997-02-28,49.66555183946488,0,0.0,RSI_LT_38,SPY
1997-03-03,56.678082191780824,0,-0.0,RSI_LT_38,SPY
1997-03-04,49.277978339350184,0,0.0,RSI_LT_38,SPY
1997-03-05,50.5281690140845,0,-0.0,RSI_LT_38,SPY
1997-03-06,42.61992619926199,0,0.0,RSI_LT_38,SPY
1997-03-07,48.09027777777778,0,0.0,RSI_LT_38,SPY
1997-03-10,48.97610921501707,0,-0.0,RSI_LT_38,SPY
1997-03-11,49.568221070811745,0,-0.0,RSI_LT_38,SPY
1997-03-12,51.067615658362996,0,-0.0,RSI_LT_38,SPY
1997-03-13,44.53125,0,0.0,RSI_LT_38,SPY
1997-03-14,41.32231404958677,0,0.0,RSI_LT_38,SPY
1997-03-17,42.27642276422764,0,-0.0,RSI_LT_38,SPY
1997-03-18,42.0032310177706,0,-0.0,RSI_LT_38,SPY
1997-03-19,46.51162790697675,0,-0.0,RSI_LT_38,SPY
1997-03-20,45.6140350877193,0,0.0,RSI_LT_38,SPY
1997-03-21,42.59259259259259,0,0.0,RSI_LT_38,SPY
1997-03-24,51.54639175257732,0,-0.0,RSI_LT_38,SPY
1997-03-25,39.1941391941392,0,0.0,RSI_LT_38,SPY
1997-03-26,43.86617100371747,0,-0.0,RSI_LT_38,SPY
1997-03-27,30.351437699680503,1,-2.110389610389607,RSI_LT_38,SPY
1997-03-31,20.118343195266263,1,0.642620232172475,RSI_LT_38,SPY
1997-04-01,24.594992636229748,1,-1.7919670442842484,RSI_LT_38,SPY
1997-04-02,23.194444444444443,1,0.5453020134228215,RSI_LT_38,SPY
1997-04-03,28.978978978978972,1,1.251564455569465,RSI_LT_38,SPY
1997-04-04,32.42857142857143,1,0.39142974866088753,RSI_LT_38,SPY
1997-04-07,32.90780141843972,1,0.7182433819002743,RSI_LT_38,SPY
1997-04-08,38.97810218978102,0,-0.0,RSI_LT_38,SPY
1997-04-09,37.71186440677966,1,-0.3697617091207861,RSI_LT_38,SPY
1997-04-10,38.142857142857146,0,-0.0,RSI_LT_38,SPY
1997-04-11,30.941176470588232,1,1.3415672913117627,RSI_LT_38,SPY
1997-04-14,30.36773428232503,1,1.702038243328441,RSI_LT_38,SPY
1997-04-15,38.558352402745996,0,0.0,RSI_LT_38,SPY
1997-04-16,40.85903083700441,0,-0.0,RSI_LT_38,SPY
1997-04-17,46.725440806045334,0,0.0,RSI_LT_38,SPY
1997-04-18,55.32212885154061,0,-0.0,RSI_LT_38,SPY
1997-04-21,50.909090909090914,0,0.0,RSI_LT_38,SPY
1997-04-22,64.08163265306123,0,0.0,RSI_LT_38,SPY
1997-04-23,63.02521008403362,0,-0.0,RSI_LT_38,SPY
1997-04-24,57.437407952871865,0,-0.0,RSI_LT_38,SPY
1997-04-25,51.74337517433752,0,0.0,RSI_LT_38,SPY
1997-04-28,52.602739726027394,0,0.0,RSI_LT_38,SPY
1997-04-29,63.829787234042556,0,0.0,RSI_LT_38,SPY
1997-04-30,66.19718309859155,0,-0.0,RSI_LT_38,SPY
1997-05-01,80.11363636363636,0,0.0,RSI_LT_38,SPY
1997-05-02,80.90040927694406,0,0.0,RSI_LT_38,SPY
1997-05-05,81.95876288659794,0,-0.0,RSI_LT_38,SPY
1997-05-06,80.11049723756906,0,-0.0,RSI_LT_38,SPY
1997-05-07,70.73170731707317,0,0.0,RSI_LT_38,SPY
1997-05-08,71.15384615384616,0,0.0,RSI_LT_38,SPY
1997-05-09,75.11961722488037,0,0.0,RSI_LT_38,SPY
1997-05-12,74.54100367197063,0,-0.0,RSI_LT_38,SPY
1997-05-13,72.42206235011992,0,0.0,RSI_LT_38,SPY
1997-05-14,74.96947496947497,0,0.0,RSI_LT_38,SPY
1997-05-15,81.45363408521303,0,-0.0,RSI_LT_38,SPY
1997-05-16,73.05825242718447,0,0.0,RSI_LT_38,SPY
1997-05-19,67.54385964912281,0,0.0,RSI_LT_38,SPY
1997-05-20,69.33701657458563,0,-0.0,RSI_LT_38,SPY
1997-05-21,68.76712328767124,0,-0.0,RSI_LT_38,SPY
1997-05-22,62.5,0,0.0,RSI_LT_38,SPY
1997-05-23,57.7319587628866,0,0.0,RSI_LT_38,SPY
1997-05-27,59.66666666666667,0,-0.0,RSI_LT_38,SPY
1997-05-28,73.81443298969072,0,-0.0,RSI_LT_38,SPY
1997-05-29,66.94386694386694,0,0.0,RSI_LT_38,SPY
1997-05-30,66.875,0,-0.0,RSI_LT_38,SPY
1997-06-02,56.00961538461538,0,-0.0,RSI_LT_38,SPY
1997-06-03,56.55339805825243,0,-0.0,RSI_LT_38,SPY
1997-06-04,54.65686274509804,0,0.0,RSI_LT_38,SPY
1997-06-05,52.80612244897959,0,0.0,RSI_LT_38,SPY
1997-06-06,73.82075471698113,0,0.0,RSI_LT_38,SPY
1997-06-09,74.54128440366972,0,0.0,RSI_LT_38,SPY
1997-06-10,71.46529562982005,0,0.0,RSI_LT_38,SPY
1997-06-11,74.61538461538461,0,0.0,RSI_LT_38,SPY
1997-06-12,83.125,0,0.0,RSI_LT_38,SPY
1997-06-13,83.05439330543933,0,0.0,RSI_LT_38,SPY
1997-06-16,82.31441048034935,0,-0.0,RSI_LT_38,SPY
1997-06-17,81.0752688172043,0,-0.0,RSI_LT_38,SPY
1997-06-18,83.22295805739515,0,0.0,RSI_LT_38,SPY
1997-06-19,84.0670859538784,0,-0.0,RSI_LT_38,SPY
1997-06-20,81.01010101010101,0,-0.0,RSI_LT_38,SPY
1997-06-23,65.09740259740259,0,0.0,RSI_LT_38,SPY
1997-06-24,72.20744680851064,0,-0.0,RSI_LT_38,SPY
1997-06-25,67.74611398963731,0,-0.0,RSI_LT_38,SPY
1997-06-26,60.086455331412104,0,0.0,RSI_LT_38,SPY
1997-06-27,59.73837209302325,0,-0.0,RSI_LT_38,SPY
1997-06-30,55.57122708039492,0,0.0,RSI_LT_38,SPY
1997-07-01,58.661417322834644,0,0.0,RSI_LT_38,SPY
1997-07-02,57.88770053475936,0,0.0,RSI_LT_38,SPY
1997-07-03,59.61538461538462,0,-0.0,RSI_LT_38,SPY
1997-07-07,55.25059665871122,0,0.0,RSI_LT_38,SPY
1997-07-08,58.81032547699215,0,-0.0,RSI_LT_38,SPY
1997-07-09,55.98290598290598,0,0.0,RSI_LT_38,SPY
1997-07-10,54.374307862679956,0,0.0,RSI_LT_38,SPY
1997-07-11,58.0022701475596,0,0.0,RSI_LT_38,SPY
1997-07-14,69.60526315789474,0,0.0,RSI_LT_38,SPY
1997-07-15,64.35185185185185,0,0.0,RSI_LT_38,SPY
1997-07-16,72.15743440233236,0,-0.0,RSI_LT_38,SPY
1997-07-17,71.94767441860465,0,-0.0,RSI_LT_38,SPY
1997-07-18,59.6469104665826,0,0.0,RSI_LT_38,SPY
1997-07-21,62.6984126984127,0,0.0,RSI_LT_38,SPY
1997-07-22,66.62721893491124,0,-0.0,RSI_LT_38,SPY
1997-07-23,62.03703703703703,0,0.0,RSI_LT_38,SPY
1997-07-24,59.23295454545455,0,-0.0,RSI_LT_38,SPY
1997-07-25,64.35185185185185,0,-0.0,RSI_LT_38,SPY
1997-07-28,60.236886632825716,0,0.0,RSI_LT_38,SPY
1997-07-29,68.86446886446886,0,0.0,RSI_LT_38,SPY
1997-07-30,71.28378378378379,0,-0.0,RSI_LT_38,SPY
1997-07-31,69.55017301038063,0,-0.0,RSI_LT_38,SPY
1997-08-01,65.75342465753425,0,0.0,RSI_LT_38,SPY
1997-08-04,64.91228070175438,0,0.0,RSI_LT_38,SPY
1997-08-05,59.67741935483871,0,0.0,RSI_LT_38,SPY
1997-08-06,67.05426356589147,0,-0.0,RSI_LT_38,SPY
1997-08-07,79.54022988505747,0,-0.0,RSI_LT_38,SPY
1997-08-08,61.82795698924731,0,0.0,RSI_LT_38,SPY
1997-08-11,52.34899328859061,0,-0.0,RSI_LT_38,SPY
1997-08-12,43.49442379182157,0,-0.0,RSI_LT_38,SPY
1997-08-13,39.015151515151516,0,0.0,RSI_LT_38,SPY
1997-08-14,41.75824175824175,0,-0.0,RSI_LT_38,SPY
1997-08-15,31.491712707182316,1,2.2276366167768957,RSI_LT_38,SPY
1997-08-18,40.38461538461538,0,0.0,RSI_LT_38,SPY
1997-08-19,40.09661835748793,0,0.0,RSI_LT_38,SPY
1997-08-20,46.271929824561404,0,-0.0,RSI_LT_38,SPY
1997-08-21,42.45472837022133,0,-0.0,RSI_LT_38,SPY
1997-08-22,41.42857142857143,0,-0.0,RSI_LT_38,SPY
1997-08-25,40.280561122244485,0,-0.0,RSI_LT_38,SPY
1997-08-26,34.00966183574879,1,0.6018916595012858,RSI_LT_38,SPY
1997-08-27,37.79296874999999,1,-1.5213675213675226,RSI_LT_38,SPY
1997-08-28,39.130434782608695,0,0.0,RSI_LT_38,SPY
1997-08-29,37.809917355371894,1,3.250345781466124,RSI_LT_38,SPY
1997-09-02,52.264150943396224,0,-0.0,RSI_LT_38,SPY
1997-09-03,51.582867783985094,0,0.0,RSI_LT_38,SPY
1997-09-04,52.29357798165137,0,-0.0,RSI_LT_38,SPY
1997-09-05,61.62162162162162,0,0.0,RSI_LT_38,SPY
1997-09-08,56.86512758201701,0,0.0,RSI_LT_38,SPY
1997-09-09,53.16622691292876,0,-0.0,RSI_LT_38,SPY
1997-09-10,39.52020202020202,0,-0.0,RSI_LT_38,SPY
1997-09-11,43.71508379888268,0,0.0,RSI_LT_38,SPY
1997-09-12,50.37128712871288,0,-0.0,RSI_LT_38,SPY
1997-09-15,51.13065326633166,0,0.0,RSI_LT_38,SPY
1997-09-16,64.76079346557759,0,0.0,RSI_LT_38,SPY
1997-09-17,63.2603406326034,0,0.0,RSI_LT_38,SPY
1997-09-18,71.93675889328063,0,-0.0,RSI_LT_38,SPY
1997-09-19,69.91978609625669,0,0.0,RSI_LT_38,SPY
1997-09-22,62.12121212121212,0,-0.0,RSI_LT_38,SPY
1997-09-23,62.54237288135593,0,-0.0,RSI_LT_38,SPY
1997-09-24,54.98338870431893,0,-0.0,RSI_LT_38,SPY
1997-09-25,52.79106858054226,0,0.0,RSI_LT_38,SPY
1997-09-26,54.53149001536099,0,0.0,RSI_LT_38,SPY
1997-09-29,58.07365439093484,0,-0.0,RSI_LT_38,SPY
1997-09-30,63.46749226006192,0,0.0,RSI_LT_38,SPY
1997-10-01,70.40229885057471,0,0.0,RSI_LT_38,SPY
1997-10-02,67.61006289308176,0,0.0,RSI_LT_38,SPY
1997-10-03,70.16742770167428,0,0.0,RSI_LT_38,SPY
1997-10-06,64.36363636363636,0,0.0,RSI_LT_38,SPY
1997-10-07,67.76315789473685,0,-0.0,RSI_LT_38,SPY
1997-10-08,61.66134185303515,0,-0.0,RSI_LT_38,SPY
1997-10-09,60.69182389937107,0,-0.0,RSI_LT_38,SPY
1997-10-10,56.7741935483871,0,0.0,RSI_LT_38,SPY
1997-10-13,59.86622073578595,0,0.0,RSI_LT_38,SPY
1997-10-14,65.45454545454545,0,-0.0,RSI_LT_38,SPY
1997-10-15,68.9655172413793,0,-0.0,RSI_LT_38,SPY
1997-10-16,54.385964912280706,0,-0.0,RSI_LT_38,SPY
1997-10-17,43.90243902439024,0,0.0,RSI_LT_38,SPY
1997-10-20,56.711409395973156,0,0.0,RSI_LT_38,SPY
1997-10-21,59.37007874015748,0,-0.0,RSI_LT_38,SPY
1997-10-22,53.426791277258566,0,-0.0,RSI_LT_38,SPY
1997-10-23,42.56480218281036,0,-0.0,RSI_LT_38,SPY
1997-10-24,36.037234042553195,1,-7.247340425531911,RSI_LT_38,SPY
1997-10-27,18.849557522123888,1,5.7706093189964225,RSI_LT_38,SPY
1997-10-28,37.99715909090909,1,-0.2710945442222945,RSI_LT_38,SPY
1997-10-29,38.15977175463624,0,-0.0,RSI_LT_38,SPY
1997-10-30,35.33685601056804,1,2.3627519110493322,RSI_LT_38,SPY
1997-10-31,40.450121654501224,0,0.0,RSI_LT_38,SPY
1997-11-03,44.56398640996602,0,0.0,RSI_LT_38,SPY
1997-11-04,44.92009132420091,0,0.0,RSI_LT_38,SPY
1997-11-05,48.2078853046595,0,-0.0,RSI_LT_38,SPY
1997-11-06,49.357798165137616,0,-0.0,RSI_LT_38,SPY
1997-11-07,44.671623296158614,0,-0.0,RSI_LT_38,SPY
1997-11-10,39.320705421293276,0,0.0,RSI_LT_38,SPY
1997-11-11,40.48257372654155,0,-0.0,RSI_LT_38,SPY
1997-11-12,40.48257372654155,0,0.0,RSI_LT_38,SPY
1997-11-13,45.382585751978894,0,0.0,RSI_LT_38,SPY
1997-11-14,66.20689655172413,0,0.0,RSI_LT_38,SPY
1997-11-17,58.64978902953586,0,-0.0,RSI_LT_38,SPY
1997-11-18,57.319587628865975,0,0.0,RSI_LT_38,SPY
1997-11-19,67.35632183908046,0,0.0,RSI_LT_38,SPY
1997-11-20,65.61743341404357,0,0.0,RSI_LT_38,SPY
1997-11-21,61.82795698924731,0,-0.0,RSI_LT_38,SPY
1997-11-24,53.73831775700935,0,0.0,RSI_LT_38,SPY
1997-11-25,53.52112676056338,0,0.0,RSI_LT_38,SPY
1997-11-26,55.96221959858323,0,0.0,RSI_LT_38,SPY
1997-11-28,60.91370558375634,0,0.0,RSI_LT_38,SPY
1997-12-01,70.1098901098901,0,-0.0,RSI_LT_38,SPY
1997-12-02,67.23044397463002,0,0.0,RSI_LT_38,SPY
1997-12-03,77.67220902612827,0,-0.0,RSI_LT_38,SPY
1997-12-04,74.60732984293193,0,0.0,RSI_LT_38,SPY
1997-12-05,74.60732984293193,0,-0.0,RSI_LT_38,SPY
1997-12-08,68.45238095238095,0,-0.0,RSI_LT_38,SPY
1997-12-09,68.45238095238095,0,-0.0,RSI_LT_38,SPY
1997-12-10,61.7816091954023,0,-0.0,RSI_LT_38,SPY
1997-12-11,47.605633802816904,0,0.0,RSI_LT_38,SPY
1997-12-12,45.29411764705882,0,0.0,RSI_LT_38,SPY
1997-12-15,58.73015873015873,0,0.0,RSI_LT_38,SPY
1997-12-16,60.122699386503065,0,-0.0,RSI_LT_38,SPY
1997-12-17,56.15615615615616,0,-0.0,RSI_LT_38,SPY
1997-12-18,51.11111111111111,0,-0.0,RSI_LT_38,SPY
1997-12-19,33.22784810126582,1,0.6429277942631151,RSI_LT_38,SPY
1997-12-22,39.33649289099526,0,-0.0,RSI_LT_38,SPY
1997-12-23,31.906077348066304,1,-0.30020013342227925,RSI_LT_38,SPY
1997-12-24,31.38586956521739,1,0.4014720642355307,RSI_LT_38,SPY
1997-12-26,25.735294117647058,1,1.966011329556805,RSI_LT_38,SPY
1997-12-29,37.56410256410256,1,1.5686274509803866,RSI_LT_38,SPY
1997-12-30,46.4200477326969,0,-0.0,RSI_LT_38,SPY
1997-12-31,49.36548223350254,0,0.0,RSI_LT_38,SPY
1998-01-02,58.96358543417367,0,0.0,RSI_LT_38,SPY
1998-01-05,59.07821229050279,0,-0.0,RSI_LT_38,SPY
1998-01-06,47.87798408488064,0,0.0,RSI_LT_38,SPY
1998-01-07,46.31147540983606,0,-0.0,RSI_LT_38,SPY
1998-01-08,44.96021220159152,0,-0.0,RSI_LT_38,SPY
1998-01-09,37.41721854304636,1,1.8280297901150933,RSI_LT_38,SPY
1998-01-12,47.351694915254235,0,0.0,RSI_LT_38,SPY
1998-01-13,49.74721941354904,0,0.0,RSI_LT_38,SPY
1998-01-14,57.268722466960355,0,-0.0,RSI_LT_38,SPY
1998-01-15,55.26036131774708,0,0.0,RSI_LT_38,SPY
1998-01-16,58.06772908366534,0,0.0,RSI_LT_38,SPY
1998-01-20,57.30223123732251,0,-0.0,RSI_LT_38,SPY
1998-01-21,49.36842105263158,0,-0.0,RSI_LT_38,SPY
1998-01-22,46.85314685314685,0,-0.0,RSI_LT_38,SPY
1998-01-23,44.68302658486708,0,-0.0,RSI_LT_38,SPY
1998-01-26,43.69834710743802,0,0.0,RSI_LT_38,SPY
1998-01-27,52.15053763440861,0,0.0,RSI_LT_38,SPY
1998-01-28,54.123711340206185,0,0.0,RSI_LT_38,SPY
1998-01-29,58.8421052631579,0,0.0,RSI_LT_38,SPY
1998-01-30,75.87601078167116,0,0.0,RSI_LT_38,SPY
1998-02-02,75.74525745257452,0,0.0,RSI_LT_38,SPY
1998-02-03,74.5014245014245,0,-0.0,RSI_LT_38,SPY
1998-02-04,72.58064516129032,0,-0.0,RSI_LT_38,SPY
1998-02-05,77.95275590551181,0,0.0,RSI_LT_38,SPY
1998-02-06,77.41935483870968,0,-0.0,RSI_LT_38,SPY
1998-02-09,70.11070110701107,0,0.0,RSI_LT_38,SPY
1998-02-10,81.25,0,-0.0,RSI_LT_38,SPY
1998-02-11,89.2929292929293,0,0.0,RSI_LT_38,SPY
1998-02-12,91.43968871595331,0,-0.0,RSI_LT_38,SPY
1998-02-13,85.76642335766424,0,0.0,RSI_LT_38,SPY
1998-02-17,84.94208494208495,0,0.0,RSI_LT_38,SPY
1998-02-18,85.05747126436782,0,-0.0,RSI_LT_38,SPY
1998-02-19,78.39388145315488,0,0.0,RSI_LT_38,SPY
1998-02-20,80.1056338028169,0,0.0,RSI_LT_38,SPY
1998-02-23,76.93877551020408,0,-0.0,RSI_LT_38,SPY
1998-02-24,66.59919028340082,0,0.0,RSI_LT_38,SPY
1998-02-25,72.35915492957747,0,0.0,RSI_LT_38,SPY
1998-02-26,74.58471760797342,0,0.0,RSI_LT_38,SPY
1998-02-27,71.13207547169812,0,-0.0,RSI_LT_38,SPY
1998-03-02,72.22222222222221,0,0.0,RSI_LT_38,SPY
1998-03-03,70.88353413654619,0,-0.0,RSI_LT_38,SPY
1998-03-04,65.85820895522389,0,-0.0,RSI_LT_38,SPY
1998-03-05,57.01754385964913,0,0.0,RSI_LT_38,SPY
1998-03-06,68.91891891891892,0,-0.0,RSI_LT_38,SPY
1998-03-09,64.8936170212766,0,0.0,RSI_LT_38,SPY
1998-03-10,65.10574018126889,0,0.0,RSI_LT_38,SPY
1998-03-11,70.25796661608497,0,0.0,RSI_LT_38,SPY
1998-03-12,69.27899686520377,0,-0.0,RSI_LT_38,SPY
1998-03-13,65.20376175548589,0,0.0,RSI_LT_38,SPY
1998-03-16,74.24242424242425,0,0.0,RSI_LT_38,SPY
1998-03-17,71.57190635451505,0,0.0,RSI_LT_38,SPY
1998-03-18,70.98976109215018,0,0.0,RSI_LT_38,SPY
1998-03-19,71.8543046357616,0,0.0,RSI_LT_38,SPY
1998-03-20,75.23809523809524,0,-0.0,RSI_LT_38,SPY
1998-03-23,71.71052631578947,0,0.0,RSI_LT_38,SPY
1998-03-24,79.48717948717949,0,-0.0,RSI_LT_38,SPY
1998-03-25,84.35374149659864,0,-0.0,RSI_LT_38,SPY
1998-03-26,79.03930131004367,0,-0.0,RSI_LT_38,SPY
1998-03-27,78.01724137931035,0,-0.0,RSI_LT_38,SPY
1998-03-30,73.76237623762376,0,0.0,RSI_LT_38,SPY
1998-03-31,73.23232323232324,0,0.0,RSI_LT_38,SPY
1998-04-01,75.05882352941177,0,0.0,RSI_LT_38,SPY
1998-04-02,83.19327731092437,0,0.0,RSI_LT_38,SPY
1998-04-03,81.7351598173516,0,-0.0,RSI_LT_38,SPY
1998-04-06,71.00840336134453,0,-0.0,RSI_LT_38,SPY
1998-04-07,62.65060240963855,0,-0.0,RSI_LT_38,SPY
1998-04-08,56.53846153846154,0,0.0,RSI_LT_38,SPY
1998-04-09,57.83582089552239,0,-0.0,RSI_LT_38,SPY
1998-04-13,57.407407407407405,0,0.0,RSI_LT_38,SPY
1998-04-14,57.407407407407405,0,0.0,RSI_LT_38,SPY
1998-04-15,61.79775280898876,0,-0.0,RSI_LT_38,SPY
1998-04-16,53.745928338762226,0,0.0,RSI_LT_38,SPY
1998-04-17,62.53687315634218,0,-0.0,RSI_LT_38,SPY
1998-04-20,62.72189349112426,0,0.0,RSI_LT_38,SPY
1998-04-21,63.26530612244898,0,0.0,RSI_LT_38,SPY
1998-04-22,61.17103235747303,0,-0.0,RSI_LT_38,SPY
1998-04-23,49.844236760124616,0,-0.0,RSI_LT_38,SPY
1998-04-24,41.64222873900293,0,-0.0,RSI_LT_38,SPY
1998-04-27,37.46701846965699,1,-0.1437194596148328,RSI_LT_38,SPY
1998-04-28,39.44444444444444,0,0.0,RSI_LT_38,SPY
1998-04-29,45.604395604395606,0,0.0,RSI_LT_38,SPY
1998-04-30,50.623441396508724,0,0.0,RSI_LT_38,SPY
1998-05-01,56.38051044083527,0,-0.0,RSI_LT_38,SPY
1998-05-04,51.95121951219513,0,-0.0,RSI_LT_38,SPY
1998-05-05,47.76470588235294,0,-0.0,RSI_LT_38,SPY
1998-05-06,47.76470588235294,0,-0.0,RSI_LT_38,SPY
1998-05-07,38.423645320197046,0,0.0,RSI_LT_38,SPY
1998-05-08,46.103896103896105,0,-0.0,RSI_LT_38,SPY
1998-05-11,42.888402625820575,0,0.0,RSI_LT_38,SPY
1998-05-12,46.185567010309285,0,0.0,RSI_LT_38,SPY
1998-05-13,50.76252723311547,0,-0.0,RSI_LT_38,SPY
1998-05-14,53.075170842824605,0,-0.0,RSI_LT_38,SPY
1998-05-15,59.43877551020408,0,-0.0,RSI_LT_38,SPY
1998-05-18,58.104738154613464,0,0.0,RSI_LT_38,SPY
1998-05-19,58.104738154613464,0,0.0,RSI_LT_38,SPY
1998-05-20,54.5945945945946,0,-0.0,RSI_LT_38,SPY
1998-05-21,45.89235127478753,0,-0.0,RSI_LT_38,SPY
1998-05-22,45.25139664804469,0,-0.0,RSI_LT_38,SPY
1998-05-26,41.53846153846154,0,0.0,RSI_LT_38,SPY
1998-05-27,47.30878186968839,0,0.0,RSI_LT_38,SPY
1998-05-28,53.665689149560116,0,-0.0,RSI_LT_38,SPY
1998-05-29,39.49843260188088,0,0.0,RSI_LT_38,SPY
1998-06-01,43.962848297213625,0,0.0,RSI_LT_38,SPY
1998-06-02,37.15277777777778,1,-1.5963511972634015,RSI_LT_38,SPY
1998-06-03,29.25373134328359,1,1.8539976825028948,RSI_LT_38,SPY
1998-06-04,42.519685039370074,0,0.0,RSI_LT_38,SPY
1998-06-05,53.61305361305361,0,-0.0,RSI_LT_38,SPY
1998-06-08,54.8926014319809,0,0.0,RSI_LT_38,SPY
1998-06-09,53.44827586206896,0,-0.0,RSI_LT_38,SPY
1998-06-10,46.32911392405063,0,-0.0,RSI_LT_38,SPY
1998-06-11,41.68564920273349,0,0.0,RSI_LT_38,SPY
1998-06-12,47.16157205240175,0,-0.0,RSI_LT_38,SPY
1998-06-15,43.7246963562753,0,0.0,RSI_LT_38,SPY
1998-06-16,48.708487084870846,0,0.0,RSI_LT_38,SPY
1998-06-17,53.58931552587646,0,-0.0,RSI_LT_38,SPY
1998-06-18,55.3448275862069,0,-0.0,RSI_LT_38,SPY
1998-06-19,51.433389544688026,0,0.0,RSI_LT_38,SPY
1998-06-22,52.55354200988468,0,0.0,RSI_LT_38,SPY
1998-06-23,60.87689713322091,0,0.0,RSI_LT_38,SPY
1998-06-24,59.79202772963605,0,-0.0,RSI_LT_38,SPY
1998-06-25,53.78640776699029,0,0.0,RSI_LT_38,SPY
1998-06-26,55.51330798479088,0,0.0,RSI_LT_38,SPY
1998-06-29,55.68181818181818,0,-0.0,RSI_LT_38,SPY
1998-06-30,55.471698113207545,0,0.0,RSI_LT_38,SPY
1998-07-01,66.53465346534654,0,0.0,RSI_LT_38,SPY
1998-07-02,64.71816283924844,0,0.0,RSI_LT_38,SPY
1998-07-06,82.03309692671394,0,-0.0,RSI_LT_38,SPY
1998-07-07,77.9840848806366,0,0.0,RSI_LT_38,SPY
1998-07-08,74.92447129909365,0,-0.0,RSI_LT_38,SPY
1998-07-09,72.94117647058823,0,0.0,RSI_LT_38,SPY
1998-07-10,80.96676737160121,0,0.0,RSI_LT_38,SPY
1998-07-13,80.0,0,0.0,RSI_LT_38,SPY
1998-07-14,80.0,0,-0.0,RSI_LT_38,SPY
1998-07-15,74.45255474452554,0,0.0,RSI_LT_38,SPY
1998-07-16,78.2312925170068,0,0.0,RSI_LT_38,SPY
1998-07-17,77.46478873239437,0,0.0,RSI_LT_38,SPY
1998-07-20,76.38376383763838,0,-0.0,RSI_LT_38,SPY
1998-07-21,66.34615384615384,0,0.0,RSI_LT_38,SPY
1998-07-22,61.111111111111114,0,-0.0,RSI_LT_38,SPY
1998-07-23,46.88427299703264,0,-0.0,RSI_LT_38,SPY
1998-07-24,39.933993399339926,0,0.0,RSI_LT_38,SPY
1998-07-27,45.65217391304348,0,-0.0,RSI_LT_38,SPY
1998-07-28,33.61344537815127,1,-0.3872752420470249,RSI_LT_38,SPY
1998-07-29,34.682080924855484,1,1.4995834490419302,RSI_LT_38,SPY
1998-07-30,40.526315789473685,0,-0.0,RSI_LT_38,SPY
1998-07-31,33.47921225382933,1,-0.4193458205199896,RSI_LT_38,SPY
1998-08-03,25.813953488372107,1,-3.874227961819199,RSI_LT_38,SPY
1998-08-04,19.786096256684488,1,1.3726635514018648,RSI_LT_38,SPY
1998-08-05,22.680412371134025,1,0.4321521175453702,RSI_LT_38,SPY
1998-08-06,23.986486486486484,1,0.1721170395869276,RSI_LT_38,SPY
1998-08-07,24.749163879598655,1,-0.572737686139746,RSI_LT_38,SPY
1998-08-10,26.811594202898547,1,-1.497695852534564,RSI_LT_38,SPY
1998-08-11,24.503311258278146,1,1.6959064327485285,RSI_LT_38,SPY
1998-08-12,35.03401360544217,1,-1.2075905692926936,RSI_LT_38,SPY
1998-08-13,32.8548644338118,1,-1.1641443538998875,RSI_LT_38,SPY
1998-08-14,28.0811232449298,1,2.1201413427561766,RSI_LT_38,SPY
1998-08-17,38.70967741935484,0,0.0,RSI_LT_38,SPY
1998-08-18,45.07845934379458,0,-0.0,RSI_LT_38,SPY
1998-08-19,39.93902439024391,0,-0.0,RSI_LT_38,SPY
1998-08-20,43.73956594323873,0,-0.0,RSI_LT_38,SPY
1998-08-21,42.81045751633987,0,0.0,RSI_LT_38,SPY
1998-08-24,57.25806451612903,0,0.0,RSI_LT_38,SPY
1998-08-25,53.61050328227571,0,-0.0,RSI_LT_38,SPY
1998-08-26,49.78354978354978,0,-0.0,RSI_LT_38,SPY
1998-08-27,36.12903225806452,1,-0.3614457831325302,RSI_LT_38,SPY
1998-08-28,36.60130718954248,1,-7.13422007255139,RSI_LT_38,SPY
1998-08-31,28.140703517587937,1,4.231770833333326,RSI_LT_38,SPY
1998-09-01,34.10138248847926,1,-0.7183010618363572,RSI_LT_38,SPY
1998-09-02,34.86454652532392,1,-0.7864108210128951,RSI_LT_38,SPY
1998-09-03,35.491606714628304,1,-0.8243500317057673,RSI_LT_38,SPY
1998-09-04,28.426395939086305,1,5.3708439897698135,RSI_LT_38,SPY
1998-09-08,36.771300448430495,1,-2.4271844660194164,RSI_LT_38,SPY
1998-09-09,34.060228452751815,1,-1.9900497512437831,RSI_LT_38,SPY
1998-09-10,32.604373757455264,1,3.2360406091370475,RSI_LT_38,SPY
1998-09-11,39.81481481481481,0,0.0,RSI_LT_38,SPY
1998-09-14,41.651705565529625,0,0.0,RSI_LT_38,SPY
1998-09-15,42.273534635879216,0,0.0,RSI_LT_38,SPY
1998-09-16,44.54225352112676,0,-0.0,RSI_LT_38,SPY
1998-09-17,47.37827715355805,0,0.0,RSI_LT_38,SPY
1998-09-18,48.064211520302166,0,-0.0,RSI_LT_38,SPY
1998-09-21,61.696969696969695,0,0.0,RSI_LT_38,SPY
1998-09-22,56.232686980609415,0,0.0,RSI_LT_38,SPY
1998-09-23,64.74127557160048,0,-0.0,RSI_LT_38,SPY
1998-09-24,60.44943820224719,0,-0.0,RSI_LT_38,SPY
1998-09-25,61.9815668202765,0,0.0,RSI_LT_38,SPY
1998-09-28,54.794520547945204,0,-0.0,RSI_LT_38,SPY
1998-09-29,60.79027355623101,0,-0.0,RSI_LT_38,SPY
1998-09-30,57.4712643678161,0,-0.0,RSI_LT_38,SPY
1998-10-01,43.31395348837209,0,0.0,RSI_LT_38,SPY
1998-10-02,43.72294372294372,0,-0.0,RSI_LT_38,SPY
1998-10-05,38.34688346883469,0,-0.0,RSI_LT_38,SPY
1998-10-06,35.58368495077356,1,-1.48969889064976,RSI_LT_38,SPY
1998-10-07,38.21752265861027,0,-0.0,RSI_LT_38,SPY
1998-10-08,36.98224852071006,1,2.005823358136527,RSI_LT_38,SPY
1998-10-09,42.391304347826086,0,0.0,RSI_LT_38,SPY
1998-10-12,43.841059602649004,0,-0.0,RSI_LT_38,SPY
1998-10-13,31.38801261829653,1,0.9410288582183179,RSI_LT_38,SPY
1998-10-14,39.48275862068965,0,0.0,RSI_LT_38,SPY
1998-10-15,53.671562082777044,0,0.0,RSI_LT_38,SPY
1998-10-16,51.80555555555556,0,0.0,RSI_LT_38,SPY
1998-10-19,53.17679558011049,0,0.0,RSI_LT_38,SPY
1998-10-20,63.084112149532714,0,-0.0,RSI_LT_38,SPY
1998-10-21,72.32142857142857,0,0.0,RSI_LT_38,SPY
1998-10-22,71.81818181818181,0,-0.0,RSI_LT_38,SPY
1998-10-23,74.66918714555766,0,0.0,RSI_LT_38,SPY
1998-10-26,76.22504537205081,0,-0.0,RSI_LT_38,SPY
1998-10-27,80.1526717557252,0,-0.0,RSI_LT_38,SPY
1998-10-28,81.87134502923976,0,0.0,RSI_LT_38,SPY
1998-10-29,82.58426966292134,0,0.0,RSI_LT_38,SPY
1998-10-30,81.65680473372781,0,0.0,RSI_LT_38,SPY
1998-11-02,85.25179856115108,0,-0.0,RSI_LT_38,SPY
1998-11-03,80.43478260869566,0,0.0,RSI_LT_38,SPY
1998-11-04,74.10071942446044,0,0.0,RSI_LT_38,SPY
1998-11-05,76.7741935483871,0,0.0,RSI_LT_38,SPY
1998-11-06,76.72413793103448,0,-0.0,RSI_LT_38,SPY
1998-11-09,71.48936170212767,0,-0.0,RSI_LT_38,SPY
1998-11-10,71.7948717948718,0,-0.0,RSI_LT_38,SPY
1998-11-11,64.62585034013605,0,-0.0,RSI_LT_38,SPY
1998-11-12,71.07231920199501,0,0.0,RSI_LT_38,SPY
1998-11-13,71.77615571776155,0,0.0,RSI_LT_38,SPY
1998-11-16,77.03349282296651,0,0.0,RSI_LT_38,SPY
1998-11-17,78.15533980582524,0,0.0,RSI_LT_38,SPY
1998-11-18,74.35897435897436,0,0.0,RSI_LT_38,SPY
1998-11-19,75.27472527472527,0,0.0,RSI_LT_38,SPY
1998-11-20,72.89156626506023,0,0.0,RSI_LT_38,SPY
1998-11-23,83.75634517766497,0,-0.0,RSI_LT_38,SPY
1998-11-24,76.84210526315789,0,0.0,RSI_LT_38,SPY
1998-11-25,73.41389728096676,0,0.0,RSI_LT_38,SPY
1998-11-27,74.71264367816093,0,-0.0,RSI_LT_38,SPY
1998-11-30,60.46511627906977,0,0.0,RSI_LT_38,SPY
1998-12-01,65.81196581196582,0,-0.0,RSI_LT_38,SPY
1998-12-02,67.6923076923077,0,-0.0,RSI_LT_38,SPY
1998-12-03,60.03898635477583,0,0.0,RSI_LT_38,SPY
1998-12-04,64.34782608695652,0,0.0,RSI_LT_38,SPY
1998-12-07,63.78091872791519,0,-0.0,RSI_LT_38,SPY
1998-12-08,61.92109777015437,0,0.0,RSI_LT_38,SPY
1998-12-09,60.91549295774648,0,-0.0,RSI_LT_38,SPY
1998-12-10,53.08537616229924,0,0.0,RSI_LT_38,SPY
1998-12-11,51.40105078809108,0,-0.0,RSI_LT_38,SPY
1998-12-14,34.771573604060904,1,2.5824175824175732,RSI_LT_38,SPY
1998-12-15,45.31013615733737,0,-0.0,RSI_LT_38,SPY
1998-12-16,44.969969969969966,0,0.0,RSI_LT_38,SPY
1998-12-17,47.45519713261649,0,0.0,RSI_LT_38,SPY
1998-12-18,56.40809443507588,0,0.0,RSI_LT_38,SPY
1998-12-21,56.77257525083611,0,0.0,RSI_LT_38,SPY
1998-12-22,59.02317880794702,0,0.0,RSI_LT_38,SPY
1998-12-23,70.2247191011236,0,-0.0,RSI_LT_38,SPY
1998-12-24,62.70718232044199,0,-0.0,RSI_LT_38,SPY
1998-12-28,60.2803738317757,0,0.0,RSI_LT_38,SPY
1998-12-29,66.29310344827587,0,-0.0,RSI_LT_38,SPY
1998-12-30,62.396694214876035,0,0.0,RSI_LT_38,SPY
1998-12-31,68.69881710646042,0,-0.0,RSI_LT_38,SPY
1999-01-04,67.15063520871144,0,0.0,RSI_LT_38,SPY
1999-01-05,85.04098360655738,0,0.0,RSI_LT_38,SPY
1999-01-06,85.10204081632654,0,-0.0,RSI_LT_38,SPY
1999-01-07,82.57425742574257,0,0.0,RSI_LT_38,SPY
1999-01-08,81.4931650893796,0,-0.0,RSI_LT_38,SPY
1999-01-11,75.14677103718199,0,-0.0,RSI_LT_38,SPY
1999-01-12,62.335216572504706,0,-0.0,RSI_LT_38,SPY
1999-01-13,57.93357933579336,0,-0.0,RSI_LT_38,SPY
1999-01-14,43.9622641509434,0,0.0,RSI_LT_38,SPY
1999-01-15,54.39739413680782,0,0.0,RSI_LT_38,SPY
1999-01-19,57.142857142857146,0,0.0,RSI_LT_38,SPY
1999-01-20,55.0,0,-0.0,RSI_LT_38,SPY
1999-01-21,48.88888888888889,0,-0.0,RSI_LT_38,SPY
1999-01-22,48.245614035087726,0,0.0,RSI_LT_38,SPY
1999-01-25,51.74825174825175,0,0.0,RSI_LT_38,SPY
1999-01-26,53.50404312668464,0,-0.0,RSI_LT_38,SPY
1999-01-27,43.43434343434343,0,0.0,RSI_LT_38,SPY
1999-01-28,49.72972972972973,0,0.0,RSI_LT_38,SPY
1999-01-29,49.797570850202426,0,-0.0,RSI_LT_38,SPY
1999-02-01,50.82644628099173,0,-0.0,RSI_LT_38,SPY
1999-02-02,54.424778761061944,0,0.0,RSI_LT_38,SPY
1999-02-03,59.3342981186686,0,-0.0,RSI_LT_38,SPY
1999-02-04,60.02928257686676,0,-0.0,RSI_LT_38,SPY
1999-02-05,49.203821656050955,0,0.0,RSI_LT_38,SPY
1999-02-08,47.704918032786885,0,-0.0,RSI_LT_38,SPY
1999-02-09,38.830584707646175,0,0.0,RSI_LT_38,SPY
1999-02-10,48.547008547008545,0,0.0,RSI_LT_38,SPY
1999-02-11,56.15615615615616,0,-0.0,RSI_LT_38,SPY
1999-02-12,49.554896142433236,0,-0.0,RSI_LT_38,SPY
1999-02-16,41.85303514376997,0,-0.0,RSI_LT_38,SPY
1999-02-17,44.93996569468268,0,0.0,RSI_LT_38,SPY
1999-02-18,41.31627056672761,0,0.0,RSI_LT_38,SPY
1999-02-19,39.77485928705441,0,0.0,RSI_LT_38,SPY
1999-02-22,51.707317073170735,0,-0.0,RSI_LT_38,SPY
1999-02-23,53.71621621621622,0,-0.0,RSI_LT_38,SPY
1999-02-24,44.46227929373997,0,-0.0,RSI_LT_38,SPY
1999-02-25,46.166666666666664,0,-0.0,RSI_LT_38,SPY
1999-02-26,48.59649122807018,0,0.0,RSI_LT_38,SPY
1999-03-01,48.86561954624782,0,-0.0,RSI_LT_38,SPY
1999-03-02,53.94990366088632,0,0.0,RSI_LT_38,SPY
1999-03-03,53.59223300970874,0,0.0,RSI_LT_38,SPY
1999-03-04,49.68421052631579,0,0.0,RSI_LT_38,SPY
1999-03-05,62.364532019704434,0,0.0,RSI_LT_38,SPY
1999-03-08,67.25490196078431,0,-0.0,RSI_LT_38,SPY
1999-03-09,66.47286821705427,0,0.0,RSI_LT_38,SPY
1999-03-10,66.79462571976967,0,0.0,RSI_LT_38,SPY
1999-03-11,68.54545454545455,0,-0.0,RSI_LT_38,SPY
1999-03-12,55.99173553719008,0,0.0,RSI_LT_38,SPY
1999-03-15,60.99815157116451,0,-0.0,RSI_LT_38,SPY
1999-03-16,68.04123711340206,0,-0.0,RSI_LT_38,SPY
1999-03-17,70.96774193548387,0,0.0,RSI_LT_38,SPY
1999-03-18,76.93798449612403,0,-0.0,RSI_LT_38,SPY
1999-03-19,65.7580919931857,0,0.0,RSI_LT_38,SPY
1999-03-22,70.35714285714286,0,-0.0,RSI_LT_38,SPY
1999-03-23,56.60091047040971,0,0.0,RSI_LT_38,SPY
1999-03-24,54.74683544303798,0,0.0,RSI_LT_38,SPY
1999-03-25,54.925137903861305,0,-0.0,RSI_LT_38,SPY
1999-03-26,50.47021943573668,0,0.0,RSI_LT_38,SPY
1999-03-29,56.962025316455694,0,-0.0,RSI_LT_38,SPY
1999-03-30,52.94117647058823,0,-0.0,RSI_LT_38,SPY
1999-03-31,44.986072423398326,0,0.0,RSI_LT_38,SPY
1999-04-01,49.92947813822285,0,0.0,RSI_LT_38,SPY
1999-04-05,52.54010695187166,0,-0.0,RSI_LT_38,SPY
1999-04-06,52.96495956873316,0,0.0,RSI_LT_38,SPY
1999-04-07,56.33245382585753,0,0.0,RSI_LT_38,SPY
1999-04-08,55.57046979865772,0,0.0,RSI_LT_38,SPY
1999-04-09,62.50000000000001,0,0.0,RSI_LT_38,SPY
1999-04-12,64.52991452991452,0,-0.0,RSI_LT_38,SPY
1999-04-13,74.26229508196721,0,-0.0,RSI_LT_38,SPY
1999-04-14,65.15151515151516,0,-0.0,RSI_LT_38,SPY
1999-04-15,58.516020236087684,0,-0.0,RSI_LT_38,SPY
1999-04-16,57.92988313856427,0,-0.0,RSI_LT_38,SPY
1999-04-19,45.438898450946645,0,0.0,RSI_LT_38,SPY
1999-04-20,51.71849427168576,0,0.0,RSI_LT_38,SPY
1999-04-21,65.66265060240964,0,0.0,RSI_LT_38,SPY
1999-04-22,66.17210682492582,0,-0.0,RSI_LT_38,SPY
1999-04-23,59.28449744463372,0,0.0,RSI_LT_38,SPY
1999-04-26,61.96013289036544,0,0.0,RSI_LT_38,SPY
1999-04-27,61.12054329371817,0,-0.0,RSI_LT_38,SPY
1999-04-28,51.42857142857142,0,-0.0,RSI_LT_38,SPY
1999-04-29,48.644338118022326,0,-0.0,RSI_LT_38,SPY
1999-04-30,42.04545454545455,0,0.0,RSI_LT_38,SPY
1999-05-03,50.60060060060059,0,-0.0,RSI_LT_38,SPY
1999-05-04,51.45038167938932,0,0.0,RSI_LT_38,SPY
1999-05-05,55.126300148588406,0,-0.0,RSI_LT_38,SPY
1999-05-06,55.91559909570459,0,0.0,RSI_LT_38,SPY
1999-05-07,63.94611727416799,0,-0.0,RSI_LT_38,SPY
1999-05-10,58.53455453788509,0,0.0,RSI_LT_38,SPY
1999-05-11,52.48091603053435,0,0.0,RSI_LT_38,SPY
1999-05-12,51.83752417794971,0,0.0,RSI_LT_38,SPY
1999-05-13,54.66666666666667,0,-0.0,RSI_LT_38,SPY
1999-05-14,42.671009771986974,0,0.0,RSI_LT_38,SPY
1999-05-17,41.914191419141915,0,-0.0,RSI_LT_38,SPY
1999-05-18,45.848375451263536,0,0.0,RSI_LT_38,SPY
1999-05-19,51.63043478260869,0,-0.0,RSI_LT_38,SPY
1999-05-20,52.486187845303874,0,-0.0,RSI_LT_38,SPY
1999-05-21,42.331288343558285,0,-0.0,RSI_LT_38,SPY
1999-05-24,41.566265060240966,0,-0.0,RSI_LT_38,SPY
1999-05-25,32.5187969924812,1,1.1143410852713087,RSI_LT_38,SPY
1999-05-26,39.70988213961922,0,-0.0,RSI_LT_38,SPY
1999-05-27,32.21070811744387,1,1.276130286825472,RSI_LT_38,SPY
1999-05-28,39.18032786885246,0,-0.0,RSI_LT_38,SPY
1999-06-01,33.648881239242684,1,0.09633911368014392,RSI_LT_38,SPY
1999-06-02,30.03629764065336,1,0.553416746871993,RSI_LT_38,SPY
1999-06-03,30.540540540540533,1,2.01005025125629,RSI_LT_38,SPY
1999-06-04,48.28571428571429,0,0.0,RSI_LT_38,SPY
1999-06-07,48.087954110898664,0,-0.0,RSI_LT_38,SPY
1999-06-08,45.152603231597844,0,-0.0,RSI_LT_38,SPY
1999-06-09,41.60377358490566,0,-0.0,RSI_LT_38,SPY
1999-06-10,40.607734806629836,0,-0.0,RSI_LT_38,SPY
1999-06-11,39.8014440433213,0,0.0,RSI_LT_38,SPY
1999-06-14,46.09856262833675,0,0.0,RSI_LT_38,SPY
1999-06-15,56.48769574944071,0,0.0,RSI_LT_38,SPY
1999-06-16,59.563409563409564,0,0.0,RSI_LT_38,SPY
1999-06-17,70.82429501084599,0,-0.0,RSI_LT_38,SPY
1999-06-18,65.78631452581033,0,0.0,RSI_LT_38,SPY
1999-06-21,68.93203883495146,0,-0.0,RSI_LT_38,SPY
1999-06-22,63.926940639269404,0,-0.0,RSI_LT_38,SPY
1999-06-23,58.944954128440365,0,-0.0,RSI_LT_38,SPY
1999-06-24,45.052083333333336,0,-0.0,RSI_LT_38,SPY
1999-06-25,42.24250325945241,0,0.0,RSI_LT_38,SPY
1999-06-28,54.32569974554707,0,0.0,RSI_LT_38,SPY
1999-06-29,59.09090909090909,0,0.0,RSI_LT_38,SPY
1999-06-30,70.83333333333333,0,0.0,RSI_LT_38,SPY
1999-07-01,78.21888412017168,0,0.0,RSI_LT_38,SPY
1999-07-02,79.9407114624506,0,-0.0,RSI_LT_38,SPY
1999-07-06,78.60125260960334,0,0.0,RSI_LT_38,SPY
1999-07-07,74.69135802469135,0,0.0,RSI_LT_38,SPY
1999-07-08,72.18453188602442,0,0.0,RSI_LT_38,SPY
1999-07-09,75.5813953488372,0,-0.0,RSI_LT_38,SPY
1999-07-12,71.15869017632241,0,-0.0,RSI_LT_38,SPY
1999-07-13,73.7597911227154,0,0.0,RSI_LT_38,SPY
1999-07-14,79.45736434108527,0,0.0,RSI_LT_38,SPY
1999-07-15,87.61408083441982,0,0.0,RSI_LT_38,SPY
1999-07-16,90.69182389937107,0,-0.0,RSI_LT_38,SPY
1999-07-19,82.18085106382979,0,-0.0,RSI_LT_38,SPY
1999-07-20,62.777129521586936,0,-0.0,RSI_LT_38,SPY
1999-07-21,53.72714486638537,0,-0.0,RSI_LT_38,SPY
1999-07-22,41.52431011826544,0,-0.0,RSI_LT_38,SPY
1999-07-23,33.04347826086956,1,-0.7366482504604033,RSI_LT_38,SPY
1999-07-26,30.31914893617021,1,0.8348794063079756,RSI_LT_38,SPY
1999-07-27,35.467980295566505,1,0.3219871205151881,RSI_LT_38,SPY
1999-07-28,37.09483793517406,1,-1.3984410820724436,RSI_LT_38,SPY
1999-07-29,28.38137472283813,1,-1.2322715647523852,RSI_LT_38,SPY
1999-07-30,26.446280991735534,1,0.23540489642184248,RSI_LT_38,SPY
1999-08-02,28.870292887029294,1,-0.4697040864255486,RSI_LT_38,SPY
1999-08-03,23.890063424947144,1,-1.3685700802265166,RSI_LT_38,SPY
1999-08-04,16.81592039800995,1,0.9090909090909038,RSI_LT_38,SPY
1999-08-05,18.992248062015506,1,-1.0905642484589806,RSI_LT_38,SPY
1999-08-06,18.421052631578945,1,-0.2157238734419975,RSI_LT_38,SPY
1999-08-09,21.850613154960982,1,-1.104972375690605,RSI_LT_38,SPY
1999-08-10,20.02042900919305,1,1.2144765606023844,RSI_LT_38,SPY
1999-08-11,30.73727933541018,1,-0.05999520038396655,RSI_LT_38,SPY
1999-08-12,31.12513144058886,1,2.3172049465722155,RSI_LT_38,SPY
1999-08-13,45.277777777777786,0,0.0,RSI_LT_38,SPY
1999-08-16,43.49904397705544,0,0.0,RSI_LT_38,SPY
1999-08-17,44.97206703910614,0,-0.0,RSI_LT_38,SPY
1999-08-18,47.633136094674555,0,-0.0,RSI_LT_38,SPY
1999-08-19,49.38650306748466,0,0.0,RSI_LT_38,SPY
1999-08-20,52.58620689655173,0,0.0,RSI_LT_38,SPY
1999-08-23,61.044520547945204,0,0.0,RSI_LT_38,SPY
1999-08-24,68.72693726937268,0,0.0,RSI_LT_38,SPY
1999-08-25,69.1256830601093,0,-0.0,RSI_LT_38,SPY
1999-08-26,68.25539568345323,0,-0.0,RSI_LT_38,SPY
1999-08-27,63.25000000000001,0,-0.0,RSI_LT_38,SPY
1999-08-30,59.85804416403786,0,-0.0,RSI_LT_38,SPY
1999-08-31,54.91666666666666,0,0.0,RSI_LT_38,SPY
1999-09-01,58.73749037721324,0,-0.0,RSI_LT_38,SPY
1999-09-02,47.224523612261805,0,0.0,RSI_LT_38,SPY
1999-09-03,55.014124293785315,0,-0.0,RSI_LT_38,SPY
1999-09-07,51.93965517241379,0,-0.0,RSI_LT_38,SPY
1999-09-08,52.696793002915456,0,-0.0,RSI_LT_38,SPY
1999-09-09,55.35987748851455,0,0.0,RSI_LT_38,SPY
1999-09-10,54.87616099071207,0,-0.0,RSI_LT_38,SPY
1999-09-13,45.91406908171862,0,-0.0,RSI_LT_38,SPY
1999-09-14,42.32673267326732,0,-0.0,RSI_LT_38,SPY
1999-09-15,33.62480127186009,1,0.3908100426338157,RSI_LT_38,SPY
1999-09-16,38.48101265822785,0,0.0,RSI_LT_38,SPY
1999-09-17,46.385542168674704,0,-0.0,RSI_LT_38,SPY
1999-09-20,53.15581854043392,0,-0.0,RSI_LT_38,SPY
1999-09-21,46.385542168674704,0,-0.0,RSI_LT_38,SPY
1999-09-22,40.76850984067479,0,-0.0,RSI_LT_38,SPY
1999-09-23,38.12445223488168,0,-0.0,RSI_LT_38,SPY
1999-09-24,20.84257206208426,1,0.6604696673189858,RSI_LT_38,SPY
1999-09-27,26.19047619047619,1,-0.1944106925880873,RSI_LT_38,SPY
1999-09-28,26.94877505567929,1,-1.1930849768687635,RSI_LT_38,SPY
1999-09-29,24.395161290322577,1,1.5278462296697937,RSI_LT_38,SPY
1999-09-30,28.160919540229884,1,-0.21844660194174637,RSI_LT_38,SPY
1999-10-01,29.31206380857428,1,1.7757236682072408,RSI_LT_38,SPY
1999-10-04,40.2930402930403,0,-0.0,RSI_LT_38,SPY
1999-10-05,45.64315352697095,0,0.0,RSI_LT_38,SPY
1999-10-06,50.51935788479698,0,-0.0,RSI_LT_38,SPY
1999-10-07,44.140625,0,0.0,RSI_LT_38,SPY
1999-10-08,50.87719298245614,0,-0.0,RSI_LT_38,SPY
1999-10-11,59.54825462012321,0,-0.0,RSI_LT_38,SPY
1999-10-12,52.87146763901549,0,-0.0,RSI_LT_38,SPY
1999-10-13,50.87719298245614,0,-0.0,RSI_LT_38,SPY
1999-10-14,51.14638447971781,0,-0.0,RSI_LT_38,SPY
1999-10-15,40.775193798449614,0,0.0,RSI_LT_38,SPY
1999-10-18,43.84384384384384,0,0.0,RSI_LT_38,SPY
1999-10-19,50.45731707317073,0,0.0,RSI_LT_38,SPY
1999-10-20,48.738170347003155,0,0.0,RSI_LT_38,SPY
1999-10-21,51.30970724191063,0,0.0,RSI_LT_38,SPY
1999-10-22,48.281505728314244,0,-0.0,RSI_LT_38,SPY
1999-10-25,46.97452229299363,0,-0.0,RSI_LT_38,SPY
1999-10-26,37.5,1,1.8092909535452284,RSI_LT_38,SPY
1999-10-27,45.7957957957958,0,0.0,RSI_LT_38,SPY
1999-10-28,51.47849462365591,0,0.0,RSI_LT_38,SPY
1999-10-29,56.56441717791411,0,-0.0,RSI_LT_38,SPY
1999-11-01,57.987421383647806,0,-0.0,RSI_LT_38,SPY
1999-11-02,64.29567642956764,0,0.0,RSI_LT_38,SPY
1999-11-03,65.7718120805369,0,0.0,RSI_LT_38,SPY
1999-11-04,77.71173848439821,0,0.0,RSI_LT_38,SPY
1999-11-05,78.16593886462883,0,0.0,RSI_LT_38,SPY
1999-11-08,76.99386503067484,0,-0.0,RSI_LT_38,SPY
1999-11-09,70.69625095638868,0,0.0,RSI_LT_38,SPY
1999-11-10,71.07250755287009,0,0.0,RSI_LT_38,SPY
1999-11-11,70.62883435582822,0,0.0,RSI_LT_38,SPY
1999-11-12,74.59016393442623,0,0.0,RSI_LT_38,SPY
1999-11-15,81.17553613979348,0,0.0,RSI_LT_38,SPY
1999-11-16,80.01686340640809,0,0.0,RSI_LT_38,SPY
1999-11-17,74.4060475161987,0,0.0,RSI_LT_38,SPY
1999-11-18,71.58273381294964,0,-0.0,RSI_LT_38,SPY
1999-11-19,79.6,0,-0.0,RSI_LT_38,SPY
1999-11-22,86.52173913043478,0,-0.0,RSI_LT_38,SPY
1999-11-23,75.70224719101124,0,0.0,RSI_LT_38,SPY
1999-11-24,75.07204610951008,0,-0.0,RSI_LT_38,SPY
1999-11-26,67.75700934579439,0,-0.0,RSI_LT_38,SPY
1999-11-29,64.1141141141141,0,-0.0,RSI_LT_38,SPY
1999-11-30,61.97387518142234,0,0.0,RSI_LT_38,SPY
1999-12-01,62.35632183908046,0,0.0,RSI_LT_38,SPY
1999-12-02,62.57142857142857,0,0.0,RSI_LT_38,SPY
1999-12-03,66.66666666666666,0,-0.0,RSI_LT_38,SPY
1999-12-06,60.38415366146459,0,-0.0,RSI_LT_38,SPY
1999-12-07,51.44230769230769,0,-0.0,RSI_LT_38,SPY
1999-12-08,46.65127020785219,0,0.0,RSI_LT_38,SPY
1999-12-09,45.39007092198581,0,0.0,RSI_LT_38,SPY
1999-12-10,47.69585253456221,0,0.0,RSI_LT_38,SPY
1999-12-13,48.75283446712018,0,-0.0,RSI_LT_38,SPY
1999-12-14,48.31460674157304,0,0.0,RSI_LT_38,SPY
1999-12-15,48.31460674157304,0,0.0,RSI_LT_38,SPY
1999-12-16,52.455357142857146,0,0.0,RSI_LT_38,SPY
1999-12-17,56.22222222222222,0,-0.0,RSI_LT_38,SPY
1999-12-20,58.83720930232558,0,0.0,RSI_LT_38,SPY
1999-12-21,61.77105831533477,0,0.0,RSI_LT_38,SPY
1999-12-22,60.49107142857142,0,0.0,RSI_LT_38,SPY
1999-12-23,59.63511972633979,0,-0.0,RSI_LT_38,SPY
1999-12-27,63.625304136253035,0,-0.0,RSI_LT_38,SPY
1999-12-28,69.36339522546419,0,0.0,RSI_LT_38,SPY
1999-12-29,76.4945652173913,0,-0.0,RSI_LT_38,SPY
1999-12-30,73.82645803698435,0,0.0,RSI_LT_38,SPY
1999-12-31,73.25581395348837,0,-0.0,RSI_LT_38,SPY
2000-01-03,63.874345549738216,0,-0.0,RSI_LT_38,SPY
2000-01-04,46.92307692307692,0,0.0,RSI_LT_38,SPY
2000-01-05,45.238095238095234,0,-0.0,RSI_LT_38,SPY
2000-01-06,37.41007194244605,1,5.807622504537213,RSI_LT_38,SPY
2000-01-07,56.1712846347607,0,0.0,RSI_LT_38,SPY
2000-01-10,59.45945945945946,0,-0.0,RSI_LT_38,SPY
2000-01-11,51.43979057591623,0,-0.0,RSI_LT_38,SPY
2000-01-12,47.74436090225564,0,0.0,RSI_LT_38,SPY
2000-01-13,46.98029243483789,0,0.0,RSI_LT_38,SPY
2000-01-14,51.30486358244365,0,-0.0,RSI_LT_38,SPY
2000-01-18,49.31584948688711,0,0.0,RSI_LT_38,SPY
2000-01-19,50.33519553072626,0,-0.0,RSI_LT_38,SPY
2000-01-20,46.8538741549662,0,-0.0,RSI_LT_38,SPY
2000-01-21,45.954356846473026,0,-0.0,RSI_LT_38,SPY
2000-01-24,42.23069590085796,0,0.0,RSI_LT_38,SPY
2000-01-25,53.81263616557734,0,-0.0,RSI_LT_38,SPY
2000-01-26,51.37420718816068,0,-0.0,RSI_LT_38,SPY
2000-01-27,54.48430493273542,0,-0.0,RSI_LT_38,SPY
2000-01-28,29.63917525773195,1,2.71389144434222,RSI_LT_38,SPY
2000-01-31,37.81321184510251,1,0.9852216748768461,RSI_LT_38,SPY
2000-02-01,43.41801385681293,0,0.0,RSI_LT_38,SPY
2000-02-02,46.11650485436893,0,0.0,RSI_LT_38,SPY
2000-02-03,46.506024096385545,0,-0.0,RSI_LT_38,SPY
2000-02-04,41.094147582697204,0,-0.0,RSI_LT_38,SPY
2000-02-07,42.724867724867735,0,0.0,RSI_LT_38,SPY
2000-02-08,44.48717948717948,0,-0.0,RSI_LT_38,SPY
2000-02-09,43.105590062111794,0,0.0,RSI_LT_38,SPY
2000-02-10,44.278606965174134,0,-0.0,RSI_LT_38,SPY
2000-02-11,46.53594771241829,0,0.0,RSI_LT_38,SPY
2000-02-14,44.72972972972973,0,0.0,RSI_LT_38,SPY
2000-02-15,50.56328694499669,0,-0.0,RSI_LT_38,SPY
2000-02-16,47.5093399750934,0,-0.0,RSI_LT_38,SPY
2000-02-17,55.61224489795918,0,-0.0,RSI_LT_38,SPY
2000-02-18,39.743589743589745,0,-0.0,RSI_LT_38,SPY
2000-02-22,34.841269841269835,1,1.1808288955776902,RSI_LT_38,SPY
2000-02-23,39.36484490398818,0,-0.0,RSI_LT_38,SPY
2000-02-24,28.479196556671454,1,-0.3619803829985946,RSI_LT_38,SPY
2000-02-25,28.622927180966116,1,2.0977381928981575,RSI_LT_38,SPY
2000-02-28,37.11340206185568,1,0.9641873278236845,RSI_LT_38,SPY
2000-02-29,35.449735449735456,1,0.7276034561164213,RSI_LT_38,SPY
2000-03-01,43.415340086830675,0,0.0,RSI_LT_38,SPY
2000-03-02,42.91970802919708,0,0.0,RSI_LT_38,SPY
2000-03-03,55.76923076923077,0,-0.0,RSI_LT_38,SPY
2000-03-06,50.576368876080686,0,-0.0,RSI_LT_38,SPY
2000-03-07,41.16438356164384,0,-0.0,RSI_LT_38,SPY
2000-03-08,44.91778774289985,0,0.0,RSI_LT_38,SPY
2000-03-09,55.361757105943155,0,-0.0,RSI_LT_38,SPY
2000-03-10,60.953058321479375,0,-0.0,RSI_LT_38,SPY
2000-03-13,57.827260458839405,0,-0.0,RSI_LT_38,SPY
2000-03-14,50.132802124833994,0,0.0,RSI_LT_38,SPY
2000-03-15,62.51629726205997,0,0.0,RSI_LT_38,SPY
2000-03-16,71.68141592920354,0,0.0,RSI_LT_38,SPY
2000-03-17,69.43820224719101,0,-0.0,RSI_LT_38,SPY
2000-03-20,66.05504587155963,0,0.0,RSI_LT_38,SPY
2000-03-21,68.37606837606837,0,0.0,RSI_LT_38,SPY
2000-03-22,69.23076923076923,0,0.0,RSI_LT_38,SPY
2000-03-23,69.1987513007284,0,0.0,RSI_LT_38,SPY
2000-03-24,73.3615221987315,0,-0.0,RSI_LT_38,SPY
2000-03-27,76.13823368074603,0,-0.0,RSI_LT_38,SPY
2000-03-28,74.30406852248393,0,0.0,RSI_LT_38,SPY
2000-03-29,70.40690505548706,0,-0.0,RSI_LT_38,SPY
2000-03-30,65.78341013824884,0,0.0,RSI_LT_38,SPY
2000-03-31,71.5922107674685,0,0.0,RSI_LT_38,SPY
2000-04-03,77.9236276849642,0,-0.0,RSI_LT_38,SPY
2000-04-04,71.37305699481865,0,-0.0,RSI_LT_38,SPY
2000-04-05,57.67284991568297,0,0.0,RSI_LT_38,SPY
2000-04-06,59.22014622258327,0,0.0,RSI_LT_38,SPY
2000-04-07,63.5048231511254,0,-0.0,RSI_LT_38,SPY
2000-04-10,54.862385321100916,0,-0.0,RSI_LT_38,SPY
2000-04-11,50.94339622641509,0,-0.0,RSI_LT_38,SPY
2000-04-12,32.41379310344827,1,-1.3885921811578772,RSI_LT_38,SPY
2000-04-13,25.811688311688314,1,-5.719237435008662,RSI_LT_38,SPY
2000-04-14,19.20289855072464,1,3.492647058823528,RSI_LT_38,SPY
2000-04-17,32.668067226890756,1,2.6420959147424483,RSI_LT_38,SPY
2000-04-18,39.868667917448406,0,-0.0,RSI_LT_38,SPY
2000-04-19,41.34241245136187,0,0.0,RSI_LT_38,SPY
2000-04-20,39.45783132530121,0,-0.0,RSI_LT_38,SPY
2000-04-24,35.85461689587426,1,4.152021089630931,RSI_LT_38,SPY
2000-04-25,47.30999146029035,0,-0.0,RSI_LT_38,SPY
2000-04-26,46.379238174968606,0,-0.0,RSI_LT_38,SPY
2000-04-27,43.85964912280702,0,-0.0,RSI_LT_38,SPY
2000-04-28,41.302485004284485,0,0.0,RSI_LT_38,SPY
2000-05-01,45.00412881915773,0,-0.0,RSI_LT_38,SPY
2000-05-02,42.21533694810225,0,-0.0,RSI_LT_38,SPY
2000-05-03,43.014996053670096,0,0.0,RSI_LT_38,SPY
2000-05-04,46.84466019417476,0,0.0,RSI_LT_38,SPY
2000-05-05,61.7332035053554,0,-0.0,RSI_LT_38,SPY
2000-05-08,52.99615173172073,0,-0.0,RSI_LT_38,SPY
2000-05-09,43.893591293833126,0,-0.0,RSI_LT_38,SPY
2000-05-10,40.9706546275395,0,0.0,RSI_LT_38,SPY
2000-05-11,45.803108808290155,0,0.0,RSI_LT_38,SPY
2000-05-12,50.933609958506224,0,0.0,RSI_LT_38,SPY
2000-05-15,44.613583138173304,0,0.0,RSI_LT_38,SPY
2000-05-16,50.384387936132455,0,-0.0,RSI_LT_38,SPY
2000-05-17,48.46416382252559,0,-0.0,RSI_LT_38,SPY
2000-05-18,46.968026460859974,0,-0.0,RSI_LT_38,SPY
2000-05-19,39.62882096069869,0,-0.0,RSI_LT_38,SPY
2000-05-22,42.40654205607476,0,-0.0,RSI_LT_38,SPY
2000-05-23,44.59459459459459,0,0.0,RSI_LT_38,SPY
2000-05-24,47.06572769953052,0,-0.0,RSI_LT_38,SPY
2000-05-25,39.588100686498855,0,0.0,RSI_LT_38,SPY
2000-05-26,41.56305506216697,0,0.0,RSI_LT_38,SPY
2000-05-30,51.995798319327726,0,0.0,RSI_LT_38,SPY
2000-05-31,58.72093023255814,0,0.0,RSI_LT_38,SPY
2000-06-01,57.68772348033373,0,0.0,RSI_LT_38,SPY
2000-06-02,59.2422502870264,0,-0.0,RSI_LT_38,SPY
2000-06-05,53.619631901840485,0,-0.0,RSI_LT_38,SPY
2000-06-06,49.557522123893804,0,0.0,RSI_LT_38,SPY
2000-06-07,54.80955455132343,0,-0.0,RSI_LT_38,SPY
2000-06-08,57.67663043478261,0,-0.0,RSI_LT_38,SPY
2000-06-09,62.982195845697326,0,-0.0,RSI_LT_38,SPY
2000-06-12,61.07913669064748,0,0.0,RSI_LT_38,SPY
2000-06-13,71.43854748603351,0,0.0,RSI_LT_38,SPY
2000-06-14,68.63496932515338,0,0.0,RSI_LT_38,SPY
2000-06-15,78.2051282051282,0,-0.0,RSI_LT_38,SPY
2000-06-16,71.82539682539682,0,0.0,RSI_LT_38,SPY
2000-06-19,67.49084249084248,0,-0.0,RSI_LT_38,SPY
2000-06-20,64.82820976491863,0,-0.0,RSI_LT_38,SPY
2000-06-21,58.63157894736842,0,-0.0,RSI_LT_38,SPY
2000-06-22,42.381974248927044,0,-0.0,RSI_LT_38,SPY
2000-06-23,40.89026915113872,0,0.0,RSI_LT_38,SPY
2000-06-26,49.28092042186002,0,-0.0,RSI_LT_38,SPY
2000-06-27,42.88443170964661,0,0.0,RSI_LT_38,SPY
2000-06-28,45.84942084942085,0,-0.0,RSI_LT_38,SPY
2000-06-29,43.025362318840585,0,0.0,RSI_LT_38,SPY
2000-06-30,51.221804511278194,0,0.0,RSI_LT_38,SPY
2000-07-03,49.01768172888016,0,-0.0,RSI_LT_38,SPY
2000-07-05,41.21160409556314,0,0.0,RSI_LT_38,SPY
2000-07-06,43.709150326797385,0,0.0,RSI_LT_38,SPY
2000-07-07,53.76766091051806,0,-0.0,RSI_LT_38,SPY
2000-07-10,48.29059829059828,0,0.0,RSI_LT_38,SPY
2000-07-11,50.60553633217993,0,0.0,RSI_LT_38,SPY
2000-07-12,53.29489291598023,0,0.0,RSI_LT_38,SPY
2000-07-13,61.96043165467626,0,0.0,RSI_LT_38,SPY
2000-07-14,69.53818827708703,0,-0.0,RSI_LT_38,SPY
2000-07-17,64.90713587487781,0,-0.0,RSI_LT_38,SPY
2000-07-18,64.27879961277831,0,-0.0,RSI_LT_38,SPY
2000-07-19,58.85608856088561,0,0.0,RSI_LT_38,SPY
2000-07-20,68.26241134751773,0,-0.0,RSI_LT_38,SPY
2000-07-21,56.17977528089887,0,-0.0,RSI_LT_38,SPY
2000-07-24,48.80546075085324,0,0.0,RSI_LT_38,SPY
2000-07-25,58.33333333333333,0,-0.0,RSI_LT_38,SPY
2000-07-26,50.38022813688213,0,-0.0,RSI_LT_38,SPY
2000-07-27,40.685224839400426,0,-0.0,RSI_LT_38,SPY
2000-07-28,33.68794326241134,1,0.6377831537277334,RSI_LT_38,SPY
2000-07-31,35.84905660377359,1,0.6118881118881037,RSI_LT_38,SPY
2000-08-01,35.51724137931035,1,0.4995655951346656,RSI_LT_38,SPY
2000-08-02,35.738831615120276,1,0.6915928247244407,RSI_LT_38,SPY
2000-08-03,34.03880070546738,1,0.536595836016307,RSI_LT_38,SPY
2000-08-04,37.32876712328767,1,1.1955593509820561,RSI_LT_38,SPY
2000-08-07,45.62864279766861,0,0.0,RSI_LT_38,SPY
2000-08-08,50.3448275862069,0,-0.0,RSI_LT_38,SPY
2000-08-09,40.7942238267148,0,-0.0,RSI_LT_38,SPY
2000-08-10,46.79089026915114,0,0.0,RSI_LT_38,SPY
2000-08-11,51.88284518828452,0,0.0,RSI_LT_38,SPY
2000-08-14,56.022944550669216,0,-0.0,RSI_LT_38,SPY
2000-08-15,60.91476091476092,0,-0.0,RSI_LT_38,SPY
2000-08-16,60.788381742738586,0,0.0,RSI_LT_38,SPY
2000-08-17,80.32786885245902,0,-0.0,RSI_LT_38,SPY
2000-08-18,75.84541062801932,0,0.0,RSI_LT_38,SPY
2000-08-21,75.72815533980582,0,-0.0,RSI_LT_38,SPY
2000-08-22,72.79596977329975,0,0.0,RSI_LT_38,SPY
2000-08-23,71.875,0,0.0,RSI_LT_38,SPY
2000-08-24,71.12299465240642,0,-0.0,RSI_LT_38,SPY
2000-08-25,65.625,0,0.0,RSI_LT_38,SPY
2000-08-28,65.46310832025118,0,0.0,RSI_LT_38,SPY
2000-08-29,74.95527728085868,0,-0.0,RSI_LT_38,SPY
2000-08-30,69.14191419141915,0,0.0,RSI_LT_38,SPY
2000-08-31,72.89855072463769,0,0.0,RSI_LT_38,SPY
2000-09-01,67.75862068965517,0,-0.0,RSI_LT_38,SPY
2000-09-05,60.46153846153846,0,-0.0,RSI_LT_38,SPY
2000-09-06,54.132231404958674,0,0.0,RSI_LT_38,SPY
2000-09-07,52.96610169491525,0,-0.0,RSI_LT_38,SPY
2000-09-08,50.53908355795148,0,-0.0,RSI_LT_38,SPY
2000-09-11,45.88068181818182,0,-0.0,RSI_LT_38,SPY
2000-09-12,42.61213720316623,0,0.0,RSI_LT_38,SPY
2000-09-13,41.61073825503355,0,0.0,RSI_LT_38,SPY
2000-09-14,42.98820445609436,0,-0.0,RSI_LT_38,SPY
2000-09-15,33.064516129032256,1,-0.9203767123287632,RSI_LT_38,SPY
2000-09-18,28.229665071770327,1,0.9073233959818516,RSI_LT_38,SPY
2000-09-19,33.45164152617569,1,-0.7385998715478514,RSI_LT_38,SPY
2000-09-20,34.179510426110596,1,-1.5205435134260759,RSI_LT_38,SPY
2000-09-21,22.311827956989248,1,1.8177836180464313,RSI_LT_38,SPY
2000-09-22,31.839622641509422,1,-0.7098300709830085,RSI_LT_38,SPY
2000-09-25,32.14285714285714,1,-1.2781629116117799,RSI_LT_38,SPY
2000-09-26,31.940063091482656,1,0.5266622778143493,RSI_LT_38,SPY
2000-09-27,30.064829821717993,1,1.2879283999126745,RSI_LT_38,SPY
2000-09-28,38.0248833592535,0,-0.0,RSI_LT_38,SPY
2000-09-29,35.955882352941174,1,0.1523063533507507,RSI_LT_38,SPY
2000-10-02,38.57361963190184,0,-0.0,RSI_LT_38,SPY
2000-10-03,35.01831501831502,1,0.8333333333333304,RSI_LT_38,SPY
2000-10-04,36.32447954055995,1,0.3479773814702103,RSI_LT_38,SPY
2000-10-05,45.13422818791946,0,-0.0,RSI_LT_38,SPY
2000-10-06,41.194486983154675,0,-0.0,RSI_LT_38,SPY
2000-10-09,35.1937984496124,1,-1.651785714285714,RSI_LT_38,SPY
2000-10-10,33.162892622352075,1,-0.8397639582387706,RSI_LT_38,SPY
2000-10-11,34.86943164362519,1,-2.494850080109867,RSI_LT_38,SPY
2000-10-12,21.270310192023643,1,3.3333333333333437,RSI_LT_38,SPY
2000-10-13,36.386768447837156,1,0.45433893684689863,RSI_LT_38,SPY
2000-10-16,40.963855421686745,0,-0.0,RSI_LT_38,SPY
2000-10-17,33.85354141656663,1,-0.37105751391465214,RSI_LT_38,SPY
2000-10-18,28.22784810126582,1,3.77094972067038,RSI_LT_38,SPY
2000-10-19,42.40088105726873,0,0.0,RSI_LT_38,SPY
2000-10-20,43.15217391304348,0,0.0,RSI_LT_38,SPY
2000-10-23,46.48829431438127,0,-0.0,RSI_LT_38,SPY
2000-10-24,42.63217097862767,0,-0.0,RSI_LT_38,SPY
2000-10-25,37.11656441717792,1,0.27510316368637433,RSI_LT_38,SPY
2000-10-26,42.134831460674164,0,0.0,RSI_LT_38,SPY
2000-10-27,48.77529286474974,0,0.0,RSI_LT_38,SPY
2000-10-30,55.027624309392266,0,0.0,RSI_LT_38,SPY
2000-10-31,60.86726599682708,0,-0.0,RSI_LT_38,SPY
2000-11-01,67.54694835680752,0,0.0,RSI_LT_38,SPY
2000-11-02,61.46341463414634,0,0.0,RSI_LT_38,SPY
2000-11-03,60.5,0,0.0,RSI_LT_38,SPY
2000-11-06,73.2315112540193,0,-0.0,RSI_LT_38,SPY
2000-11-07,75.04118616144974,0,-0.0,RSI_LT_38,SPY
2000-11-08,53.656307129798904,0,-0.0,RSI_LT_38,SPY
2000-11-09,50.36697247706422,0,-0.0,RSI_LT_38,SPY
2000-11-10,40.141955835962136,0,-0.0,RSI_LT_38,SPY
2000-11-13,39.89028213166144,0,0.0,RSI_LT_38,SPY
2000-11-14,56.95517774343122,0,0.0,RSI_LT_38,SPY
2000-11-15,57.08782742681048,0,-0.0,RSI_LT_38,SPY
2000-11-16,45.20440251572327,0,-0.0,RSI_LT_38,SPY
2000-11-17,39.951573849878926,0,-0.0,RSI_LT_38,SPY
2000-11-20,28.122415219189406,1,0.5104408352668122,RSI_LT_38,SPY
2000-11-21,31.42389525368249,1,-2.3891966759002736,RSI_LT_38,SPY
2000-11-22,26.096181046676108,1,2.0456426628828295,RSI_LT_38,SPY
2000-11-24,33.944374209860925,1,0.880648899188885,RSI_LT_38,SPY
2000-11-27,34.44165621079047,1,-1.7229496898690577,RSI_LT_38,SPY
2000-11-28,31.515499425947183,1,-0.18700327255727345,RSI_LT_38,SPY
2000-11-29,35.32818532818533,1,-0.8665105386416849,RSI_LT_38,SPY
2000-11-30,34.44165621079047,1,-0.04724781478856466,RSI_LT_38,SPY
2000-12-01,39.78260869565218,0,0.0,RSI_LT_38,SPY
2000-12-04,44.86994219653179,0,0.0,RSI_LT_38,SPY
2000-12-05,46.86629526462396,0,-0.0,RSI_LT_38,SPY
2000-12-06,41.63976759199484,0,-0.0,RSI_LT_38,SPY
2000-12-07,42.21204188481675,0,0.0,RSI_LT_38,SPY
2000-12-08,44.30379746835443,0,0.0,RSI_LT_38,SPY
2000-12-11,57.52688172043011,0,-0.0,RSI_LT_38,SPY
2000-12-12,55.09592326139089,0,-0.0,RSI_LT_38,SPY
2000-12-13,58.09102402022756,0,-0.0,RSI_LT_38,SPY
2000-12-14,49.078947368421055,0,-0.0,RSI_LT_38,SPY
2000-12-15,40.26442307692307,0,0.0,RSI_LT_38,SPY
2000-12-18,48.09348093480935,0,-0.0,RSI_LT_38,SPY
2000-12-19,43.85866517106001,0,-0.0,RSI_LT_38,SPY
2000-12-20,40.1025641025641,0,0.0,RSI_LT_38,SPY
2000-12-21,41.85814185814186,0,0.0,RSI_LT_38,SPY
2000-12-22,46.45814167433303,0,0.0,RSI_LT_38,SPY
2000-12-26,41.33064516129033,0,0.0,RSI_LT_38,SPY
2000-12-27,46.2992125984252,0,0.0,RSI_LT_38,SPY
2000-12-28,50.110375275938196,0,-0.0,RSI_LT_38,SPY
2000-12-29,45.445240532241556,0,-0.0,RSI_LT_38,SPY
2001-01-02,32.63274336283186,1,4.8034934497816595,RSI_LT_38,SPY
2001-01-03,45.52169898430286,0,-0.0,RSI_LT_38,SPY
2001-01-04,46.1178671655753,0,-0.0,RSI_LT_38,SPY
2001-01-05,42.75802254986991,0,0.0,RSI_LT_38,SPY
2001-01-08,48.83720930232558,0,-0.0,RSI_LT_38,SPY
2001-01-09,45.53398058252427,0,0.0,RSI_LT_38,SPY
2001-01-10,53.32021642892277,0,0.0,RSI_LT_38,SPY
2001-01-11,60.66666666666667,0,-0.0,RSI_LT_38,SPY
2001-01-12,58.86363636363637,0,0.0,RSI_LT_38,SPY
2001-01-16,53.88535031847134,0,0.0,RSI_LT_38,SPY
2001-01-17,52.337063857801176,0,0.0,RSI_LT_38,SPY
2001-01-18,53.04798962386511,0,-0.0,RSI_LT_38,SPY
2001-01-19,50.60702875399361,0,0.0,RSI_LT_38,SPY
2001-01-22,58.15068493150685,0,0.0,RSI_LT_38,SPY
2001-01-23,66.64244186046511,0,0.0,RSI_LT_38,SPY
2001-01-24,54.37375745526839,0,-0.0,RSI_LT_38,SPY
2001-01-25,58.50267379679144,0,-0.0,RSI_LT_38,SPY
2001-01-26,82.13213213213213,0,0.0,RSI_LT_38,SPY
2001-01-29,81.64714245694783,0,0.0,RSI_LT_38,SPY
2001-01-30,86.20591964470466,0,-0.0,RSI_LT_38,SPY
2001-01-31,75.80051826389638,0,0.0,RSI_LT_38,SPY
2001-02-01,77.6499845499275,0,-0.0,RSI_LT_38,SPY
2001-02-02,60.64540382118604,0,0.0,RSI_LT_38,SPY
2001-02-05,61.0782098608891,0,-0.0,RSI_LT_38,SPY
2001-02-06,57.39937813395885,0,-0.0,RSI_LT_38,SPY
2001-02-07,49.63383689944353,0,-0.0,RSI_LT_38,SPY
2001-02-08,46.62391923542376,0,-0.0,RSI_LT_38,SPY
2001-02-09,38.77135928297628,0,0.0,RSI_LT_38,SPY
2001-02-12,40.714482036232674,0,-0.0,RSI_LT_38,SPY
2001-02-13,36.08383929391537,1,-0.15121499814658712,RSI_LT_38,SPY
2001-02-14,36.43812374417421,1,0.9692554921704843,RSI_LT_38,SPY
2001-02-15,41.96001835121673,0,-0.0,RSI_LT_38,SPY
2001-02-16,32.75856801455612,1,-1.5414069025429078,RSI_LT_38,SPY
2001-02-20,24.960046125611072,1,-2.157486296623301,RSI_LT_38,SPY
2001-02-21,22.56974313730025,1,0.1512456677739582,RSI_LT_38,SPY
2001-02-22,19.790613630537692,1,-0.6756207699036176,RSI_LT_38,SPY
2001-02-23,22.3284340123555,1,2.128684124198199,RSI_LT_38,SPY
2001-02-26,28.99745856886713,1,-0.9246201847518676,RSI_LT_38,SPY
2001-02-27,27.879406604645965,1,-1.9693178148410428,RSI_LT_38,SPY
2001-02-28,25.613088176597117,1,0.5244062459721865,RSI_LT_38,SPY
2001-03-01,29.81044763544969,1,-0.7945408313750124,RSI_LT_38,SPY
2001-03-02,30.225875400075523,1,0.9141632941011002,RSI_LT_38,SPY
2001-03-05,28.928027138685806,1,1.0742376064080128,RSI_LT_38,SPY
2001-03-06,35.05803949578096,1,0.7138336871892692,RSI_LT_38,SPY
2001-03-07,38.11975010696498,0,0.0,RSI_LT_38,SPY
2001-03-08,34.63440156176436,1,-2.9578367330011512,RSI_LT_38,SPY
2001-03-09,33.28586395476559,1,-4.280154631300981,RSI_LT_38,SPY
2001-03-12,28.81217266199684,1,1.6429495104407277,RSI_LT_38,SPY
2001-03-13,38.08509339677526,0,-0.0,RSI_LT_38,SPY
2001-03-14,34.11215744598297,1,0.025498324613515422,RSI_LT_38,SPY
2001-03-15,35.35800764167013,1,-2.2688631560344064,RSI_LT_38,SPY
2001-03-16,24.648164282033036,1,2.0346024645046645,RSI_LT_38,SPY
2001-03-19,32.53936408403416,1,-2.684279136632084,RSI_LT_38,SPY
2001-03-20,31.734723337840265,1,-1.6987695830595895,RSI_LT_38,SPY
2001-03-21,27.948525818892563,1,-1.0154991697443716,RSI_LT_38,SPY
2001-03-22,27.79949189772971,1,3.023758573885482,RSI_LT_38,SPY
2001-03-23,33.10276769236336,1,1.2753310985854638,RSI_LT_38,SPY
2001-03-26,33.36613207471606,1,2.0441565182692134,RSI_LT_38,SPY
2001-03-27,36.43190479272029,1,-2.763922500671945,RSI_LT_38,SPY
2001-03-28,32.78219539704419,1,0.3824777798196788,RSI_LT_38,SPY
2001-03-29,37.594451676414415,1,1.0477996616718999,RSI_LT_38,SPY
2001-03-30,47.490067174007685,0,-0.0,RSI_LT_38,SPY
2001-04-02,39.695461615125446,0,-0.0,RSI_LT_38,SPY
2001-04-03,37.769532018153235,1,0.41670358457832624,RSI_LT_38,SPY
2001-04-04,38.65824451372531,0,0.0,RSI_LT_38,SPY
2001-04-05,50.0632125884078,0,-0.0,RSI_LT_38,SPY
2001-04-06,43.47826727947545,0,0.0,RSI_LT_38,SPY
2001-04-09,50.61728524266246,0,0.0,RSI_LT_38,SPY
2001-04-10,57.48891121685078,0,0.0,RSI_LT_38,SPY
2001-04-11,59.92920462009126,0,0.0,RSI_LT_38,SPY
2001-04-12,58.08958905208496,0,-0.0,RSI_LT_38,SPY
2001-04-16,53.09700805271343,0,0.0,RSI_LT_38,SPY
2001-04-17,51.82062942349099,0,0.0,RSI_LT_38,SPY
2001-04-18,66.25543794958676,0,0.0,RSI_LT_38,SPY
2001-04-19,67.67465529833129,0,-0.0,RSI_LT_38,SPY
2001-04-20,63.60152513447768,0,-0.0,RSI_LT_38,SPY
2001-04-23,64.11516848288917,0,-0.0,RSI_LT_38,SPY
2001-04-24,72.08843591098217,0,0.0,RSI_LT_38,SPY
2001-04-25,73.2804235092621,0,0.0,RSI_LT_38,SPY
2001-04-26,69.00482046671429,0,0.0,RSI_LT_38,SPY
2001-04-27,76.98961583746483,0,0.0,RSI_LT_38,SPY
2001-04-30,76.60510813674395,0,0.0,RSI_LT_38,SPY
2001-05-01,74.71483144804378,0,-0.0,RSI_LT_38,SPY
2001-05-02,73.80838880455791,0,-0.0,RSI_LT_38,SPY
2001-05-03,65.37717159121513,0,0.0,RSI_LT_38,SPY
2001-05-04,72.58811577001839,0,-0.0,RSI_LT_38,SPY
2001-05-07,66.61903744652159,0,-0.0,RSI_LT_38,SPY
2001-05-08,56.67892262849476,0,-0.0,RSI_LT_38,SPY
2001-05-09,50.0,0,0.0,RSI_LT_38,SPY
2001-05-10,55.27044951554372,0,-0.0,RSI_LT_38,SPY
2001-05-11,61.1665669320661,0,0.0,RSI_LT_38,SPY
2001-05-14,65.13472061093253,0,0.0,RSI_LT_38,SPY
2001-05-15,62.1016661792876,0,0.0,RSI_LT_38,SPY
2001-05-16,68.63863817050928,0,0.0,RSI_LT_38,SPY
2001-05-17,63.84552115671062,0,0.0,RSI_LT_38,SPY
2001-05-18,62.962981991273715,0,0.0,RSI_LT_38,SPY
2001-05-21,67.16417230616467,0,-0.0,RSI_LT_38,SPY
2001-05-22,67.46628675942824,0,-0.0,RSI_LT_38,SPY
2001-05-23,64.46994990056078,0,0.0,RSI_LT_38,SPY
2001-05-24,59.37761265094795,0,-0.0,RSI_LT_38,SPY
2001-05-25,57.35764120894741,0,-0.0,RSI_LT_38,SPY
2001-05-29,53.30883322291267,0,-0.0,RSI_LT_38,SPY
2001-05-30,48.82155262721194,0,0.0,RSI_LT_38,SPY
2001-05-31,49.76867224677112,0,0.0,RSI_LT_38,SPY
2001-06-01,55.25266800654587,0,0.0,RSI_LT_38,SPY
2001-06-04,56.29869007142407,0,0.0,RSI_LT_38,SPY
2001-06-05,58.66093743190129,0,-0.0,RSI_LT_38,SPY
2001-06-06,45.75801869148962,0,0.0,RSI_LT_38,SPY
2001-06-07,46.721340522196634,0,-0.0,RSI_LT_38,SPY
2001-06-08,41.01047490508306,0,-0.0,RSI_LT_38,SPY
2001-06-11,30.498966573823623,1,-0.1744656807020295,RSI_LT_38,SPY
2001-06-12,30.39217100521502,1,-0.8579553743442991,RSI_LT_38,SPY
2001-06-13,33.05409256143025,1,-2.2435921340455245,RSI_LT_38,SPY
2001-06-14,25.46622705662432,1,-0.12295207039254574,RSI_LT_38,SPY
2001-06-15,27.946347664420912,1,-0.4841988882059223,RSI_LT_38,SPY
2001-06-18,28.820958516410144,1,0.4370763400626032,RSI_LT_38,SPY
2001-06-19,35.948748052182864,1,0.5254941988976025,RSI_LT_38,SPY
2001-06-20,35.89745314006355,1,1.135342143415552,RSI_LT_38,SPY
2001-06-21,38.88462766912315,0,-0.0,RSI_LT_38,SPY
2001-06-22,33.30856380809328,1,-0.919818695525676,RSI_LT_38,SPY
2001-06-25,23.018275663152792,1,-0.13966329875159111,RSI_LT_38,SPY
2001-06-26,24.71356977809188,1,-0.057589216838116464,RSI_LT_38,SPY
2001-06-27,21.63988853210506,1,0.5515295937033482,RSI_LT_38,SPY
2001-06-28,28.55878517804973,1,0.36839700582962376,RSI_LT_38,SPY
2001-06-29,33.885797785646034,1,1.2479598681396586,RSI_LT_38,SPY
2001-07-02,42.81017889294007,0,-0.0,RSI_LT_38,SPY
2001-07-03,46.85249386114349,0,-0.0,RSI_LT_38,SPY
2001-07-05,48.51024109351991,0,-0.0,RSI_LT_38,SPY
2001-07-06,39.40998482775258,0,0.0,RSI_LT_38,SPY
2001-07-09,44.126475828046466,0,-0.0,RSI_LT_38,SPY
2001-07-10,37.56164283394662,1,0.10146720363599648,RSI_LT_38,SPY
2001-07-11,35.186493651458065,1,2.3737162131984624,RSI_LT_38,SPY
2001-07-12,41.28561338367023,0,0.0,RSI_LT_38,SPY
2001-07-13,47.989446568475095,0,-0.0,RSI_LT_38,SPY
2001-07-16,46.75656989190935,0,0.0,RSI_LT_38,SPY
2001-07-17,50.877174358538845,0,-0.0,RSI_LT_38,SPY
2001-07-18,48.640826394496585,0,0.0,RSI_LT_38,SPY
2001-07-19,49.77374999352708,0,-0.0,RSI_LT_38,SPY
2001-07-20,46.49219281331867,0,-0.0,RSI_LT_38,SPY
2001-07-23,36.23802128369436,1,-0.9667876637144968,RSI_LT_38,SPY
2001-07-24,34.20259101436311,1,1.103561450496815,RSI_LT_38,SPY
2001-07-25,43.14557092878542,0,0.0,RSI_LT_38,SPY
2001-07-26,53.727058726772185,0,0.0,RSI_LT_38,SPY
2001-07-27,53.21739876549544,0,0.0,RSI_LT_38,SPY
2001-07-30,58.170348035704656,0,0.0,RSI_LT_38,SPY
2001-07-31,59.14973750714522,0,0.0,RSI_LT_38,SPY
2001-08-01,53.24400435166722,0,0.0,RSI_LT_38,SPY
2001-08-02,51.35731194189338,0,-0.0,RSI_LT_38,SPY
2001-08-03,54.81599510570939,0,-0.0,RSI_LT_38,SPY
2001-08-06,44.20182531192657,0,0.0,RSI_LT_38,SPY
2001-08-07,49.07118494338178,0,-0.0,RSI_LT_38,SPY
2001-08-08,37.44679032072174,1,0.2952826100781403,RSI_LT_38,SPY
2001-08-09,41.03497460108269,0,0.0,RSI_LT_38,SPY
2001-08-10,51.44805992787806,0,0.0,RSI_LT_38,SPY
2001-08-13,57.156301477819774,0,-0.0,RSI_LT_38,SPY
2001-08-14,50.9071411821415,0,-0.0,RSI_LT_38,SPY
2001-08-15,38.46993432879627,0,0.0,RSI_LT_38,SPY
2001-08-16,38.13188794010505,0,-0.0,RSI_LT_38,SPY
2001-08-17,31.295625836640454,1,0.9250551015457686,RSI_LT_38,SPY
2001-08-20,34.7487159280457,1,-1.7058491937498421,RSI_LT_38,SPY
2001-08-21,25.410475116185708,1,1.0360878530513595,RSI_LT_38,SPY
2001-08-22,29.280930865458515,1,-0.3589114518832148,RSI_LT_38,SPY
2001-08-23,29.833818622064285,1,2.075470154900927,RSI_LT_38,SPY
2001-08-24,45.43506877612401,0,-0.0,RSI_LT_38,SPY
2001-08-27,41.37447855557286,0,-0.0,RSI_LT_38,SPY
2001-08-28,42.90910200639205,0,-0.0,RSI_LT_38,SPY
2001-08-29,38.4349176828624,0,-0.0,RSI_LT_38,SPY
2001-08-30,31.630765474759613,1,0.7324407282826684,RSI_LT_38,SPY
2001-08-31,34.838717760779815,1,-0.6395123496937494,RSI_LT_38,SPY
2001-09-04,33.50254549773291,1,0.24686896827470495,RSI_LT_38,SPY
2001-09-05,36.631330924697714,1,-2.576957241704725,RSI_LT_38,SPY
2001-09-06,29.794859274839737,1,-1.8506775160145317,RSI_LT_38,SPY
2001-09-07,29.567426784968262,1,1.2233276454391984,RSI_LT_38,SPY
2001-09-10,30.452258378151242,1,-5.224897628849412,RSI_LT_38,SPY
2001-09-17,25.63451637399666,1,-0.2396931857000406,RSI_LT_38,SPY
2001-09-18,21.41913495625286,1,-2.018266258455581,RSI_LT_38,SPY
2001-09-19,19.94255257535083,1,-3.178026445076221,RSI_LT_38,SPY
2001-09-20,9.68639223867433,1,-1.4486883987832266,RSI_LT_38,SPY
2001-09-21,9.417221522722116,1,3.5156231618633127,RSI_LT_38,SPY
2001-09-24,21.23188157413172,1,1.0427041544971427,RSI_LT_38,SPY
2001-09-25,25.027169865751986,1,-0.3538089536624711,RSI_LT_38,SPY
2001-09-26,26.834957727241076,1,0.867932990152287,RSI_LT_38,SPY
2001-09-27,26.976737446542487,1,2.121840099314176,RSI_LT_38,SPY
2001-09-28,33.516898097189056,1,-0.1627784319855996,RSI_LT_38,SPY
2001-10-01,32.62072252835712,1,1.2563587131134701,RSI_LT_38,SPY
2001-10-02,39.82753572519125,0,0.0,RSI_LT_38,SPY
2001-10-03,47.28497476072355,0,0.0,RSI_LT_38,SPY
2001-10-04,44.560236864032156,0,-0.0,RSI_LT_38,SPY
2001-10-05,57.94037169377753,0,-0.0,RSI_LT_38,SPY
2001-10-08,56.56082678309619,0,-0.0,RSI_LT_38,SPY
2001-10-09,61.542884224387414,0,0.0,RSI_LT_38,SPY
2001-10-10,79.13883722436591,0,0.0,RSI_LT_38,SPY
2001-10-11,87.99278808904413,0,-0.0,RSI_LT_38,SPY
2001-10-12,81.8378750790817,0,-0.0,RSI_LT_38,SPY
2001-10-15,79.10560315669474,0,0.0,RSI_LT_38,SPY
2001-10-16,82.33079536660932,0,-0.0,RSI_LT_38,SPY
2001-10-17,68.22493673189209,0,-0.0,RSI_LT_38,SPY
2001-10-18,61.62244159529239,0,-0.0,RSI_LT_38,SPY
2001-10-19,62.106924274667776,0,0.0,RSI_LT_38,SPY
2001-10-22,64.3754609778708,0,-0.0,RSI_LT_38,SPY
2001-10-23,56.33119004314448,0,-0.0,RSI_LT_38,SPY
2001-10-24,54.71246254618314,0,0.0,RSI_LT_38,SPY
2001-10-25,61.71107161468226,0,-0.0,RSI_LT_38,SPY
2001-10-26,63.721953944057326,0,-0.0,RSI_LT_38,SPY
2001-10-29,54.624452243805436,0,-0.0,RSI_LT_38,SPY
2001-10-30,42.819155277095916,0,-0.0,RSI_LT_38,SPY
2001-10-31,34.693873011600914,1,2.561435733746542,RSI_LT_38,SPY
2001-11-01,46.892659155401766,0,0.0,RSI_LT_38,SPY
2001-11-02,49.84819947062056,0,0.0,RSI_LT_38,SPY
2001-11-05,52.004656548515165,0,0.0,RSI_LT_38,SPY
2001-11-06,64.31585608355822,0,-0.0,RSI_LT_38,SPY
2001-11-07,64.62750889788254,0,0.0,RSI_LT_38,SPY
2001-11-08,65.63431238634288,0,0.0,RSI_LT_38,SPY
2001-11-09,60.98715846966347,0,-0.0,RSI_LT_38,SPY
2001-11-12,60.45574899493453,0,0.0,RSI_LT_38,SPY
2001-11-13,67.28862908912154,0,0.0,RSI_LT_38,SPY
2001-11-14,63.357291251912955,0,0.0,RSI_LT_38,SPY
2001-11-15,64.89849960279194,0,-0.0,RSI_LT_38,SPY
2001-11-16,76.76220643681965,0,0.0,RSI_LT_38,SPY
2001-11-19,86.87639391545838,0,-0.0,RSI_LT_38,SPY
2001-11-20,82.99120382230446,0,-0.0,RSI_LT_38,SPY
2001-11-21,73.65268444987443,0,0.0,RSI_LT_38,SPY
2001-11-23,75.53613295867099,0,0.0,RSI_LT_38,SPY
2001-11-26,73.00612758536761,0,-0.0,RSI_LT_38,SPY
2001-11-27,64.86750762190556,0,-0.0,RSI_LT_38,SPY
2001-11-28,54.49297567651883,0,0.0,RSI_LT_38,SPY
2001-11-29,58.527430828227004,0,-0.0,RSI_LT_38,SPY
2001-11-30,54.74661279079899,0,-0.0,RSI_LT_38,SPY
2001-12-03,54.78572584657623,0,0.0,RSI_LT_38,SPY
2001-12-04,52.76118574442101,0,0.0,RSI_LT_38,SPY
2001-12-05,58.89609607883839,0,-0.0,RSI_LT_38,SPY
2001-12-06,58.098335592133274,0,-0.0,RSI_LT_38,SPY
2001-12-07,57.087617083153496,0,-0.0,RSI_LT_38,SPY
2001-12-10,45.73358299409319,0,-0.0,RSI_LT_38,SPY
2001-12-11,47.90996437492242,0,0.0,RSI_LT_38,SPY
2001-12-12,50.80428207271955,0,-0.0,RSI_LT_38,SPY
2001-12-13,38.32257753306849,0,0.0,RSI_LT_38,SPY
2001-12-14,41.421563127601566,0,0.0,RSI_LT_38,SPY
2001-12-17,46.67452507167988,0,0.0,RSI_LT_38,SPY
2001-12-18,55.26317722465517,0,0.0,RSI_LT_38,SPY
2001-12-19,53.09555225826988,0,-0.0,RSI_LT_38,SPY
2001-12-20,51.97627951929789,0,0.0,RSI_LT_38,SPY
2001-12-21,55.337819899838394,0,-0.0,RSI_LT_38,SPY
2001-12-24,47.86260324441685,0,0.0,RSI_LT_38,SPY
2001-12-26,41.222017589647116,0,0.0,RSI_LT_38,SPY
2001-12-27,44.77976775735249,0,-0.0,RSI_LT_38,SPY
2001-12-28,47.57366280392022,0,-0.0,RSI_LT_38,SPY
2001-12-31,49.638361732083474,0,0.0,RSI_LT_38,SPY
2002-01-02,55.721393664299605,0,0.0,RSI_LT_38,SPY
2002-01-03,59.66768276871481,0,0.0,RSI_LT_38,SPY
2002-01-04,73.55938362147278,0,-0.0,RSI_LT_38,SPY
2002-01-07,65.83048990555639,0,-0.0,RSI_LT_38,SPY
2002-01-08,60.41274669434056,0,-0.0,RSI_LT_38,SPY
2002-01-09,52.69898241954916,0,0.0,RSI_LT_38,SPY
2002-01-10,51.36407058673229,0,-0.0,RSI_LT_38,SPY
2002-01-11,51.36407058673229,0,-0.0,RSI_LT_38,SPY
2002-01-14,46.69684826256746,0,0.0,RSI_LT_38,SPY
2002-01-15,51.78570733473206,0,-0.0,RSI_LT_38,SPY
2002-01-16,40.564631915698016,0,0.0,RSI_LT_38,SPY
2002-01-17,41.219694039430685,0,-0.0,RSI_LT_38,SPY
2002-01-18,39.87207343305952,0,-0.0,RSI_LT_38,SPY
2002-01-22,42.66159664933276,0,0.0,RSI_LT_38,SPY
2002-01-23,41.00158736697071,0,0.0,RSI_LT_38,SPY
2002-01-24,36.209845656540615,1,-0.02641202572042367,RSI_LT_38,SPY
2002-01-25,31.61698370810639,1,0.273005328280318,RSI_LT_38,SPY
2002-01-28,36.11373660425988,1,-3.1442137817178417,RSI_LT_38,SPY
2002-01-29,27.48917379560369,1,1.4417881618472128,RSI_LT_38,SPY
2002-01-30,37.241389833647624,1,1.170999844847831,RSI_LT_38,SPY
2002-01-31,40.522867994979556,0,-0.0,RSI_LT_38,SPY
2002-02-01,42.20557615971772,0,-0.0,RSI_LT_38,SPY
2002-02-04,36.97077035972808,1,-0.6190262308797156,RSI_LT_38,SPY
2002-02-05,31.900712554189724,1,-0.4305223308475048,RSI_LT_38,SPY
2002-02-06,35.94814508343677,1,-0.6255752753144606,RSI_LT_38,SPY
2002-02-07,30.503787581618482,1,1.9163115711474887,RSI_LT_38,SPY
2002-02-08,40.46133100582906,0,0.0,RSI_LT_38,SPY
2002-02-11,47.200482107677765,0,-0.0,RSI_LT_38,SPY
2002-02-12,43.354021137669704,0,0.0,RSI_LT_38,SPY
2002-02-13,46.13111640967242,0,-0.0,RSI_LT_38,SPY
2002-02-14,45.645809143136404,0,-0.0,RSI_LT_38,SPY
2002-02-15,41.73623122690911,0,-0.0,RSI_LT_38,SPY
2002-02-19,45.39952921312458,0,0.0,RSI_LT_38,SPY
2002-02-20,46.181365615925586,0,-0.0,RSI_LT_38,SPY
2002-02-21,36.24577835100982,1,1.237300369465566,RSI_LT_38,SPY
2002-02-22,41.88678469267516,0,0.0,RSI_LT_38,SPY
2002-02-25,54.55580692407053,0,-0.0,RSI_LT_38,SPY
2002-02-26,55.99066279028288,0,0.0,RSI_LT_38,SPY
2002-02-27,58.64091173805989,0,-0.0,RSI_LT_38,SPY
2002-02-28,59.26586093439166,0,0.0,RSI_LT_38,SPY
2002-03-01,60.48249729070742,0,0.0,RSI_LT_38,SPY
2002-03-04,61.925852491990604,0,-0.0,RSI_LT_38,SPY
2002-03-05,61.85739970114998,0,0.0,RSI_LT_38,SPY
2002-03-06,62.25385466485086,0,-0.0,RSI_LT_38,SPY
2002-03-07,62.11792593481024,0,0.0,RSI_LT_38,SPY
2002-03-08,67.29026814070457,0,0.0,RSI_LT_38,SPY
2002-03-11,76.90357516996725,0,-0.0,RSI_LT_38,SPY
2002-03-12,73.50003215248343,0,-0.0,RSI_LT_38,SPY
2002-03-13,80.14020510254831,0,-0.0,RSI_LT_38,SPY
2002-03-14,76.75814745674766,0,0.0,RSI_LT_38,SPY
2002-03-15,74.48212444818012,0,0.0,RSI_LT_38,SPY
2002-03-18,76.17672925552965,0,0.0,RSI_LT_38,SPY
2002-03-19,76.95164624007771,0,-0.0,RSI_LT_38,SPY
2002-03-20,66.39934217127531,0,0.0,RSI_LT_38,SPY
2002-03-21,57.804641557040625,0,-0.0,RSI_LT_38,SPY
2002-03-22,45.65484344811035,0,-0.0,RSI_LT_38,SPY
2002-03-25,40.41172264722536,0,0.0,RSI_LT_38,SPY
2002-03-26,35.44598395498298,1,0.2625387770815335,RSI_LT_38,SPY
2002-03-27,38.739787783531725,0,-0.0,RSI_LT_38,SPY
2002-03-28,34.80934970946383,1,0.043663162088325436,RSI_LT_38,SPY
2002-04-01,33.165223849867516,1,-0.54987977227553,RSI_LT_38,SPY
2002-04-02,30.977658199751616,1,-0.7021265882183991,RSI_LT_38,SPY
2002-04-03,32.23040739601457,1,-0.41541561184251785,RSI_LT_38,SPY
2002-04-04,31.050792618500935,1,0.01775474641523278,RSI_LT_38,SPY
2002-04-05,24.352366937878813,1,0.2129717442275414,RSI_LT_38,SPY
2002-04-08,26.44840604470204,1,-0.6995492016226734,RSI_LT_38,SPY
2002-04-09,16.6038402186514,1,1.132516746364609,RSI_LT_38,SPY
2002-04-10,36.94729200700466,1,-2.4865595918862726,RSI_LT_38,SPY
2002-04-11,25.971399975192824,1,0.7505216190791364,RSI_LT_38,SPY
2002-04-12,32.528983900983064,1,-0.7628778388887092,RSI_LT_38,SPY
2002-04-15,34.458107461890165,1,2.3785812251757354,RSI_LT_38,SPY
2002-04-16,45.44681867853949,0,-0.0,RSI_LT_38,SPY
2002-04-17,43.11378027115962,0,-0.0,RSI_LT_38,SPY
2002-04-18,41.54990392507728,0,0.0,RSI_LT_38,SPY
2002-04-19,43.2345808721573,0,-0.0,RSI_LT_38,SPY
2002-04-22,39.301305436635516,0,-0.0,RSI_LT_38,SPY
2002-04-23,40.23844405899532,0,-0.0,RSI_LT_38,SPY
2002-04-24,38.4068454021766,0,0.0,RSI_LT_38,SPY
2002-04-25,38.58154854083677,0,-0.0,RSI_LT_38,SPY
2002-04-26,32.622325223868245,1,-0.493527127580895,RSI_LT_38,SPY
2002-04-29,33.1632613341326,1,0.9358038501668497,RSI_LT_38,SPY
2002-04-30,31.992189395282153,1,1.2238083509685582,RSI_LT_38,SPY
2002-05-01,44.93171106548947,0,-0.0,RSI_LT_38,SPY
2002-05-02,40.14814613875688,0,-0.0,RSI_LT_38,SPY
2002-05-03,39.19015756957903,0,-0.0,RSI_LT_38,SPY
2002-05-06,20.96166037856979,1,-0.3508132571343969,RSI_LT_38,SPY
2002-05-07,20.75889841428787,1,3.7202699513569915,RSI_LT_38,SPY
2002-05-08,39.739025726817786,0,-0.0,RSI_LT_38,SPY
2002-05-09,35.51666426138971,1,-1.8839895863544065,RSI_LT_38,SPY
2002-05-10,35.21836898416282,1,2.033675275306246,RSI_LT_38,SPY
2002-05-13,43.2155809981577,0,0.0,RSI_LT_38,SPY
2002-05-14,51.94992150210515,0,-0.0,RSI_LT_38,SPY
2002-05-15,50.756858061910684,0,0.0,RSI_LT_38,SPY
2002-05-16,57.56495283224197,0,0.0,RSI_LT_38,SPY
2002-05-17,60.28513103791194,0,-0.0,RSI_LT_38,SPY
2002-05-20,54.637084834664506,0,-0.0,RSI_LT_38,SPY
2002-05-21,48.770483954243986,0,0.0,RSI_LT_38,SPY
2002-05-22,50.46535709988619,0,0.0,RSI_LT_38,SPY
2002-05-23,56.52172539492551,0,-0.0,RSI_LT_38,SPY
2002-05-24,58.646615000971096,0,-0.0,RSI_LT_38,SPY
2002-05-28,57.96177853873697,0,-0.0,RSI_LT_38,SPY
2002-05-29,44.5645304528212,0,-0.0,RSI_LT_38,SPY
2002-05-30,47.46107047037761,0,0.0,RSI_LT_38,SPY
2002-05-31,55.7870340390912,0,-0.0,RSI_LT_38,SPY
2002-06-03,37.188876055324826,1,0.24910846027974554,RSI_LT_38,SPY
2002-06-04,25.842678847321764,1,0.9366370855960149,RSI_LT_38,SPY
2002-06-05,32.75577822639279,1,-2.0357934982041526,RSI_LT_38,SPY
2002-06-06,24.81752109359816,1,-0.11598951057795182,RSI_LT_38,SPY
2002-06-07,21.53613878137716,1,0.38707329209788366,RSI_LT_38,SPY
2002-06-10,26.121804962650828,1,-1.7158268902553453,RSI_LT_38,SPY
2002-06-11,24.585230852437988,1,0.608084299871714,RSI_LT_38,SPY
2002-06-12,26.686213728212323,1,-1.004093157449193,RSI_LT_38,SPY
2002-06-13,18.3567947060707,1,-0.1477119855943787,RSI_LT_38,SPY
2002-06-14,20.24491275403531,1,2.6824469228523107,RSI_LT_38,SPY
2002-06-17,36.16135474231968,1,0.8163642448127062,RSI_LT_38,SPY
2002-06-18,41.92654002125444,0,-0.0,RSI_LT_38,SPY
2002-06-19,36.48974426817905,1,-1.2777971142104438,RSI_LT_38,SPY
2002-06-20,32.99377429520955,1,-1.906926511840934,RSI_LT_38,SPY
2002-06-21,34.805965227285256,1,0.5237754621823854,RSI_LT_38,SPY
2002-06-24,35.80250069857554,1,-2.2444944134945133,RSI_LT_38,SPY
2002-06-25,27.96936385867386,1,0.1640053978202216,RSI_LT_38,SPY
2002-06-26,32.371037394762055,1,1.7498967080552763,RSI_LT_38,SPY
2002-06-27,39.05989901202216,0,-0.0,RSI_LT_38,SPY
2002-06-28,36.67783148495769,1,-1.9502832690290628,RSI_LT_38,SPY
2002-07-01,36.3737007585103,1,-2.1230522359166337,RSI_LT_38,SPY
2002-07-02,30.517165539381793,1,0.5686015674280398,RSI_LT_38,SPY
2002-07-03,34.13866653203041,1,3.978636098178656,RSI_LT_38,SPY
2002-07-05,45.39444019468566,0,-0.0,RSI_LT_38,SPY
2002-07-08,35.73785682066216,1,-2.5186104092885797,RSI_LT_38,SPY
2002-07-09,29.478758511216,1,-3.640162953016257,RSI_LT_38,SPY
2002-07-10,28.206216197722185,1,0.81415542513954,RSI_LT_38,SPY
2002-07-11,32.103014494537945,1,-1.0983140328360563,RSI_LT_38,SPY
2002-07-12,33.40777584648258,1,0.5334761806311761,RSI_LT_38,SPY
2002-07-15,33.31841120251674,1,-1.9276574072880637,RSI_LT_38,SPY
2002-07-16,34.018260386082304,1,0.1987635932292564,RSI_LT_38,SPY
2002-07-17,34.0784526244676,1,-3.2400208080516135,RSI_LT_38,SPY
2002-07-18,24.881200534552278,1,-3.5193665830098086,RSI_LT_38,SPY
2002-07-19,22.35155980772852,1,-2.963052961112067,RSI_LT_38,SPY
2002-07-22,21.859569290851155,1,-2.7372263789945506,RSI_LT_38,SPY
2002-07-23,21.703074468543832,1,5.966234464710407,RSI_LT_38,SPY
2002-07-24,32.4666849322541,1,-0.8498597855628676,RSI_LT_38,SPY
2002-07-25,22.35464751043152,1,1.9047600882393878,RSI_LT_38,SPY
2002-07-26,27.771836249547817,1,4.871493274857941,RSI_LT_38,SPY
2002-07-29,40.20167759486607,0,0.0,RSI_LT_38,SPY
2002-07-30,47.84985446045548,0,0.0,RSI_LT_38,SPY
2002-07-31,46.8227455091917,0,-0.0,RSI_LT_38,SPY
2002-08-01,44.57021860216705,0,-0.0,RSI_LT_38,SPY
2002-08-02,40.67854685335653,0,-0.0,RSI_LT_38,SPY
2002-08-05,39.05192340102029,0,0.0,RSI_LT_38,SPY
2002-08-06,43.83358178922249,0,0.0,RSI_LT_38,SPY
2002-08-07,50.46554189616595,0,0.0,RSI_LT_38,SPY
2002-08-08,59.75608854195866,0,0.0,RSI_LT_38,SPY
2002-08-09,65.24655775314613,0,-0.0,RSI_LT_38,SPY
2002-08-12,68.89833291218095,0,-0.0,RSI_LT_38,SPY
2002-08-13,58.462758490772416,0,0.0,RSI_LT_38,SPY
2002-08-14,64.8697483074015,0,0.0,RSI_LT_38,SPY
2002-08-15,64.45826720683048,0,-0.0,RSI_LT_38,SPY
2002-08-16,57.36236083202351,0,0.0,RSI_LT_38,SPY
2002-08-19,59.12438061922313,0,-0.0,RSI_LT_38,SPY
2002-08-20,56.40109853556814,0,0.0,RSI_LT_38,SPY
2002-08-21,64.39487667863966,0,0.0,RSI_LT_38,SPY
2002-08-22,71.36068137881395,0,-0.0,RSI_LT_38,SPY
2002-08-23,74.38090625225429,0,0.0,RSI_LT_38,SPY
2002-08-26,71.6209505725848,0,-0.0,RSI_LT_38,SPY
2002-08-27,65.42770626841552,0,-0.0,RSI_LT_38,SPY
2002-08-28,53.05039970308118,0,0.0,RSI_LT_38,SPY
2002-08-29,52.29109968918975,0,-0.0,RSI_LT_38,SPY
2002-08-30,53.17981139849127,0,-0.0,RSI_LT_38,SPY
2002-09-03,48.282722640338626,0,0.0,RSI_LT_38,SPY
2002-09-04,42.59668985691734,0,-0.0,RSI_LT_38,SPY
2002-09-05,36.5756637306401,1,1.3741847685039943,RSI_LT_38,SPY
2002-09-06,41.306701336708066,0,0.0,RSI_LT_38,SPY
2002-09-09,36.05884858230333,1,1.14713572040972,RSI_LT_38,SPY
2002-09-10,42.102171978865286,0,-0.0,RSI_LT_38,SPY
2002-09-11,35.775865106400374,1,-1.8435206362444778,RSI_LT_38,SPY
2002-09-12,28.722784659495318,1,0.24594882974722232,RSI_LT_38,SPY
2002-09-13,33.70787763328612,1,0.2453454055933335,RSI_LT_38,SPY
2002-09-16,31.72226322275999,1,-2.2916871427089758,RSI_LT_38,SPY
2002-09-17,29.77636380831852,1,-1.0019410958287733,RSI_LT_38,SPY
2002-09-18,32.20456677245173,1,-2.587694167878274,RSI_LT_38,SPY
2002-09-19,27.69784501724847,1,-0.4132213538743934,RSI_LT_38,SPY
2002-09-20,27.714463944830385,1,-0.8180140183682516,RSI_LT_38,SPY
2002-09-23,33.33335168204472,1,-1.6136816213493166,RSI_LT_38,SPY
2002-09-24,24.086017976925874,1,2.4784363698652,RSI_LT_38,SPY
2002-09-25,35.45633838235831,1,1.6360461265875204,RSI_LT_38,SPY
2002-09-26,36.12737265882048,1,-3.4760331742044404,RSI_LT_38,SPY
2002-09-27,27.6679823166986,1,-1.1601197395439966,RSI_LT_38,SPY
2002-09-30,21.894529213030467,1,4.804988704223989,RSI_LT_38,SPY
2002-10-01,37.11292841713243,1,-2.9981330590596267,RSI_LT_38,SPY
2002-10-02,35.60330937002786,1,-1.010227242177164,RSI_LT_38,SPY
2002-10-03,33.64445417992202,1,-1.8345213845511577,RSI_LT_38,SPY
2002-10-04,30.89534873279618,1,-2.0668387812684763,RSI_LT_38,SPY
2002-10-07,31.41025996328112,1,1.5670485734921469,RSI_LT_38,SPY
2002-10-08,36.15322099250772,1,-2.82444219843887,RSI_LT_38,SPY
2002-10-09,36.12280811512739,1,3.2394351200086158,RSI_LT_38,SPY
2002-10-10,42.835134683974054,0,0.0,RSI_LT_38,SPY
2002-10-11,50.8680545437495,0,0.0,RSI_LT_38,SPY
2002-10-14,54.154724113705214,0,0.0,RSI_LT_38,SPY
2002-10-15,57.262096148648524,0,-0.0,RSI_LT_38,SPY
2002-10-16,51.3346345354676,0,0.0,RSI_LT_38,SPY
2002-10-17,59.368630031587145,0,0.0,RSI_LT_38,SPY
2002-10-18,61.86352238039201,0,0.0,RSI_LT_38,SPY
2002-10-21,58.40573619762754,0,-0.0,RSI_LT_38,SPY
2002-10-22,62.97351186425087,0,0.0,RSI_LT_38,SPY
2002-10-23,66.17466090014972,0,-0.0,RSI_LT_38,SPY
2002-10-24,65.29125644270239,0,0.0,RSI_LT_38,SPY
2002-10-25,72.23785327342208,0,-0.0,RSI_LT_38,SPY
2002-10-28,69.05941521152542,0,-0.0,RSI_LT_38,SPY
2002-10-29,72.75100100664332,0,0.0,RSI_LT_38,SPY
2002-10-30,70.61858213261429,0,-0.0,RSI_LT_38,SPY
2002-10-31,61.645293876710966,0,0.0,RSI_LT_38,SPY
2002-11-01,64.10000923157443,0,0.0,RSI_LT_38,SPY
2002-11-04,57.23645735873681,0,0.0,RSI_LT_38,SPY
2002-11-05,67.25259714940657,0,0.0,RSI_LT_38,SPY
2002-11-06,66.08227809679812,0,-0.0,RSI_LT_38,SPY
2002-11-07,56.33214760191327,0,-0.0,RSI_LT_38,SPY
2002-11-08,48.40687300003039,0,-0.0,RSI_LT_38,SPY
2002-11-11,46.3071668020221,0,0.0,RSI_LT_38,SPY
2002-11-12,46.37002844049852,0,0.0,RSI_LT_38,SPY
2002-11-13,52.25049693082384,0,0.0,RSI_LT_38,SPY
2002-11-14,51.74688927524804,0,0.0,RSI_LT_38,SPY
2002-11-15,55.868852524627926,0,-0.0,RSI_LT_38,SPY
2002-11-18,56.311973052563644,0,-0.0,RSI_LT_38,SPY
2002-11-19,53.23141018605852,0,0.0,RSI_LT_38,SPY
2002-11-20,62.42738779277607,0,0.0,RSI_LT_38,SPY
2002-11-21,62.35446287529492,0,-0.0,RSI_LT_38,SPY
2002-11-22,57.49836744910863,0,0.0,RSI_LT_38,SPY
2002-11-25,55.578387456252386,0,-0.0,RSI_LT_38,SPY
2002-11-26,45.59209354036425,0,0.0,RSI_LT_38,SPY
2002-11-27,61.354822291800076,0,-0.0,RSI_LT_38,SPY
2002-11-29,64.73792073325274,0,0.0,RSI_LT_38,SPY
2002-12-02,71.82154813780335,0,-0.0,RSI_LT_38,SPY
2002-12-03,63.95433688500576,0,-0.0,RSI_LT_38,SPY
2002-12-04,61.854932931539736,0,-0.0,RSI_LT_38,SPY
2002-12-05,52.55846974787291,0,0.0,RSI_LT_38,SPY
2002-12-06,52.31446575431543,0,-0.0,RSI_LT_38,SPY
2002-12-09,46.780539521734006,0,0.0,RSI_LT_38,SPY
2002-12-10,51.04293433286277,0,0.0,RSI_LT_38,SPY
2002-12-11,44.4676222973895,0,-0.0,RSI_LT_38,SPY
2002-12-12,36.887832799295644,1,-1.575410772349095,RSI_LT_38,SPY
2002-12-13,34.79879885343033,1,2.5856338512167287,RSI_LT_38,SPY
2002-12-16,44.16081032261583,0,-0.0,RSI_LT_38,SPY
2002-12-17,47.106879597309096,0,-0.0,RSI_LT_38,SPY
2002-12-18,32.97872463774837,1,-0.7126941736066095,RSI_LT_38,SPY
2002-12-19,32.14813918962221,1,0.9309041807642693,RSI_LT_38,SPY
2002-12-20,35.40196922414721,1,0.033335681752411084,RSI_LT_38,SPY
2002-12-23,38.99611283729885,0,-0.0,RSI_LT_38,SPY
2002-12-24,38.257572035703284,0,0.0,RSI_LT_38,SPY
2002-12-26,41.65301969970638,0,-0.0,RSI_LT_38,SPY
2002-12-27,32.9420305836348,1,0.8354353168682938,RSI_LT_38,SPY
2002-12-30,44.12510915256337,0,0.0,RSI_LT_38,SPY
2002-12-31,38.511665868242225,0,0.0,RSI_LT_38,SPY
2003-01-02,51.07328227117608,0,0.0,RSI_LT_38,SPY
2003-01-03,52.10450610462348,0,0.0,RSI_LT_38,SPY
2003-01-06,62.96562673348763,0,-0.0,RSI_LT_38,SPY
2003-01-07,54.545466221917955,0,-0.0,RSI_LT_38,SPY
2003-01-08,52.17391838507341,0,0.0,RSI_LT_38,SPY
2003-01-09,61.76699017543441,0,0.0,RSI_LT_38,SPY
2003-01-10,65.72578958119527,0,-0.0,RSI_LT_38,SPY
2003-01-13,63.10345394574579,0,0.0,RSI_LT_38,SPY
2003-01-14,63.94273134832002,0,-0.0,RSI_LT_38,SPY
2003-01-15,62.572142720566774,0,-0.0,RSI_LT_38,SPY
2003-01-16,60.54529024410986,0,-0.0,RSI_LT_38,SPY
2003-01-17,63.87481596182979,0,-0.0,RSI_LT_38,SPY
2003-01-21,54.55999755859376,0,-0.0,RSI_LT_38,SPY
2003-01-22,49.7770980978093,0,0.0,RSI_LT_38,SPY
2003-01-23,39.42652403258488,0,-0.0,RSI_LT_38,SPY
2003-01-24,31.18849850588694,1,-1.3660573543594179,RSI_LT_38,SPY
2003-01-27,19.640069464468112,1,0.739442377204802,RSI_LT_38,SPY
2003-01-28,23.82400084282135,1,0.7573127251684575,RSI_LT_38,SPY
2003-01-29,30.344311953336742,1,-2.3704937236146084,RSI_LT_38,SPY
2003-01-30,18.06407868500122,1,1.9305901309087714,RSI_LT_38,SPY
2003-01-31,25.86209436656624,1,0.19754334552948283,RSI_LT_38,SPY
2003-02-03,26.776007258336435,1,-0.9857428626056985,RSI_LT_38,SPY
2003-02-04,23.831496639606385,1,-0.620752865245211,RSI_LT_38,SPY
2003-02-05,24.47602805796886,1,-0.4714219600144176,RSI_LT_38,SPY
2003-02-06,24.442980271268127,1,-1.2196552001394911,RSI_LT_38,SPY
2003-02-07,25.000026344546626,1,0.7072692162978234,RSI_LT_38,SPY
2003-02-10,30.819957250898796,1,-0.6903961627261479,RSI_LT_38,SPY
2003-02-11,31.990925908641074,1,-1.594152973977847,RSI_LT_38,SPY
2003-02-12,26.308288186001533,1,0.3045067048068173,RSI_LT_38,SPY
2003-02-13,33.02447314227537,1,2.185796096066084,RSI_LT_38,SPY
2003-02-14,45.796665186400524,0,0.0,RSI_LT_38,SPY
2003-02-18,49.250358735443974,0,-0.0,RSI_LT_38,SPY
2003-02-19,45.05326635266576,0,-0.0,RSI_LT_38,SPY
2003-02-20,49.58124627396404,0,0.0,RSI_LT_38,SPY
2003-02-21,46.05736396482005,0,-0.0,RSI_LT_38,SPY
2003-02-24,40.17785058355295,0,0.0,RSI_LT_38,SPY
2003-02-25,46.26744700572737,0,-0.0,RSI_LT_38,SPY
2003-02-26,43.75484605668599,0,0.0,RSI_LT_38,SPY
2003-02-27,49.59528830024455,0,0.0,RSI_LT_38,SPY
2003-02-28,55.640255514882256,0,-0.0,RSI_LT_38,SPY
2003-03-03,50.29982825288633,0,-0.0,RSI_LT_38,SPY
2003-03-04,47.58865113913366,0,0.0,RSI_LT_38,SPY
2003-03-05,55.01113257764343,0,-0.0,RSI_LT_38,SPY
2003-03-06,51.436788066566514,0,0.0,RSI_LT_38,SPY
2003-03-07,46.72969791414909,0,-0.0,RSI_LT_38,SPY
2003-03-10,33.68659974818938,1,-0.9837715872602626,RSI_LT_38,SPY
2003-03-11,32.81709254749805,1,0.6706419995533341,RSI_LT_38,SPY
2003-03-12,37.66036123599647,1,3.4542353023559347,RSI_LT_38,SPY
2003-03-13,45.657897048378885,0,0.0,RSI_LT_38,SPY
2003-03-14,51.17102238731214,0,0.0,RSI_LT_38,SPY
2003-03-17,57.18729466635775,0,0.0,RSI_LT_38,SPY
2003-03-18,63.19218710548343,0,0.0,RSI_LT_38,SPY
2003-03-19,62.13137178198962,0,0.0,RSI_LT_38,SPY
2003-03-20,61.16838253723721,0,0.0,RSI_LT_38,SPY
2003-03-21,68.28310563465486,0,-0.0,RSI_LT_38,SPY
2003-03-24,61.656816166738,0,0.0,RSI_LT_38,SPY
2003-03-25,61.94950619468631,0,-0.0,RSI_LT_38,SPY
2003-03-26,62.909972175666354,0,0.0,RSI_LT_38,SPY
2003-03-27,61.77014264679678,0,-0.0,RSI_LT_38,SPY
2003-03-28,68.32087872419437,0,-0.0,RSI_LT_38,SPY
2003-03-31,63.2871661777381,0,0.0,RSI_LT_38,SPY
2003-04-01,64.96395980444164,0,0.0,RSI_LT_38,SPY
2003-04-02,63.37941164489748,0,-0.0,RSI_LT_38,SPY
2003-04-03,61.10765327510875,0,0.0,RSI_LT_38,SPY
2003-04-04,55.16500067865477,0,-0.0,RSI_LT_38,SPY
2003-04-07,52.794125814339786,0,0.0,RSI_LT_38,SPY
2003-04-08,50.87989044492738,0,-0.0,RSI_LT_38,SPY
2003-04-09,46.01138649021248,0,0.0,RSI_LT_38,SPY
2003-04-10,41.692327826674344,0,-0.0,RSI_LT_38,SPY
2003-04-11,52.21579253363948,0,0.0,RSI_LT_38,SPY
2003-04-14,56.299553193620355,0,0.0,RSI_LT_38,SPY
2003-04-15,61.4991148878208,0,-0.0,RSI_LT_38,SPY
2003-04-16,54.16665462534239,0,0.0,RSI_LT_38,SPY
2003-04-17,60.12791558330645,0,0.0,RSI_LT_38,SPY
2003-04-21,70.1394443505636,0,0.0,RSI_LT_38,SPY
2003-04-22,71.06514879430792,0,0.0,RSI_LT_38,SPY
2003-04-23,67.90120549692604,0,-0.0,RSI_LT_38,SPY
2003-04-24,65.58774254509724,0,-0.0,RSI_LT_38,SPY
2003-04-25,58.137661476000766,0,0.0,RSI_LT_38,SPY
2003-04-28,63.60989244995222,0,0.0,RSI_LT_38,SPY
2003-04-29,64.08045504521183,0,-0.0,RSI_LT_38,SPY
2003-04-30,68.82719174517806,0,-0.0,RSI_LT_38,SPY
2003-05-01,67.57407054477218,0,0.0,RSI_LT_38,SPY
2003-05-02,72.54465527478902,0,-0.0,RSI_LT_38,SPY
2003-05-05,67.25890257992475,0,0.0,RSI_LT_38,SPY
2003-05-06,67.39682637624821,0,-0.0,RSI_LT_38,SPY
2003-05-07,73.66482090594488,0,-0.0,RSI_LT_38,SPY
2003-05-08,63.77501370962933,0,0.0,RSI_LT_38,SPY
2003-05-09,67.46574939807515,0,0.0,RSI_LT_38,SPY
2003-05-12,65.88868350565664,0,-0.0,RSI_LT_38,SPY
2003-05-13,62.08213220784596,0,-0.0,RSI_LT_38,SPY
2003-05-14,65.98985793832816,0,0.0,RSI_LT_38,SPY
2003-05-15,76.18024363309814,0,-0.0,RSI_LT_38,SPY
2003-05-16,69.2500114440918,0,-0.0,RSI_LT_38,SPY
2003-05-19,52.72727693079524,0,-0.0,RSI_LT_38,SPY
2003-05-20,52.78056133481138,0,0.0,RSI_LT_38,SPY
2003-05-21,53.72392976416324,0,0.0,RSI_LT_38,SPY
2003-05-22,51.85950576066104,0,0.0,RSI_LT_38,SPY
2003-05-23,53.766783272668285,0,0.0,RSI_LT_38,SPY
2003-05-27,57.12917325872835,0,0.0,RSI_LT_38,SPY
2003-05-28,61.1764679483056,0,-0.0,RSI_LT_38,SPY
2003-05-29,65.61515739345717,0,0.0,RSI_LT_38,SPY
2003-05-30,66.49589098706207,0,0.0,RSI_LT_38,SPY
2003-06-02,63.70700736181981,0,0.0,RSI_LT_38,SPY
2003-06-03,66.45022520755839,0,0.0,RSI_LT_38,SPY
2003-06-04,72.24880138248949,0,0.0,RSI_LT_38,SPY
2003-06-05,71.95357434045238,0,-0.0,RSI_LT_38,SPY
2003-06-06,70.92467631456071,0,-0.0,RSI_LT_38,SPY
2003-06-09,80.17238473497326,0,0.0,RSI_LT_38,SPY
2003-06-10,83.64716672829158,0,0.0,RSI_LT_38,SPY
2003-06-11,84.9314992137198,0,0.0,RSI_LT_38,SPY
2003-06-12,84.04254455704888,0,-0.0,RSI_LT_38,SPY
2003-06-13,75.89282612412612,0,0.0,RSI_LT_38,SPY
2003-06-16,76.84389397114835,0,0.0,RSI_LT_38,SPY
2003-06-17,76.29498590673798,0,-0.0,RSI_LT_38,SPY
2003-06-18,77.38197386987657,0,-0.0,RSI_LT_38,SPY
2003-06-19,63.644415328473585,0,-0.0,RSI_LT_38,SPY
2003-06-20,59.142612079524476,0,-0.0,RSI_LT_38,SPY
2003-06-23,52.780071165364504,0,0.0,RSI_LT_38,SPY
2003-06-24,47.020455134739635,0,-0.0,RSI_LT_38,SPY
2003-06-25,40.56939381001608,0,0.0,RSI_LT_38,SPY
2003-06-26,48.10231682713341,0,-0.0,RSI_LT_38,SPY
2003-06-27,47.59185468170205,0,-0.0,RSI_LT_38,SPY
2003-06-30,42.81915055512531,0,0.0,RSI_LT_38,SPY
2003-07-01,42.04851271632001,0,0.0,RSI_LT_38,SPY
2003-07-02,46.51740239167828,0,-0.0,RSI_LT_38,SPY
2003-07-03,46.594690227354384,0,0.0,RSI_LT_38,SPY
2003-07-07,45.96636144837853,0,0.0,RSI_LT_38,SPY
2003-07-08,47.93521631934942,0,-0.0,RSI_LT_38,SPY
2003-07-09,46.14186619728779,0,-0.0,RSI_LT_38,SPY
2003-07-10,47.13378465799856,0,0.0,RSI_LT_38,SPY
2003-07-11,53.09595612745808,0,0.0,RSI_LT_38,SPY
2003-07-14,59.322049553474386,0,-0.0,RSI_LT_38,SPY
2003-07-15,57.95365283659569,0,-0.0,RSI_LT_38,SPY
2003-07-16,59.86786233591469,0,-0.0,RSI_LT_38,SPY
2003-07-17,48.776497500846325,0,0.0,RSI_LT_38,SPY
2003-07-18,57.62570719634192,0,-0.0,RSI_LT_38,SPY
2003-07-21,52.43811352050233,0,0.0,RSI_LT_38,SPY
2003-07-22,52.40239879029487,0,0.0,RSI_LT_38,SPY
2003-07-23,47.8189367080977,0,-0.0,RSI_LT_38,SPY
2003-07-24,48.94692594158987,0,0.0,RSI_LT_38,SPY
2003-07-25,47.98286302931714,0,-0.0,RSI_LT_38,SPY
2003-07-28,44.425240932275194,0,-0.0,RSI_LT_38,SPY
2003-07-29,44.85166305280587,0,-0.0,RSI_LT_38,SPY
2003-07-30,49.32821876565048,0,0.0,RSI_LT_38,SPY
2003-07-31,45.62308332370821,0,-0.0,RSI_LT_38,SPY
2003-08-01,39.00990158842387,0,0.0,RSI_LT_38,SPY
2003-08-04,39.87854751226262,0,-0.0,RSI_LT_38,SPY
2003-08-05,34.622150710646295,1,0.580797758372742,RSI_LT_38,SPY
2003-08-06,42.77568952750749,0,0.0,RSI_LT_38,SPY
2003-08-07,42.83000371688225,0,0.0,RSI_LT_38,SPY
2003-08-08,50.0,0,0.0,RSI_LT_38,SPY
2003-08-11,47.130262995015634,0,0.0,RSI_LT_38,SPY
2003-08-12,51.567264752145135,0,-0.0,RSI_LT_38,SPY
2003-08-13,52.84975404120344,0,0.0,RSI_LT_38,SPY
2003-08-14,44.37649288498362,0,0.0,RSI_LT_38,SPY
2003-08-15,48.522181141684015,0,0.0,RSI_LT_38,SPY
2003-08-18,56.338035736352616,0,0.0,RSI_LT_38,SPY
2003-08-19,59.8152207237526,0,-0.0,RSI_LT_38,SPY
2003-08-20,55.9954534391781,0,0.0,RSI_LT_38,SPY
2003-08-21,63.64728668599198,0,-0.0,RSI_LT_38,SPY
2003-08-22,56.788753237143915,0,0.0,RSI_LT_38,SPY
2003-08-25,73.87752093927533,0,0.0,RSI_LT_38,SPY
2003-08-26,72.45332337974087,0,0.0,RSI_LT_38,SPY
2003-08-27,67.89293861283062,0,0.0,RSI_LT_38,SPY
2003-08-28,69.62023329957253,0,0.0,RSI_LT_38,SPY
2003-08-29,71.04069117811208,0,0.0,RSI_LT_38,SPY
2003-09-02,72.91956758943809,0,0.0,RSI_LT_38,SPY
2003-09-03,80.25206896367493,0,0.0,RSI_LT_38,SPY
2003-09-04,79.62426407355957,0,-0.0,RSI_LT_38,SPY
2003-09-05,72.32263274225946,0,0.0,RSI_LT_38,SPY
2003-09-08,72.2840766848936,0,-0.0,RSI_LT_38,SPY
2003-09-09,64.30478774402806,0,-0.0,RSI_LT_38,SPY
2003-09-10,59.30949816320867,0,0.0,RSI_LT_38,SPY
2003-09-11,59.20892062611871,0,0.0,RSI_LT_38,SPY
2003-09-12,68.4065792989976,0,-0.0,RSI_LT_38,SPY
2003-09-15,64.43846967470031,0,0.0,RSI_LT_38,SPY
2003-09-16,69.73832677732605,0,-0.0,RSI_LT_38,SPY
2003-09-17,68.08031627876878,0,0.0,RSI_LT_38,SPY
2003-09-18,70.08363592833487,0,-0.0,RSI_LT_38,SPY
2003-09-19,61.365916482737056,0,-0.0,RSI_LT_38,SPY
2003-09-22,48.69383590037948,0,0.0,RSI_LT_38,SPY
2003-09-23,47.765969362329336,0,-0.0,RSI_LT_38,SPY
2003-09-24,39.71376824945782,0,-0.0,RSI_LT_38,SPY
2003-09-25,38.84513875075593,0,-0.0,RSI_LT_38,SPY
2003-09-26,32.90559350823813,1,0.9804936336727188,RSI_LT_38,SPY
2003-09-29,40.767185342325256,0,-0.0,RSI_LT_38,SPY
2003-09-30,40.98655107410081,0,0.0,RSI_LT_38,SPY
2003-10-01,49.30662539667799,0,0.0,RSI_LT_38,SPY
2003-10-02,50.0,0,0.0,RSI_LT_38,SPY
2003-10-03,54.73071720642424,0,0.0,RSI_LT_38,SPY
2003-10-06,51.10062270653619,0,0.0,RSI_LT_38,SPY
2003-10-07,53.405588112329134,0,-0.0,RSI_LT_38,SPY
2003-10-08,47.49164818326855,0,0.0,RSI_LT_38,SPY
2003-10-09,52.696728200935496,0,0.0,RSI_LT_38,SPY
2003-10-10,59.6373714452945,0,0.0,RSI_LT_38,SPY
2003-10-13,59.404967004033615,0,0.0,RSI_LT_38,SPY
2003-10-14,73.2142264138412,0,-0.0,RSI_LT_38,SPY
2003-10-15,78.00233508146931,0,0.0,RSI_LT_38,SPY
2003-10-16,82.11762889614528,0,-0.0,RSI_LT_38,SPY
2003-10-17,69.20413306629027,0,0.0,RSI_LT_38,SPY
2003-10-20,80.04721752579084,0,-0.0,RSI_LT_38,SPY
2003-10-21,71.31899507366106,0,-0.0,RSI_LT_38,SPY
2003-10-22,57.29586797792687,0,-0.0,RSI_LT_38,SPY
2003-10-23,49.702374532387985,0,0.0,RSI_LT_38,SPY
2003-10-24,47.83951925476954,0,0.0,RSI_LT_38,SPY
2003-10-27,44.861301949539005,0,0.0,RSI_LT_38,SPY
2003-10-28,57.14285714285714,0,0.0,RSI_LT_38,SPY
2003-10-29,56.30252549807396,0,0.0,RSI_LT_38,SPY
2003-10-30,55.86987957007813,0,-0.0,RSI_LT_38,SPY
2003-10-31,52.92398606632438,0,0.0,RSI_LT_38,SPY
2003-11-03,55.027938913728214,0,-0.0,RSI_LT_38,SPY
2003-11-04,55.41493816006061,0,0.0,RSI_LT_38,SPY
2003-11-05,53.17572654041896,0,0.0,RSI_LT_38,SPY
2003-11-06,67.31393143906847,0,-0.0,RSI_LT_38,SPY
2003-11-07,54.604201716923335,0,-0.0,RSI_LT_38,SPY
2003-11-10,52.484471681773435,0,-0.0,RSI_LT_38,SPY
2003-11-11,65.63109241207668,0,0.0,RSI_LT_38,SPY
2003-11-12,74.26716087979214,0,0.0,RSI_LT_38,SPY
2003-11-13,73.4007136196546,0,-0.0,RSI_LT_38,SPY
2003-11-14,63.475726366269726,0,-0.0,RSI_LT_38,SPY
2003-11-17,49.06936695265119,0,-0.0,RSI_LT_38,SPY
2003-11-18,40.23319724229358,0,0.0,RSI_LT_38,SPY
2003-11-19,45.47871935685798,0,-0.0,RSI_LT_38,SPY
2003-11-20,40.90906601981088,0,0.0,RSI_LT_38,SPY
2003-11-21,39.01236149362711,0,0.0,RSI_LT_38,SPY
2003-11-24,49.08105049665256,0,0.0,RSI_LT_38,SPY
2003-11-25,50.78370580717991,0,0.0,RSI_LT_38,SPY
2003-11-26,49.84026234026234,0,0.0,RSI_LT_38,SPY
2003-11-28,54.83868415917646,0,0.0,RSI_LT_38,SPY
2003-12-01,62.872318148688635,0,-0.0,RSI_LT_38,SPY
2003-12-02,61.307047291923055,0,-0.0,RSI_LT_38,SPY
2003-12-03,54.80881437684767,0,0.0,RSI_LT_38,SPY
2003-12-04,56.85839456962708,0,-0.0,RSI_LT_38,SPY
2003-12-05,57.817769882340826,0,0.0,RSI_LT_38,SPY
2003-12-08,64.53743864136308,0,-0.0,RSI_LT_38,SPY
2003-12-09,66.43991851598756,0,-0.0,RSI_LT_38,SPY
2003-12-10,62.64153985380333,0,0.0,RSI_LT_38,SPY
2003-12-11,75.27411511394398,0,0.0,RSI_LT_38,SPY
2003-12-12,74.59329700371349,0,-0.0,RSI_LT_38,SPY
2003-12-15,64.0559859917645,0,0.0,RSI_LT_38,SPY
2003-12-16,64.84274136734385,0,0.0,RSI_LT_38,SPY
2003-12-17,64.64926208768894,0,0.0,RSI_LT_38,SPY
2003-12-18,69.44119370705624,0,-0.0,RSI_LT_38,SPY
2003-12-19,58.04458670896833,0,0.0,RSI_LT_38,SPY
2003-12-22,63.5939555910071,0,0.0,RSI_LT_38,SPY
2003-12-23,65.17120212145969,0,-0.0,RSI_LT_38,SPY
2003-12-24,62.40788958184542,0,0.0,RSI_LT_38,SPY
2003-12-26,69.0763113735271,0,0.0,RSI_LT_38,SPY
2003-12-29,71.86360759817154,0,0.0,RSI_LT_38,SPY
2003-12-30,80.00004124000445,0,0.0,RSI_LT_38,SPY
2003-12-31,80.37380988032339,0,-0.0,RSI_LT_38,SPY
2004-01-02,76.02527569326448,0,0.0,RSI_LT_38,SPY
2004-01-05,79.29158853636126,0,0.0,RSI_LT_38,SPY
2004-01-06,85.81770925917543,0,0.0,RSI_LT_38,SPY
2004-01-07,85.43837354171177,0,0.0,RSI_LT_38,SPY
2004-01-08,85.67255343094662,0,-0.0,RSI_LT_38,SPY
2004-01-09,70.1967026168535,0,0.0,RSI_LT_38,SPY
2004-01-12,82.62845815637984,0,-0.0,RSI_LT_38,SPY
2004-01-13,72.23925447116036,0,0.0,RSI_LT_38,SPY
2004-01-14,75.50744821762072,0,0.0,RSI_LT_38,SPY
2004-01-15,77.51323792540742,0,0.0,RSI_LT_38,SPY
2004-01-16,78.56246049407304,0,-0.0,RSI_LT_38,SPY
2004-01-20,73.38456373948317,0,0.0,RSI_LT_38,SPY
2004-01-21,76.55823560547165,0,-0.0,RSI_LT_38,SPY
2004-01-22,73.21901993505958,0,-0.0,RSI_LT_38,SPY
2004-01-23,70.25312177079007,0,0.0,RSI_LT_38,SPY
2004-01-26,71.09468035889067,0,-0.0,RSI_LT_38,SPY
2004-01-27,61.563484995961645,0,-0.0,RSI_LT_38,SPY
2004-01-28,52.169634150745786,0,0.0,RSI_LT_38,SPY
2004-01-29,50.510234268684975,0,0.0,RSI_LT_38,SPY
2004-01-30,56.18616025848086,0,0.0,RSI_LT_38,SPY
2004-02-02,54.42738217697639,0,-0.0,RSI_LT_38,SPY
2004-02-03,57.624993085874394,0,-0.0,RSI_LT_38,SPY
2004-02-04,45.93241265121502,0,0.0,RSI_LT_38,SPY
2004-02-05,46.26867371213898,0,0.0,RSI_LT_38,SPY
2004-02-06,51.24149766769799,0,0.0,RSI_LT_38,SPY
2004-02-09,51.58017013706203,0,0.0,RSI_LT_38,SPY
2004-02-10,48.499400089757565,0,0.0,RSI_LT_38,SPY
2004-02-11,56.86484105716102,0,-0.0,RSI_LT_38,SPY
2004-02-12,56.55914419550932,0,-0.0,RSI_LT_38,SPY
2004-02-13,45.58469533423648,0,0.0,RSI_LT_38,SPY
2004-02-17,59.052231203005775,0,-0.0,RSI_LT_38,SPY
2004-02-18,65.4105035092133,0,-0.0,RSI_LT_38,SPY
2004-02-19,61.29032258064516,0,-0.0,RSI_LT_38,SPY
2004-02-20,58.6419311207478,0,-0.0,RSI_LT_38,SPY
2004-02-23,53.92401518151178,0,-0.0,RSI_LT_38,SPY
2004-02-24,53.85588070757537,0,0.0,RSI_LT_38,SPY
2004-02-25,63.53889044567488,0,0.0,RSI_LT_38,SPY
2004-02-26,62.22222928647192,0,0.0,RSI_LT_38,SPY
2004-02-27,54.742092281365885,0,0.0,RSI_LT_38,SPY
2004-03-01,61.79775040102525,0,-0.0,RSI_LT_38,SPY
2004-03-02,54.23959764485053,0,0.0,RSI_LT_38,SPY
2004-03-03,47.04052250609935,0,0.0,RSI_LT_38,SPY
2004-03-04,52.698382326939985,0,0.0,RSI_LT_38,SPY
2004-03-05,60.12966264958935,0,-0.0,RSI_LT_38,SPY
2004-03-08,40.76335931211933,0,-0.0,RSI_LT_38,SPY
2004-03-09,41.07689490685097,0,-0.0,RSI_LT_38,SPY
2004-03-10,33.4167569812798,1,-1.2968547350564408,RSI_LT_38,SPY
2004-03-11,29.34066873806333,1,1.3138940320243764,RSI_LT_38,SPY
2004-03-12,40.21423243900192,0,-0.0,RSI_LT_38,SPY
2004-03-15,36.069854621681884,1,0.5305791218319644,RSI_LT_38,SPY
2004-03-16,36.6781899587643,1,1.1181679844018744,RSI_LT_38,SPY
2004-03-17,42.543163875709126,0,0.0,RSI_LT_38,SPY
2004-03-18,42.31679837239615,0,-0.0,RSI_LT_38,SPY
2004-03-19,31.19466437409696,1,-1.269580464353015,RSI_LT_38,SPY
2004-03-22,29.601103673322953,1,-0.1732808379044215,RSI_LT_38,SPY
2004-03-23,28.170971189538903,1,0.08222544129175002,RSI_LT_38,SPY
2004-03-24,27.09817768234707,1,1.3235937086712113,RSI_LT_38,SPY
2004-03-25,32.20900702338116,1,0.027025927294488383,RSI_LT_38,SPY
2004-03-26,35.68827624069317,1,1.4050234853147048,RSI_LT_38,SPY
2004-03-29,43.56033908873247,0,0.0,RSI_LT_38,SPY
2004-03-30,51.46726538335243,0,0.0,RSI_LT_38,SPY
2004-03-31,58.27756946508788,0,0.0,RSI_LT_38,SPY
2004-04-01,55.366708839855164,0,0.0,RSI_LT_38,SPY
2004-04-02,66.13509033600815,0,0.0,RSI_LT_38,SPY
2004-04-05,66.26166691622637,0,-0.0,RSI_LT_38,SPY
2004-04-06,59.47047919162537,0,-0.0,RSI_LT_38,SPY
2004-04-07,57.753468872669465,0,-0.0,RSI_LT_38,SPY
2004-04-08,69.91581949069368,0,0.0,RSI_LT_38,SPY
2004-04-12,85.17009937947515,0,-0.0,RSI_LT_38,SPY
2004-04-13,71.37973031752936,0,0.0,RSI_LT_38,SPY
2004-04-14,71.67044405560684,0,-0.0,RSI_LT_38,SPY
2004-04-15,62.50001216423074,0,0.0,RSI_LT_38,SPY
2004-04-16,66.1290634470829,0,0.0,RSI_LT_38,SPY
2004-04-19,58.70790971591202,0,-0.0,RSI_LT_38,SPY
2004-04-20,43.93061391531983,0,0.0,RSI_LT_38,SPY
2004-04-21,47.680687913207585,0,0.0,RSI_LT_38,SPY
2004-04-22,52.310724214967415,0,0.0,RSI_LT_38,SPY
2004-04-23,48.513806615058904,0,-0.0,RSI_LT_38,SPY
2004-04-26,44.02235113098258,0,0.0,RSI_LT_38,SPY
2004-04-27,46.54379378873471,0,-0.0,RSI_LT_38,SPY
2004-04-28,40.84936866660907,0,-0.0,RSI_LT_38,SPY
2004-04-29,38.04144722615944,0,-0.0,RSI_LT_38,SPY
2004-04-30,32.51815087095156,1,1.0724607527261343,RSI_LT_38,SPY
2004-05-03,45.00943973654945,0,-0.0,RSI_LT_38,SPY
2004-05-04,43.6847192274698,0,0.0,RSI_LT_38,SPY
2004-05-05,49.168207936381464,0,-0.0,RSI_LT_38,SPY
2004-05-06,40.75092048542944,0,-0.0,RSI_LT_38,SPY
2004-05-07,34.84731982987144,1,-1.027643927633981,RSI_LT_38,SPY
2004-05-10,37.114299458625716,1,0.84535344433192,RSI_LT_38,SPY
2004-05-11,37.99344726377461,1,0.6378104312001698,RSI_LT_38,SPY
2004-05-12,33.15603580400055,1,-0.4164772269647177,RSI_LT_38,SPY
2004-05-13,31.212390175869487,1,0.04546145352211095,RSI_LT_38,SPY
2004-05-14,31.944480317573223,1,-0.8542370352467077,RSI_LT_38,SPY
2004-05-17,28.96439679985383,1,0.5041274605409596,RSI_LT_38,SPY
2004-05-18,36.13300101324697,1,-0.3465616758088319,RSI_LT_38,SPY
2004-05-19,38.170047828199245,0,0.0,RSI_LT_38,SPY
2004-05-20,43.495174972074985,0,0.0,RSI_LT_38,SPY
2004-05-21,37.41934795823691,1,0.41890455759932,RSI_LT_38,SPY
2004-05-24,40.74457165354207,0,0.0,RSI_LT_38,SPY
2004-05-25,45.584046822572844,0,0.0,RSI_LT_38,SPY
2004-05-26,52.16080455953877,0,0.0,RSI_LT_38,SPY
2004-05-27,66.66666666666666,0,-0.0,RSI_LT_38,SPY
2004-05-28,76.47825476710845,0,-0.0,RSI_LT_38,SPY
2004-06-01,71.637359389204,0,0.0,RSI_LT_38,SPY
2004-06-02,70.42676792640448,0,-0.0,RSI_LT_38,SPY
2004-06-03,64.70582578321262,0,0.0,RSI_LT_38,SPY
2004-06-04,68.42100734446316,0,0.0,RSI_LT_38,SPY
2004-06-07,81.96339813951138,0,0.0,RSI_LT_38,SPY
2004-06-08,81.12298612218855,0,-0.0,RSI_LT_38,SPY
2004-06-09,74.94480065077127,0,0.0,RSI_LT_38,SPY
2004-06-10,75.51237080650975,0,-0.0,RSI_LT_38,SPY
2004-06-14,66.69932135048414,0,0.0,RSI_LT_38,SPY
2004-06-15,67.77250670735677,0,-0.0,RSI_LT_38,SPY
2004-06-16,61.957742139982024,0,-0.0,RSI_LT_38,SPY
2004-06-17,59.065020387107104,0,-0.0,RSI_LT_38,SPY
2004-06-18,54.556323984119146,0,-0.0,RSI_LT_38,SPY
2004-06-21,51.940619583866784,0,0.0,RSI_LT_38,SPY
2004-06-22,55.773411788171934,0,0.0,RSI_LT_38,SPY
2004-06-23,58.31623768937391,0,-0.0,RSI_LT_38,SPY
2004-06-24,62.693176995264054,0,-0.0,RSI_LT_38,SPY
2004-06-25,54.931156037856525,0,-0.0,RSI_LT_38,SPY
2004-06-28,41.54262447063974,0,0.0,RSI_LT_38,SPY
2004-06-29,43.89608562363885,0,0.0,RSI_LT_38,SPY
2004-06-30,55.110483992492846,0,-0.0,RSI_LT_38,SPY
2004-07-01,41.47523213387886,0,-0.0,RSI_LT_38,SPY
2004-07-02,47.6388628394681,0,-0.0,RSI_LT_38,SPY
2004-07-06,35.588665559252675,1,0.29493416110002446,RSI_LT_38,SPY
2004-07-07,38.44158469209001,0,-0.0,RSI_LT_38,SPY
2004-07-08,35.619761111264125,1,0.26023053587047595,RSI_LT_38,SPY
2004-07-09,38.69052484727603,0,0.0,RSI_LT_38,SPY
2004-07-12,41.1471483012715,0,0.0,RSI_LT_38,SPY
2004-07-13,37.317434215525644,1,-0.303954912774862,RSI_LT_38,SPY
2004-07-14,26.560231738470378,1,-0.6456183760595202,RSI_LT_38,SPY
2004-07-15,25.241404566271555,1,-0.08123101516803732,RSI_LT_38,SPY
2004-07-16,26.951422449293744,1,-0.4245336686747758,RSI_LT_38,SPY
2004-07-19,26.637570588529258,1,1.2699578673876388,RSI_LT_38,SPY
2004-07-20,35.384628927913994,1,-1.8452145914153006,RSI_LT_38,SPY
2004-07-21,23.24325973923142,1,0.2737684042256161,RSI_LT_38,SPY
2004-07-22,30.778859673757083,1,-0.8372753840023339,RSI_LT_38,SPY
2004-07-23,27.777768166538934,1,-0.1927304389107487,RSI_LT_38,SPY
2004-07-26,30.472624305145672,1,0.9379279476472657,RSI_LT_38,SPY
2004-07-27,35.96788134134202,1,0.3006302643223435,RSI_LT_38,SPY
2004-07-28,41.90817995438944,0,0.0,RSI_LT_38,SPY
2004-07-29,43.144179469513055,0,0.0,RSI_LT_38,SPY
2004-07-30,44.585234823820606,0,0.0,RSI_LT_38,SPY
2004-08-02,45.52660569483267,0,-0.0,RSI_LT_38,SPY
2004-08-03,42.99465860261994,0,-0.0,RSI_LT_38,SPY
2004-08-04,46.527742211217685,0,-0.0,RSI_LT_38,SPY
2004-08-05,38.84058163311941,0,-0.0,RSI_LT_38,SPY
2004-08-06,35.17059684197598,1,0.14038514555079207,RSI_LT_38,SPY
2004-08-09,27.210202711209973,1,1.2897170592691243,RSI_LT_38,SPY
2004-08-10,43.68418136129389,0,-0.0,RSI_LT_38,SPY
2004-08-11,40.87051317043777,0,-0.0,RSI_LT_38,SPY
2004-08-12,39.7727416029307,0,0.0,RSI_LT_38,SPY
2004-08-13,41.94215527405942,0,0.0,RSI_LT_38,SPY
2004-08-16,42.477000530231386,0,0.0,RSI_LT_38,SPY
2004-08-17,44.079625104287416,0,0.0,RSI_LT_38,SPY
2004-08-18,47.476628716927074,0,-0.0,RSI_LT_38,SPY
2004-08-19,44.74419509120858,0,0.0,RSI_LT_38,SPY
2004-08-20,47.387082866491596,0,-0.0,RSI_LT_38,SPY
2004-08-23,49.95330468214059,0,0.0,RSI_LT_38,SPY
2004-08-24,50.691251368544805,0,0.0,RSI_LT_38,SPY
2004-08-25,63.775490344147876,0,0.0,RSI_LT_38,SPY
2004-08-26,75.75757575757575,0,0.0,RSI_LT_38,SPY
2004-08-27,76.33135239870056,0,-0.0,RSI_LT_38,SPY
2004-08-30,63.454331043241204,0,0.0,RSI_LT_38,SPY
2004-08-31,67.66463947253968,0,0.0,RSI_LT_38,SPY
2004-09-01,79.40374977256562,0,0.0,RSI_LT_38,SPY
2004-09-02,81.96912405944948,0,-0.0,RSI_LT_38,SPY
2004-09-03,74.55010635053411,0,0.0,RSI_LT_38,SPY
2004-09-07,74.96836358726055,0,-0.0,RSI_LT_38,SPY
2004-09-08,68.03394915181076,0,-0.0,RSI_LT_38,SPY
2004-09-09,70.21899127242594,0,0.0,RSI_LT_38,SPY
2004-09-10,69.36933737638026,0,0.0,RSI_LT_38,SPY
2004-09-13,73.92597783517098,0,0.0,RSI_LT_38,SPY
2004-09-14,74.2313909079434,0,-0.0,RSI_LT_38,SPY
2004-09-15,62.2478807526942,0,0.0,RSI_LT_38,SPY
2004-09-16,64.01101233175748,0,0.0,RSI_LT_38,SPY
2004-09-17,62.2478807526942,0,-0.0,RSI_LT_38,SPY
2004-09-20,64.47763675411247,0,0.0,RSI_LT_38,SPY
2004-09-21,63.99395188051501,0,-0.0,RSI_LT_38,SPY
2004-09-22,51.472494580778395,0,-0.0,RSI_LT_38,SPY
2004-09-23,38.60135472553363,0,0.0,RSI_LT_38,SPY
2004-09-24,45.416639292670055,0,-0.0,RSI_LT_38,SPY
2004-09-27,35.28590551465972,1,0.47855420252540526,RSI_LT_38,SPY
2004-09-28,41.23986945712012,0,0.0,RSI_LT_38,SPY
2004-09-29,45.93904034188994,0,-0.0,RSI_LT_38,SPY
2004-09-30,41.19243966004728,0,0.0,RSI_LT_38,SPY
2004-10-01,51.23596276167127,0,0.0,RSI_LT_38,SPY
2004-10-04,51.01576170072057,0,0.0,RSI_LT_38,SPY
2004-10-05,56.82382040042066,0,0.0,RSI_LT_38,SPY
2004-10-06,59.05883704585988,0,-0.0,RSI_LT_38,SPY
2004-10-07,51.543187346499536,0,-0.0,RSI_LT_38,SPY
2004-10-08,50.20040562741143,0,0.0,RSI_LT_38,SPY
2004-10-11,50.05026204506331,0,-0.0,RSI_LT_38,SPY
2004-10-12,55.456548963234454,0,-0.0,RSI_LT_38,SPY
2004-10-13,53.14837115873314,0,-0.0,RSI_LT_38,SPY
2004-10-14,45.79917624315914,0,0.0,RSI_LT_38,SPY
2004-10-15,52.6370353421988,0,0.0,RSI_LT_38,SPY
2004-10-18,52.092060393584596,0,-0.0,RSI_LT_38,SPY
2004-10-19,44.466805592333756,0,-0.0,RSI_LT_38,SPY
2004-10-20,43.849180218678995,0,0.0,RSI_LT_38,SPY
2004-10-21,36.47585481721999,1,-1.1236965336252625,RSI_LT_38,SPY
2004-10-22,30.69210102013409,1,-0.11819006813599264,RSI_LT_38,SPY
2004-10-25,29.880475362909138,1,1.5292192752978107,RSI_LT_38,SPY
2004-10-26,35.64900050769634,1,1.2013594467382482,RSI_LT_38,SPY
2004-10-27,47.42081479205576,0,0.0,RSI_LT_38,SPY
2004-10-28,53.397123317974774,0,-0.0,RSI_LT_38,SPY
2004-10-29,51.148828687105194,0,0.0,RSI_LT_38,SPY
2004-11-01,54.959524877740655,0,0.0,RSI_LT_38,SPY
2004-11-02,61.25419167432025,0,0.0,RSI_LT_38,SPY
2004-11-03,72.93867540685338,0,0.0,RSI_LT_38,SPY
2004-11-04,75.408238124798,0,0.0,RSI_LT_38,SPY
2004-11-05,76.11937430476132,0,-0.0,RSI_LT_38,SPY
2004-11-08,82.01004932650497,0,-0.0,RSI_LT_38,SPY
2004-11-09,81.92769238547106,0,0.0,RSI_LT_38,SPY
2004-11-10,80.70738235166648,0,0.0,RSI_LT_38,SPY
2004-11-11,93.86842241797983,0,0.0,RSI_LT_38,SPY
2004-11-12,95.70107178415945,0,-0.0,RSI_LT_38,SPY
2004-11-15,94.11039487455042,0,-0.0,RSI_LT_38,SPY
2004-11-16,82.63699510166194,0,0.0,RSI_LT_38,SPY
2004-11-17,83.41638127853881,0,0.0,RSI_LT_38,SPY
2004-11-18,83.94603706796042,0,-0.0,RSI_LT_38,SPY
2004-11-19,71.31948506195448,0,0.0,RSI_LT_38,SPY
2004-11-22,72.85859494885791,0,0.0,RSI_LT_38,SPY
2004-11-23,68.83884188821865,0,0.0,RSI_LT_38,SPY
2004-11-24,63.21676202508414,0,-0.0,RSI_LT_38,SPY
2004-11-26,58.21810165701569,0,-0.0,RSI_LT_38,SPY
2004-11-29,55.08717223085948,0,0.0,RSI_LT_38,SPY
2004-11-30,57.50370982534062,0,0.0,RSI_LT_38,SPY
2004-12-01,64.1603813541092,0,0.0,RSI_LT_38,SPY
2004-12-02,60.22251461678039,0,-0.0,RSI_LT_38,SPY
2004-12-03,53.62774203097717,0,-0.0,RSI_LT_38,SPY
2004-12-06,53.79742098414009,0,-0.0,RSI_LT_38,SPY
2004-12-07,51.67173745675141,0,0.0,RSI_LT_38,SPY
2004-12-08,51.59816291100802,0,0.0,RSI_LT_38,SPY
2004-12-09,53.44070310894256,0,0.0,RSI_LT_38,SPY
2004-12-10,66.96267166076282,0,0.0,RSI_LT_38,SPY
2004-12-13,69.55804568134937,0,0.0,RSI_LT_38,SPY
2004-12-14,70.70859500498011,0,0.0,RSI_LT_38,SPY
2004-12-15,69.80511639140208,0,-0.0,RSI_LT_38,SPY
2004-12-16,70.03254293393374,0,-0.0,RSI_LT_38,SPY
2004-12-17,61.693002850350055,0,0.0,RSI_LT_38,SPY
2004-12-20,61.416201222026466,0,0.0,RSI_LT_38,SPY
2004-12-21,58.92305687896362,0,0.0,RSI_LT_38,SPY
2004-12-22,60.08968251886538,0,0.0,RSI_LT_38,SPY
2004-12-23,61.343276613818794,0,-0.0,RSI_LT_38,SPY
2004-12-27,59.479014161328294,0,0.0,RSI_LT_38,SPY
2004-12-28,73.83905499312644,0,0.0,RSI_LT_38,SPY
2004-12-29,71.59667486026643,0,-0.0,RSI_LT_38,SPY
2004-12-30,66.66666666666666,0,-0.0,RSI_LT_38,SPY
2004-12-31,63.05088559372991,0,-0.0,RSI_LT_38,SPY
2005-01-03,49.35543381587396,0,-0.0,RSI_LT_38,SPY
2005-01-04,34.8765224967475,1,-0.6900611648479549,RSI_LT_38,SPY
2005-01-05,30.09709765213306,1,0.5084301866450813,RSI_LT_38,SPY
2005-01-06,35.78811547803048,1,-0.14332532507421725,RSI_LT_38,SPY
2005-01-07,42.35473221264334,0,0.0,RSI_LT_38,SPY
2005-01-10,46.676083817679924,0,-0.0,RSI_LT_38,SPY
2005-01-11,34.14633345410482,1,0.33000455968974496,RSI_LT_38,SPY
2005-01-12,35.07777243012136,1,-0.8012119007230312,RSI_LT_38,SPY
2005-01-13,30.138733884933615,1,0.5271170742304099,RSI_LT_38,SPY
2005-01-14,36.26504739423621,1,1.0402599620737085,RSI_LT_38,SPY
2005-01-18,40.36075819257926,0,-0.0,RSI_LT_38,SPY
2005-01-19,34.20521409152522,1,-0.6090350306789172,RSI_LT_38,SPY
2005-01-20,32.59826242667761,1,-0.6127669963430837,RSI_LT_38,SPY
2005-01-21,31.221271524682052,1,-0.1969478763000576,RSI_LT_38,SPY
2005-01-24,32.22746758769114,1,0.2831353007460846,RSI_LT_38,SPY
2005-01-25,39.63863675981141,0,0.0,RSI_LT_38,SPY
2005-01-26,45.63758446536984,0,0.0,RSI_LT_38,SPY
2005-01-27,43.09132150447625,0,0.0,RSI_LT_38,SPY
2005-01-28,43.96652541175548,0,0.0,RSI_LT_38,SPY
2005-01-31,45.081984787654314,0,0.0,RSI_LT_38,SPY
2005-02-01,54.309350113810474,0,0.0,RSI_LT_38,SPY
2005-02-02,54.14690764983556,0,-0.0,RSI_LT_38,SPY
2005-02-03,58.58973355765092,0,0.0,RSI_LT_38,SPY
2005-02-04,61.77518468558757,0,-0.0,RSI_LT_38,SPY
2005-02-07,54.065031825338494,0,0.0,RSI_LT_38,SPY
2005-02-08,65.86920996178,0,-0.0,RSI_LT_38,SPY
2005-02-09,64.0309954649438,0,0.0,RSI_LT_38,SPY
2005-02-10,74.02598206843423,0,0.0,RSI_LT_38,SPY
2005-02-11,80.31604990238539,0,-0.0,RSI_LT_38,SPY
2005-02-14,78.27382709433654,0,0.0,RSI_LT_38,SPY
2005-02-15,78.59236388450739,0,0.0,RSI_LT_38,SPY
2005-02-16,78.20895896294846,0,-0.0,RSI_LT_38,SPY
2005-02-17,68.22920391960517,0,0.0,RSI_LT_38,SPY
2005-02-18,65.68214009786249,0,-0.0,RSI_LT_38,SPY
2005-02-22,48.098124476355856,0,0.0,RSI_LT_38,SPY
2005-02-23,51.04166942614359,0,0.0,RSI_LT_38,SPY
2005-02-24,57.01754092436188,0,0.0,RSI_LT_38,SPY
2005-02-25,56.637156191714,0,-0.0,RSI_LT_38,SPY
2005-02-28,52.89255156150495,0,0.0,RSI_LT_38,SPY
2005-03-01,55.02960716892263,0,-0.0,RSI_LT_38,SPY
2005-03-02,60.0,0,0.0,RSI_LT_38,SPY
2005-03-03,58.295977549751406,0,0.0,RSI_LT_38,SPY
2005-03-04,60.42555747282234,0,0.0,RSI_LT_38,SPY
2005-03-07,61.25932910256598,0,-0.0,RSI_LT_38,SPY
2005-03-08,56.39660435460532,0,-0.0,RSI_LT_38,SPY
2005-03-09,48.874307647493715,0,0.0,RSI_LT_38,SPY
2005-03-10,55.07534305396237,0,-0.0,RSI_LT_38,SPY
2005-03-11,50.0,0,0.0,RSI_LT_38,SPY
2005-03-14,63.22915251058379,0,-0.0,RSI_LT_38,SPY
2005-03-15,53.53846852077617,0,-0.0,RSI_LT_38,SPY
2005-03-16,44.38880819509212,0,0.0,RSI_LT_38,SPY
2005-03-17,38.53821580441051,0,-0.0,RSI_LT_38,SPY
2005-03-18,38.453062800433656,0,-0.0,RSI_LT_38,SPY
2005-03-21,32.39592183517418,1,-1.016085490047769,RSI_LT_38,SPY
2005-03-22,28.713856377091716,1,0.08554189291345438,RSI_LT_38,SPY
2005-03-23,29.06742637775848,1,0.11965759799010822,RSI_LT_38,SPY
2005-03-24,17.910365396996426,1,0.1451239284882,RSI_LT_38,SPY
2005-03-28,18.934166513126996,1,-0.6649039259482459,RSI_LT_38,SPY
2005-03-29,18.271263009225393,1,1.4159457162648215,RSI_LT_38,SPY
2005-03-30,35.20675853777527,1,-0.18615774254104878,RSI_LT_38,SPY
2005-03-31,32.51597863767168,1,-0.44930381774361816,RSI_LT_38,SPY
2005-04-01,33.66444605565759,1,0.17031163052239062,RSI_LT_38,SPY
2005-04-04,29.37715893819464,1,0.47607345155489256,RSI_LT_38,SPY
2005-04-05,37.918222642401325,1,0.3468956969673531,RSI_LT_38,SPY
2005-04-06,46.51471268035459,0,0.0,RSI_LT_38,SPY
2005-04-07,49.236623067776456,0,-0.0,RSI_LT_38,SPY
2005-04-08,46.73912142083804,0,0.0,RSI_LT_38,SPY
2005-04-11,49.93693470938495,0,0.0,RSI_LT_38,SPY
2005-04-12,62.26156806126808,0,-0.0,RSI_LT_38,SPY
2005-04-13,51.736131960510754,0,-0.0,RSI_LT_38,SPY
2005-04-14,43.170468816438735,0,-0.0,RSI_LT_38,SPY
2005-04-15,36.236936808211574,1,0.30661276341878985,RSI_LT_38,SPY
2005-04-18,40.81447501422314,0,0.0,RSI_LT_38,SPY
2005-04-19,36.56644350727531,1,-1.395026912108266,RSI_LT_38,SPY
2005-04-20,32.222222946761775,1,1.9420026583545136,RSI_LT_38,SPY
2005-04-21,44.69357522372162,0,-0.0,RSI_LT_38,SPY
2005-04-22,42.43759802823213,0,0.0,RSI_LT_38,SPY
2005-04-25,43.270616214736116,0,-0.0,RSI_LT_38,SPY
2005-04-26,38.30811103234516,0,0.0,RSI_LT_38,SPY
2005-04-27,37.49130727891779,1,-1.2537869074841779,RSI_LT_38,SPY
2005-04-28,36.95055045823486,1,1.3572706595257777,RSI_LT_38,SPY
2005-04-29,42.69664954738029,0,0.0,RSI_LT_38,SPY
2005-05-02,42.83937579660801,0,0.0,RSI_LT_38,SPY
2005-05-03,47.64467203667032,0,0.0,RSI_LT_38,SPY
2005-05-04,56.07871080021682,0,-0.0,RSI_LT_38,SPY
2005-05-05,63.082969053064296,0,-0.0,RSI_LT_38,SPY
2005-05-06,60.2209568816742,0,0.0,RSI_LT_38,SPY
2005-05-09,59.64768037002174,0,-0.0,RSI_LT_38,SPY
2005-05-10,61.57020129573291,0,0.0,RSI_LT_38,SPY
2005-05-11,55.840419303980894,0,-0.0,RSI_LT_38,SPY
2005-05-12,51.66957964015894,0,-0.0,RSI_LT_38,SPY
2005-05-13,47.18894281410894,0,0.0,RSI_LT_38,SPY
2005-05-16,57.407423105723446,0,0.0,RSI_LT_38,SPY
2005-05-17,58.67025218102415,0,0.0,RSI_LT_38,SPY
2005-05-18,71.07438479726771,0,0.0,RSI_LT_38,SPY
2005-05-19,67.98780227780753,0,-0.0,RSI_LT_38,SPY
2005-05-20,64.52992010329027,0,0.0,RSI_LT_38,SPY
2005-05-23,66.19144808554245,0,-0.0,RSI_LT_38,SPY
2005-05-24,60.86956882296648,0,-0.0,RSI_LT_38,SPY
2005-05-25,60.54057397838199,0,0.0,RSI_LT_38,SPY
2005-05-26,65.54627169010517,0,0.0,RSI_LT_38,SPY
2005-05-27,63.515044533176045,0,-0.0,RSI_LT_38,SPY
2005-05-31,66.86189866994476,0,0.0,RSI_LT_38,SPY
2005-06-01,68.27360521537275,0,0.0,RSI_LT_38,SPY
2005-06-02,80.48174596651373,0,-0.0,RSI_LT_38,SPY
2005-06-03,76.78361715298401,0,-0.0,RSI_LT_38,SPY
2005-06-06,72.19182649246517,0,0.0,RSI_LT_38,SPY
2005-06-07,69.2889865105848,0,-0.0,RSI_LT_38,SPY
2005-06-08,59.96448648626634,0,0.0,RSI_LT_38,SPY
2005-06-09,60.457015055055265,0,-0.0,RSI_LT_38,SPY
2005-06-10,59.31032668389864,0,0.0,RSI_LT_38,SPY
2005-06-13,57.24641887670763,0,0.0,RSI_LT_38,SPY
2005-06-14,62.31887062621974,0,0.0,RSI_LT_38,SPY
2005-06-15,64.84095510509985,0,0.0,RSI_LT_38,SPY
2005-06-16,62.66416456607592,0,-0.0,RSI_LT_38,SPY
2005-06-17,60.7350193760127,0,0.0,RSI_LT_38,SPY
2005-06-20,71.6215891126538,0,0.0,RSI_LT_38,SPY
2005-06-21,63.896843752869216,0,0.0,RSI_LT_38,SPY
2005-06-22,62.162118816871725,0,-0.0,RSI_LT_38,SPY
2005-06-23,46.726852194699376,0,-0.0,RSI_LT_38,SPY
2005-06-24,39.80770980113678,0,0.0,RSI_LT_38,SPY
2005-06-27,40.71973528306795,0,0.0,RSI_LT_38,SPY
2005-06-28,51.98017869889978,0,-0.0,RSI_LT_38,SPY
2005-06-29,44.40618807688217,0,-0.0,RSI_LT_38,SPY
2005-06-30,41.74760038270424,0,0.0,RSI_LT_38,SPY
2005-07-01,41.463381351012046,0,0.0,RSI_LT_38,SPY
2005-07-05,47.291339233552385,0,-0.0,RSI_LT_38,SPY
2005-07-06,39.42184976394973,0,0.0,RSI_LT_38,SPY
2005-07-07,40.66918885693329,0,0.0,RSI_LT_38,SPY
2005-07-08,49.78021434446193,0,0.0,RSI_LT_38,SPY
2005-07-11,52.789265236152985,0,0.0,RSI_LT_38,SPY
2005-07-12,53.97785551457002,0,0.0,RSI_LT_38,SPY
2005-07-13,54.30000961305178,0,0.0,RSI_LT_38,SPY
2005-07-14,67.38886472379295,0,-0.0,RSI_LT_38,SPY
2005-07-15,74.24618985501273,0,-0.0,RSI_LT_38,SPY
2005-07-18,69.32365591794161,0,0.0,RSI_LT_38,SPY
2005-07-19,68.05029068484158,0,0.0,RSI_LT_38,SPY
2005-07-20,72.42235553912788,0,-0.0,RSI_LT_38,SPY
2005-07-21,71.79802782097238,0,0.0,RSI_LT_38,SPY
2005-07-22,73.34109595002793,0,-0.0,RSI_LT_38,SPY
2005-07-25,66.91731479843779,0,0.0,RSI_LT_38,SPY
2005-07-26,77.1066818254391,0,0.0,RSI_LT_38,SPY
2005-07-27,77.04222915433161,0,0.0,RSI_LT_38,SPY
2005-07-28,74.9615600975061,0,-0.0,RSI_LT_38,SPY
2005-07-29,63.39280544501905,0,-0.0,RSI_LT_38,SPY
2005-08-01,60.70876897648644,0,0.0,RSI_LT_38,SPY
2005-08-02,63.88100314577212,0,0.0,RSI_LT_38,SPY
2005-08-03,63.09693631943187,0,-0.0,RSI_LT_38,SPY
2005-08-04,55.612278659872864,0,-0.0,RSI_LT_38,SPY
2005-08-05,53.235644818720424,0,-0.0,RSI_LT_38,SPY
2005-08-08,47.612934727822584,0,0.0,RSI_LT_38,SPY
2005-08-09,49.69019144410305,0,-0.0,RSI_LT_38,SPY
2005-08-10,54.11606993931481,0,0.0,RSI_LT_38,SPY
2005-08-11,51.97739625943439,0,-0.0,RSI_LT_38,SPY
2005-08-12,49.132142507904426,0,0.0,RSI_LT_38,SPY
2005-08-15,52.962984242942575,0,-0.0,RSI_LT_38,SPY
2005-08-16,41.468667557587125,0,-0.0,RSI_LT_38,SPY
2005-08-17,36.04238313948316,1,-0.008178811035630673,RSI_LT_38,SPY
2005-08-18,39.89571490101172,0,0.0,RSI_LT_38,SPY
2005-08-19,42.49363003227451,0,0.0,RSI_LT_38,SPY
2005-08-22,36.51685754453341,1,-0.18780383329881634,RSI_LT_38,SPY
2005-08-23,32.336149979622334,1,-0.8916855014226788,RSI_LT_38,SPY
2005-08-24,31.9268478765904,1,0.3631818460338554,RSI_LT_38,SPY
2005-08-25,40.38745137812666,0,-0.0,RSI_LT_38,SPY
2005-08-26,37.07247629246013,1,0.7701227962273904,RSI_LT_38,SPY
2005-08-29,38.66666395398753,0,-0.0,RSI_LT_38,SPY
2005-08-30,35.89107321587068,1,1.2639394801524206,RSI_LT_38,SPY
2005-08-31,43.2017567708878,0,-0.0,RSI_LT_38,SPY
2005-09-01,46.62721647734609,0,-0.0,RSI_LT_38,SPY
2005-09-02,40.2022419457203,0,0.0,RSI_LT_38,SPY
2005-09-06,59.63777592443631,0,0.0,RSI_LT_38,SPY
2005-09-07,60.781893400038484,0,-0.0,RSI_LT_38,SPY
2005-09-08,57.86312887537437,0,0.0,RSI_LT_38,SPY
2005-09-09,61.6393273126442,0,-0.0,RSI_LT_38,SPY
2005-09-12,59.99998376724832,0,-0.0,RSI_LT_38,SPY
2005-09-13,57.20084588844208,0,-0.0,RSI_LT_38,SPY
2005-09-14,61.17135187557303,0,-0.0,RSI_LT_38,SPY
2005-09-15,58.82355479568508,0,0.0,RSI_LT_38,SPY
2005-09-16,66.38753088030897,0,-0.0,RSI_LT_38,SPY
2005-09-19,58.92851929630617,0,-0.0,RSI_LT_38,SPY
2005-09-20,56.06795711986845,0,-0.0,RSI_LT_38,SPY
2005-09-21,39.36307725800746,0,0.0,RSI_LT_38,SPY
2005-09-22,42.97922921640758,0,0.0,RSI_LT_38,SPY
2005-09-23,44.857532632916445,0,0.0,RSI_LT_38,SPY
2005-09-26,34.3658149050039,1,-0.024674106633559845,RSI_LT_38,SPY
2005-09-27,32.121182696509194,1,0.09872078500599013,RSI_LT_38,SPY
2005-09-28,35.499152421462966,1,0.8136808646856286,RSI_LT_38,SPY
2005-09-29,34.354853595358364,1,0.30979719718966514,RSI_LT_38,SPY
2005-09-30,39.652445991485905,0,-0.0,RSI_LT_38,SPY
2005-10-03,41.28284375913677,0,-0.0,RSI_LT_38,SPY
2005-10-04,35.80598010694233,1,-1.311668001380617,RSI_LT_38,SPY
2005-10-05,29.391059486096438,1,-0.35944187498799796,RSI_LT_38,SPY
2005-10-06,25.057972810309423,1,0.3439628125891714,RSI_LT_38,SPY
2005-10-07,29.814398498902506,1,-0.8444127841121807,RSI_LT_38,SPY
2005-10-10,29.918492524706707,1,-0.1433374124219844,RSI_LT_38,SPY
2005-10-11,33.727017959107656,1,-0.7852742571808791,RSI_LT_38,SPY
2005-10-12,26.35473256751348,1,-0.05957420836103511,RSI_LT_38,SPY
2005-10-13,25.216315390904896,1,1.0559464025777343,RSI_LT_38,SPY
2005-10-14,34.16755773100705,1,0.3707781648229602,RSI_LT_38,SPY
2005-10-17,37.2916620307528,1,-1.08303325406518,RSI_LT_38,SPY
2005-10-18,32.126303530556854,1,1.6635538020280283,RSI_LT_38,SPY
2005-10-19,37.73422685155701,1,-1.7615633927659191,RSI_LT_38,SPY
2005-10-20,30.06681804613997,1,0.3909229979014883,RSI_LT_38,SPY
2005-10-21,33.4321742012327,1,1.549142363161904,RSI_LT_38,SPY
2005-10-24,45.4806268796401,0,-0.0,RSI_LT_38,SPY
2005-10-25,50.357442172055826,0,-0.0,RSI_LT_38,SPY
2005-10-26,50.679479493642475,0,-0.0,RSI_LT_38,SPY
2005-10-27,44.35302234093972,0,0.0,RSI_LT_38,SPY
2005-10-28,54.26744002435328,0,0.0,RSI_LT_38,SPY
2005-10-31,55.97748524018104,0,0.0,RSI_LT_38,SPY
2005-11-01,60.95237190303907,0,0.0,RSI_LT_38,SPY
2005-11-02,64.55525114530857,0,0.0,RSI_LT_38,SPY
2005-11-03,62.747867471175,0,-0.0,RSI_LT_38,SPY
2005-11-04,60.8381531568282,0,0.0,RSI_LT_38,SPY
2005-11-07,67.40333188412953,0,0.0,RSI_LT_38,SPY
2005-11-08,61.437930845338414,0,0.0,RSI_LT_38,SPY
2005-11-09,76.94066313066654,0,0.0,RSI_LT_38,SPY
2005-11-10,78.16218044151549,0,0.0,RSI_LT_38,SPY
2005-11-11,74.23472466047232,0,-0.0,RSI_LT_38,SPY
2005-11-14,75.88006628721942,0,-0.0,RSI_LT_38,SPY
2005-11-15,74.90342978898893,0,0.0,RSI_LT_38,SPY
2005-11-16,89.92592140480323,0,0.0,RSI_LT_38,SPY
2005-11-17,89.03224774379004,0,0.0,RSI_LT_38,SPY
2005-11-18,89.30817232833265,0,0.0,RSI_LT_38,SPY
2005-11-21,89.74359269419844,0,0.0,RSI_LT_38,SPY
2005-11-22,88.49407980006093,0,0.0,RSI_LT_38,SPY
2005-11-23,88.88888888888889,0,0.0,RSI_LT_38,SPY
2005-11-25,91.41907875769391,0,-0.0,RSI_LT_38,SPY
2005-11-28,79.23978173673666,0,-0.0,RSI_LT_38,SPY
2005-11-29,77.65036622169174,0,-0.0,RSI_LT_38,SPY
2005-11-30,70.13336181640625,0,0.0,RSI_LT_38,SPY
2005-12-01,71.39211570953353,0,0.0,RSI_LT_38,SPY
2005-12-02,70.40950843265666,0,-0.0,RSI_LT_38,SPY
2005-12-05,68.59719096489884,0,0.0,RSI_LT_38,SPY
2005-12-06,73.67731622299684,0,-0.0,RSI_LT_38,SPY
2005-12-07,66.08702080413069,0,-0.0,RSI_LT_38,SPY
2005-12-08,59.74215197621546,0,0.0,RSI_LT_38,SPY
2005-12-09,58.79770759663455,0,0.0,RSI_LT_38,SPY
2005-12-12,55.467492724236784,0,0.0,RSI_LT_38,SPY
2005-12-13,57.61688093495542,0,0.0,RSI_LT_38,SPY
2005-12-14,56.09376080337792,0,-0.0,RSI_LT_38,SPY
2005-12-15,52.323885583822424,0,-0.0,RSI_LT_38,SPY
2005-12-16,50.948887386519445,0,-0.0,RSI_LT_38,SPY
2005-12-19,47.418489105792865,0,0.0,RSI_LT_38,SPY
2005-12-20,53.088227374316716,0,0.0,RSI_LT_38,SPY
2005-12-21,44.230723060301706,0,0.0,RSI_LT_38,SPY
2005-12-22,48.71385693275945,0,0.0,RSI_LT_38,SPY
2005-12-23,51.49501997964648,0,-0.0,RSI_LT_38,SPY
2005-12-27,40.452627069351955,0,0.0,RSI_LT_38,SPY
2005-12-28,47.503768528115636,0,-0.0,RSI_LT_38,SPY
2005-12-29,44.287743462821474,0,-0.0,RSI_LT_38,SPY
2005-12-30,37.768810726279895,1,1.7588906709804508,RSI_LT_38,SPY
2006-01-03,51.31440664776566,0,0.0,RSI_LT_38,SPY
2006-01-04,49.94597563872466,0,0.0,RSI_LT_38,SPY
2006-01-05,47.565115585835066,0,0.0,RSI_LT_38,SPY
2006-01-06,55.25209848325781,0,0.0,RSI_LT_38,SPY
2006-01-09,63.74003698993129,0,0.0,RSI_LT_38,SPY
2006-01-10,69.33331976995274,0,0.0,RSI_LT_38,SPY
2006-01-11,70.37469826346268,0,-0.0,RSI_LT_38,SPY
2006-01-12,65.649757841905,0,-0.0,RSI_LT_38,SPY
2006-01-13,61.97347063187197,0,-0.0,RSI_LT_38,SPY
2006-01-17,59.138543414331735,0,-0.0,RSI_LT_38,SPY
2006-01-18,65.04482397176437,0,0.0,RSI_LT_38,SPY
2006-01-19,65.9601063930989,0,-0.0,RSI_LT_38,SPY
2006-01-20,53.97959056569695,0,0.0,RSI_LT_38,SPY
2006-01-23,59.97909685998484,0,0.0,RSI_LT_38,SPY
2006-01-24,49.00137146340224,0,0.0,RSI_LT_38,SPY
2006-01-25,45.44159265490304,0,0.0,RSI_LT_38,SPY
2006-01-26,49.86913177596319,0,0.0,RSI_LT_38,SPY
2006-01-27,50.64427262967055,0,-0.0,RSI_LT_38,SPY
2006-01-30,47.80874354589004,0,-0.0,RSI_LT_38,SPY
2006-01-31,41.60673217837089,0,0.0,RSI_LT_38,SPY
2006-02-01,44.78457716434901,0,-0.0,RSI_LT_38,SPY
2006-02-02,40.306095042206984,0,-0.0,RSI_LT_38,SPY
2006-02-03,38.31230866341707,0,0.0,RSI_LT_38,SPY
2006-02-06,41.59375234016618,0,-0.0,RSI_LT_38,SPY
2006-02-07,39.26605080766748,0,0.0,RSI_LT_38,SPY
2006-02-08,42.68399257800656,0,-0.0,RSI_LT_38,SPY
2006-02-09,52.33547367125187,0,0.0,RSI_LT_38,SPY
2006-02-10,51.19566118786593,0,-0.0,RSI_LT_38,SPY
2006-02-13,49.2473128864956,0,0.0,RSI_LT_38,SPY
2006-02-14,55.17568672003153,0,0.0,RSI_LT_38,SPY
2006-02-15,54.08559791482364,0,0.0,RSI_LT_38,SPY
2006-02-16,53.08156792675768,0,-0.0,RSI_LT_38,SPY
2006-02-17,51.794351138711455,0,-0.0,RSI_LT_38,SPY
2006-02-21,55.10839423472111,0,0.0,RSI_LT_38,SPY
2006-02-22,54.59293380097287,0,-0.0,RSI_LT_38,SPY
2006-02-23,63.16426712123655,0,0.0,RSI_LT_38,SPY
2006-02-24,69.67425878600663,0,0.0,RSI_LT_38,SPY
2006-02-27,68.57150783797522,0,-0.0,RSI_LT_38,SPY
2006-02-28,67.60557326411852,0,0.0,RSI_LT_38,SPY
2006-03-01,67.60557326411852,0,-0.0,RSI_LT_38,SPY
2006-03-02,69.3823699845006,0,-0.0,RSI_LT_38,SPY
2006-03-03,63.28315913862534,0,-0.0,RSI_LT_38,SPY
2006-03-06,60.55151114859734,0,-0.0,RSI_LT_38,SPY
2006-03-07,51.5277836646463,0,0.0,RSI_LT_38,SPY
2006-03-08,50.28496035334215,0,-0.0,RSI_LT_38,SPY
2006-03-09,37.13872115419599,1,0.9499129459591638,RSI_LT_38,SPY
2006-03-10,48.58611295798349,0,0.0,RSI_LT_38,SPY
2006-03-13,52.20776055280215,0,0.0,RSI_LT_38,SPY
2006-03-14,55.501730678396406,0,0.0,RSI_LT_38,SPY
2006-03-15,59.699705572969805,0,0.0,RSI_LT_38,SPY
2006-03-16,59.418552867137095,0,-0.0,RSI_LT_38,SPY
2006-03-17,56.47313369799933,0,-0.0,RSI_LT_38,SPY
2006-03-20,63.72800544242788,0,-0.0,RSI_LT_38,SPY
2006-03-21,51.44357559798553,0,0.0,RSI_LT_38,SPY
2006-03-22,56.0714363565024,0,-0.0,RSI_LT_38,SPY
2006-03-23,58.36432667709128,0,0.0,RSI_LT_38,SPY
2006-03-24,63.45646331766529,0,-0.0,RSI_LT_38,SPY
2006-03-27,63.54024309124993,0,-0.0,RSI_LT_38,SPY
2006-03-28,56.04932899307517,0,0.0,RSI_LT_38,SPY
2006-03-29,66.45958376811265,0,-0.0,RSI_LT_38,SPY
2006-03-30,58.55730444748037,0,0.0,RSI_LT_38,SPY
2006-03-31,57.28861287696462,0,-0.0,RSI_LT_38,SPY
2006-04-03,45.98935426577345,0,0.0,RSI_LT_38,SPY
2006-04-04,48.29355046179725,0,0.0,RSI_LT_38,SPY
2006-04-05,49.8344023706608,0,-0.0,RSI_LT_38,SPY
2006-04-06,52.166370483202165,0,-0.0,RSI_LT_38,SPY
2006-04-07,43.68645428473353,0,0.0,RSI_LT_38,SPY
2006-04-10,51.19623861985384,0,-0.0,RSI_LT_38,SPY
2006-04-11,36.77813876153969,1,0.1865714352478287,RSI_LT_38,SPY
2006-04-12,40.61076775776156,0,-0.0,RSI_LT_38,SPY
2006-04-13,38.67073873458568,0,-0.0,RSI_LT_38,SPY
2006-04-17,39.5062106316595,0,0.0,RSI_LT_38,SPY
2006-04-18,59.58544409503912,0,0.0,RSI_LT_38,SPY
2006-04-19,56.42455124147822,0,0.0,RSI_LT_38,SPY
2006-04-20,59.35299583872539,0,0.0,RSI_LT_38,SPY
2006-04-21,59.295690801986645,0,-0.0,RSI_LT_38,SPY
2006-04-24,58.14921988446324,0,-0.0,RSI_LT_38,SPY
2006-04-25,48.63307836197736,0,0.0,RSI_LT_38,SPY
2006-04-26,45.32925498479967,0,0.0,RSI_LT_38,SPY
2006-04-27,51.139624052305756,0,0.0,RSI_LT_38,SPY
2006-04-28,65.74226421763493,0,-0.0,RSI_LT_38,SPY
2006-05-01,54.714192604735004,0,0.0,RSI_LT_38,SPY
2006-05-02,69.91277232312166,0,-0.0,RSI_LT_38,SPY
2006-05-03,64.09529332959534,0,0.0,RSI_LT_38,SPY
2006-05-04,67.83301227681781,0,0.0,RSI_LT_38,SPY
2006-05-05,72.59947219745604,0,-0.0,RSI_LT_38,SPY
2006-05-08,62.46242599754395,0,0.0,RSI_LT_38,SPY
2006-05-09,62.51867306297712,0,-0.0,RSI_LT_38,SPY
2006-05-10,60.823135628505035,0,-0.0,RSI_LT_38,SPY
2006-05-11,48.771522030498716,0,-0.0,RSI_LT_38,SPY
2006-05-12,41.311171906135726,0,0.0,RSI_LT_38,SPY
2006-05-15,45.33765528610586,0,-0.0,RSI_LT_38,SPY
2006-05-16,44.257144602838224,0,-0.0,RSI_LT_38,SPY
2006-05-17,31.537125514831814,1,-0.5045324377981775,RSI_LT_38,SPY
2006-05-18,27.170153203647004,1,0.7051734380037145,RSI_LT_38,SPY
2006-05-19,35.44976072370231,1,-0.7631795691174781,RSI_LT_38,SPY
2006-05-22,26.8313754802043,1,-0.7611187706155653,RSI_LT_38,SPY
2006-05-23,25.76268161857125,1,0.7989134893573002,RSI_LT_38,SPY
2006-05-24,28.953738469268302,1,1.2364311727256938,RSI_LT_38,SPY
2006-05-25,31.186153205337575,1,0.508887112499723,RSI_LT_38,SPY
2006-05-26,34.94705009897447,1,-1.7759824910215882,RSI_LT_38,SPY
2006-05-30,28.6089318996344,1,1.1181631079866694,RSI_LT_38,SPY
2006-05-31,34.80097092963061,1,0.9567826608654295,RSI_LT_38,SPY
2006-06-01,43.148143089792335,0,0.0,RSI_LT_38,SPY
2006-06-02,49.18697379956002,0,-0.0,RSI_LT_38,SPY
2006-06-05,42.735056668472325,0,-0.0,RSI_LT_38,SPY
2006-06-06,42.42424943010788,0,-0.0,RSI_LT_38,SPY
2006-06-07,46.69780854868073,0,-0.0,RSI_LT_38,SPY
2006-06-08,48.409409999351034,0,-0.0,RSI_LT_38,SPY
2006-06-09,43.73658577078639,0,-0.0,RSI_LT_38,SPY
2006-06-12,42.548756877604674,0,-0.0,RSI_LT_38,SPY
2006-06-13,41.17253008827264,0,0.0,RSI_LT_38,SPY
2006-06-14,40.973642236798945,0,0.0,RSI_LT_38,SPY
2006-06-15,44.92113567705676,0,-0.0,RSI_LT_38,SPY
2006-06-16,38.81223137515326,0,-0.0,RSI_LT_38,SPY
2006-06-19,42.094990660570424,0,0.0,RSI_LT_38,SPY
2006-06-20,38.10846157315174,0,0.0,RSI_LT_38,SPY
2006-06-21,36.789804361431486,1,-0.439967236508354,RSI_LT_38,SPY
2006-06-22,34.19220643982159,1,-0.01606672281335708,RSI_LT_38,SPY
2006-06-23,39.280005322262376,0,0.0,RSI_LT_38,SPY
2006-06-26,42.857142857142854,0,-0.0,RSI_LT_38,SPY
2006-06-27,42.424251406132925,0,0.0,RSI_LT_38,SPY
2006-06-28,46.32352693682969,0,0.0,RSI_LT_38,SPY
2006-06-29,56.10686985852605,0,0.0,RSI_LT_38,SPY
2006-06-30,61.447473139145515,0,0.0,RSI_LT_38,SPY
2006-07-03,69.51673305281358,0,-0.0,RSI_LT_38,SPY
2006-07-05,63.49205891528837,0,0.0,RSI_LT_38,SPY
2006-07-06,56.010925734329,0,-0.0,RSI_LT_38,SPY
2006-07-07,59.477748222698544,0,0.0,RSI_LT_38,SPY
2006-07-10,66.56250422199633,0,0.0,RSI_LT_38,SPY
2006-07-11,67.04314913656296,0,-0.0,RSI_LT_38,SPY
2006-07-12,55.1080593533901,0,-0.0,RSI_LT_38,SPY
2006-07-13,48.03082588846845,0,-0.0,RSI_LT_38,SPY
2006-07-14,46.21085145627712,0,-0.0,RSI_LT_38,SPY
2006-07-17,42.99065481140765,0,0.0,RSI_LT_38,SPY
2006-07-18,50.265006355569504,0,0.0,RSI_LT_38,SPY
2006-07-19,53.852460349125316,0,-0.0,RSI_LT_38,SPY
2006-07-20,38.42510656871538,0,-0.0,RSI_LT_38,SPY
2006-07-21,35.40757293706069,1,1.8233176215197267,RSI_LT_38,SPY
2006-07-24,43.95437227061251,0,0.0,RSI_LT_38,SPY
2006-07-25,48.40716793694473,0,0.0,RSI_LT_38,SPY
2006-07-26,47.59274179465594,0,-0.0,RSI_LT_38,SPY
2006-07-27,50.41805278685911,0,0.0,RSI_LT_38,SPY
2006-07-28,54.349506351937876,0,-0.0,RSI_LT_38,SPY
2006-07-31,51.75156672451464,0,-0.0,RSI_LT_38,SPY
2006-08-01,54.94503368403945,0,0.0,RSI_LT_38,SPY
2006-08-02,69.17288704368964,0,0.0,RSI_LT_38,SPY
2006-08-03,73.33328973688819,0,-0.0,RSI_LT_38,SPY
2006-08-04,73.0549792906561,0,-0.0,RSI_LT_38,SPY
2006-08-07,69.24581187179945,0,-0.0,RSI_LT_38,SPY
2006-08-08,59.57683249676304,0,-0.0,RSI_LT_38,SPY
2006-08-09,62.57309263144181,0,0.0,RSI_LT_38,SPY
2006-08-10,71.2159032070887,0,-0.0,RSI_LT_38,SPY
2006-08-11,56.493527403877124,0,0.0,RSI_LT_38,SPY
2006-08-14,53.87260875502936,0,0.0,RSI_LT_38,SPY
2006-08-15,62.56984728432054,0,0.0,RSI_LT_38,SPY
2006-08-16,68.43403484312691,0,0.0,RSI_LT_38,SPY
2006-08-17,64.29566336981331,0,0.0,RSI_LT_38,SPY
2006-08-18,68.44160978466252,0,-0.0,RSI_LT_38,SPY
2006-08-21,69.06951257801892,0,-0.0,RSI_LT_38,SPY
2006-08-22,65.0442009839445,0,-0.0,RSI_LT_38,SPY
2006-08-23,59.85290982732892,0,-0.0,RSI_LT_38,SPY
2006-08-24,60.83704349095421,0,0.0,RSI_LT_38,SPY
2006-08-25,64.5800986112195,0,0.0,RSI_LT_38,SPY
2006-08-28,72.60468133610183,0,0.0,RSI_LT_38,SPY
2006-08-29,78.12491431854784,0,0.0,RSI_LT_38,SPY
2006-08-30,77.01141649472396,0,-0.0,RSI_LT_38,SPY
2006-08-31,81.56506786153567,0,0.0,RSI_LT_38,SPY
2006-09-01,83.51463462095217,0,0.0,RSI_LT_38,SPY
2006-09-05,79.4571912694024,0,-0.0,RSI_LT_38,SPY
2006-09-06,57.714217621037825,0,-0.0,RSI_LT_38,SPY
2006-09-07,48.913091552410435,0,0.0,RSI_LT_38,SPY
2006-09-08,46.080279150644486,0,0.0,RSI_LT_38,SPY
2006-09-11,52.916642824899704,0,0.0,RSI_LT_38,SPY
2006-09-12,62.93249942182582,0,0.0,RSI_LT_38,SPY
2006-09-13,69.71157490616098,0,0.0,RSI_LT_38,SPY
2006-09-14,71.00978898633419,0,-0.0,RSI_LT_38,SPY
2006-09-15,67.20011523465632,0,0.0,RSI_LT_38,SPY
2006-09-18,64.71610949593315,0,-0.0,RSI_LT_38,SPY
2006-09-19,60.2671190827366,0,0.0,RSI_LT_38,SPY
2006-09-20,63.99394262577016,0,-0.0,RSI_LT_38,SPY
2006-09-21,58.5062354507907,0,-0.0,RSI_LT_38,SPY
2006-09-22,50.364987893138846,0,0.0,RSI_LT_38,SPY
2006-09-25,55.3219603549845,0,0.0,RSI_LT_38,SPY
2006-09-26,70.33128938507743,0,0.0,RSI_LT_38,SPY
2006-09-27,76.93402209207248,0,-0.0,RSI_LT_38,SPY
2006-09-28,75.11056477927494,0,-0.0,RSI_LT_38,SPY
2006-09-29,73.41218949821605,0,-0.0,RSI_LT_38,SPY
2006-10-02,61.602714496419644,0,0.0,RSI_LT_38,SPY
2006-10-03,59.93035156509603,0,0.0,RSI_LT_38,SPY
2006-10-04,68.4500037676136,0,0.0,RSI_LT_38,SPY
2006-10-05,72.11533826170978,0,-0.0,RSI_LT_38,SPY
2006-10-06,69.73864824135369,0,0.0,RSI_LT_38,SPY
2006-10-09,73.36185122874743,0,0.0,RSI_LT_38,SPY
2006-10-10,71.23084435096153,0,-0.0,RSI_LT_38,SPY
2006-10-11,76.91032552905125,0,0.0,RSI_LT_38,SPY
2006-10-12,85.41967235218769,0,0.0,RSI_LT_38,SPY
2006-10-13,83.84988188790179,0,0.0,RSI_LT_38,SPY
2006-10-16,81.10678520364928,0,-0.0,RSI_LT_38,SPY
2006-10-17,74.22868267502623,0,0.0,RSI_LT_38,SPY
2006-10-18,75.70923808647754,0,0.0,RSI_LT_38,SPY
2006-10-19,78.0869939044293,0,0.0,RSI_LT_38,SPY
2006-10-20,85.6061197182895,0,0.0,RSI_LT_38,SPY
2006-10-23,86.50096079053141,0,0.0,RSI_LT_38,SPY
2006-10-24,83.03582072268146,0,0.0,RSI_LT_38,SPY
2006-10-25,83.7954347288557,0,0.0,RSI_LT_38,SPY
2006-10-26,88.08087471447551,0,-0.0,RSI_LT_38,SPY
2006-10-27,74.56456552252138,0,-0.0,RSI_LT_38,SPY
2006-10-30,72.43814920753883,0,-0.0,RSI_LT_38,SPY
2006-10-31,74.27534429093483,0,-0.0,RSI_LT_38,SPY
2006-11-01,55.492458724557764,0,-0.0,RSI_LT_38,SPY
2006-11-02,51.49695127522584,0,-0.0,RSI_LT_38,SPY
2006-11-03,47.023775283756336,0,0.0,RSI_LT_38,SPY
2006-11-06,63.57720067386682,0,0.0,RSI_LT_38,SPY
2006-11-07,65.53845792692232,0,0.0,RSI_LT_38,SPY
2006-11-08,65.95745174246571,0,-0.0,RSI_LT_38,SPY
2006-11-09,59.203234514906605,0,0.0,RSI_LT_38,SPY
2006-11-10,55.73770491803278,0,0.0,RSI_LT_38,SPY
2006-11-13,55.27103761596283,0,0.0,RSI_LT_38,SPY
2006-11-14,58.80710917725538,0,0.0,RSI_LT_38,SPY
2006-11-15,58.635089501456804,0,0.0,RSI_LT_38,SPY
2006-11-16,68.51562928936147,0,0.0,RSI_LT_38,SPY
2006-11-17,69.74272556239107,0,0.0,RSI_LT_38,SPY
2006-11-20,70.3148055370636,0,0.0,RSI_LT_38,SPY
2006-11-21,82.1426532487012,0,0.0,RSI_LT_38,SPY
2006-11-22,84.04586647124813,0,-0.0,RSI_LT_38,SPY
2006-11-24,79.71920102264531,0,-0.0,RSI_LT_38,SPY
2006-11-27,52.49996634099712,0,0.0,RSI_LT_38,SPY
2006-11-28,52.98400387354132,0,0.0,RSI_LT_38,SPY
2006-11-29,59.72564687975647,0,0.0,RSI_LT_38,SPY
2006-11-30,65.9864228030476,0,-0.0,RSI_LT_38,SPY
2006-12-01,63.026303373200314,0,0.0,RSI_LT_38,SPY
2006-12-04,66.26648153372143,0,0.0,RSI_LT_38,SPY
2006-12-05,64.43038316973582,0,-0.0,RSI_LT_38,SPY
2006-12-06,61.54855091182519,0,-0.0,RSI_LT_38,SPY
2006-12-07,54.949246933709254,0,0.0,RSI_LT_38,SPY
2006-12-08,56.17285811167207,0,0.0,RSI_LT_38,SPY
2006-12-11,57.888525468489526,0,-0.0,RSI_LT_38,SPY
2006-12-12,56.42859867647833,0,0.0,RSI_LT_38,SPY
2006-12-13,55.743651530219694,0,0.0,RSI_LT_38,SPY
2006-12-14,65.47483061857041,0,-0.0,RSI_LT_38,SPY
2006-12-15,75.12828187386415,0,-0.0,RSI_LT_38,SPY
2006-12-18,69.30175145150136,0,0.0,RSI_LT_38,SPY
2006-12-19,63.6506032126908,0,-0.0,RSI_LT_38,SPY
2006-12-20,62.51948884063646,0,-0.0,RSI_LT_38,SPY
2006-12-21,60.54214790949494,0,-0.0,RSI_LT_38,SPY
2006-12-22,45.8074971982059,0,0.0,RSI_LT_38,SPY
2006-12-26,47.59765298337339,0,0.0,RSI_LT_38,SPY
2006-12-27,54.88619209768912,0,-0.0,RSI_LT_38,SPY
2006-12-28,57.342700621664136,0,-0.0,RSI_LT_38,SPY
2006-12-29,51.336878759875894,0,-0.0,RSI_LT_38,SPY
2007-01-03,46.85787423158781,0,0.0,RSI_LT_38,SPY
2007-01-04,49.6670899578402,0,-0.0,RSI_LT_38,SPY
2007-01-05,42.167249879133934,0,0.0,RSI_LT_38,SPY
2007-01-08,37.769397385317546,1,-0.0849883951502095,RSI_LT_38,SPY
2007-01-09,41.217240083912664,0,0.0,RSI_LT_38,SPY
2007-01-10,47.195596449773305,0,0.0,RSI_LT_38,SPY
2007-01-11,49.60837121468668,0,0.0,RSI_LT_38,SPY
2007-01-12,56.35107181494937,0,-0.0,RSI_LT_38,SPY
2007-01-16,57.95731524991256,0,0.0,RSI_LT_38,SPY
2007-01-17,64.914612946109,0,-0.0,RSI_LT_38,SPY
2007-01-18,56.61150250529643,0,0.0,RSI_LT_38,SPY
2007-01-19,52.3450178326158,0,-0.0,RSI_LT_38,SPY
2007-01-22,51.259237156142696,0,0.0,RSI_LT_38,SPY
2007-01-23,58.96658156107312,0,0.0,RSI_LT_38,SPY
2007-01-24,67.24594103355494,0,-0.0,RSI_LT_38,SPY
2007-01-25,53.32578710696259,0,-0.0,RSI_LT_38,SPY
2007-01-26,60.101712200616944,0,-0.0,RSI_LT_38,SPY
2007-01-29,55.890412676913044,0,0.0,RSI_LT_38,SPY
2007-01-30,60.85849974472348,0,0.0,RSI_LT_38,SPY
2007-01-31,63.13913045055964,0,0.0,RSI_LT_38,SPY
2007-02-01,64.16181708171118,0,0.0,RSI_LT_38,SPY
2007-02-02,60.1029034887032,0,0.0,RSI_LT_38,SPY
2007-02-05,62.549773347626186,0,0.0,RSI_LT_38,SPY
2007-02-06,62.45001787978284,0,0.0,RSI_LT_38,SPY
2007-02-07,68.16334156822853,0,-0.0,RSI_LT_38,SPY
2007-02-08,65.1515055980462,0,-0.0,RSI_LT_38,SPY
2007-02-09,59.87340989774672,0,-0.0,RSI_LT_38,SPY
2007-02-12,54.077752803825994,0,0.0,RSI_LT_38,SPY
2007-02-13,54.42095562037416,0,0.0,RSI_LT_38,SPY
2007-02-14,72.97669531436418,0,0.0,RSI_LT_38,SPY
2007-02-15,74.96590137660866,0,-0.0,RSI_LT_38,SPY
2007-02-16,75.06797828021188,0,0.0,RSI_LT_38,SPY
2007-02-20,73.51652622467185,0,-0.0,RSI_LT_38,SPY
2007-02-21,68.5522998529983,0,-0.0,RSI_LT_38,SPY
2007-02-22,61.9770771145361,0,-0.0,RSI_LT_38,SPY
2007-02-23,54.3517206052541,0,-0.0,RSI_LT_38,SPY
2007-02-26,52.79712538046828,0,-0.0,RSI_LT_38,SPY
2007-02-27,26.255553987107348,1,1.025084355398742,RSI_LT_38,SPY
2007-02-28,32.82499305027437,1,-0.2980190099857172,RSI_LT_38,SPY
2007-03-01,32.230067383953866,1,-1.3095127818833596,RSI_LT_38,SPY
2007-03-02,30.408901605179594,1,-0.9518944853676992,RSI_LT_38,SPY
2007-03-05,28.64146399060536,1,1.7109506663985696,RSI_LT_38,SPY
2007-03-06,33.91693541125096,1,-0.10021431117160917,RSI_LT_38,SPY
2007-03-07,29.294950594216687,1,0.8455201742711971,RSI_LT_38,SPY
2007-03-08,33.78203372588912,1,0.028416430703326334,RSI_LT_38,SPY
2007-03-09,34.10401678568944,1,0.14917368638169837,RSI_LT_38,SPY
2007-03-12,33.67809516294484,1,-1.9434040615715187,RSI_LT_38,SPY
2007-03-13,28.705220865977225,1,0.7450262418060571,RSI_LT_38,SPY
2007-03-14,32.721540763500485,1,0.13641760703009265,RSI_LT_38,SPY
2007-03-15,34.403408696617674,1,-0.6739818119874785,RSI_LT_38,SPY
2007-03-16,32.974347216755575,1,1.20551373973945,RSI_LT_38,SPY
2007-03-19,52.25805689466601,0,0.0,RSI_LT_38,SPY
2007-03-20,50.13479971292082,0,0.0,RSI_LT_38,SPY
2007-03-21,58.30346595300947,0,-0.0,RSI_LT_38,SPY
2007-03-22,65.02330498782652,0,0.0,RSI_LT_38,SPY
2007-03-23,71.72658024416242,0,-0.0,RSI_LT_38,SPY
2007-03-26,64.90627688804436,0,-0.0,RSI_LT_38,SPY
2007-03-27,63.819087771133844,0,-0.0,RSI_LT_38,SPY
2007-03-28,54.57627776161381,0,0.0,RSI_LT_38,SPY
2007-03-29,54.99581056046245,0,0.0,RSI_LT_38,SPY
2007-03-30,54.30517849407535,0,0.0,RSI_LT_38,SPY
2007-04-02,71.3661544824182,0,0.0,RSI_LT_38,SPY
2007-04-03,72.84977435952575,0,0.0,RSI_LT_38,SPY
2007-04-04,72.76510969837705,0,0.0,RSI_LT_38,SPY
2007-04-05,81.47746256378163,0,0.0,RSI_LT_38,SPY
2007-04-09,77.89480658457695,0,0.0,RSI_LT_38,SPY
2007-04-10,76.00005231596225,0,-0.0,RSI_LT_38,SPY
2007-04-11,56.92611487836374,0,0.0,RSI_LT_38,SPY
2007-04-12,62.758742252202005,0,0.0,RSI_LT_38,SPY
2007-04-13,65.440101172122,0,0.0,RSI_LT_38,SPY
2007-04-16,73.5215941392903,0,0.0,RSI_LT_38,SPY
2007-04-17,78.23771602259694,0,0.0,RSI_LT_38,SPY
2007-04-18,91.101097115555,0,-0.0,RSI_LT_38,SPY
2007-04-19,90.33735475491171,0,0.0,RSI_LT_38,SPY
2007-04-20,92.00501913156631,0,-0.0,RSI_LT_38,SPY
2007-04-23,85.62798771925299,0,0.0,RSI_LT_38,SPY
2007-04-24,82.52565538875196,0,0.0,RSI_LT_38,SPY
2007-04-25,85.1435298689572,0,0.0,RSI_LT_38,SPY
2007-04-26,84.7239606287645,0,-0.0,RSI_LT_38,SPY
2007-04-27,83.00909195261261,0,-0.0,RSI_LT_38,SPY
2007-04-30,70.95668102174812,0,0.0,RSI_LT_38,SPY
2007-05-01,77.12946279137674,0,0.0,RSI_LT_38,SPY
2007-05-02,77.72720415732499,0,0.0,RSI_LT_38,SPY
2007-05-03,78.10051351296057,0,0.0,RSI_LT_38,SPY
2007-05-04,75.92133677249073,0,0.0,RSI_LT_38,SPY
2007-05-07,74.80715710444406,0,-0.0,RSI_LT_38,SPY
2007-05-08,72.30765619222937,0,0.0,RSI_LT_38,SPY
2007-05-09,74.05146153831788,0,-0.0,RSI_LT_38,SPY
2007-05-10,55.74166652977563,0,0.0,RSI_LT_38,SPY
2007-05-11,65.41851589820979,0,-0.0,RSI_LT_38,SPY
2007-05-14,62.88771170536032,0,0.0,RSI_LT_38,SPY
2007-05-15,56.78710891107923,0,0.0,RSI_LT_38,SPY
2007-05-16,60.96742966207588,0,-0.0,RSI_LT_38,SPY
2007-05-17,59.757441374936285,0,0.0,RSI_LT_38,SPY
2007-05-18,73.66118851673045,0,-0.0,RSI_LT_38,SPY
2007-05-21,71.86436411411152,0,-0.0,RSI_LT_38,SPY
2007-05-22,67.777794522664,0,0.0,RSI_LT_38,SPY
2007-05-23,64.29546536191104,0,-0.0,RSI_LT_38,SPY
2007-05-24,50.86206410562376,0,0.0,RSI_LT_38,SPY
2007-05-25,54.243142744652,0,0.0,RSI_LT_38,SPY
2007-05-29,58.21390178209427,0,0.0,RSI_LT_38,SPY
2007-05-30,61.71712080788278,0,-0.0,RSI_LT_38,SPY
2007-05-31,72.0519302917705,0,0.0,RSI_LT_38,SPY
2007-06-01,70.22616003343136,0,0.0,RSI_LT_38,SPY
2007-06-04,73.33339982048469,0,-0.0,RSI_LT_38,SPY
2007-06-05,67.7615763729685,0,-0.0,RSI_LT_38,SPY
2007-06-06,51.35741139024196,0,-0.0,RSI_LT_38,SPY
2007-06-07,40.24822623081657,0,0.0,RSI_LT_38,SPY
2007-06-08,43.361324926879504,0,0.0,RSI_LT_38,SPY
2007-06-11,44.86758438448149,0,-0.0,RSI_LT_38,SPY
2007-06-12,39.823643834541365,0,0.0,RSI_LT_38,SPY
2007-06-13,48.26278272855649,0,0.0,RSI_LT_38,SPY
2007-06-14,55.83658646400776,0,0.0,RSI_LT_38,SPY
2007-06-15,54.60001627604167,0,-0.0,RSI_LT_38,SPY
2007-06-18,52.221441146776364,0,0.0,RSI_LT_38,SPY
2007-06-19,49.237504875713626,0,-0.0,RSI_LT_38,SPY
2007-06-20,43.07495887213184,0,0.0,RSI_LT_38,SPY
2007-06-21,43.36282844416666,0,-0.0,RSI_LT_38,SPY
2007-06-22,39.69820764851172,0,-0.0,RSI_LT_38,SPY
2007-06-25,39.44637256730928,0,-0.0,RSI_LT_38,SPY
2007-06-26,39.69820764851172,0,0.0,RSI_LT_38,SPY
2007-06-27,53.91561724423201,0,-0.0,RSI_LT_38,SPY
2007-06-28,47.75208898303764,0,0.0,RSI_LT_38,SPY
2007-06-29,46.99374780529934,0,0.0,RSI_LT_38,SPY
2007-07-02,57.54583283564743,0,0.0,RSI_LT_38,SPY
2007-07-03,51.801428143840596,0,-0.0,RSI_LT_38,SPY
2007-07-05,47.089009106930334,0,0.0,RSI_LT_38,SPY
2007-07-06,49.633204705226916,0,0.0,RSI_LT_38,SPY
2007-07-09,50.85997788039166,0,-0.0,RSI_LT_38,SPY
2007-07-10,41.613117539426675,0,0.0,RSI_LT_38,SPY
2007-07-11,53.281873753964916,0,0.0,RSI_LT_38,SPY
2007-07-12,58.30462453519088,0,0.0,RSI_LT_38,SPY
2007-07-13,65.8788607542156,0,-0.0,RSI_LT_38,SPY
2007-07-16,69.47036426123373,0,-0.0,RSI_LT_38,SPY
2007-07-17,78.38310755818242,0,-0.0,RSI_LT_38,SPY
2007-07-18,71.30889801396457,0,0.0,RSI_LT_38,SPY
2007-07-19,73.14899334520291,0,-0.0,RSI_LT_38,SPY
2007-07-20,63.17593497297963,0,0.0,RSI_LT_38,SPY
2007-07-23,60.130096104349164,0,-0.0,RSI_LT_38,SPY
2007-07-24,45.96277486148084,0,0.0,RSI_LT_38,SPY
2007-07-25,47.81277775760975,0,-0.0,RSI_LT_38,SPY
2007-07-26,34.32370546556557,1,-1.9659529645418172,RSI_LT_38,SPY
2007-07-27,28.533067896988186,1,1.564333445601962,RSI_LT_38,SPY
2007-07-30,40.53479121192958,0,-0.0,RSI_LT_38,SPY
2007-07-31,33.748064968030945,1,0.48722992666105913,RSI_LT_38,SPY
2007-08-01,27.386372010559768,1,0.799025804996778,RSI_LT_38,SPY
2007-08-02,30.20210572632891,1,-2.5745277063828675,RSI_LT_38,SPY
2007-08-03,25.033985129433617,1,1.6759413149956215,RSI_LT_38,SPY
2007-08-06,32.51436680161285,1,1.0669567655835266,RSI_LT_38,SPY
2007-08-07,36.96500041263996,1,1.394056641424668,RSI_LT_38,SPY
2007-08-08,40.353457579640875,0,-0.0,RSI_LT_38,SPY
2007-08-09,36.49684179290434,1,-0.4677025095507825,RSI_LT_38,SPY
2007-08-10,34.68916530301357,1,0.35933175975870757,RSI_LT_38,SPY
2007-08-13,39.19542877257177,0,-0.0,RSI_LT_38,SPY
2007-08-14,35.666656494140625,1,-1.377526953620689,RSI_LT_38,SPY
2007-08-15,37.7025902300754,1,0.7515689647207502,RSI_LT_38,SPY
2007-08-16,44.32719013545404,0,0.0,RSI_LT_38,SPY
2007-08-17,45.0316391181366,0,-0.0,RSI_LT_38,SPY
2007-08-20,47.863921615257816,0,0.0,RSI_LT_38,SPY
2007-08-21,46.983107315989315,0,0.0,RSI_LT_38,SPY
2007-08-22,48.13063347084857,0,-0.0,RSI_LT_38,SPY
2007-08-23,56.2557553876043,0,0.0,RSI_LT_38,SPY
2007-08-24,55.01418332214547,0,-0.0,RSI_LT_38,SPY
2007-08-27,48.043874860406774,0,-0.0,RSI_LT_38,SPY
2007-08-28,36.19520227040959,1,1.9621430848022259,RSI_LT_38,SPY
2007-08-29,52.80349843989697,0,-0.0,RSI_LT_38,SPY
2007-08-30,53.56080163786839,0,0.0,RSI_LT_38,SPY
2007-08-31,55.58183698791207,0,0.0,RSI_LT_38,SPY
2007-09-04,64.87017696005502,0,-0.0,RSI_LT_38,SPY
2007-09-05,67.10592053060032,0,0.0,RSI_LT_38,SPY
2007-09-06,65.86006228729211,0,-0.0,RSI_LT_38,SPY
2007-09-07,53.68364061679871,0,-0.0,RSI_LT_38,SPY
2007-09-10,53.07978861647751,0,0.0,RSI_LT_38,SPY
2007-09-11,56.37452363854661,0,0.0,RSI_LT_38,SPY
2007-09-12,53.25506902273834,0,0.0,RSI_LT_38,SPY
2007-09-13,56.0814111051146,0,-0.0,RSI_LT_38,SPY
2007-09-14,51.59661178932504,0,-0.0,RSI_LT_38,SPY
2007-09-17,53.329492873797605,0,0.0,RSI_LT_38,SPY
2007-09-18,73.7499637189901,0,0.0,RSI_LT_38,SPY
2007-09-19,70.69171768348463,0,-0.0,RSI_LT_38,SPY
2007-09-20,67.8508712684047,0,-0.0,RSI_LT_38,SPY
2007-09-21,63.653348554033485,0,-0.0,RSI_LT_38,SPY
2007-09-24,58.799713139507006,0,-0.0,RSI_LT_38,SPY
2007-09-25,63.00577716037132,0,0.0,RSI_LT_38,SPY
2007-09-26,64.19577748232437,0,0.0,RSI_LT_38,SPY
2007-09-27,76.71225718346757,0,-0.0,RSI_LT_38,SPY
2007-09-28,75.39271138623354,0,0.0,RSI_LT_38,SPY
2007-10-01,75.4294459651338,0,-0.0,RSI_LT_38,SPY
2007-10-02,73.52496462315872,0,-0.0,RSI_LT_38,SPY
2007-10-03,69.49559217342012,0,0.0,RSI_LT_38,SPY
2007-10-04,70.12584916094562,0,0.0,RSI_LT_38,SPY
2007-10-05,78.18181818181819,0,-0.0,RSI_LT_38,SPY
2007-10-08,62.52444839932038,0,0.0,RSI_LT_38,SPY
2007-10-09,64.47122203380714,0,-0.0,RSI_LT_38,SPY
2007-10-10,69.7791456909204,0,-0.0,RSI_LT_38,SPY
2007-10-11,66.82693295225464,0,0.0,RSI_LT_38,SPY
2007-10-12,71.12933148967808,0,-0.0,RSI_LT_38,SPY
2007-10-15,65.08331298828125,0,-0.0,RSI_LT_38,SPY
2007-10-16,56.39580561052378,0,0.0,RSI_LT_38,SPY
2007-10-17,54.8333485921224,0,-0.0,RSI_LT_38,SPY
2007-10-18,54.60581049475187,0,-0.0,RSI_LT_38,SPY
2007-10-19,33.86758566716502,1,0.5812755581151796,RSI_LT_38,SPY
2007-10-22,38.174535806322076,0,0.0,RSI_LT_38,SPY
2007-10-23,43.65576474625071,0,-0.0,RSI_LT_38,SPY
2007-10-24,42.04257548611125,0,0.0,RSI_LT_38,SPY
2007-10-25,36.162827922023226,1,1.1722858418251159,RSI_LT_38,SPY
2007-10-26,45.46628783199506,0,0.0,RSI_LT_38,SPY
2007-10-29,41.89099394808644,0,-0.0,RSI_LT_38,SPY
2007-10-30,39.6732030054792,0,0.0,RSI_LT_38,SPY
2007-10-31,47.459707001263055,0,-0.0,RSI_LT_38,SPY
2007-11-01,35.97883469733924,1,0.11255920699153599,RSI_LT_38,SPY
2007-11-02,39.26761251100352,0,-0.0,RSI_LT_38,SPY
2007-11-05,39.44539865857355,0,0.0,RSI_LT_38,SPY
2007-11-06,44.328843555345266,0,-0.0,RSI_LT_38,SPY
2007-11-07,37.33567720383115,1,-0.507065094605319,RSI_LT_38,SPY
2007-11-08,43.58057771093224,0,-0.0,RSI_LT_38,SPY
2007-11-09,36.95654417379972,1,-0.992147200952076,RSI_LT_38,SPY
2007-11-12,30.736155867117333,1,3.0480201641132076,RSI_LT_38,SPY
2007-11-13,43.20545315274877,0,-0.0,RSI_LT_38,SPY
2007-11-14,41.68329794052181,0,-0.0,RSI_LT_38,SPY
2007-11-15,34.107016694008806,1,0.17177409065045612,RSI_LT_38,SPY
2007-11-16,33.42606255007166,1,-1.3924129726192724,RSI_LT_38,SPY
2007-11-19,32.19755100037912,1,0.6121347498873497,RSI_LT_38,SPY
2007-11-20,30.303055778909254,1,-2.0464648274044595,RSI_LT_38,SPY
2007-11-21,31.111122071395002,1,1.7292577171695855,RSI_LT_38,SPY
2007-11-23,36.921974821628275,1,-2.2063469276615066,RSI_LT_38,SPY
2007-11-26,34.342760228513825,1,1.1493511252585797,RSI_LT_38,SPY
2007-11-27,33.426415640809125,1,3.1984269652338915,RSI_LT_38,SPY
2007-11-28,48.657953877173824,0,0.0,RSI_LT_38,SPY
2007-11-29,50.035241503838364,0,0.0,RSI_LT_38,SPY
2007-11-30,56.32637949994927,0,-0.0,RSI_LT_38,SPY
2007-12-03,57.27336761719711,0,-0.0,RSI_LT_38,SPY
2007-12-04,46.46090994946399,0,0.0,RSI_LT_38,SPY
2007-12-05,52.16400449305159,0,0.0,RSI_LT_38,SPY
2007-12-06,60.250570465774665,0,-0.0,RSI_LT_38,SPY
2007-12-07,59.80092335391398,0,0.0,RSI_LT_38,SPY
2007-12-10,66.46871349162339,0,-0.0,RSI_LT_38,SPY
2007-12-11,55.72679584512481,0,0.0,RSI_LT_38,SPY
2007-12-12,64.21441263573544,0,-0.0,RSI_LT_38,SPY
2007-12-13,59.895608091138634,0,-0.0,RSI_LT_38,SPY
2007-12-14,63.16681309594563,0,-0.0,RSI_LT_38,SPY
2007-12-17,55.18672724602005,0,0.0,RSI_LT_38,SPY
2007-12-18,46.92874324413492,0,0.0,RSI_LT_38,SPY
2007-12-19,46.79805769780063,0,0.0,RSI_LT_38,SPY
2007-12-20,45.288746280955316,0,0.0,RSI_LT_38,SPY
2007-12-21,51.11999246553286,0,0.0,RSI_LT_38,SPY
2007-12-24,57.22194320679343,0,0.0,RSI_LT_38,SPY
2007-12-26,52.085700498964826,0,-0.0,RSI_LT_38,SPY
2007-12-27,40.65177543985769,0,-0.0,RSI_LT_38,SPY
2007-12-28,39.8765944518851,0,-0.0,RSI_LT_38,SPY
2007-12-31,33.46477405777891,1,-0.8754626764985507,RSI_LT_38,SPY
2008-01-02,39.97303524927506,0,-0.0,RSI_LT_38,SPY
2008-01-03,33.259097227020874,1,-2.4506440955407105,RSI_LT_38,SPY
2008-01-04,26.810281379154162,1,-0.0849162262123393,RSI_LT_38,SPY
2008-01-07,29.986610247909567,1,-1.614844351492295,RSI_LT_38,SPY
2008-01-08,29.629610941120433,1,1.0510340627658987,RSI_LT_38,SPY
2008-01-09,32.53007734866502,1,0.6554094186419723,RSI_LT_38,SPY
2008-01-10,36.24920574696355,1,-0.8068507635496713,RSI_LT_38,SPY
2008-01-11,30.337038096467012,1,0.8062825059037326,RSI_LT_38,SPY
2008-01-14,29.50326269785755,1,-2.2013028292914294,RSI_LT_38,SPY
2008-01-15,20.459410156549296,1,-0.8612596491107904,RSI_LT_38,SPY
2008-01-16,17.917280056081324,1,-2.591621523203258,RSI_LT_38,SPY
2008-01-17,16.50985613240556,1,-1.0267519990924567,RSI_LT_38,SPY
2008-01-18,15.768173283951342,1,-1.014687537985215,RSI_LT_38,SPY
2008-01-22,15.593049148768145,1,2.4020802940071695,RSI_LT_38,SPY
2008-01-23,27.287646256271486,1,0.8441691899447878,RSI_LT_38,SPY
2008-01-24,30.593790877125613,1,-1.4445604323869765,RSI_LT_38,SPY
2008-01-25,32.64791515524841,1,1.6536472625187315,RSI_LT_38,SPY
2008-01-28,38.517961012674036,0,0.0,RSI_LT_38,SPY
2008-01-29,43.827165145184445,0,-0.0,RSI_LT_38,SPY
2008-01-30,38.548688539279816,0,0.0,RSI_LT_38,SPY
2008-01-31,42.27739350269493,0,0.0,RSI_LT_38,SPY
2008-02-01,48.922511392159706,0,-0.0,RSI_LT_38,SPY
2008-02-04,43.61154122687799,0,-0.0,RSI_LT_38,SPY
2008-02-05,42.697052562244615,0,-0.0,RSI_LT_38,SPY
2008-02-06,42.867531644658214,0,0.0,RSI_LT_38,SPY
2008-02-07,51.00482295392435,0,-0.0,RSI_LT_38,SPY
2008-02-08,52.07224039391101,0,0.0,RSI_LT_38,SPY
2008-02-11,56.3897087121217,0,0.0,RSI_LT_38,SPY
2008-02-12,52.59056627534386,0,0.0,RSI_LT_38,SPY
2008-02-13,53.12781217425468,0,-0.0,RSI_LT_38,SPY
2008-02-14,54.99767286995998,0,-0.0,RSI_LT_38,SPY
2008-02-15,49.738750402597034,0,0.0,RSI_LT_38,SPY
2008-02-19,48.96551668311273,0,0.0,RSI_LT_38,SPY
2008-02-20,52.767115178645334,0,-0.0,RSI_LT_38,SPY
2008-02-21,42.37586653764608,0,0.0,RSI_LT_38,SPY
2008-02-22,37.258635130451175,1,1.260880972890166,RSI_LT_38,SPY
2008-02-25,48.41831412272657,0,0.0,RSI_LT_38,SPY
2008-02-26,66.48482145511849,0,-0.0,RSI_LT_38,SPY
2008-02-27,71.7410080067144,0,-0.0,RSI_LT_38,SPY
2008-02-28,61.893227854977134,0,-0.0,RSI_LT_38,SPY
2008-02-29,52.57732174992764,0,-0.0,RSI_LT_38,SPY
2008-03-03,49.119098107867465,0,-0.0,RSI_LT_38,SPY
2008-03-04,42.57057477831664,0,0.0,RSI_LT_38,SPY
2008-03-05,40.17030322713986,0,-0.0,RSI_LT_38,SPY
2008-03-06,35.81780865338342,1,-1.0300556003924988,RSI_LT_38,SPY
2008-03-07,32.827344989595844,1,-1.31833060315798,RSI_LT_38,SPY
2008-03-10,28.062997257156894,1,3.593754768371582,RSI_LT_38,SPY
2008-03-11,42.22120369900303,0,-0.0,RSI_LT_38,SPY
2008-03-12,42.004683627506495,0,0.0,RSI_LT_38,SPY
2008-03-13,40.50693322474857,0,-0.0,RSI_LT_38,SPY
2008-03-14,31.826730767020308,1,-1.0107225927203034,RSI_LT_38,SPY
2008-03-17,26.626387791828037,1,4.154327127260071,RSI_LT_38,SPY
2008-03-18,41.40771657375807,0,-0.0,RSI_LT_38,SPY
2008-03-19,38.576924141366625,0,0.0,RSI_LT_38,SPY
2008-03-20,46.82248693834901,0,0.0,RSI_LT_38,SPY
2008-03-24,52.05387537517634,0,0.0,RSI_LT_38,SPY
2008-03-25,53.17189821573082,0,-0.0,RSI_LT_38,SPY
2008-03-26,48.954522434923526,0,-0.0,RSI_LT_38,SPY
2008-03-27,53.0957546729357,0,-0.0,RSI_LT_38,SPY
2008-03-28,53.24907400674692,0,0.0,RSI_LT_38,SPY
2008-03-31,57.5047247419564,0,0.0,RSI_LT_38,SPY
2008-04-01,57.56888198432187,0,0.0,RSI_LT_38,SPY
2008-04-02,60.53669516499848,0,0.0,RSI_LT_38,SPY
2008-04-03,60.614414177272394,0,-0.0,RSI_LT_38,SPY
2008-04-04,65.48935910488697,0,0.0,RSI_LT_38,SPY
2008-04-07,69.45193140814021,0,-0.0,RSI_LT_38,SPY
2008-04-08,59.34388129078395,0,-0.0,RSI_LT_38,SPY
2008-04-09,68.67792815859193,0,0.0,RSI_LT_38,SPY
2008-04-10,64.94687218529091,0,-0.0,RSI_LT_38,SPY
2008-04-11,44.91656305064103,0,-0.0,RSI_LT_38,SPY
2008-04-14,42.88885523171832,0,0.0,RSI_LT_38,SPY
2008-04-15,50.16450835717513,0,0.0,RSI_LT_38,SPY
2008-04-16,63.25732121910973,0,0.0,RSI_LT_38,SPY
2008-04-17,69.3977492263767,0,0.0,RSI_LT_38,SPY
2008-04-18,71.34422292818371,0,0.0,RSI_LT_38,SPY
2008-04-21,59.08238870966359,0,-0.0,RSI_LT_38,SPY
2008-04-22,55.53572523347933,0,-0.0,RSI_LT_38,SPY
2008-04-23,53.06861890459291,0,0.0,RSI_LT_38,SPY
2008-04-24,56.20122466858911,0,0.0,RSI_LT_38,SPY
2008-04-25,60.36103582212182,0,0.0,RSI_LT_38,SPY
2008-04-28,61.12426635996143,0,-0.0,RSI_LT_38,SPY
2008-04-29,63.33056280871113,0,-0.0,RSI_LT_38,SPY
2008-04-30,58.736285578939594,0,0.0,RSI_LT_38,SPY
2008-05-01,79.67778776304951,0,0.0,RSI_LT_38,SPY
2008-05-02,83.05078768343131,0,-0.0,RSI_LT_38,SPY
2008-05-05,78.42693957979486,0,0.0,RSI_LT_38,SPY
2008-05-06,73.72259928300441,0,-0.0,RSI_LT_38,SPY
2008-05-07,59.292699896897034,0,-0.0,RSI_LT_38,SPY
2008-05-08,52.782352772238525,0,-0.0,RSI_LT_38,SPY
2008-05-09,51.4101140657295,0,0.0,RSI_LT_38,SPY
2008-05-12,59.43113174037733,0,0.0,RSI_LT_38,SPY
2008-05-13,60.48628624102127,0,0.0,RSI_LT_38,SPY
2008-05-14,59.53304620733633,0,0.0,RSI_LT_38,SPY
2008-05-15,60.990205999111716,0,0.0,RSI_LT_38,SPY
2008-05-16,61.28069079134238,0,0.0,RSI_LT_38,SPY
2008-05-19,64.95853571034331,0,-0.0,RSI_LT_38,SPY
2008-05-20,63.33578490177656,0,-0.0,RSI_LT_38,SPY
2008-05-21,43.802325136139636,0,0.0,RSI_LT_38,SPY
2008-05-22,42.1752731180228,0,-0.0,RSI_LT_38,SPY
2008-05-23,38.58266942497198,0,0.0,RSI_LT_38,SPY
2008-05-27,37.69063784377975,1,0.4615601995857421,RSI_LT_38,SPY
2008-05-28,49.0740693170025,0,0.0,RSI_LT_38,SPY
2008-05-29,53.43697321595804,0,0.0,RSI_LT_38,SPY
2008-05-30,55.8895714646953,0,-0.0,RSI_LT_38,SPY
2008-06-02,43.60650324749637,0,-0.0,RSI_LT_38,SPY
2008-06-03,40.80062209786529,0,-0.0,RSI_LT_38,SPY
2008-06-04,39.232567087349175,0,0.0,RSI_LT_38,SPY
2008-06-05,43.64560132087808,0,-0.0,RSI_LT_38,SPY
2008-06-06,32.43239376282963,1,0.24213210603207802,RSI_LT_38,SPY
2008-06-09,32.20804992252383,1,-0.49772558928725674,RSI_LT_38,SPY
2008-06-10,33.086971721330315,1,-1.471237284155602,RSI_LT_38,SPY
2008-06-11,33.85687262940466,1,0.38076339968640127,RSI_LT_38,SPY
2008-06-12,35.69004622517426,1,1.264408320437993,RSI_LT_38,SPY
2008-06-13,45.745271386057944,0,0.0,RSI_LT_38,SPY
2008-06-16,42.667443879951854,0,-0.0,RSI_LT_38,SPY
2008-06-17,38.75828818081732,0,-0.0,RSI_LT_38,SPY
2008-06-18,33.294587870630934,1,0.12662805880470085,RSI_LT_38,SPY
2008-06-19,32.5895077131775,1,-2.1127781405867796,RSI_LT_38,SPY
2008-06-20,30.130279802944244,1,-0.09880291913920702,RSI_LT_38,SPY
2008-06-23,31.2852064369129,1,-0.1977896636531029,RSI_LT_38,SPY
2008-06-24,30.953679772675244,1,0.4725932659879417,RSI_LT_38,SPY
2008-06-25,21.59590341047455,1,-2.716032089647269,RSI_LT_38,SPY
2008-06-26,22.916628211990883,1,-0.5458917348242998,RSI_LT_38,SPY
2008-06-27,20.196673677385533,1,0.35286174385957825,RSI_LT_38,SPY
2008-06-30,23.501967543032237,1,0.31255001983654385,RSI_LT_38,SPY
2008-07-01,29.284632492393328,1,-1.713666064777708,RSI_LT_38,SPY
2008-07-02,22.634015603154154,1,0.10302524417780123,RSI_LT_38,SPY
2008-07-03,13.663215594174602,1,-1.0212975540031421,RSI_LT_38,SPY
2008-07-07,11.999983448084663,1,1.7757169095446779,RSI_LT_38,SPY
2008-07-08,24.46349843412692,1,-1.925492761219072,RSI_LT_38,SPY
2008-07-09,22.878434923738837,1,0.40868830233897757,RSI_LT_38,SPY
2008-07-10,24.353217819657928,1,-1.1652088414268458,RSI_LT_38,SPY
2008-07-11,26.402435450241015,1,-0.9043888487622831,RSI_LT_38,SPY
2008-07-14,24.899378855827692,1,-1.4097158896065443,RSI_LT_38,SPY
2008-07-15,22.958642308169956,1,2.454749378578591,RSI_LT_38,SPY
2008-07-16,31.49459414058579,1,1.000320968802626,RSI_LT_38,SPY
2008-07-17,41.97139079702263,0,0.0,RSI_LT_38,SPY
2008-07-18,45.91030659666151,0,0.0,RSI_LT_38,SPY
2008-07-21,44.80344978182086,0,0.0,RSI_LT_38,SPY
2008-07-22,47.70407934876157,0,0.0,RSI_LT_38,SPY
2008-07-23,55.50026928509342,0,-0.0,RSI_LT_38,SPY
2008-07-24,48.06014714887492,0,-0.0,RSI_LT_38,SPY
2008-07-25,51.18803383100418,0,-0.0,RSI_LT_38,SPY
2008-07-28,40.516338679134165,0,0.0,RSI_LT_38,SPY
2008-07-29,53.886273899558674,0,0.0,RSI_LT_38,SPY
2008-07-30,57.723565666781965,0,-0.0,RSI_LT_38,SPY
2008-07-31,57.068572945690235,0,-0.0,RSI_LT_38,SPY
2008-08-01,58.30918586608383,0,-0.0,RSI_LT_38,SPY
2008-08-04,59.930486894790874,0,0.0,RSI_LT_38,SPY
2008-08-05,60.71081141615894,0,0.0,RSI_LT_38,SPY
2008-08-06,59.38600061434496,0,-0.0,RSI_LT_38,SPY
2008-08-07,52.45121322381274,0,0.0,RSI_LT_38,SPY
2008-08-08,57.12445489057863,0,0.0,RSI_LT_38,SPY
2008-08-11,56.95821974972545,0,-0.0,RSI_LT_38,SPY
2008-08-12,52.47070445412425,0,-0.0,RSI_LT_38,SPY
2008-08-13,56.95455965720425,0,0.0,RSI_LT_38,SPY
2008-08-14,58.84915768948204,0,0.0,RSI_LT_38,SPY
2008-08-15,65.02532132665215,0,-0.0,RSI_LT_38,SPY
2008-08-18,55.05510935963473,0,-0.0,RSI_LT_38,SPY
2008-08-19,46.153840290938575,0,0.0,RSI_LT_38,SPY
2008-08-20,51.983078952783266,0,0.0,RSI_LT_38,SPY
2008-08-21,54.44203723939778,0,0.0,RSI_LT_38,SPY
2008-08-22,62.173463306912105,0,-0.0,RSI_LT_38,SPY
2008-08-25,46.358679134112116,0,0.0,RSI_LT_38,SPY
2008-08-26,45.76924495746818,0,0.0,RSI_LT_38,SPY
2008-08-27,54.623296395502315,0,0.0,RSI_LT_38,SPY
2008-08-28,52.45217483358612,0,-0.0,RSI_LT_38,SPY
2008-08-29,44.27886302916994,0,-0.0,RSI_LT_38,SPY
2008-09-02,45.80761782644955,0,-0.0,RSI_LT_38,SPY
2008-09-03,47.781317447179305,0,-0.0,RSI_LT_38,SPY
2008-09-04,35.05156773020022,1,0.3144395658202237,RSI_LT_38,SPY
2008-09-05,34.19461454575959,1,2.0655840963238914,RSI_LT_38,SPY
2008-09-08,46.3119039034114,0,-0.0,RSI_LT_38,SPY
2008-09-09,41.17096741801616,0,0.0,RSI_LT_38,SPY
2008-09-10,40.92191531585199,0,0.0,RSI_LT_38,SPY
2008-09-11,44.98466601590109,0,0.0,RSI_LT_38,SPY
2008-09-12,41.743975042393394,0,-0.0,RSI_LT_38,SPY
2008-09-15,36.10108259056655,1,1.6737465213797043,RSI_LT_38,SPY
2008-09-16,40.0451618812818,0,-0.0,RSI_LT_38,SPY
2008-09-17,30.49966358371715,1,2.967154674867145,RSI_LT_38,SPY
2008-09-18,34.53544509667904,1,3.373034947989928,RSI_LT_38,SPY
2008-09-19,43.3983712304641,0,-0.0,RSI_LT_38,SPY
2008-09-22,41.06473943819648,0,-0.0,RSI_LT_38,SPY
2008-09-23,38.34624498576374,0,0.0,RSI_LT_38,SPY
2008-09-24,43.02516427931521,0,0.0,RSI_LT_38,SPY
2008-09-25,45.22745451200652,0,0.0,RSI_LT_38,SPY
2008-09-26,41.35698016786392,0,-0.0,RSI_LT_38,SPY
2008-09-29,35.638032741250015,1,4.138984309599714,RSI_LT_38,SPY
2008-09-30,41.473632974068984,0,0.0,RSI_LT_38,SPY
2008-10-01,39.1653220607451,0,-0.0,RSI_LT_38,SPY
2008-10-02,34.928028675154934,1,-1.3500242796872675,RSI_LT_38,SPY
2008-10-03,38.59649122807018,0,-0.0,RSI_LT_38,SPY
2008-10-06,31.25539270405301,1,-4.478611904827822,RSI_LT_38,SPY
2008-10-07,31.80421123845376,1,-2.519240901548392,RSI_LT_38,SPY
2008-10-08,24.71985653590569,1,-6.983904254738993,RSI_LT_38,SPY
2008-10-09,14.73194624770801,1,-2.4255755482523456,RSI_LT_38,SPY
2008-10-10,14.924091013788043,1,14.519772287142473,RSI_LT_38,SPY
2008-10-13,34.875126010482305,1,-1.4800197558789474,RSI_LT_38,SPY
2008-10-14,33.54604757068638,1,-9.844769134976406,RSI_LT_38,SPY
2008-10-15,26.67171668210284,1,4.165741101800902,RSI_LT_38,SPY
2008-10-16,30.55714957754583,1,-0.5972033471701721,RSI_LT_38,SPY
2008-10-17,35.0403429546877,1,6.007937484310055,RSI_LT_38,SPY
2008-10-20,36.082305501409614,1,-2.985524765844527,RSI_LT_38,SPY
2008-10-21,34.365325223655844,1,-5.4454425072676615,RSI_LT_38,SPY
2008-10-22,33.836304409734694,1,1.1584323243913452,RSI_LT_38,SPY
2008-10-23,35.68687978227827,1,-5.071437890789077,RSI_LT_38,SPY
2008-10-24,36.2262385313903,1,-3.550096432425387,RSI_LT_38,SPY
2008-10-27,37.15244378350661,1,11.685533704112538,RSI_LT_38,SPY
2008-10-28,47.31644522462432,0,-0.0,RSI_LT_38,SPY
2008-10-29,51.86696319242375,0,0.0,RSI_LT_38,SPY
2008-10-30,56.02223739618559,0,0.0,RSI_LT_38,SPY
2008-10-31,45.69031676675517,0,0.0,RSI_LT_38,SPY
2008-11-03,47.325266116422874,0,0.0,RSI_LT_38,SPY
2008-11-04,61.624529735596894,0,-0.0,RSI_LT_38,SPY
2008-11-05,52.67936801733609,0,-0.0,RSI_LT_38,SPY
2008-11-06,47.64670764911886,0,0.0,RSI_LT_38,SPY
2008-11-07,44.77076361619952,0,-0.0,RSI_LT_38,SPY
2008-11-10,46.45910798857916,0,-0.0,RSI_LT_38,SPY
2008-11-11,48.9942170102068,0,-0.0,RSI_LT_38,SPY
2008-11-12,43.64030269591129,0,0.0,RSI_LT_38,SPY
2008-11-13,54.40767987493333,0,-0.0,RSI_LT_38,SPY
2008-11-14,52.76340872656717,0,-0.0,RSI_LT_38,SPY
2008-11-17,39.54602699054552,0,0.0,RSI_LT_38,SPY
2008-11-18,42.60719599646694,0,-0.0,RSI_LT_38,SPY
2008-11-19,32.76664856743646,1,-7.423316627923693,RSI_LT_38,SPY
2008-11-20,27.940567560121224,1,5.3943006752090294,RSI_LT_38,SPY
2008-11-21,33.16746277622602,1,6.929077425597319,RSI_LT_38,SPY
2008-11-24,35.87954187774983,1,0.7409207242819571,RSI_LT_38,SPY
2008-11-25,39.65009177168393,0,0.0,RSI_LT_38,SPY
2008-11-26,48.065507519442846,0,0.0,RSI_LT_38,SPY
2008-11-28,45.986795641385655,0,-0.0,RSI_LT_38,SPY
2008-12-01,40.20849041503939,0,0.0,RSI_LT_38,SPY
2008-12-02,45.83487512477918,0,0.0,RSI_LT_38,SPY
2008-12-03,51.438987087995095,0,-0.0,RSI_LT_38,SPY
2008-12-04,43.98442721362714,0,0.0,RSI_LT_38,SPY
2008-12-05,51.39747993926435,0,0.0,RSI_LT_38,SPY
2008-12-08,55.66714443560768,0,-0.0,RSI_LT_38,SPY
2008-12-09,52.48561887125065,0,0.0,RSI_LT_38,SPY
2008-12-10,59.84900742797019,0,-0.0,RSI_LT_38,SPY
2008-12-11,65.67914851101293,0,0.0,RSI_LT_38,SPY
2008-12-12,62.86336019340245,0,-0.0,RSI_LT_38,SPY
2008-12-15,54.17947611768127,0,0.0,RSI_LT_38,SPY
2008-12-16,58.62929897365084,0,-0.0,RSI_LT_38,SPY
2008-12-17,53.004161677033984,0,-0.0,RSI_LT_38,SPY
2008-12-18,48.830415162072335,0,-0.0,RSI_LT_38,SPY
2008-12-19,61.12739200711332,0,-0.0,RSI_LT_38,SPY
2008-12-22,53.53895201804991,0,-0.0,RSI_LT_38,SPY
2008-12-23,47.59735467711732,0,0.0,RSI_LT_38,SPY
2008-12-24,53.00619323904176,0,0.0,RSI_LT_38,SPY
2008-12-26,48.12104124754297,0,-0.0,RSI_LT_38,SPY
2008-12-29,38.42671111034352,0,0.0,RSI_LT_38,SPY
2008-12-30,48.54635395741262,0,0.0,RSI_LT_38,SPY
2008-12-31,50.34409056413566,0,0.0,RSI_LT_38,SPY
2009-01-02,62.911527579858536,0,-0.0,RSI_LT_38,SPY
2009-01-05,60.43244268670381,0,0.0,RSI_LT_38,SPY
2009-01-06,65.9955384230698,0,-0.0,RSI_LT_38,SPY
2009-01-07,46.3444126309617,0,0.0,RSI_LT_38,SPY
2009-01-08,50.15596711031068,0,-0.0,RSI_LT_38,SPY
2009-01-09,49.38573556847636,0,-0.0,RSI_LT_38,SPY
2009-01-12,46.42030898153793,0,0.0,RSI_LT_38,SPY
2009-01-13,50.152914474285915,0,-0.0,RSI_LT_38,SPY
2009-01-14,45.079714336165445,0,0.0,RSI_LT_38,SPY
2009-01-15,43.623021987886844,0,0.0,RSI_LT_38,SPY
2009-01-16,44.12750131423539,0,-0.0,RSI_LT_38,SPY
2009-01-20,35.66907056947629,1,4.319229701023741,RSI_LT_38,SPY
2009-01-21,39.549710316467426,0,-0.0,RSI_LT_38,SPY
2009-01-22,34.11117286410267,1,0.4350460548055102,RSI_LT_38,SPY
2009-01-23,26.779840138933295,1,0.6858376737314487,RSI_LT_38,SPY
2009-01-26,28.841733994476698,1,1.0157725514115645,RSI_LT_38,SPY
2009-01-27,29.58904405468357,1,3.3834149433964456,RSI_LT_38,SPY
2009-01-28,42.53188120105255,0,-0.0,RSI_LT_38,SPY
2009-01-29,36.71715558187171,1,-2.034300601562622,RSI_LT_38,SPY
2009-01-30,37.066125420956624,1,-0.3018230043142056,RSI_LT_38,SPY
2009-02-02,40.20619543836707,0,0.0,RSI_LT_38,SPY
2009-02-03,42.771333756861466,0,-0.0,RSI_LT_38,SPY
2009-02-04,47.52144541106932,0,0.0,RSI_LT_38,SPY
2009-02-05,50.38305152577664,0,0.0,RSI_LT_38,SPY
2009-02-06,54.01003804181381,0,0.0,RSI_LT_38,SPY
2009-02-09,66.68370318563413,0,-0.0,RSI_LT_38,SPY
2009-02-10,47.6593549053848,0,0.0,RSI_LT_38,SPY
2009-02-11,52.20549894981895,0,0.0,RSI_LT_38,SPY
2009-02-12,51.449666470133536,0,-0.0,RSI_LT_38,SPY
2009-02-13,47.61658354706193,0,-0.0,RSI_LT_38,SPY
2009-02-17,37.92633033939892,1,-0.23984150274993787,RSI_LT_38,SPY
2009-02-18,28.364378768792136,1,-1.0755390196763637,RSI_LT_38,SPY
2009-02-19,31.621451592950322,1,-0.9721183592527494,RSI_LT_38,SPY
2009-02-20,33.47585438058806,1,-3.577882599560056,RSI_LT_38,SPY
2009-02-23,29.010048268360947,1,3.7910271576801158,RSI_LT_38,SPY
2009-02-24,34.776276142553925,1,-0.7873007020165246,RSI_LT_38,SPY
2009-02-25,34.44123694669898,1,-1.6261219660949955,RSI_LT_38,SPY
2009-02-26,28.45451346365624,1,-2.2348616503887087,RSI_LT_38,SPY
2009-02-27,17.45635644525825,1,-4.504263245379104,RSI_LT_38,SPY
2009-03-02,14.531399242177741,1,-0.7507065024812243,RSI_LT_38,SPY
2009-03-03,17.07072252253849,1,2.3690647485931082,RSI_LT_38,SPY
2009-03-04,21.69769721259908,1,-4.0847625373665375,RSI_LT_38,SPY
2009-03-05,18.833906497719184,1,0.17441149980361725,RSI_LT_38,SPY
2009-03-06,19.991325122306847,1,-1.1752721707974811,RSI_LT_38,SPY
2009-03-09,22.67584945963776,1,5.960941891368443,RSI_LT_38,SPY
2009-03-10,35.826443232568565,1,0.6512418354270633,RSI_LT_38,SPY
2009-03-11,38.371114637900035,0,0.0,RSI_LT_38,SPY
2009-03-12,46.29629956678458,0,0.0,RSI_LT_38,SPY
2009-03-13,53.03284528557045,0,-0.0,RSI_LT_38,SPY
2009-03-16,46.16839314566844,0,0.0,RSI_LT_38,SPY
2009-03-17,52.86651659402323,0,0.0,RSI_LT_38,SPY
2009-03-18,59.22912044645862,0,-0.0,RSI_LT_38,SPY
2009-03-19,61.05961407029624,0,-0.0,RSI_LT_38,SPY
2009-03-20,64.17634355306947,0,0.0,RSI_LT_38,SPY
2009-03-23,72.89861586690283,0,-0.0,RSI_LT_38,SPY
2009-03-24,66.74216381113887,0,0.0,RSI_LT_38,SPY
2009-03-25,75.9115114834788,0,0.0,RSI_LT_38,SPY
2009-03-26,77.34104838183316,0,-0.0,RSI_LT_38,SPY
2009-03-27,75.33783841835546,0,-0.0,RSI_LT_38,SPY
2009-03-30,63.03150068679565,0,0.0,RSI_LT_38,SPY
2009-03-31,63.40607622200412,0,0.0,RSI_LT_38,SPY
2009-04-01,61.421525051625366,0,0.0,RSI_LT_38,SPY
2009-04-02,64.05054210464363,0,0.0,RSI_LT_38,SPY
2009-04-03,65.71856052332146,0,-0.0,RSI_LT_38,SPY
2009-04-06,60.81403710453361,0,-0.0,RSI_LT_38,SPY
2009-04-07,53.404593340743254,0,0.0,RSI_LT_38,SPY
2009-04-08,57.13716705971432,0,0.0,RSI_LT_38,SPY
2009-04-09,67.36640626751739,0,0.0,RSI_LT_38,SPY
2009-04-13,58.71559497837909,0,-0.0,RSI_LT_38,SPY
2009-04-14,59.11521308887629,0,0.0,RSI_LT_38,SPY
2009-04-15,59.21435775848353,0,0.0,RSI_LT_38,SPY
2009-04-16,58.38693286361546,0,0.0,RSI_LT_38,SPY
2009-04-17,64.17832762480325,0,-0.0,RSI_LT_38,SPY
2009-04-20,61.530807646075154,0,0.0,RSI_LT_38,SPY
2009-04-21,63.17792050117326,0,-0.0,RSI_LT_38,SPY
2009-04-22,58.70000507354543,0,0.0,RSI_LT_38,SPY
2009-04-23,55.2546092519807,0,0.0,RSI_LT_38,SPY
2009-04-24,56.3424968032766,0,-0.0,RSI_LT_38,SPY
2009-04-27,55.87001245574013,0,-0.0,RSI_LT_38,SPY
2009-04-28,61.26435662752877,0,0.0,RSI_LT_38,SPY
2009-04-29,63.24972065784142,0,0.0,RSI_LT_38,SPY
2009-04-30,55.334656637062544,0,0.0,RSI_LT_38,SPY
2009-05-01,56.6280451282857,0,0.0,RSI_LT_38,SPY
2009-05-04,69.14955310997334,0,-0.0,RSI_LT_38,SPY
2009-05-05,66.16038879322531,0,0.0,RSI_LT_38,SPY
2009-05-06,66.80572050043011,0,-0.0,RSI_LT_38,SPY
2009-05-07,60.812356130446965,0,0.0,RSI_LT_38,SPY
2009-05-08,79.93731936986451,0,-0.0,RSI_LT_38,SPY
2009-05-11,69.24034342715522,0,-0.0,RSI_LT_38,SPY
2009-05-12,70.33522515875265,0,-0.0,RSI_LT_38,SPY
2009-05-13,59.58308262804524,0,0.0,RSI_LT_38,SPY
2009-05-14,58.30345838426431,0,-0.0,RSI_LT_38,SPY
2009-05-15,58.61862607676407,0,0.0,RSI_LT_38,SPY
2009-05-18,64.97354740838878,0,-0.0,RSI_LT_38,SPY
2009-05-19,60.84933441449646,0,-0.0,RSI_LT_38,SPY
2009-05-20,58.69443415218678,0,-0.0,RSI_LT_38,SPY
2009-05-21,53.548383656536394,0,-0.0,RSI_LT_38,SPY
2009-05-22,44.113928940481124,0,0.0,RSI_LT_38,SPY
2009-05-26,52.05402994135637,0,-0.0,RSI_LT_38,SPY
2009-05-27,43.073480820430134,0,0.0,RSI_LT_38,SPY
2009-05-28,50.168532150122196,0,0.0,RSI_LT_38,SPY
2009-05-29,48.698658879315026,0,0.0,RSI_LT_38,SPY
2009-06-01,59.92128739749221,0,0.0,RSI_LT_38,SPY
2009-06-02,61.02270131273053,0,-0.0,RSI_LT_38,SPY
2009-06-03,65.05146483228759,0,0.0,RSI_LT_38,SPY
2009-06-04,65.30363852403738,0,0.0,RSI_LT_38,SPY
2009-06-05,68.34169674251163,0,-0.0,RSI_LT_38,SPY
2009-06-08,60.62362896510898,0,0.0,RSI_LT_38,SPY
2009-06-09,62.429356766044485,0,-0.0,RSI_LT_38,SPY
2009-06-10,64.10441254251766,0,0.0,RSI_LT_38,SPY
2009-06-11,71.72733934544422,0,0.0,RSI_LT_38,SPY
2009-06-12,73.34361949433233,0,-0.0,RSI_LT_38,SPY
2009-06-15,56.211175525276225,0,-0.0,RSI_LT_38,SPY
2009-06-16,57.87370937543834,0,-0.0,RSI_LT_38,SPY
2009-06-17,52.77535414535251,0,0.0,RSI_LT_38,SPY
2009-06-18,48.51105713770596,0,-0.0,RSI_LT_38,SPY
2009-06-19,33.65270227054684,1,-2.998698510187492,RSI_LT_38,SPY
2009-06-22,24.75066108791242,1,0.07840467717439292,RSI_LT_38,SPY
2009-06-23,28.282799480892592,1,0.8617843151770721,RSI_LT_38,SPY
2009-06-24,27.477039732854323,1,2.1748768583420786,RSI_LT_38,SPY
2009-06-25,39.47143171201594,0,-0.0,RSI_LT_38,SPY
2009-06-26,39.98269880235655,0,0.0,RSI_LT_38,SPY
2009-06-29,41.88962645331591,0,-0.0,RSI_LT_38,SPY
2009-06-30,40.17641203351058,0,0.0,RSI_LT_38,SPY
2009-07-01,39.98393102986876,0,-0.0,RSI_LT_38,SPY
2009-07-02,32.06263470876938,1,-0.011128501400325952,RSI_LT_38,SPY
2009-07-06,37.61982616940774,1,-1.9376452494786478,RSI_LT_38,SPY
2009-07-07,36.23077834991649,1,-0.06813259170694863,RSI_LT_38,SPY
2009-07-08,36.314577713255126,1,0.1931797374378652,RSI_LT_38,SPY
2009-07-09,33.761035687409375,1,-0.2381752170055318,RSI_LT_38,SPY
2009-07-10,33.68001259764087,1,2.432923387815511,RSI_LT_38,SPY
2009-07-13,53.45117353193714,0,0.0,RSI_LT_38,SPY
2009-07-14,55.113638826635224,0,0.0,RSI_LT_38,SPY
2009-07-15,61.05632637447185,0,-0.0,RSI_LT_38,SPY
2009-07-16,54.156568045005365,0,0.0,RSI_LT_38,SPY
2009-07-17,58.69400116671175,0,0.0,RSI_LT_38,SPY
2009-07-20,59.128472419262295,0,0.0,RSI_LT_38,SPY
2009-07-21,63.92307931572588,0,-0.0,RSI_LT_38,SPY
2009-07-22,62.737347215934804,0,0.0,RSI_LT_38,SPY
2009-07-23,82.09324957423847,0,0.0,RSI_LT_38,SPY
2009-07-24,82.72582291092345,0,0.0,RSI_LT_38,SPY
2009-07-27,96.06092045956724,0,-0.0,RSI_LT_38,SPY
2009-07-28,92.73987109809285,0,-0.0,RSI_LT_38,SPY
2009-07-29,90.72169273050586,0,0.0,RSI_LT_38,SPY
2009-07-30,93.01208141704635,0,0.0,RSI_LT_38,SPY
2009-07-31,91.67467936432843,0,0.0,RSI_LT_38,SPY
2009-08-03,92.48059020034263,0,0.0,RSI_LT_38,SPY
2009-08-04,90.52291356912467,0,-0.0,RSI_LT_38,SPY
2009-08-05,89.16320396074617,0,-0.0,RSI_LT_38,SPY
2009-08-06,82.65313095506866,0,0.0,RSI_LT_38,SPY
2009-08-07,83.2421230315413,0,-0.0,RSI_LT_38,SPY
2009-08-10,80.44950100211052,0,-0.0,RSI_LT_38,SPY
2009-08-11,70.61148911228705,0,0.0,RSI_LT_38,SPY
2009-08-12,67.25279018605713,0,0.0,RSI_LT_38,SPY
2009-08-13,68.53226065036105,0,-0.0,RSI_LT_38,SPY
2009-08-14,62.24903751434345,0,-0.0,RSI_LT_38,SPY
2009-08-17,51.75291675157938,0,0.0,RSI_LT_38,SPY
2009-08-18,55.75078655396434,0,0.0,RSI_LT_38,SPY
2009-08-19,55.21423694567335,0,0.0,RSI_LT_38,SPY
2009-08-20,58.2202204471428,0,0.0,RSI_LT_38,SPY
2009-08-21,59.29464181607813,0,-0.0,RSI_LT_38,SPY
2009-08-24,58.45809627090304,0,0.0,RSI_LT_38,SPY
2009-08-25,60.36171482516791,0,0.0,RSI_LT_38,SPY
2009-08-26,62.85266532653942,0,0.0,RSI_LT_38,SPY
2009-08-27,59.41782756915608,0,-0.0,RSI_LT_38,SPY
2009-08-28,60.400340500578345,0,-0.0,RSI_LT_38,SPY
2009-08-31,62.24212325533338,0,-0.0,RSI_LT_38,SPY
2009-09-01,47.568859239657975,0,-0.0,RSI_LT_38,SPY
2009-09-02,42.6778317474424,0,0.0,RSI_LT_38,SPY
2009-09-03,49.41666995154069,0,0.0,RSI_LT_38,SPY
2009-09-04,67.15460785778205,0,0.0,RSI_LT_38,SPY
2009-09-08,67.45240799432258,0,0.0,RSI_LT_38,SPY
2009-09-09,67.2146121902957,0,0.0,RSI_LT_38,SPY
2009-09-10,67.3041860180715,0,-0.0,RSI_LT_38,SPY
2009-09-11,59.97778851041767,0,0.0,RSI_LT_38,SPY
2009-09-14,62.18485711331961,0,0.0,RSI_LT_38,SPY
2009-09-15,63.11472846886959,0,0.0,RSI_LT_38,SPY
2009-09-16,68.28192292774804,0,-0.0,RSI_LT_38,SPY
2009-09-17,66.66666666666666,0,-0.0,RSI_LT_38,SPY
2009-09-18,64.27351564318704,0,-0.0,RSI_LT_38,SPY
2009-09-21,68.05427152471059,0,0.0,RSI_LT_38,SPY
2009-09-22,86.50369023884598,0,-0.0,RSI_LT_38,SPY
2009-09-23,82.05641129764135,0,-0.0,RSI_LT_38,SPY
2009-09-24,71.24754610350982,0,-0.0,RSI_LT_38,SPY
2009-09-25,62.69922733279822,0,0.0,RSI_LT_38,SPY
2009-09-28,66.24996056929864,0,-0.0,RSI_LT_38,SPY
2009-09-29,61.42997525252642,0,-0.0,RSI_LT_38,SPY
2009-09-30,54.31031009963407,0,-0.0,RSI_LT_38,SPY
2009-10-01,42.42426966927124,0,-0.0,RSI_LT_38,SPY
2009-10-02,38.22785788096227,0,0.0,RSI_LT_38,SPY
2009-10-05,43.431208444447854,0,0.0,RSI_LT_38,SPY
2009-10-06,42.946238707559694,0,0.0,RSI_LT_38,SPY
2009-10-07,44.75309296071811,0,0.0,RSI_LT_38,SPY
2009-10-08,49.58739508880535,0,0.0,RSI_LT_38,SPY
2009-10-09,52.95406396998551,0,0.0,RSI_LT_38,SPY
2009-10-12,52.25758759961689,0,-0.0,RSI_LT_38,SPY
2009-10-13,54.98441442073102,0,0.0,RSI_LT_38,SPY
2009-10-14,65.90233593571452,0,0.0,RSI_LT_38,SPY
2009-10-15,69.68562459633047,0,-0.0,RSI_LT_38,SPY
2009-10-16,60.43866211093047,0,0.0,RSI_LT_38,SPY
2009-10-19,64.70131439776645,0,-0.0,RSI_LT_38,SPY
2009-10-20,63.85911680154411,0,-0.0,RSI_LT_38,SPY
2009-10-21,73.02976998923735,0,0.0,RSI_LT_38,SPY
2009-10-22,78.4053299300998,0,-0.0,RSI_LT_38,SPY
2009-10-23,67.26192368401078,0,-0.0,RSI_LT_38,SPY
2009-10-26,56.11889056282149,0,-0.0,RSI_LT_38,SPY
2009-10-27,52.66320940591659,0,-0.0,RSI_LT_38,SPY
2009-10-28,41.433031247251876,0,0.0,RSI_LT_38,SPY
2009-10-29,47.88634469865198,0,-0.0,RSI_LT_38,SPY
2009-10-30,37.95320726835974,1,0.7338761627533552,RSI_LT_38,SPY
2009-11-02,41.099774664700206,0,0.0,RSI_LT_38,SPY
2009-11-03,35.545920475407755,1,0.257999655164487,RSI_LT_38,SPY
2009-11-04,35.02188381656815,1,1.8394970824037182,RSI_LT_38,SPY
2009-11-05,44.035084510052286,0,0.0,RSI_LT_38,SPY
2009-11-06,41.92959844745484,0,0.0,RSI_LT_38,SPY
2009-11-09,50.981463146772285,0,0.0,RSI_LT_38,SPY
2009-11-10,53.912523578476325,0,0.0,RSI_LT_38,SPY
2009-11-11,52.43467785523454,0,-0.0,RSI_LT_38,SPY
2009-11-12,52.842598942386445,0,0.0,RSI_LT_38,SPY
2009-11-13,58.40048661593336,0,0.0,RSI_LT_38,SPY
2009-11-16,63.90017406351746,0,0.0,RSI_LT_38,SPY
2009-11-17,72.57325706924009,0,-0.0,RSI_LT_38,SPY
2009-11-18,67.52652631213351,0,-0.0,RSI_LT_38,SPY
2009-11-19,77.12305736391879,0,-0.0,RSI_LT_38,SPY
2009-11-20,72.87377550588289,0,0.0,RSI_LT_38,SPY
2009-11-23,75.22485823544457,0,0.0,RSI_LT_38,SPY
2009-11-24,75.0206144651592,0,0.0,RSI_LT_38,SPY
2009-11-25,71.38810361571468,0,-0.0,RSI_LT_38,SPY
2009-11-27,60.06602072778914,0,0.0,RSI_LT_38,SPY
2009-11-30,51.84081052295158,0,0.0,RSI_LT_38,SPY
2009-12-01,57.5066145983348,0,-0.0,RSI_LT_38,SPY
2009-12-02,55.05514132264843,0,-0.0,RSI_LT_38,SPY
2009-12-03,56.349947426783274,0,0.0,RSI_LT_38,SPY
2009-12-04,56.5135877609332,0,-0.0,RSI_LT_38,SPY
2009-12-07,47.99998680322034,0,-0.0,RSI_LT_38,SPY
2009-12-08,41.642537645695555,0,0.0,RSI_LT_38,SPY
2009-12-09,44.153415741242966,0,0.0,RSI_LT_38,SPY
2009-12-10,54.1582099876893,0,0.0,RSI_LT_38,SPY
2009-12-11,58.450697198541356,0,0.0,RSI_LT_38,SPY
2009-12-14,55.63910637049468,0,-0.0,RSI_LT_38,SPY
2009-12-15,51.86335354671376,0,0.0,RSI_LT_38,SPY
2009-12-16,50.741520800567685,0,-0.0,RSI_LT_38,SPY
2009-12-17,53.400220120811284,0,0.0,RSI_LT_38,SPY
2009-12-18,51.564288827417684,0,0.0,RSI_LT_38,SPY
2009-12-21,50.178776680100675,0,0.0,RSI_LT_38,SPY
2009-12-22,52.74601050480502,0,0.0,RSI_LT_38,SPY
2009-12-23,59.70333080906436,0,0.0,RSI_LT_38,SPY
2009-12-24,59.19900006302123,0,0.0,RSI_LT_38,SPY
2009-12-28,61.6625648404074,0,-0.0,RSI_LT_38,SPY
2009-12-29,71.10153526436541,0,-0.0,RSI_LT_38,SPY
2009-12-30,68.88214563131413,0,-0.0,RSI_LT_38,SPY
2009-12-31,55.64973760493109,0,0.0,RSI_LT_38,SPY
2010-01-04,63.058830710018384,0,0.0,RSI_LT_38,SPY
2010-01-05,60.945248610291344,0,0.0,RSI_LT_38,SPY
2010-01-06,65.52633850861218,0,0.0,RSI_LT_38,SPY
2010-01-07,66.87741553407236,0,0.0,RSI_LT_38,SPY
2010-01-08,81.582743289972,0,0.0,RSI_LT_38,SPY
2010-01-11,81.92092587204604,0,-0.0,RSI_LT_38,SPY
2010-01-12,66.5718508936052,0,0.0,RSI_LT_38,SPY
2010-01-13,69.038213333655,0,0.0,RSI_LT_38,SPY
2010-01-14,69.40106275077412,0,-0.0,RSI_LT_38,SPY
2010-01-15,56.87201863598275,0,0.0,RSI_LT_38,SPY
2010-01-19,62.162149301457994,0,-0.0,RSI_LT_38,SPY
2010-01-20,56.25589430515024,0,-0.0,RSI_LT_38,SPY
2010-01-21,46.791861257155546,0,-0.0,RSI_LT_38,SPY
2010-01-22,42.142339068912435,0,0.0,RSI_LT_38,SPY
2010-01-25,36.158603689520255,1,-0.41905720920117906,RSI_LT_38,SPY
2010-01-26,33.41013514344965,1,0.47571519904408,RSI_LT_38,SPY
2010-01-27,35.58693344231389,1,-1.147229459368182,RSI_LT_38,SPY
2010-01-28,30.26684132839351,1,-1.086856690147009,RSI_LT_38,SPY
2010-01-29,26.130319587404003,1,1.5550779201385145,RSI_LT_38,SPY
2010-02-01,32.87006837875552,1,1.2103426777678283,RSI_LT_38,SPY
2010-02-02,40.23807350469503,0,-0.0,RSI_LT_38,SPY
2010-02-03,35.38742122145783,1,-3.0865877566523925,RSI_LT_38,SPY
2010-02-04,28.197224811723956,1,0.2066903566863676,RSI_LT_38,SPY
2010-02-05,31.032614013875545,1,-0.7219241009031374,RSI_LT_38,SPY
2010-02-08,24.169019242407572,1,1.2560221349710465,RSI_LT_38,SPY
2010-02-09,31.379126730564437,1,-0.19585812542605163,RSI_LT_38,SPY
2010-02-10,35.27936370946615,1,1.0466265721233103,RSI_LT_38,SPY
2010-02-11,46.2912018813587,0,-0.0,RSI_LT_38,SPY
2010-02-12,43.860907816963795,0,0.0,RSI_LT_38,SPY
2010-02-16,51.402480325560774,0,0.0,RSI_LT_38,SPY
2010-02-17,51.402480325560774,0,0.0,RSI_LT_38,SPY
2010-02-18,57.94838650156345,0,0.0,RSI_LT_38,SPY
2010-02-19,63.61656859811842,0,0.0,RSI_LT_38,SPY
2010-02-22,58.663395006395604,0,-0.0,RSI_LT_38,SPY
2010-02-23,47.65432253810772,0,0.0,RSI_LT_38,SPY
2010-02-24,53.92544495192759,0,-0.0,RSI_LT_38,SPY
2010-02-25,72.5719906265216,0,0.0,RSI_LT_38,SPY
2010-02-26,72.12576076657965,0,0.0,RSI_LT_38,SPY
2010-03-01,81.24998013179771,0,0.0,RSI_LT_38,SPY
2010-03-02,79.02094792983804,0,0.0,RSI_LT_38,SPY
2010-03-03,81.22783582136606,0,0.0,RSI_LT_38,SPY
2010-03-04,79.3237726264826,0,0.0,RSI_LT_38,SPY
2010-03-05,83.71329757491665,0,0.0,RSI_LT_38,SPY
2010-03-08,80.07961709224357,0,0.0,RSI_LT_38,SPY
2010-03-09,79.16659602424448,0,0.0,RSI_LT_38,SPY
2010-03-10,78.75347158433924,0,0.0,RSI_LT_38,SPY
2010-03-11,79.48009576908547,0,0.0,RSI_LT_38,SPY
2010-03-12,79.45198034754455,0,0.0,RSI_LT_38,SPY
2010-03-15,97.49161468772446,0,0.0,RSI_LT_38,SPY
2010-03-16,97.45328782471843,0,0.0,RSI_LT_38,SPY
2010-03-17,100.0,0,-0.0,RSI_LT_38,SPY
2010-03-18,99.06545832234082,0,-0.0,RSI_LT_38,SPY
2010-03-19,82.17668917780591,0,0.0,RSI_LT_38,SPY
2010-03-22,83.00754450293014,0,0.0,RSI_LT_38,SPY
2010-03-23,84.6675983436853,0,-0.0,RSI_LT_38,SPY
2010-03-24,77.63153667928862,0,-0.0,RSI_LT_38,SPY
2010-03-25,69.41748711459522,0,-0.0,RSI_LT_38,SPY
2010-03-26,68.53935749021221,0,0.0,RSI_LT_38,SPY
2010-03-29,71.09145372625098,0,0.0,RSI_LT_38,SPY
2010-03-30,69.13386526846465,0,-0.0,RSI_LT_38,SPY
2010-03-31,62.360462484576956,0,0.0,RSI_LT_38,SPY
2010-04-01,66.5722538792633,0,0.0,RSI_LT_38,SPY
2010-04-05,70.46309151638647,0,0.0,RSI_LT_38,SPY
2010-04-06,67.89114149260052,0,-0.0,RSI_LT_38,SPY
2010-04-07,58.583116179816635,0,0.0,RSI_LT_38,SPY
2010-04-08,61.248343161921696,0,0.0,RSI_LT_38,SPY
2010-04-09,74.18917163435863,0,0.0,RSI_LT_38,SPY
2010-04-12,72.59682586941602,0,0.0,RSI_LT_38,SPY
2010-04-13,69.39099389893506,0,0.0,RSI_LT_38,SPY
2010-04-14,80.93888235319653,0,0.0,RSI_LT_38,SPY
2010-04-15,83.4293786552922,0,-0.0,RSI_LT_38,SPY
2010-04-16,65.79544213192952,0,0.0,RSI_LT_38,SPY
2010-04-19,64.62983101478093,0,0.0,RSI_LT_38,SPY
2010-04-20,68.3157669870477,0,-0.0,RSI_LT_38,SPY
2010-04-21,69.63522949598475,0,0.0,RSI_LT_38,SPY
2010-04-22,68.13063130790253,0,0.0,RSI_LT_38,SPY
2010-04-23,67.5086170273336,0,-0.0,RSI_LT_38,SPY
2010-04-26,62.992135444736995,0,-0.0,RSI_LT_38,SPY
2010-04-27,50.54152966896765,0,0.0,RSI_LT_38,SPY
2010-04-28,52.6361358391032,0,0.0,RSI_LT_38,SPY
2010-04-29,55.33822477848593,0,-0.0,RSI_LT_38,SPY
2010-04-30,46.70912423834194,0,0.0,RSI_LT_38,SPY
2010-05-03,51.66879764399277,0,-0.0,RSI_LT_38,SPY
2010-05-04,39.237507131590434,0,-0.0,RSI_LT_38,SPY
2010-05-05,37.3370916972203,1,-3.3213467416143727,RSI_LT_38,SPY
2010-05-06,33.622433250499796,1,-1.4875157330082156,RSI_LT_38,SPY
2010-05-07,29.47670651561208,1,4.404099794892313,RSI_LT_38,SPY
2010-05-10,40.42985143707152,0,-0.0,RSI_LT_38,SPY
2010-05-11,40.25029476519196,0,0.0,RSI_LT_38,SPY
2010-05-12,43.14252610716387,0,-0.0,RSI_LT_38,SPY
2010-05-13,39.10111980697338,0,-0.0,RSI_LT_38,SPY
2010-05-14,36.838387338107495,1,0.05268026948397342,RSI_LT_38,SPY
2010-05-17,41.12806897955244,0,-0.0,RSI_LT_38,SPY
2010-05-18,36.669217570110014,1,-0.5693944670464135,RSI_LT_38,SPY
2010-05-19,32.04419390473127,1,-3.7759494810666983,RSI_LT_38,SPY
2010-05-20,29.516535770673215,1,1.459921593321778,RSI_LT_38,SPY
2010-05-21,29.593312059297645,1,-1.2831101805952039,RSI_LT_38,SPY
2010-05-24,31.21408835258751,1,0.10212664681696904,RSI_LT_38,SPY
2010-05-25,32.36676356878834,1,-0.6028580297891661,RSI_LT_38,SPY
2010-05-26,37.05696274020278,1,3.3498218051901008,RSI_LT_38,SPY
2010-05-27,48.96694201848584,0,-0.0,RSI_LT_38,SPY
2010-05-28,33.5911004878905,1,-1.6823662074404222,RSI_LT_38,SPY
2010-06-01,31.306296863218677,1,2.603927353802682,RSI_LT_38,SPY
2010-06-02,34.7733241441244,1,0.34441878646920276,RSI_LT_38,SPY
2010-06-03,38.161439334689526,0,-0.0,RSI_LT_38,SPY
2010-06-04,35.32586440329055,1,-1.2450869077461069,RSI_LT_38,SPY
2010-06-07,33.32019649896344,1,1.0711962325298252,RSI_LT_38,SPY
2010-06-08,38.41219992548038,0,-0.0,RSI_LT_38,SPY
2010-06-09,38.520315740745566,0,0.0,RSI_LT_38,SPY
2010-06-10,53.38947279150854,0,0.0,RSI_LT_38,SPY
2010-06-11,51.25495230035674,0,-0.0,RSI_LT_38,SPY
2010-06-14,54.18994909477352,0,0.0,RSI_LT_38,SPY
2010-06-15,58.75942762293921,0,-0.0,RSI_LT_38,SPY
2010-06-16,60.30107385743702,0,0.0,RSI_LT_38,SPY
2010-06-17,53.47781496337777,0,-0.0,RSI_LT_38,SPY
2010-06-18,56.25662919930194,0,-0.0,RSI_LT_38,SPY
2010-06-21,61.18802105607738,0,-0.0,RSI_LT_38,SPY
2010-06-22,47.68009077024759,0,-0.0,RSI_LT_38,SPY
2010-06-23,45.471248288755376,0,-0.0,RSI_LT_38,SPY
2010-06-24,52.103781150904155,0,0.0,RSI_LT_38,SPY
2010-06-25,58.893886450930125,0,-0.0,RSI_LT_38,SPY
2010-06-28,53.61396245417972,0,-0.0,RSI_LT_38,SPY
2010-06-29,44.00259618182225,0,-0.0,RSI_LT_38,SPY
2010-06-30,27.588817836285813,1,-0.4456491755789549,RSI_LT_38,SPY
2010-07-01,23.70822096019033,1,-0.5449641653820447,RSI_LT_38,SPY
2010-07-02,23.025832377548312,1,0.6555829925114054,RSI_LT_38,SPY
2010-07-06,11.082767417008512,1,3.14960413848846,RSI_LT_38,SPY
2010-07-07,30.408598875674727,1,0.9895420278184242,RSI_LT_38,SPY
2010-07-08,34.24053811312737,1,0.7465429218216357,RSI_LT_38,SPY
2010-07-09,38.35701003459848,0,0.0,RSI_LT_38,SPY
2010-07-12,39.39773798754601,0,0.0,RSI_LT_38,SPY
2010-07-13,50.28608983080031,0,-0.0,RSI_LT_38,SPY
2010-07-14,51.363628256854554,0,0.0,RSI_LT_38,SPY
2010-07-15,58.29661948809183,0,-0.0,RSI_LT_38,SPY
2010-07-16,46.263130537963875,0,0.0,RSI_LT_38,SPY
2010-07-19,49.27185128979796,0,0.0,RSI_LT_38,SPY
2010-07-20,64.87805733899592,0,-0.0,RSI_LT_38,SPY
2010-07-21,63.03315968769612,0,0.0,RSI_LT_38,SPY
2010-07-22,70.05985643956976,0,0.0,RSI_LT_38,SPY
2010-07-23,74.01989801885874,0,0.0,RSI_LT_38,SPY
2010-07-26,74.72963848306617,0,-0.0,RSI_LT_38,SPY
2010-07-27,68.9679352533449,0,-0.0,RSI_LT_38,SPY
2010-07-28,63.09778589547127,0,-0.0,RSI_LT_38,SPY
2010-07-29,58.47273393110796,0,-0.0,RSI_LT_38,SPY
2010-07-30,58.17517195368681,0,0.0,RSI_LT_38,SPY
2010-08-02,60.64559536241969,0,-0.0,RSI_LT_38,SPY
2010-08-03,58.515569977303954,0,0.0,RSI_LT_38,SPY
2010-08-04,60.404806565234196,0,-0.0,RSI_LT_38,SPY
2010-08-05,73.97362276547877,0,-0.0,RSI_LT_38,SPY
2010-08-06,70.0156719818859,0,0.0,RSI_LT_38,SPY
2010-08-09,68.55963419121572,0,-0.0,RSI_LT_38,SPY
2010-08-10,73.39204715030505,0,-0.0,RSI_LT_38,SPY
2010-08-11,49.335564698718144,0,-0.0,RSI_LT_38,SPY
2010-08-12,42.43194691603192,0,-0.0,RSI_LT_38,SPY
2010-08-13,35.132673189922215,1,-0.04615956374316443,RSI_LT_38,SPY
2010-08-16,35.0045658099079,1,1.2285185437060475,RSI_LT_38,SPY
2010-08-17,44.64591840633964,0,0.0,RSI_LT_38,SPY
2010-08-18,47.775801798744276,0,-0.0,RSI_LT_38,SPY
2010-08-19,40.898710964011116,0,-0.0,RSI_LT_38,SPY
2010-08-20,26.20562159445352,1,-0.38128525748089004,RSI_LT_38,SPY
2010-08-23,26.519328865755583,1,-1.4843203197508203,RSI_LT_38,SPY
2010-08-24,18.205109478579644,1,0.3885185888865994,RSI_LT_38,SPY
2010-08-25,21.184331677009936,1,-0.670189794327547,RSI_LT_38,SPY
2010-08-26,20.751645088482917,1,1.548985271709169,RSI_LT_38,SPY
2010-08-27,26.902792750061096,1,-1.4504988236053395,RSI_LT_38,SPY
2010-08-30,25.123152180390903,1,0.0,RSI_LT_38,SPY
2010-08-31,32.07545488445551,1,2.991170448110836,RSI_LT_38,SPY
2010-09-01,49.37546597604112,0,0.0,RSI_LT_38,SPY
2010-09-02,54.055955994942195,0,0.0,RSI_LT_38,SPY
2010-09-03,58.39181965617589,0,-0.0,RSI_LT_38,SPY
2010-09-07,50.16036887287647,0,0.0,RSI_LT_38,SPY
2010-09-08,51.9183239893774,0,0.0,RSI_LT_38,SPY
2010-09-09,60.29810459195409,0,0.0,RSI_LT_38,SPY
2010-09-10,63.19306026198826,0,0.0,RSI_LT_38,SPY
2010-09-13,67.72150217848039,0,-0.0,RSI_LT_38,SPY
2010-09-14,74.92997041740998,0,0.0,RSI_LT_38,SPY
2010-09-15,74.96502750316114,0,-0.0,RSI_LT_38,SPY
2010-09-16,78.70777576306533,0,-0.0,RSI_LT_38,SPY
2010-09-17,72.4302488517923,0,0.0,RSI_LT_38,SPY
2010-09-20,84.98425838678004,0,-0.0,RSI_LT_38,SPY
2010-09-21,83.47491402942059,0,-0.0,RSI_LT_38,SPY
2010-09-22,73.93820048059256,0,-0.0,RSI_LT_38,SPY
2010-09-23,64.75169191225086,0,0.0,RSI_LT_38,SPY
2010-09-24,67.59175588682274,0,-0.0,RSI_LT_38,SPY
2010-09-27,72.11076093490973,0,0.0,RSI_LT_38,SPY
2010-09-28,71.08906897270643,0,-0.0,RSI_LT_38,SPY
2010-09-29,68.13074542002937,0,-0.0,RSI_LT_38,SPY
2010-09-30,63.84530756720559,0,0.0,RSI_LT_38,SPY
2010-10-01,60.72642814956709,0,-0.0,RSI_LT_38,SPY
2010-10-04,55.72915052376513,0,0.0,RSI_LT_38,SPY
2010-10-05,62.91446500768597,0,-0.0,RSI_LT_38,SPY
2010-10-06,63.02443669946501,0,-0.0,RSI_LT_38,SPY
2010-10-07,65.42648753993831,0,0.0,RSI_LT_38,SPY
2010-10-08,61.708537550376946,0,0.0,RSI_LT_38,SPY
2010-10-11,63.58084194840272,0,0.0,RSI_LT_38,SPY
2010-10-12,68.6396640852463,0,0.0,RSI_LT_38,SPY
2010-10-13,78.17043826938237,0,-0.0,RSI_LT_38,SPY
2010-10-14,67.01028393896492,0,0.0,RSI_LT_38,SPY
2010-10-15,73.02012213168224,0,0.0,RSI_LT_38,SPY
2010-10-18,73.65660747140228,0,-0.0,RSI_LT_38,SPY
2010-10-19,62.583526121320915,0,0.0,RSI_LT_38,SPY
2010-10-20,69.12068486696144,0,0.0,RSI_LT_38,SPY
2010-10-21,68.41004367753165,0,0.0,RSI_LT_38,SPY
2010-10-22,75.78477215712806,0,0.0,RSI_LT_38,SPY
2010-10-25,69.05444533223447,0,0.0,RSI_LT_38,SPY
2010-10-26,69.2418183088261,0,-0.0,RSI_LT_38,SPY
2010-10-27,67.3157139112931,0,0.0,RSI_LT_38,SPY
2010-10-28,64.1768391964942,0,0.0,RSI_LT_38,SPY
2010-10-29,64.06726473092942,0,0.0,RSI_LT_38,SPY
2010-11-01,62.21863512199071,0,0.0,RSI_LT_38,SPY
2010-11-02,62.4000244140625,0,0.0,RSI_LT_38,SPY
2010-11-03,69.85645292588045,0,0.0,RSI_LT_38,SPY
2010-11-04,77.33814759486654,0,0.0,RSI_LT_38,SPY
2010-11-05,77.00731010978159,0,-0.0,RSI_LT_38,SPY
2010-11-08,91.73903524775596,0,-0.0,RSI_LT_38,SPY
2010-11-09,78.16260474607586,0,0.0,RSI_LT_38,SPY
2010-11-10,78.89370614770574,0,-0.0,RSI_LT_38,SPY
2010-11-11,73.13640719243972,0,-0.0,RSI_LT_38,SPY
2010-11-12,59.14632784762074,0,-0.0,RSI_LT_38,SPY
2010-11-15,57.844291024183796,0,-0.0,RSI_LT_38,SPY
2010-11-16,48.88667179926347,0,0.0,RSI_LT_38,SPY
2010-11-17,49.092739532068485,0,0.0,RSI_LT_38,SPY
2010-11-18,56.35264575978138,0,0.0,RSI_LT_38,SPY
2010-11-19,57.41991221688078,0,-0.0,RSI_LT_38,SPY
2010-11-22,53.266796454197284,0,-0.0,RSI_LT_38,SPY
2010-11-23,43.89250753620235,0,0.0,RSI_LT_38,SPY
2010-11-24,41.2115771568512,0,-0.0,RSI_LT_38,SPY
2010-11-26,34.51816050669832,1,0.30303080900992985,RSI_LT_38,SPY
2010-11-29,36.982025269489725,1,-0.562274066590096,RSI_LT_38,SPY
2010-11-30,37.59934743781404,1,2.1267653961461352,RSI_LT_38,SPY
2010-12-01,46.26969099125727,0,0.0,RSI_LT_38,SPY
2010-12-02,52.929931043866596,0,0.0,RSI_LT_38,SPY
2010-12-03,59.218653586705294,0,-0.0,RSI_LT_38,SPY
2010-12-06,59.38145778636325,0,0.0,RSI_LT_38,SPY
2010-12-07,68.31371830958946,0,0.0,RSI_LT_38,SPY
2010-12-08,69.25417729691816,0,0.0,RSI_LT_38,SPY
2010-12-09,65.99327226395125,0,0.0,RSI_LT_38,SPY
2010-12-10,67.07416863256674,0,0.0,RSI_LT_38,SPY
2010-12-13,67.83671476403062,0,0.0,RSI_LT_38,SPY
2010-12-14,79.2843883263026,0,-0.0,RSI_LT_38,SPY
2010-12-15,70.65679909546367,0,0.0,RSI_LT_38,SPY
2010-12-16,84.36070305376022,0,-0.0,RSI_LT_38,SPY
2010-12-17,78.81166168589127,0,0.0,RSI_LT_38,SPY
2010-12-20,85.73104873539259,0,0.0,RSI_LT_38,SPY
2010-12-21,82.111490095748,0,0.0,RSI_LT_38,SPY
2010-12-22,78.44529874667393,0,-0.0,RSI_LT_38,SPY
2010-12-23,74.5917018021199,0,0.0,RSI_LT_38,SPY
2010-12-27,76.61144832237397,0,0.0,RSI_LT_38,SPY
2010-12-28,77.07584508729745,0,0.0,RSI_LT_38,SPY
2010-12-29,75.4826556221942,0,-0.0,RSI_LT_38,SPY
2010-12-30,70.00004671070968,0,0.0,RSI_LT_38,SPY
2010-12-31,65.08315347102541,0,0.0,RSI_LT_38,SPY
2011-01-03,72.92825830382735,0,-0.0,RSI_LT_38,SPY
2011-01-04,71.42865231281415,0,0.0,RSI_LT_38,SPY
2011-01-05,82.29934857637696,0,-0.0,RSI_LT_38,SPY
2011-01-06,75.6487667302705,0,-0.0,RSI_LT_38,SPY
2011-01-07,79.95782899819727,0,-0.0,RSI_LT_38,SPY
2011-01-10,75.86966977924469,0,0.0,RSI_LT_38,SPY
2011-01-11,73.94374647408057,0,0.0,RSI_LT_38,SPY
2011-01-12,77.88853764552114,0,-0.0,RSI_LT_38,SPY
2011-01-13,77.42573419769667,0,0.0,RSI_LT_38,SPY
2011-01-14,80.77572797671813,0,0.0,RSI_LT_38,SPY
2011-01-18,80.90453674121406,0,-0.0,RSI_LT_38,SPY
2011-01-19,66.29369823489115,0,-0.0,RSI_LT_38,SPY
2011-01-20,66.57301384218749,0,0.0,RSI_LT_38,SPY
2011-01-21,67.75063268107911,0,0.0,RSI_LT_38,SPY
2011-01-24,65.05138908494492,0,0.0,RSI_LT_38,SPY
2011-01-25,66.07924481375217,0,0.0,RSI_LT_38,SPY
2011-01-26,65.2631277032686,0,0.0,RSI_LT_38,SPY
2011-01-27,69.3452360678742,0,-0.0,RSI_LT_38,SPY
2011-01-28,53.31808040000978,0,0.0,RSI_LT_38,SPY
2011-01-31,58.909782162761736,0,0.0,RSI_LT_38,SPY
2011-02-01,64.8430299351948,0,-0.0,RSI_LT_38,SPY
2011-02-02,59.31706329475725,0,0.0,RSI_LT_38,SPY
2011-02-03,61.66505167004438,0,0.0,RSI_LT_38,SPY
2011-02-04,59.46770744994042,0,0.0,RSI_LT_38,SPY
2011-02-07,61.81289535600617,0,0.0,RSI_LT_38,SPY
2011-02-08,72.26805096743747,0,-0.0,RSI_LT_38,SPY
2011-02-09,71.31228462326534,0,0.0,RSI_LT_38,SPY
2011-02-10,70.59437510739994,0,0.0,RSI_LT_38,SPY
2011-02-11,70.77715389857738,0,0.0,RSI_LT_38,SPY
2011-02-14,71.51510387526645,0,-0.0,RSI_LT_38,SPY
2011-02-15,67.00607864952048,0,0.0,RSI_LT_38,SPY
2011-02-16,68.66535919355766,0,0.0,RSI_LT_38,SPY
2011-02-17,88.54780305896341,0,0.0,RSI_LT_38,SPY
2011-02-18,87.54813662771338,0,-0.0,RSI_LT_38,SPY
2011-02-22,56.464989827465125,0,-0.0,RSI_LT_38,SPY
2011-02-23,52.9477161013497,0,-0.0,RSI_LT_38,SPY
2011-02-24,50.853206772882096,0,0.0,RSI_LT_38,SPY
2011-02-25,56.00817322259601,0,0.0,RSI_LT_38,SPY
2011-02-28,56.00810486602731,0,-0.0,RSI_LT_38,SPY
2011-03-01,42.83210533897446,0,0.0,RSI_LT_38,SPY
2011-03-02,45.3590354105037,0,0.0,RSI_LT_38,SPY
2011-03-03,54.21861146188775,0,-0.0,RSI_LT_38,SPY
2011-03-04,47.68786541406519,0,-0.0,RSI_LT_38,SPY
2011-03-07,43.13188137571971,0,0.0,RSI_LT_38,SPY
2011-03-08,48.593879734304146,0,-0.0,RSI_LT_38,SPY
2011-03-09,45.01364845864657,0,-0.0,RSI_LT_38,SPY
2011-03-10,37.08810950468003,1,0.6926226562834037,RSI_LT_38,SPY
2011-03-11,39.341431379635594,0,-0.0,RSI_LT_38,SPY
2011-03-14,44.22079234604501,0,-0.0,RSI_LT_38,SPY
2011-03-15,42.350740780455126,0,-0.0,RSI_LT_38,SPY
2011-03-16,37.07134535955096,1,1.3235046480474688,RSI_LT_38,SPY
2011-03-17,37.98282813853894,1,-0.07039213059423233,RSI_LT_38,SPY
2011-03-18,34.95257297014996,1,1.549783440690855,RSI_LT_38,SPY
2011-03-21,46.63274963688082,0,-0.0,RSI_LT_38,SPY
2011-03-22,44.61879994491786,0,0.0,RSI_LT_38,SPY
2011-03-23,38.056454552325114,0,0.0,RSI_LT_38,SPY
2011-03-24,45.1513106616313,0,0.0,RSI_LT_38,SPY
2011-03-25,49.58202742457457,0,-0.0,RSI_LT_38,SPY
2011-03-28,44.56520274367647,0,0.0,RSI_LT_38,SPY
2011-03-29,48.280343515418686,0,0.0,RSI_LT_38,SPY
2011-03-30,60.20186229490883,0,-0.0,RSI_LT_38,SPY
2011-03-31,56.65397232075619,0,0.0,RSI_LT_38,SPY
2011-04-01,61.996827788853096,0,0.0,RSI_LT_38,SPY
2011-04-04,70.36386931962427,0,-0.0,RSI_LT_38,SPY
2011-04-05,88.45305818848198,0,0.0,RSI_LT_38,SPY
2011-04-06,86.63292941634877,0,-0.0,RSI_LT_38,SPY
2011-04-07,83.98523372627365,0,-0.0,RSI_LT_38,SPY
2011-04-08,73.42326655547205,0,-0.0,RSI_LT_38,SPY
2011-04-11,73.97886397318523,0,-0.0,RSI_LT_38,SPY
2011-04-12,62.517253168884785,0,-0.0,RSI_LT_38,SPY
2011-04-13,54.6667616100016,0,0.0,RSI_LT_38,SPY
2011-04-14,52.280654789789985,0,0.0,RSI_LT_38,SPY
2011-04-15,59.04437037808562,0,-0.0,RSI_LT_38,SPY
2011-04-18,39.93801979870607,0,0.0,RSI_LT_38,SPY
2011-04-19,38.41259461095974,0,0.0,RSI_LT_38,SPY
2011-04-20,53.22384005802603,0,0.0,RSI_LT_38,SPY
2011-04-21,53.922835447656254,0,-0.0,RSI_LT_38,SPY
2011-04-25,52.3573600293818,0,0.0,RSI_LT_38,SPY
2011-04-26,58.43303878301238,0,0.0,RSI_LT_38,SPY
2011-04-27,60.41450236472223,0,0.0,RSI_LT_38,SPY
2011-04-28,64.3076802691811,0,0.0,RSI_LT_38,SPY
2011-04-29,68.57441818738994,0,-0.0,RSI_LT_38,SPY
2011-05-02,69.95757653313291,0,-0.0,RSI_LT_38,SPY
2011-05-03,73.87897957333398,0,-0.0,RSI_LT_38,SPY
2011-05-04,67.17638348374413,0,-0.0,RSI_LT_38,SPY
2011-05-05,59.37789243997336,0,0.0,RSI_LT_38,SPY
2011-05-06,59.78264475146368,0,0.0,RSI_LT_38,SPY
2011-05-09,70.63496628832489,0,0.0,RSI_LT_38,SPY
2011-05-10,71.75575408843125,0,-0.0,RSI_LT_38,SPY
2011-05-11,56.620558425383955,0,0.0,RSI_LT_38,SPY
2011-05-12,56.448446187638226,0,-0.0,RSI_LT_38,SPY
2011-05-13,51.82146907101881,0,-0.0,RSI_LT_38,SPY
2011-05-16,42.50939031864933,0,-0.0,RSI_LT_38,SPY
2011-05-17,37.270845699404255,1,0.8935964990376855,RSI_LT_38,SPY
2011-05-18,41.72183614016751,0,0.0,RSI_LT_38,SPY
2011-05-19,41.72183614016751,0,-0.0,RSI_LT_38,SPY
2011-05-20,38.58265193738945,0,-0.0,RSI_LT_38,SPY
2011-05-23,35.30822449156611,1,-0.08329593547262704,RSI_LT_38,SPY
2011-05-24,37.69226756393704,1,0.33346150176785105,RSI_LT_38,SPY
2011-05-25,44.41390508235846,0,0.0,RSI_LT_38,SPY
2011-05-26,44.51554682738161,0,0.0,RSI_LT_38,SPY
2011-05-27,44.4647336965854,0,0.0,RSI_LT_38,SPY
2011-05-31,45.658000426208545,0,-0.0,RSI_LT_38,SPY
2011-06-01,39.93731583689212,0,-0.0,RSI_LT_38,SPY
2011-06-02,36.348781161161305,1,-0.9944565407132178,RSI_LT_38,SPY
2011-06-03,35.56618237570271,1,-1.0581236790272341,RSI_LT_38,SPY
2011-06-06,34.12390331035368,1,-0.06198587757848539,RSI_LT_38,SPY
2011-06-07,33.96801342497146,1,-0.41874109553982075,RSI_LT_38,SPY
2011-06-08,26.20187605148871,1,0.7631176931258032,RSI_LT_38,SPY
2011-06-09,29.90865617981703,1,-1.3910320767118511,RSI_LT_38,SPY
2011-06-10,28.334507722087352,1,0.07836871106341459,RSI_LT_38,SPY
2011-06-13,32.447638447287076,1,1.2686064328045088,RSI_LT_38,SPY
2011-06-14,40.55997484982189,0,-0.0,RSI_LT_38,SPY
2011-06-15,32.995559103162066,1,0.22044277758741515,RSI_LT_38,SPY
2011-06-16,31.56534775910073,1,-0.19638648390162272,RSI_LT_38,SPY
2011-06-17,28.750045174010296,1,0.5116047862034234,RSI_LT_38,SPY
2011-06-20,25.10375655172632,1,1.3703994062813418,RSI_LT_38,SPY
2011-06-21,40.819435841924594,0,-0.0,RSI_LT_38,SPY
2011-06-22,38.92910297800174,0,-0.0,RSI_LT_38,SPY
2011-06-23,41.770208410338064,0,-0.0,RSI_LT_38,SPY
2011-06-24,41.41649428588545,0,0.0,RSI_LT_38,SPY
2011-06-27,46.36751231080057,0,0.0,RSI_LT_38,SPY
2011-06-28,53.922219472893296,0,0.0,RSI_LT_38,SPY
2011-06-29,54.313744263001375,0,0.0,RSI_LT_38,SPY
2011-06-30,64.81354564569146,0,0.0,RSI_LT_38,SPY
2011-07-01,68.73491932615067,0,-0.0,RSI_LT_38,SPY
2011-07-05,64.87735846194761,0,0.0,RSI_LT_38,SPY
2011-07-06,76.83398502282631,0,0.0,RSI_LT_38,SPY
2011-07-07,78.66286969469394,0,-0.0,RSI_LT_38,SPY
2011-07-08,74.88147839750735,0,-0.0,RSI_LT_38,SPY
2011-07-11,62.900312643771414,0,-0.0,RSI_LT_38,SPY
2011-07-12,56.34351214001145,0,0.0,RSI_LT_38,SPY
2011-07-13,60.54555957470353,0,-0.0,RSI_LT_38,SPY
2011-07-14,58.445683395776356,0,0.0,RSI_LT_38,SPY
2011-07-15,66.44203521442466,0,-0.0,RSI_LT_38,SPY
2011-07-18,59.02634845075567,0,0.0,RSI_LT_38,SPY
2011-07-19,60.236190514332634,0,-0.0,RSI_LT_38,SPY
2011-07-20,56.79095598689099,0,0.0,RSI_LT_38,SPY
2011-07-21,58.51350863717672,0,0.0,RSI_LT_38,SPY
2011-07-22,52.55023949398494,0,-0.0,RSI_LT_38,SPY
2011-07-25,50.07365325776618,0,-0.0,RSI_LT_38,SPY
2011-07-26,47.70115635513004,0,-0.0,RSI_LT_38,SPY
2011-07-27,34.40371329922276,1,-0.29096850310351696,RSI_LT_38,SPY
2011-07-28,35.76299021900694,1,-0.6834582869800654,RSI_LT_38,SPY
2011-07-29,39.95436308635596,0,-0.0,RSI_LT_38,SPY
2011-08-01,40.015282019552615,0,-0.0,RSI_LT_38,SPY
2011-08-02,30.119007864904972,1,0.5418760990927529,RSI_LT_38,SPY
2011-08-03,34.87932582221886,1,-4.684153220642184,RSI_LT_38,SPY
2011-08-04,22.642421099340964,1,-0.14967595374884013,RSI_LT_38,SPY
2011-08-05,23.66184120635235,1,-6.512324763141231,RSI_LT_38,SPY
2011-08-08,10.159623264268888,1,4.649920827872878,RSI_LT_38,SPY
2011-08-09,25.39736314545759,1,-4.417775189908468,RSI_LT_38,SPY
2011-08-10,17.524861937647444,1,4.488379084900718,RSI_LT_38,SPY
2011-08-11,27.958091173690462,1,0.6733153525940283,RSI_LT_38,SPY
2011-08-12,29.946391678682744,1,2.1164916541388523,RSI_LT_38,SPY
2011-08-15,34.5640062006195,1,-0.8539266997493078,RSI_LT_38,SPY
2011-08-16,36.052691704162854,1,0.06689675851201393,RSI_LT_38,SPY
2011-08-17,36.5330617371095,1,-4.3118543592105425,RSI_LT_38,SPY
2011-08-18,32.941993256136655,1,-1.6330475169822445,RSI_LT_38,SPY
2011-08-19,31.97051399881093,1,0.07990409070743887,RSI_LT_38,SPY
2011-08-22,34.648712016880125,1,3.291048499950633,RSI_LT_38,SPY
2011-08-23,39.0894895749886,0,0.0,RSI_LT_38,SPY
2011-08-24,47.296627608293555,0,-0.0,RSI_LT_38,SPY
2011-08-25,45.46971691938494,0,0.0,RSI_LT_38,SPY
2011-08-26,57.97262751212213,0,0.0,RSI_LT_38,SPY
2011-08-29,55.70923356060595,0,0.0,RSI_LT_38,SPY
2011-08-30,66.12846834549947,0,0.0,RSI_LT_38,SPY
2011-08-31,59.934978131769874,0,-0.0,RSI_LT_38,SPY
2011-09-01,55.61752619905293,0,-0.0,RSI_LT_38,SPY
2011-09-02,44.608792596433524,0,-0.0,RSI_LT_38,SPY
2011-09-06,44.90596147815265,0,0.0,RSI_LT_38,SPY
2011-09-07,51.07864033314477,0,-0.0,RSI_LT_38,SPY
2011-09-08,59.122021066086546,0,-0.0,RSI_LT_38,SPY
2011-09-09,56.288337097321524,0,0.0,RSI_LT_38,SPY
2011-09-12,57.367226773512385,0,0.0,RSI_LT_38,SPY
2011-09-13,52.69708440163262,0,0.0,RSI_LT_38,SPY
2011-09-14,52.67745929013433,0,0.0,RSI_LT_38,SPY
2011-09-15,60.574945834462596,0,0.0,RSI_LT_38,SPY
2011-09-16,57.80218512493255,0,-0.0,RSI_LT_38,SPY
2011-09-19,47.447732917135234,0,-0.0,RSI_LT_38,SPY
2011-09-20,46.29720054823859,0,-0.0,RSI_LT_38,SPY
2011-09-21,38.050444014971745,0,-0.0,RSI_LT_38,SPY
2011-09-22,34.389489361300704,1,0.6025166591337117,RSI_LT_38,SPY
2011-09-23,40.81807129436394,0,0.0,RSI_LT_38,SPY
2011-09-26,48.5183720419891,0,0.0,RSI_LT_38,SPY
2011-09-27,44.101243483429386,0,-0.0,RSI_LT_38,SPY
2011-09-28,42.0277970730697,0,0.0,RSI_LT_38,SPY
2011-09-29,50.29214580407303,0,-0.0,RSI_LT_38,SPY
2011-09-30,42.78689257594296,0,-0.0,RSI_LT_38,SPY
2011-10-03,35.29190835991888,1,2.1923005785722482,RSI_LT_38,SPY
2011-10-04,37.138660994914574,1,1.8515238551357616,RSI_LT_38,SPY
2011-10-05,37.184638889718,1,1.8091240412080767,RSI_LT_38,SPY
2011-10-06,41.425164566523996,0,-0.0,RSI_LT_38,SPY
2011-10-07,42.04152555147452,0,0.0,RSI_LT_38,SPY
2011-10-10,49.095929743177265,0,0.0,RSI_LT_38,SPY
2011-10-11,55.2550492828604,0,0.0,RSI_LT_38,SPY
2011-10-12,64.89240799078829,0,-0.0,RSI_LT_38,SPY
2011-10-13,63.37811977767273,0,0.0,RSI_LT_38,SPY
2011-10-14,62.45572789998018,0,-0.0,RSI_LT_38,SPY
2011-10-17,55.08507136441281,0,0.0,RSI_LT_38,SPY
2011-10-18,64.09091697251682,0,-0.0,RSI_LT_38,SPY
2011-10-19,59.428350371090545,0,0.0,RSI_LT_38,SPY
2011-10-20,67.31787188020019,0,0.0,RSI_LT_38,SPY
2011-10-21,79.67033658017976,0,0.0,RSI_LT_38,SPY
2011-10-24,78.8757212660441,0,-0.0,RSI_LT_38,SPY
2011-10-25,68.65544477773813,0,0.0,RSI_LT_38,SPY
2011-10-26,67.50338124932674,0,0.0,RSI_LT_38,SPY
2011-10-27,74.98068311127147,0,-0.0,RSI_LT_38,SPY
2011-10-28,70.48140048312594,0,-0.0,RSI_LT_38,SPY
2011-10-31,61.60000610351563,0,-0.0,RSI_LT_38,SPY
2011-11-01,52.27686728409644,0,0.0,RSI_LT_38,SPY
2011-11-02,55.95889741650907,0,0.0,RSI_LT_38,SPY
2011-11-03,56.258503595546614,0,-0.0,RSI_LT_38,SPY
2011-11-04,59.43226671681653,0,0.0,RSI_LT_38,SPY
2011-11-07,57.00685454267071,0,0.0,RSI_LT_38,SPY
2011-11-08,62.769583561378106,0,-0.0,RSI_LT_38,SPY
2011-11-09,52.4493811017132,0,0.0,RSI_LT_38,SPY
2011-11-10,50.59382207576122,0,0.0,RSI_LT_38,SPY
2011-11-11,51.93134095802974,0,-0.0,RSI_LT_38,SPY
2011-11-14,54.14801447930622,0,0.0,RSI_LT_38,SPY
2011-11-15,53.13159552072365,0,-0.0,RSI_LT_38,SPY
2011-11-16,41.280176906062216,0,-0.0,RSI_LT_38,SPY
2011-11-17,38.42310778486794,0,-0.0,RSI_LT_38,SPY
2011-11-18,42.97685942210815,0,-0.0,RSI_LT_38,SPY
2011-11-21,45.100508051442844,0,-0.0,RSI_LT_38,SPY
2011-11-22,39.26655427295702,0,-0.0,RSI_LT_38,SPY
2011-11-23,28.68454847603404,1,-0.18874504573709316,RSI_LT_38,SPY
2011-11-25,29.395836579609707,1,2.8966845905636918,RSI_LT_38,SPY
2011-11-28,36.778357040818015,1,0.28402303056174194,RSI_LT_38,SPY
2011-11-29,33.33335498620767,1,4.114947677162406,RSI_LT_38,SPY
2011-11-30,53.85911660610242,0,-0.0,RSI_LT_38,SPY
2011-12-01,51.439966981002925,0,-0.0,RSI_LT_38,SPY
2011-12-02,45.575216259828366,0,0.0,RSI_LT_38,SPY
2011-12-05,51.853663057033984,0,0.0,RSI_LT_38,SPY
2011-12-06,50.4518078634063,0,0.0,RSI_LT_38,SPY
2011-12-07,57.20500411754822,0,-0.0,RSI_LT_38,SPY
2011-12-08,54.79165408347188,0,0.0,RSI_LT_38,SPY
2011-12-09,59.61264914154081,0,-0.0,RSI_LT_38,SPY
2011-12-12,60.99562554874233,0,-0.0,RSI_LT_38,SPY
2011-12-13,59.02712108030411,0,-0.0,RSI_LT_38,SPY
2011-12-14,62.9112538018573,0,0.0,RSI_LT_38,SPY
2011-12-15,64.39841648850344,0,-0.0,RSI_LT_38,SPY
2011-12-16,55.37141369879974,0,-0.0,RSI_LT_38,SPY
2011-12-19,50.65004787999293,0,0.0,RSI_LT_38,SPY
2011-12-20,46.911432430581925,0,0.0,RSI_LT_38,SPY
2011-12-21,47.69849791530768,0,0.0,RSI_LT_38,SPY
2011-12-22,51.115938026285455,0,0.0,RSI_LT_38,SPY
2011-12-23,50.46883061248021,0,0.0,RSI_LT_38,SPY
2011-12-27,50.63220314386113,0,-0.0,RSI_LT_38,SPY
2011-12-28,45.09803844377774,0,0.0,RSI_LT_38,SPY
2011-12-29,56.06485451914576,0,-0.0,RSI_LT_38,SPY
2011-12-30,48.32418364101963,0,0.0,RSI_LT_38,SPY
2012-01-03,59.92758290923506,0,0.0,RSI_LT_38,SPY
2012-01-04,64.89427839420068,0,0.0,RSI_LT_38,SPY
2012-01-05,71.51638991856242,0,-0.0,RSI_LT_38,SPY
2012-01-06,69.02961132575189,0,0.0,RSI_LT_38,SPY
2012-01-09,72.56145550800044,0,0.0,RSI_LT_38,SPY
2012-01-10,81.43673648345435,0,0.0,RSI_LT_38,SPY
2012-01-11,75.11918675901474,0,0.0,RSI_LT_38,SPY
2012-01-12,75.28411594965169,0,-0.0,RSI_LT_38,SPY
2012-01-13,67.62095775055224,0,0.0,RSI_LT_38,SPY
2012-01-17,65.51000728444306,0,0.0,RSI_LT_38,SPY
2012-01-18,69.74174754138282,0,0.0,RSI_LT_38,SPY
2012-01-19,83.58666749118792,0,0.0,RSI_LT_38,SPY
2012-01-20,82.1389427003729,0,-0.0,RSI_LT_38,SPY
2012-01-23,84.75549421935214,0,-0.0,RSI_LT_38,SPY
2012-01-24,78.5304231582743,0,0.0,RSI_LT_38,SPY
2012-01-25,80.9950369793694,0,-0.0,RSI_LT_38,SPY
2012-01-26,73.47206210990109,0,-0.0,RSI_LT_38,SPY
2012-01-27,75.97993778785175,0,-0.0,RSI_LT_38,SPY
2012-01-30,70.8074675441606,0,-0.0,RSI_LT_38,SPY
2012-01-31,65.66534379406846,0,0.0,RSI_LT_38,SPY
2012-02-01,70.26034605661472,0,0.0,RSI_LT_38,SPY
2012-02-02,69.88717622755442,0,0.0,RSI_LT_38,SPY
2012-02-03,81.11366350883797,0,-0.0,RSI_LT_38,SPY
2012-02-06,79.20015625081744,0,0.0,RSI_LT_38,SPY
2012-02-07,76.24033370384979,0,0.0,RSI_LT_38,SPY
2012-02-08,75.30543667973093,0,0.0,RSI_LT_38,SPY
2012-02-09,74.18456969954072,0,-0.0,RSI_LT_38,SPY
2012-02-10,67.83407219759341,0,0.0,RSI_LT_38,SPY
2012-02-13,72.78042589298128,0,-0.0,RSI_LT_38,SPY
2012-02-14,67.23469016354757,0,-0.0,RSI_LT_38,SPY
2012-02-15,67.67808326723863,0,0.0,RSI_LT_38,SPY
2012-02-16,73.47390847091937,0,0.0,RSI_LT_38,SPY
2012-02-17,78.25122310034556,0,0.0,RSI_LT_38,SPY
2012-02-21,78.83537581420146,0,-0.0,RSI_LT_38,SPY
2012-02-22,71.65448315036402,0,0.0,RSI_LT_38,SPY
2012-02-23,72.93847228080374,0,0.0,RSI_LT_38,SPY
2012-02-24,66.95034294384118,0,0.0,RSI_LT_38,SPY
2012-02-27,68.84561921032247,0,0.0,RSI_LT_38,SPY
2012-02-28,69.10343753485836,0,-0.0,RSI_LT_38,SPY
2012-02-29,62.38161016371711,0,0.0,RSI_LT_38,SPY
2012-03-01,64.94323648258612,0,-0.0,RSI_LT_38,SPY
2012-03-02,70.06803144767682,0,-0.0,RSI_LT_38,SPY
2012-03-05,60.05789958330849,0,-0.0,RSI_LT_38,SPY
2012-03-06,47.482820749182935,0,0.0,RSI_LT_38,SPY
2012-03-07,56.24312932051931,0,0.0,RSI_LT_38,SPY
2012-03-08,55.55551749885259,0,0.0,RSI_LT_38,SPY
2012-03-09,56.387694810323566,0,0.0,RSI_LT_38,SPY
2012-03-12,56.14619399819868,0,0.0,RSI_LT_38,SPY
2012-03-13,68.20238131338888,0,-0.0,RSI_LT_38,SPY
2012-03-14,65.44260693400767,0,0.0,RSI_LT_38,SPY
2012-03-15,67.02613330701084,0,-0.0,RSI_LT_38,SPY
2012-03-16,63.8693023663335,0,0.0,RSI_LT_38,SPY
2012-03-19,64.34183499712651,0,-0.0,RSI_LT_38,SPY
2012-03-20,65.07938216602506,0,-0.0,RSI_LT_38,SPY
2012-03-21,61.418113865003086,0,-0.0,RSI_LT_38,SPY
2012-03-22,58.25327464361723,0,0.0,RSI_LT_38,SPY
2012-03-23,62.78657333774681,0,0.0,RSI_LT_38,SPY
2012-03-26,80.35397680394622,0,-0.0,RSI_LT_38,SPY
2012-03-27,75.37034342155643,0,-0.0,RSI_LT_38,SPY
2012-03-28,66.89657557002425,0,-0.0,RSI_LT_38,SPY
2012-03-29,63.48878417171553,0,0.0,RSI_LT_38,SPY
2012-03-30,65.48414798819675,0,0.0,RSI_LT_38,SPY
2012-04-02,59.910894218319356,0,-0.0,RSI_LT_38,SPY
2012-04-03,57.173156909006885,0,-0.0,RSI_LT_38,SPY
2012-04-04,45.70000350951612,0,-0.0,RSI_LT_38,SPY
2012-04-05,47.357469039758136,0,-0.0,RSI_LT_38,SPY
2012-04-09,37.67571896406252,1,-1.6784888610399284,RSI_LT_38,SPY
2012-04-10,31.95547544769566,1,0.8094232177475291,RSI_LT_38,SPY
2012-04-11,38.066913907705505,0,0.0,RSI_LT_38,SPY
2012-04-12,48.55936983287189,0,-0.0,RSI_LT_38,SPY
2012-04-13,41.86651582591738,0,-0.0,RSI_LT_38,SPY
2012-04-16,33.1858466829007,1,1.4812103130929843,RSI_LT_38,SPY
2012-04-17,43.10231953830814,0,-0.0,RSI_LT_38,SPY
2012-04-18,43.766753221783254,0,-0.0,RSI_LT_38,SPY
2012-04-19,41.93964102136918,0,0.0,RSI_LT_38,SPY
2012-04-20,40.60445713449302,0,-0.0,RSI_LT_38,SPY
2012-04-23,33.5504688476973,1,0.380147889453597,RSI_LT_38,SPY
2012-04-24,37.083065131805455,1,1.3691682442935393,RSI_LT_38,SPY
2012-04-25,47.87571976085217,0,0.0,RSI_LT_38,SPY
2012-04-26,51.10980928799937,0,0.0,RSI_LT_38,SPY
2012-04-27,57.07761875327845,0,-0.0,RSI_LT_38,SPY
2012-04-30,64.67110709122117,0,0.0,RSI_LT_38,SPY
2012-05-01,64.0601678007501,0,-0.0,RSI_LT_38,SPY
2012-05-02,56.41246027025817,0,-0.0,RSI_LT_38,SPY
2012-05-03,59.29513937902895,0,-0.0,RSI_LT_38,SPY
2012-05-04,49.814940935833015,0,0.0,RSI_LT_38,SPY
2012-05-07,41.450819531722516,0,-0.0,RSI_LT_38,SPY
2012-05-08,41.166417152608375,0,-0.0,RSI_LT_38,SPY
2012-05-09,41.450819531722516,0,0.0,RSI_LT_38,SPY
2012-05-10,41.70255029612194,0,-0.0,RSI_LT_38,SPY
2012-05-11,44.57725718549186,0,-0.0,RSI_LT_38,SPY
2012-05-14,36.50932314711055,1,-0.5741587271318682,RSI_LT_38,SPY
2012-05-15,22.790746528812775,1,-0.38247676679364906,RSI_LT_38,SPY
2012-05-16,14.382969510667053,1,-1.4830995961354843,RSI_LT_38,SPY
2012-05-17,10.390791476407912,1,-0.8558727739291339,RSI_LT_38,SPY
2012-05-18,9.897175497540829,1,1.718818894035401,RSI_LT_38,SPY
2012-05-21,18.65618002528224,1,0.1742787947348834,RSI_LT_38,SPY
2012-05-22,20.579679056874355,1,0.052955617121663856,RSI_LT_38,SPY
2012-05-23,22.73439818992658,1,0.1965634674815364,RSI_LT_38,SPY
2012-05-24,29.324689036818725,1,-0.3244493169409335,RSI_LT_38,SPY
2012-05-25,27.55831632583177,1,1.2111966470862878,RSI_LT_38,SPY
2012-05-29,38.3100382784942,0,-0.0,RSI_LT_38,SPY
2012-05-30,35.05999280590373,1,-0.22009205997483017,RSI_LT_38,SPY
2012-05-31,32.933185133122635,1,-2.5176827625011944,RSI_LT_38,SPY
2012-06-01,27.048635496551015,1,-0.04681457309562154,RSI_LT_38,SPY
2012-06-04,29.682185138376624,1,0.7572218380062168,RSI_LT_38,SPY
2012-06-05,35.757169817850894,1,2.2468379421407336,RSI_LT_38,SPY
2012-06-06,47.52588425241854,0,0.0,RSI_LT_38,SPY
2012-06-07,53.841205733142885,0,0.0,RSI_LT_38,SPY
2012-06-08,60.89496646918599,0,-0.0,RSI_LT_38,SPY
2012-06-11,48.118284531786124,0,0.0,RSI_LT_38,SPY
2012-06-12,52.22773025135498,0,-0.0,RSI_LT_38,SPY
2012-06-13,49.40968872531137,0,0.0,RSI_LT_38,SPY
2012-06-14,52.59957059232602,0,0.0,RSI_LT_38,SPY
2012-06-15,55.56767895173898,0,0.0,RSI_LT_38,SPY
2012-06-18,52.0612437645972,0,0.0,RSI_LT_38,SPY
2012-06-19,62.05633623941968,0,-0.0,RSI_LT_38,SPY
2012-06-20,62.32329740431355,0,-0.0,RSI_LT_38,SPY
2012-06-21,63.37502169613208,0,0.0,RSI_LT_38,SPY
2012-06-22,65.80191077014707,0,-0.0,RSI_LT_38,SPY
2012-06-25,56.20519355039616,0,0.0,RSI_LT_38,SPY
2012-06-26,50.03144910766158,0,0.0,RSI_LT_38,SPY
2012-06-27,53.29410919927117,0,-0.0,RSI_LT_38,SPY
2012-06-28,49.050785786968994,0,0.0,RSI_LT_38,SPY
2012-06-29,63.06408697943674,0,0.0,RSI_LT_38,SPY
2012-07-02,60.65282355924222,0,0.0,RSI_LT_38,SPY
2012-07-03,65.79881143922034,0,-0.0,RSI_LT_38,SPY
2012-07-05,60.29773551007581,0,-0.0,RSI_LT_38,SPY
2012-07-06,54.02986896571828,0,-0.0,RSI_LT_38,SPY
2012-07-09,52.76114413416008,0,-0.0,RSI_LT_38,SPY
2012-07-10,45.28416942966846,0,0.0,RSI_LT_38,SPY
2012-07-11,45.960859459555365,0,-0.0,RSI_LT_38,SPY
2012-07-12,53.83508945789293,0,0.0,RSI_LT_38,SPY
2012-07-13,57.54775529253668,0,-0.0,RSI_LT_38,SPY
2012-07-16,65.39316133810641,0,0.0,RSI_LT_38,SPY
2012-07-17,66.07924678804935,0,0.0,RSI_LT_38,SPY
2012-07-18,65.62493259022692,0,0.0,RSI_LT_38,SPY
2012-07-19,68.40531395253645,0,-0.0,RSI_LT_38,SPY
2012-07-20,51.62706368953198,0,-0.0,RSI_LT_38,SPY
2012-07-23,44.246380377808315,0,-0.0,RSI_LT_38,SPY
2012-07-24,36.19047273044337,1,0.022410243953796538,RSI_LT_38,SPY
2012-07-25,38.218246960322205,0,0.0,RSI_LT_38,SPY
2012-07-26,52.631541652100786,0,0.0,RSI_LT_38,SPY
2012-07-27,61.00909725402517,0,0.0,RSI_LT_38,SPY
2012-07-30,66.12209820872198,0,-0.0,RSI_LT_38,SPY
2012-07-31,61.80971302742011,0,-0.0,RSI_LT_38,SPY
2012-08-01,64.06895702603357,0,-0.0,RSI_LT_38,SPY
2012-08-02,53.368656083702675,0,0.0,RSI_LT_38,SPY
2012-08-03,62.56414068598012,0,0.0,RSI_LT_38,SPY
2012-08-06,60.91029887438248,0,0.0,RSI_LT_38,SPY
2012-08-07,60.08206159417267,0,0.0,RSI_LT_38,SPY
2012-08-08,59.55681890229728,0,0.0,RSI_LT_38,SPY
2012-08-09,65.56390390865838,0,0.0,RSI_LT_38,SPY
2012-08-10,73.66256332714609,0,-0.0,RSI_LT_38,SPY
2012-08-13,80.9223442283469,0,0.0,RSI_LT_38,SPY
2012-08-14,80.90503611030559,0,0.0,RSI_LT_38,SPY
2012-08-15,76.55563881984735,0,0.0,RSI_LT_38,SPY
2012-08-16,71.9788848698542,0,0.0,RSI_LT_38,SPY
2012-08-17,72.66847980772272,0,0.0,RSI_LT_38,SPY
2012-08-20,83.136089999842,0,-0.0,RSI_LT_38,SPY
2012-08-21,79.49082637118826,0,0.0,RSI_LT_38,SPY
2012-08-22,91.90939550088515,0,-0.0,RSI_LT_38,SPY
2012-08-23,64.14682696617365,0,0.0,RSI_LT_38,SPY
2012-08-24,68.13816654609994,0,0.0,RSI_LT_38,SPY
2012-08-27,63.435988613027796,0,-0.0,RSI_LT_38,SPY
2012-08-28,60.08857551756454,0,0.0,RSI_LT_38,SPY
2012-08-29,59.999932183159714,0,-0.0,RSI_LT_38,SPY
2012-08-30,46.69195379090529,0,0.0,RSI_LT_38,SPY
2012-08-31,53.31069125689431,0,-0.0,RSI_LT_38,SPY
2012-09-04,52.00004069000068,0,-0.0,RSI_LT_38,SPY
2012-09-05,49.664486232542664,0,0.0,RSI_LT_38,SPY
2012-09-06,61.43958263871183,0,0.0,RSI_LT_38,SPY
2012-09-07,63.19022539920879,0,-0.0,RSI_LT_38,SPY
2012-09-10,57.366021631360866,0,0.0,RSI_LT_38,SPY
2012-09-11,62.03811447328176,0,0.0,RSI_LT_38,SPY
2012-09-12,63.74328653422786,0,0.0,RSI_LT_38,SPY
2012-09-13,78.53706319997416,0,0.0,RSI_LT_38,SPY
2012-09-14,78.11584697489712,0,-0.0,RSI_LT_38,SPY
2012-09-17,74.39029277970381,0,-0.0,RSI_LT_38,SPY
2012-09-18,74.53004715303513,0,0.0,RSI_LT_38,SPY
2012-09-19,74.4580333593159,0,0.0,RSI_LT_38,SPY
2012-09-20,82.39571611131244,0,-0.0,RSI_LT_38,SPY
2012-09-21,74.10423401896016,0,-0.0,RSI_LT_38,SPY
2012-09-24,73.42785690851579,0,-0.0,RSI_LT_38,SPY
2012-09-25,64.12750843352651,0,-0.0,RSI_LT_38,SPY
2012-09-26,47.40255236509918,0,0.0,RSI_LT_38,SPY
2012-09-27,51.545342522020896,0,-0.0,RSI_LT_38,SPY
2012-09-28,52.32795726325446,0,0.0,RSI_LT_38,SPY
2012-10-01,52.23123920592769,0,0.0,RSI_LT_38,SPY
2012-10-02,50.5771253728619,0,0.0,RSI_LT_38,SPY
2012-10-03,40.53035557405096,0,0.0,RSI_LT_38,SPY
2012-10-04,43.32133079449952,0,0.0,RSI_LT_38,SPY
2012-10-05,46.163662403852534,0,-0.0,RSI_LT_38,SPY
2012-10-08,44.02443631058603,0,-0.0,RSI_LT_38,SPY
2012-10-09,36.92472459243511,1,-0.6380015176252196,RSI_LT_38,SPY
2012-10-10,33.61985417459117,1,0.055836007632792395,RSI_LT_38,SPY
2012-10-11,37.07521744937967,1,-0.32784683224198474,RSI_LT_38,SPY
2012-10-12,36.14461522905787,1,0.8328101662042897,RSI_LT_38,SPY
2012-10-15,49.89581131277746,0,0.0,RSI_LT_38,SPY
2012-10-16,60.97560975609756,0,0.0,RSI_LT_38,SPY
2012-10-17,58.158985130657406,0,-0.0,RSI_LT_38,SPY
2012-10-18,59.9784697737351,0,-0.0,RSI_LT_38,SPY
2012-10-19,45.759684687417014,0,0.0,RSI_LT_38,SPY
2012-10-22,45.129597408051836,0,-0.0,RSI_LT_38,SPY
2012-10-23,35.42496112587702,1,-0.2828411127587027,RSI_LT_38,SPY
2012-10-24,28.619238847993046,1,0.2907306700460577,RSI_LT_38,SPY
2012-10-25,30.931132771331747,1,-0.05655559386825715,RSI_LT_38,SPY
2012-10-26,32.020111454601505,1,0.0,RSI_LT_38,SPY
2012-10-31,36.41564516903259,1,1.047043271052428,RSI_LT_38,SPY
2012-11-01,47.963809652692525,0,-0.0,RSI_LT_38,SPY
2012-11-02,42.64703132421378,0,0.0,RSI_LT_38,SPY
2012-11-05,45.688247045977604,0,0.0,RSI_LT_38,SPY
2012-11-06,45.32555532912166,0,-0.0,RSI_LT_38,SPY
2012-11-07,28.851764575420702,1,-1.2024104780220757,RSI_LT_38,SPY
2012-11-08,22.395113883434405,1,0.08693884512716021,RSI_LT_38,SPY
2012-11-09,23.62261240205804,1,0.07961827405607025,RSI_LT_38,SPY
2012-11-12,29.016434449808642,1,-0.34715482136115083,RSI_LT_38,SPY
2012-11-13,27.804099618289783,1,-1.349880761289468,RSI_LT_38,SPY
2012-11-14,28.09258043735319,1,-0.1692016037164401,RSI_LT_38,SPY
2012-11-15,28.478962403675936,1,0.4937348445194667,RSI_LT_38,SPY
2012-11-16,29.952506813241015,1,2.0239127846658933,RSI_LT_38,SPY
2012-11-19,42.745117203082856,0,0.0,RSI_LT_38,SPY
2012-11-20,42.96875931319762,0,0.0,RSI_LT_38,SPY
2012-11-21,38.04811143412734,0,0.0,RSI_LT_38,SPY
2012-11-23,49.28913086149364,0,-0.0,RSI_LT_38,SPY
2012-11-26,47.29363788875984,0,-0.0,RSI_LT_38,SPY
2012-11-27,40.86172123690177,0,0.0,RSI_LT_38,SPY
2012-11-28,57.084687214597686,0,0.0,RSI_LT_38,SPY
2012-11-29,68.11719699649157,0,0.0,RSI_LT_38,SPY
2012-11-30,67.86027501304577,0,-0.0,RSI_LT_38,SPY
2012-12-03,63.52036579542859,0,-0.0,RSI_LT_38,SPY
2012-12-04,65.06972126116331,0,0.0,RSI_LT_38,SPY
2012-12-05,78.21686970502752,0,0.0,RSI_LT_38,SPY
2012-12-06,81.02767692363365,0,0.0,RSI_LT_38,SPY
2012-12-07,80.56682975647726,0,0.0,RSI_LT_38,SPY
2012-12-10,73.25905114887323,0,0.0,RSI_LT_38,SPY
2012-12-11,76.26700818203423,0,0.0,RSI_LT_38,SPY
2012-12-12,75.69620693251747,0,-0.0,RSI_LT_38,SPY
2012-12-13,59.30235137041292,0,-0.0,RSI_LT_38,SPY
2012-12-14,57.38401876559954,0,0.0,RSI_LT_38,SPY
2012-12-17,71.34005278123804,0,0.0,RSI_LT_38,SPY
2012-12-18,72.9191673270497,0,-0.0,RSI_LT_38,SPY
2012-12-19,62.12294026886257,0,0.0,RSI_LT_38,SPY
2012-12-20,65.2308231633838,0,-0.0,RSI_LT_38,SPY
2012-12-21,55.88751914057158,0,-0.0,RSI_LT_38,SPY
2012-12-24,54.73325927151535,0,-0.0,RSI_LT_38,SPY
2012-12-26,51.0442799159681,0,-0.0,RSI_LT_38,SPY
2012-12-27,48.20205915666287,0,-0.0,RSI_LT_38,SPY
2012-12-28,40.688533672099986,0,0.0,RSI_LT_38,SPY
2012-12-31,49.801332266226886,0,0.0,RSI_LT_38,SPY
2013-01-02,57.36782844215897,0,-0.0,RSI_LT_38,SPY
2013-01-03,56.15300422577622,0,0.0,RSI_LT_38,SPY
2013-01-04,60.50559775061293,0,-0.0,RSI_LT_38,SPY
2013-01-07,60.950760781333656,0,-0.0,RSI_LT_38,SPY
2013-01-08,55.42022116903633,0,0.0,RSI_LT_38,SPY
2013-01-09,51.81041315290645,0,0.0,RSI_LT_38,SPY
2013-01-10,59.13559447365633,0,-0.0,RSI_LT_38,SPY
2013-01-11,56.74745563329863,0,-0.0,RSI_LT_38,SPY
2013-01-14,67.10316176957204,0,0.0,RSI_LT_38,SPY
2013-01-15,69.8653168380925,0,-0.0,RSI_LT_38,SPY
2013-01-16,73.45133460354842,0,0.0,RSI_LT_38,SPY
2013-01-17,76.69984968951015,0,0.0,RSI_LT_38,SPY
2013-01-18,88.21363989540845,0,0.0,RSI_LT_38,SPY
2013-01-22,86.20690789149158,0,0.0,RSI_LT_38,SPY
2013-01-23,78.19421049348057,0,0.0,RSI_LT_38,SPY
2013-01-24,82.97497067196076,0,0.0,RSI_LT_38,SPY
2013-01-25,83.56406316823214,0,-0.0,RSI_LT_38,SPY
2013-01-28,86.87057467479005,0,0.0,RSI_LT_38,SPY
2013-01-29,94.58991640946844,0,-0.0,RSI_LT_38,SPY
2013-01-30,84.87404440181669,0,-0.0,RSI_LT_38,SPY
2013-01-31,75.38753156733675,0,0.0,RSI_LT_38,SPY
2013-02-01,81.1658231399266,0,-0.0,RSI_LT_38,SPY
2013-02-04,65.5005107722324,0,0.0,RSI_LT_38,SPY
2013-02-05,70.5153838046503,0,0.0,RSI_LT_38,SPY
2013-02-06,70.99075902549723,0,-0.0,RSI_LT_38,SPY
2013-02-07,66.37167544100991,0,0.0,RSI_LT_38,SPY
2013-02-08,68.1675108249317,0,-0.0,RSI_LT_38,SPY
2013-02-11,65.03414105146445,0,0.0,RSI_LT_38,SPY
2013-02-12,65.07395892463151,0,0.0,RSI_LT_38,SPY
2013-02-13,65.42786445803836,0,0.0,RSI_LT_38,SPY
2013-02-14,62.46938451924602,0,-0.0,RSI_LT_38,SPY
2013-02-15,62.46938451924602,0,0.0,RSI_LT_38,SPY
2013-02-19,64.83386642895846,0,-0.0,RSI_LT_38,SPY
2013-02-20,56.318341790179126,0,-0.0,RSI_LT_38,SPY
2013-02-21,53.39623021756717,0,0.0,RSI_LT_38,SPY
2013-02-22,53.08639112932442,0,-0.0,RSI_LT_38,SPY
2013-02-25,47.69627161718621,0,0.0,RSI_LT_38,SPY
2013-02-26,45.414066915952866,0,0.0,RSI_LT_38,SPY
2013-02-27,52.88240275291981,0,-0.0,RSI_LT_38,SPY
2013-02-28,52.47900313789026,0,0.0,RSI_LT_38,SPY
2013-03-01,51.21377378736136,0,0.0,RSI_LT_38,SPY
2013-03-04,54.24352373616573,0,0.0,RSI_LT_38,SPY
2013-03-05,57.736849550452874,0,0.0,RSI_LT_38,SPY
2013-03-06,57.96612238479873,0,0.0,RSI_LT_38,SPY
2013-03-07,58.361335108230826,0,0.0,RSI_LT_38,SPY
2013-03-08,60.83278979518291,0,0.0,RSI_LT_38,SPY
2013-03-11,59.37920852020707,0,-0.0,RSI_LT_38,SPY
2013-03-12,66.36498168026071,0,0.0,RSI_LT_38,SPY
2013-03-13,71.81524735370833,0,0.0,RSI_LT_38,SPY
2013-03-14,70.30197519169472,0,-0.0,RSI_LT_38,SPY
2013-03-15,84.39071688591875,0,-0.0,RSI_LT_38,SPY
2013-03-18,75.33262427630109,0,-0.0,RSI_LT_38,SPY
2013-03-19,66.38346570570926,0,0.0,RSI_LT_38,SPY
2013-03-20,72.61640741962496,0,-0.0,RSI_LT_38,SPY
2013-03-21,61.421312719780644,0,0.0,RSI_LT_38,SPY
2013-03-22,63.03504024722767,0,-0.0,RSI_LT_38,SPY
2013-03-25,53.45189186083258,0,0.0,RSI_LT_38,SPY
2013-03-26,57.97921697683666,0,0.0,RSI_LT_38,SPY
2013-03-27,56.83802047720956,0,0.0,RSI_LT_38,SPY
2013-03-28,56.071042852559415,0,-0.0,RSI_LT_38,SPY
2013-04-01,50.09844603940545,0,0.0,RSI_LT_38,SPY
2013-04-02,55.387584153960645,0,-0.0,RSI_LT_38,SPY
2013-04-03,47.19666682414893,0,0.0,RSI_LT_38,SPY
2013-04-04,46.29790273358872,0,-0.0,RSI_LT_38,SPY
2013-04-05,47.09958345608586,0,0.0,RSI_LT_38,SPY
2013-04-08,55.28109748568681,0,0.0,RSI_LT_38,SPY
2013-04-09,58.97648590421549,0,0.0,RSI_LT_38,SPY
2013-04-10,61.67707634521627,0,0.0,RSI_LT_38,SPY
2013-04-11,70.20916623359045,0,-0.0,RSI_LT_38,SPY
2013-04-12,64.41437292683631,0,-0.0,RSI_LT_38,SPY
2013-04-15,50.60154963418914,0,0.0,RSI_LT_38,SPY
2013-04-16,54.01844320381811,0,-0.0,RSI_LT_38,SPY
2013-04-17,46.91075454947795,0,-0.0,RSI_LT_38,SPY
2013-04-18,42.96050553459162,0,0.0,RSI_LT_38,SPY
2013-04-19,48.47510348036934,0,0.0,RSI_LT_38,SPY
2013-04-22,48.253605405587116,0,0.0,RSI_LT_38,SPY
2013-04-23,56.84380111340716,0,0.0,RSI_LT_38,SPY
2013-04-24,55.5801157137522,0,0.0,RSI_LT_38,SPY
2013-04-25,59.31262798461605,0,-0.0,RSI_LT_38,SPY
2013-04-26,55.87723359439057,0,0.0,RSI_LT_38,SPY
2013-04-29,57.166946710959124,0,0.0,RSI_LT_38,SPY
2013-04-30,53.1076724875371,0,-0.0,RSI_LT_38,SPY
2013-05-01,47.34383128220111,0,0.0,RSI_LT_38,SPY
2013-05-02,52.608447550759955,0,0.0,RSI_LT_38,SPY
2013-05-03,69.3498525140636,0,0.0,RSI_LT_38,SPY
2013-05-06,65.31183770709518,0,0.0,RSI_LT_38,SPY
2013-05-07,79.28072488233785,0,0.0,RSI_LT_38,SPY
2013-05-08,86.62424328569814,0,-0.0,RSI_LT_38,SPY
2013-05-09,81.67818263290391,0,0.0,RSI_LT_38,SPY
2013-05-10,81.4237065431479,0,0.0,RSI_LT_38,SPY
2013-05-13,78.68533798191127,0,0.0,RSI_LT_38,SPY
2013-05-14,81.59938387338441,0,0.0,RSI_LT_38,SPY
2013-05-15,81.98660355911196,0,-0.0,RSI_LT_38,SPY
2013-05-16,78.67534045823355,0,0.0,RSI_LT_38,SPY
2013-05-17,79.56663513333169,0,-0.0,RSI_LT_38,SPY
2013-05-20,78.88449024652391,0,0.0,RSI_LT_38,SPY
2013-05-21,89.02546034255246,0,-0.0,RSI_LT_38,SPY
2013-05-22,77.68813014266144,0,-0.0,RSI_LT_38,SPY
2013-05-23,70.35928189306365,0,-0.0,RSI_LT_38,SPY
2013-05-24,68.10255784254808,0,0.0,RSI_LT_38,SPY
2013-05-28,68.64918160884886,0,-0.0,RSI_LT_38,SPY
2013-05-29,59.16180844735276,0,0.0,RSI_LT_38,SPY
2013-05-30,64.16902779263916,0,-0.0,RSI_LT_38,SPY
2013-05-31,50.16310442292398,0,0.0,RSI_LT_38,SPY
2013-06-03,53.10825037444215,0,-0.0,RSI_LT_38,SPY
2013-06-04,43.1162770219698,0,-0.0,RSI_LT_38,SPY
2013-06-05,32.07695907883682,1,0.9053087470696219,RSI_LT_38,SPY
2013-06-06,40.81634844497132,0,0.0,RSI_LT_38,SPY
2013-06-07,42.711192832961395,0,0.0,RSI_LT_38,SPY
2013-06-10,42.740335859124315,0,-0.0,RSI_LT_38,SPY
2013-06-11,37.383797324181224,1,-0.8277167706902566,RSI_LT_38,SPY
2013-06-12,37.1305808667808,1,1.5208696839982716,RSI_LT_38,SPY
2013-06-13,46.59717872013989,0,-0.0,RSI_LT_38,SPY
2013-06-14,44.42700232194929,0,0.0,RSI_LT_38,SPY
2013-06-17,45.20124935929788,0,0.0,RSI_LT_38,SPY
2013-06-18,51.326538000123,0,-0.0,RSI_LT_38,SPY
2013-06-19,44.40789898251124,0,-0.0,RSI_LT_38,SPY
2013-06-20,41.1764862322189,0,-0.0,RSI_LT_38,SPY
2013-06-21,38.203774737539696,0,-0.0,RSI_LT_38,SPY
2013-06-24,36.22883492860709,1,0.9614222520675009,RSI_LT_38,SPY
2013-06-25,44.08415717452283,0,0.0,RSI_LT_38,SPY
2013-06-26,44.352398013234456,0,0.0,RSI_LT_38,SPY
2013-06-27,41.467906218852534,0,-0.0,RSI_LT_38,SPY
2013-06-28,40.2493440638286,0,0.0,RSI_LT_38,SPY
2013-07-01,45.990781465894585,0,-0.0,RSI_LT_38,SPY
2013-07-02,48.68294614552684,0,0.0,RSI_LT_38,SPY
2013-07-03,41.91053865707721,0,0.0,RSI_LT_38,SPY
2013-07-05,49.57495161704864,0,0.0,RSI_LT_38,SPY
2013-07-08,48.674944976773475,0,0.0,RSI_LT_38,SPY
2013-07-09,48.33968354435637,0,0.0,RSI_LT_38,SPY
2013-07-10,55.39035179356956,0,0.0,RSI_LT_38,SPY
2013-07-11,78.03350975647646,0,0.0,RSI_LT_38,SPY
2013-07-12,79.97154149512272,0,0.0,RSI_LT_38,SPY
2013-07-15,93.62708022694913,0,-0.0,RSI_LT_38,SPY
2013-07-16,87.82763588803658,0,0.0,RSI_LT_38,SPY
2013-07-17,86.52955131334413,0,0.0,RSI_LT_38,SPY
2013-07-18,86.50429664205518,0,0.0,RSI_LT_38,SPY
2013-07-19,92.4346652379698,0,0.0,RSI_LT_38,SPY
2013-07-22,91.95890494999976,0,-0.0,RSI_LT_38,SPY
2013-07-23,90.01016228867059,0,-0.0,RSI_LT_38,SPY
2013-07-24,84.60813560805538,0,0.0,RSI_LT_38,SPY
2013-07-25,82.36590840340207,0,0.0,RSI_LT_38,SPY
2013-07-26,80.78770552996231,0,-0.0,RSI_LT_38,SPY
2013-07-29,72.40935612409476,0,0.0,RSI_LT_38,SPY
2013-07-30,72.19324945617964,0,0.0,RSI_LT_38,SPY
2013-07-31,61.482893825552615,0,0.0,RSI_LT_38,SPY
2013-08-01,71.25515576962282,0,0.0,RSI_LT_38,SPY
2013-08-02,69.8300996578651,0,-0.0,RSI_LT_38,SPY
2013-08-05,73.80236648544931,0,-0.0,RSI_LT_38,SPY
2013-08-06,62.32685926833908,0,-0.0,RSI_LT_38,SPY
2013-08-07,52.262753885975734,0,0.0,RSI_LT_38,SPY
2013-08-08,54.39333126194418,0,-0.0,RSI_LT_38,SPY
2013-08-09,48.703942712019646,0,-0.0,RSI_LT_38,SPY
2013-08-12,49.79080388342903,0,0.0,RSI_LT_38,SPY
2013-08-13,57.73045040365344,0,-0.0,RSI_LT_38,SPY
2013-08-14,48.73510952360634,0,-0.0,RSI_LT_38,SPY
2013-08-15,35.91336047051783,1,-0.330570402462238,RSI_LT_38,SPY
2013-08-16,35.80252146352261,1,-0.6392073490258166,RSI_LT_38,SPY
2013-08-19,32.28206358575413,1,0.49159284917803525,RSI_LT_38,SPY
2013-08-20,36.355690716218476,1,-0.616019000592638,RSI_LT_38,SPY
2013-08-21,21.062613101701047,1,0.9115216469700593,RSI_LT_38,SPY
2013-08-22,29.191518981259634,1,0.3372260428922136,RSI_LT_38,SPY
2013-08-23,33.08458750071169,1,-0.3721012695693804,RSI_LT_38,SPY
2013-08-26,34.07346887717007,1,-1.6084326318947628,RSI_LT_38,SPY
2013-08-27,28.850361279090166,1,0.35511040504037084,RSI_LT_38,SPY
2013-08-28,28.643936703104103,1,0.15862028004824946,RSI_LT_38,SPY
2013-08-29,31.04717515109708,1,-0.31674744366251284,RSI_LT_38,SPY
2013-08-30,30.331373215088618,1,0.452187913695945,RSI_LT_38,SPY
2013-09-03,31.515570021872378,1,0.8273013050678291,RSI_LT_38,SPY
2013-09-04,39.767264311250045,0,0.0,RSI_LT_38,SPY
2013-09-05,48.31461499744667,0,0.0,RSI_LT_38,SPY
2013-09-06,50.87569485451325,0,0.0,RSI_LT_38,SPY
2013-09-09,61.421723779449636,0,0.0,RSI_LT_38,SPY
2013-09-10,62.70267977391064,0,0.0,RSI_LT_38,SPY
2013-09-11,69.42214950684442,0,-0.0,RSI_LT_38,SPY
2013-09-12,62.66433973240256,0,0.0,RSI_LT_38,SPY
2013-09-13,62.06592940735275,0,0.0,RSI_LT_38,SPY
2013-09-16,68.59361052817282,0,0.0,RSI_LT_38,SPY
2013-09-17,89.97933444621518,0,0.0,RSI_LT_38,SPY
2013-09-18,91.24547779419643,0,-0.0,RSI_LT_38,SPY
2013-09-19,88.65879418656075,0,-0.0,RSI_LT_38,SPY
2013-09-20,77.98893345575799,0,-0.0,RSI_LT_38,SPY
2013-09-23,71.84538572341415,0,-0.0,RSI_LT_38,SPY
2013-09-24,66.12627297606245,0,-0.0,RSI_LT_38,SPY
2013-09-25,62.83327738444011,0,0.0,RSI_LT_38,SPY
2013-09-26,64.51870563942951,0,-0.0,RSI_LT_38,SPY
2013-09-27,55.44216716145238,0,-0.0,RSI_LT_38,SPY
2013-09-30,46.23468279301945,0,0.0,RSI_LT_38,SPY
2013-10-01,49.75451144531074,0,-0.0,RSI_LT_38,SPY
2013-10-02,50.9639353991254,0,-0.0,RSI_LT_38,SPY
2013-10-03,43.47825074867985,0,0.0,RSI_LT_38,SPY
2013-10-04,44.70151505662247,0,-0.0,RSI_LT_38,SPY
2013-10-07,37.09218016146138,1,-1.1646640587378188,RSI_LT_38,SPY
2013-10-08,23.09883807941489,1,0.07252258827354918,RSI_LT_38,SPY
2013-10-09,24.24471954096424,1,2.1557922305860844,RSI_LT_38,SPY
2013-10-10,44.977319542771475,0,0.0,RSI_LT_38,SPY
2013-10-11,51.04895511905812,0,0.0,RSI_LT_38,SPY
2013-10-14,54.403498171046685,0,-0.0,RSI_LT_38,SPY
2013-10-15,51.96897993965691,0,0.0,RSI_LT_38,SPY
2013-10-16,56.43939268834819,0,0.0,RSI_LT_38,SPY
2013-10-17,61.43233205650841,0,0.0,RSI_LT_38,SPY
2013-10-18,66.68409081840309,0,0.0,RSI_LT_38,SPY
2013-10-21,64.21346166704672,0,0.0,RSI_LT_38,SPY
2013-10-22,66.70242045804125,0,-0.0,RSI_LT_38,SPY
2013-10-23,69.38093479322794,0,0.0,RSI_LT_38,SPY
2013-10-24,68.15543071989777,0,0.0,RSI_LT_38,SPY
2013-10-25,75.693616801968,0,0.0,RSI_LT_38,SPY
2013-10-28,86.04962226575053,0,0.0,RSI_LT_38,SPY
2013-10-29,86.77684427203528,0,-0.0,RSI_LT_38,SPY
2013-10-30,77.30057688482196,0,-0.0,RSI_LT_38,SPY
2013-10-31,72.20880866355199,0,0.0,RSI_LT_38,SPY
2013-11-01,71.61606489044105,0,0.0,RSI_LT_38,SPY
2013-11-04,80.81244757679505,0,-0.0,RSI_LT_38,SPY
2013-11-05,71.51638991856242,0,0.0,RSI_LT_38,SPY
2013-11-06,70.7676089896943,0,-0.0,RSI_LT_38,SPY
2013-11-07,52.55195270641547,0,0.0,RSI_LT_38,SPY
2013-11-08,61.17555149336603,0,0.0,RSI_LT_38,SPY
2013-11-11,57.99163895826629,0,-0.0,RSI_LT_38,SPY
2013-11-12,60.41846536978232,0,0.0,RSI_LT_38,SPY
2013-11-13,63.11942981096993,0,0.0,RSI_LT_38,SPY
2013-11-14,63.387099949793765,0,0.0,RSI_LT_38,SPY
2013-11-15,64.80620191716267,0,-0.0,RSI_LT_38,SPY
2013-11-18,58.93564416434372,0,-0.0,RSI_LT_38,SPY
2013-11-19,61.322316759291134,0,-0.0,RSI_LT_38,SPY
2013-11-20,61.01975232112674,0,0.0,RSI_LT_38,SPY
2013-11-21,64.03639878902248,0,0.0,RSI_LT_38,SPY
2013-11-22,64.78452355985331,0,-0.0,RSI_LT_38,SPY
2013-11-25,66.66666666666666,0,0.0,RSI_LT_38,SPY
2013-11-26,64.34994167222912,0,0.0,RSI_LT_38,SPY
2013-11-27,79.67404979957281,0,-0.0,RSI_LT_38,SPY
2013-11-29,72.64964908456437,0,-0.0,RSI_LT_38,SPY
2013-12-02,68.59791998924986,0,-0.0,RSI_LT_38,SPY
2013-12-03,65.4143743287377,0,-0.0,RSI_LT_38,SPY
2013-12-04,58.82349421261437,0,-0.0,RSI_LT_38,SPY
2013-12-05,47.81454945987732,0,0.0,RSI_LT_38,SPY
2013-12-06,55.074128010662044,0,0.0,RSI_LT_38,SPY
2013-12-09,61.511656171765075,0,-0.0,RSI_LT_38,SPY
2013-12-10,59.7066026460184,0,-0.0,RSI_LT_38,SPY
2013-12-11,51.210072911619775,0,-0.0,RSI_LT_38,SPY
2013-12-12,40.61177121996916,0,-0.0,RSI_LT_38,SPY
2013-12-13,34.302270908629595,1,0.6232107161573186,RSI_LT_38,SPY
2013-12-16,42.60226464880651,0,-0.0,RSI_LT_38,SPY
2013-12-17,39.90049131842171,0,0.0,RSI_LT_38,SPY
2013-12-18,52.29068863484335,0,-0.0,RSI_LT_38,SPY
2013-12-19,51.92159246897077,0,0.0,RSI_LT_38,SPY
2013-12-20,54.17004378725128,0,0.0,RSI_LT_38,SPY
2013-12-23,61.084544060743234,0,0.0,RSI_LT_38,SPY
2013-12-24,62.383920124999555,0,0.0,RSI_LT_38,SPY
2013-12-26,68.83615940665896,0,-0.0,RSI_LT_38,SPY
2013-12-27,63.143675515036904,0,-0.0,RSI_LT_38,SPY
2013-12-30,61.372260512661654,0,0.0,RSI_LT_38,SPY
2013-12-31,68.13999887596246,0,-0.0,RSI_LT_38,SPY
2014-01-02,69.81132347077292,0,-0.0,RSI_LT_38,SPY
2014-01-03,73.70516777840089,0,-0.0,RSI_LT_38,SPY
2014-01-06,70.14220340061672,0,0.0,RSI_LT_38,SPY
2014-01-07,70.17046234497347,0,0.0,RSI_LT_38,SPY
2014-01-08,74.27726010725289,0,0.0,RSI_LT_38,SPY
2014-01-09,63.66203600226949,0,0.0,RSI_LT_38,SPY
2014-01-10,67.92963184737049,0,-0.0,RSI_LT_38,SPY
2014-01-13,50.66532768169225,0,0.0,RSI_LT_38,SPY
2014-01-14,55.28757482550741,0,0.0,RSI_LT_38,SPY
2014-01-15,57.60779124571895,0,-0.0,RSI_LT_38,SPY
2014-01-16,52.62171321457758,0,-0.0,RSI_LT_38,SPY
2014-01-17,49.0829398696939,0,0.0,RSI_LT_38,SPY
2014-01-21,51.504956558349605,0,0.0,RSI_LT_38,SPY
2014-01-22,48.26048547693556,0,-0.0,RSI_LT_38,SPY
2014-01-23,49.40637105989242,0,-0.0,RSI_LT_38,SPY
2014-01-24,36.504730016350166,1,-0.4919251416037662,RSI_LT_38,SPY
2014-01-27,35.662484333854366,1,0.5954793832332328,RSI_LT_38,SPY
2014-01-28,35.40708365858757,1,-0.960518875497085,RSI_LT_38,SPY
2014-01-29,31.625999340210527,1,1.060044860063969,RSI_LT_38,SPY
2014-01-30,38.11320940960472,0,-0.0,RSI_LT_38,SPY
2014-01-31,34.39790563368243,1,-2.2505301782858256,RSI_LT_38,SPY
2014-02-03,31.80058716002881,1,0.7004657711023876,RSI_LT_38,SPY
2014-02-04,29.19600848970377,1,-0.12543544185456001,RSI_LT_38,SPY
2014-02-05,25.196038940580124,1,1.3187175787750194,RSI_LT_38,SPY
2014-02-06,33.63207913836834,1,1.239574600632487,RSI_LT_38,SPY
2014-02-07,41.246673524798894,0,0.0,RSI_LT_38,SPY
2014-02-10,40.69612974521725,0,0.0,RSI_LT_38,SPY
2014-02-11,45.21845344121406,0,0.0,RSI_LT_38,SPY
2014-02-12,48.423849395026735,0,0.0,RSI_LT_38,SPY
2014-02-13,60.36215821241949,0,0.0,RSI_LT_38,SPY
2014-02-14,65.0175083271312,0,0.0,RSI_LT_38,SPY
2014-02-18,63.484607884106424,0,-0.0,RSI_LT_38,SPY
2014-02-19,65.18478501614555,0,0.0,RSI_LT_38,SPY
2014-02-20,63.626210263771114,0,-0.0,RSI_LT_38,SPY
2014-02-21,66.76453906936695,0,0.0,RSI_LT_38,SPY
2014-02-24,88.24781796425928,0,-0.0,RSI_LT_38,SPY
2014-02-25,86.65622584375936,0,0.0,RSI_LT_38,SPY
2014-02-26,88.17026253942544,0,0.0,RSI_LT_38,SPY
2014-02-27,86.77240133964673,0,0.0,RSI_LT_38,SPY
2014-02-28,84.39115088368902,0,-0.0,RSI_LT_38,SPY
2014-03-03,73.46547977891382,0,0.0,RSI_LT_38,SPY
2014-03-04,74.95539332749458,0,0.0,RSI_LT_38,SPY
2014-03-05,75.13267022974567,0,0.0,RSI_LT_38,SPY
2014-03-06,73.95730659633591,0,0.0,RSI_LT_38,SPY
2014-03-07,71.50093007276543,0,-0.0,RSI_LT_38,SPY
2014-03-10,70.12318253668609,0,-0.0,RSI_LT_38,SPY
2014-03-11,72.2750582901136,0,0.0,RSI_LT_38,SPY
2014-03-12,68.88353684393655,0,-0.0,RSI_LT_38,SPY
2014-03-13,56.2560217381974,0,-0.0,RSI_LT_38,SPY
2014-03-14,48.725789693082056,0,0.0,RSI_LT_38,SPY
2014-03-17,56.529390918269776,0,0.0,RSI_LT_38,SPY
2014-03-18,61.036928004295966,0,-0.0,RSI_LT_38,SPY
2014-03-19,53.291527053303014,0,0.0,RSI_LT_38,SPY
2014-03-20,55.45593365500741,0,-0.0,RSI_LT_38,SPY
2014-03-21,54.47871386959444,0,-0.0,RSI_LT_38,SPY
2014-03-24,40.882059458836835,0,0.0,RSI_LT_38,SPY
2014-03-25,44.239990234375,0,-0.0,RSI_LT_38,SPY
2014-03-26,38.03135503926776,0,-0.0,RSI_LT_38,SPY
2014-03-27,36.588949167773265,1,0.49301313960452564,RSI_LT_38,SPY
2014-03-28,40.81212804768551,0,0.0,RSI_LT_38,SPY
2014-03-31,49.27248250082752,0,0.0,RSI_LT_38,SPY
2014-04-01,52.973639993563424,0,0.0,RSI_LT_38,SPY
2014-04-02,62.466351482796846,0,-0.0,RSI_LT_38,SPY
2014-04-03,63.62388203506273,0,-0.0,RSI_LT_38,SPY
2014-04-04,50.23130195721694,0,-0.0,RSI_LT_38,SPY
2014-04-07,39.53340478467427,0,0.0,RSI_LT_38,SPY
2014-04-08,45.00641805887421,0,0.0,RSI_LT_38,SPY
2014-04-09,48.002412585345674,0,-0.0,RSI_LT_38,SPY
2014-04-10,41.95769361496684,0,-0.0,RSI_LT_38,SPY
2014-04-11,40.09101267219161,0,0.0,RSI_LT_38,SPY
2014-04-14,41.71177500172628,0,0.0,RSI_LT_38,SPY
2014-04-15,48.09875631543849,0,0.0,RSI_LT_38,SPY
2014-04-16,53.55668049223021,0,0.0,RSI_LT_38,SPY
2014-04-17,52.128650125015156,0,0.0,RSI_LT_38,SPY
2014-04-21,50.07399790427095,0,0.0,RSI_LT_38,SPY
2014-04-22,49.09456678668495,0,-0.0,RSI_LT_38,SPY
2014-04-23,46.368698199402516,0,0.0,RSI_LT_38,SPY
2014-04-24,47.98183112958793,0,-0.0,RSI_LT_38,SPY
2014-04-25,49.71249217319864,0,0.0,RSI_LT_38,SPY
2014-04-28,57.191403252897956,0,0.0,RSI_LT_38,SPY
2014-04-29,57.45636180034622,0,0.0,RSI_LT_38,SPY
2014-04-30,53.733167734344356,0,0.0,RSI_LT_38,SPY
2014-05-01,70.79638847799266,0,-0.0,RSI_LT_38,SPY
2014-05-02,79.63793282010563,0,0.0,RSI_LT_38,SPY
2014-05-05,77.4548162146377,0,-0.0,RSI_LT_38,SPY
2014-05-06,62.451708876140536,0,0.0,RSI_LT_38,SPY
2014-05-07,59.18150377866018,0,-0.0,RSI_LT_38,SPY
2014-05-08,56.81091279975638,0,0.0,RSI_LT_38,SPY
2014-05-09,55.054981538678234,0,0.0,RSI_LT_38,SPY
2014-05-12,59.424528387571414,0,0.0,RSI_LT_38,SPY
2014-05-13,62.79304166044498,0,-0.0,RSI_LT_38,SPY
2014-05-14,55.95347648639347,0,-0.0,RSI_LT_38,SPY
2014-05-15,55.31097823626899,0,0.0,RSI_LT_38,SPY
2014-05-16,55.56608937160544,0,0.0,RSI_LT_38,SPY
2014-05-19,54.79186577074142,0,-0.0,RSI_LT_38,SPY
2014-05-20,46.532893207235624,0,0.0,RSI_LT_38,SPY
2014-05-21,53.19488370109016,0,0.0,RSI_LT_38,SPY
2014-05-22,56.01885311045108,0,0.0,RSI_LT_38,SPY
2014-05-23,57.36078893737175,0,0.0,RSI_LT_38,SPY
2014-05-27,68.74993209629892,0,-0.0,RSI_LT_38,SPY
2014-05-28,64.98280781330017,0,0.0,RSI_LT_38,SPY
2014-05-29,68.8050942445022,0,0.0,RSI_LT_38,SPY
2014-05-30,68.87992080087793,0,0.0,RSI_LT_38,SPY
2014-06-02,64.27911877582532,0,-0.0,RSI_LT_38,SPY
2014-06-03,63.123818925398396,0,0.0,RSI_LT_38,SPY
2014-06-04,70.02912638601933,0,0.0,RSI_LT_38,SPY
2014-06-05,85.57018820221691,0,0.0,RSI_LT_38,SPY
2014-06-06,85.96668817973948,0,0.0,RSI_LT_38,SPY
2014-06-09,85.25777963750083,0,0.0,RSI_LT_38,SPY
2014-06-10,97.18650998799687,0,-0.0,RSI_LT_38,SPY
2014-06-11,87.9423404974412,0,-0.0,RSI_LT_38,SPY
2014-06-12,73.09938911325943,0,0.0,RSI_LT_38,SPY
2014-06-13,72.55367885912395,0,0.0,RSI_LT_38,SPY
2014-06-16,68.79233954451345,0,0.0,RSI_LT_38,SPY
2014-06-17,72.20074035525269,0,0.0,RSI_LT_38,SPY
2014-06-18,73.69059810315379,0,0.0,RSI_LT_38,SPY
2014-06-19,73.39900366999717,0,-0.0,RSI_LT_38,SPY
2014-06-20,68.0095240850153,0,-0.0,RSI_LT_38,SPY
2014-06-23,68.3333242507307,0,-0.0,RSI_LT_38,SPY
2014-06-24,58.21540586806403,0,0.0,RSI_LT_38,SPY
2014-06-25,56.413174129766844,0,-0.0,RSI_LT_38,SPY
2014-06-26,50.37404870624049,0,0.0,RSI_LT_38,SPY
2014-06-27,51.46344322726029,0,-0.0,RSI_LT_38,SPY
2014-06-30,50.72460563172638,0,0.0,RSI_LT_38,SPY
2014-07-01,61.84060678817729,0,0.0,RSI_LT_38,SPY
2014-07-02,73.86802844092114,0,0.0,RSI_LT_38,SPY
2014-07-03,75.09242761483132,0,-0.0,RSI_LT_38,SPY
2014-07-07,68.63423473064044,0,-0.0,RSI_LT_38,SPY
2014-07-08,57.52403626936254,0,0.0,RSI_LT_38,SPY
2014-07-09,54.87529129262128,0,-0.0,RSI_LT_38,SPY
2014-07-10,49.253733771251305,0,0.0,RSI_LT_38,SPY
2014-07-11,53.67726742072883,0,0.0,RSI_LT_38,SPY
2014-07-14,58.56573584079808,0,-0.0,RSI_LT_38,SPY
2014-07-15,63.70528584984576,0,0.0,RSI_LT_38,SPY
2014-07-16,63.105729093145655,0,-0.0,RSI_LT_38,SPY
2014-07-17,51.20645149853617,0,0.0,RSI_LT_38,SPY
2014-07-18,57.37703941671223,0,-0.0,RSI_LT_38,SPY
2014-07-21,56.19263379420727,0,0.0,RSI_LT_38,SPY
2014-07-22,54.631814343238844,0,0.0,RSI_LT_38,SPY
2014-07-23,55.47785879423796,0,0.0,RSI_LT_38,SPY
2014-07-24,51.88915295278238,0,-0.0,RSI_LT_38,SPY
2014-07-25,50.86422450873644,0,0.0,RSI_LT_38,SPY
2014-07-28,57.116762915648025,0,-0.0,RSI_LT_38,SPY
2014-07-29,49.222334991365486,0,0.0,RSI_LT_38,SPY
2014-07-30,53.14340359644402,0,-0.0,RSI_LT_38,SPY
2014-07-31,37.246392355586416,1,-0.3055551033613324,RSI_LT_38,SPY
2014-08-01,30.970161150738335,1,0.7220776050121724,RSI_LT_38,SPY
2014-08-04,38.418886172925724,0,-0.0,RSI_LT_38,SPY
2014-08-05,30.892712241129914,1,0.031255048747302894,RSI_LT_38,SPY
2014-08-06,36.39763112788283,1,-0.541473684210525,RSI_LT_38,SPY
2014-08-07,23.107920669222892,1,1.1568898748832046,RSI_LT_38,SPY
2014-08-08,35.62418075106068,1,0.2897938018396218,RSI_LT_38,SPY
2014-08-11,34.240734344463334,1,-0.13932108782723773,RSI_LT_38,SPY
2014-08-12,31.472110987305015,1,0.6768963813654993,RSI_LT_38,SPY
2014-08-13,37.37577608348332,1,0.47218137252982295,RSI_LT_38,SPY
2014-08-14,43.50131793966315,0,-0.0,RSI_LT_38,SPY
2014-08-15,43.085111239845666,0,0.0,RSI_LT_38,SPY
2014-08-18,51.2950196445853,0,0.0,RSI_LT_38,SPY
2014-08-19,54.188954932672814,0,0.0,RSI_LT_38,SPY
2014-08-20,71.64066332038547,0,0.0,RSI_LT_38,SPY
2014-08-21,76.00292931995338,0,-0.0,RSI_LT_38,SPY
2014-08-22,71.40547023000308,0,0.0,RSI_LT_38,SPY
2014-08-25,85.57773889065649,0,0.0,RSI_LT_38,SPY
2014-08-26,85.66491019321208,0,-0.0,RSI_LT_38,SPY
2014-08-27,93.40868860561616,0,-0.0,RSI_LT_38,SPY
2014-08-28,90.49297414240839,0,0.0,RSI_LT_38,SPY
2014-08-29,90.50413042778281,0,-0.0,RSI_LT_38,SPY
2014-09-02,92.34450546742815,0,-0.0,RSI_LT_38,SPY
2014-09-03,89.52514502235539,0,-0.0,RSI_LT_38,SPY
2014-09-04,84.07360672975815,0,0.0,RSI_LT_38,SPY
2014-09-05,86.46819915302358,0,-0.0,RSI_LT_38,SPY
2014-09-08,75.75752413539672,0,-0.0,RSI_LT_38,SPY
2014-09-09,57.14292411148535,0,0.0,RSI_LT_38,SPY
2014-09-10,58.54390702335525,0,0.0,RSI_LT_38,SPY
2014-09-11,56.26962658955942,0,-0.0,RSI_LT_38,SPY
2014-09-12,49.585651660765464,0,-0.0,RSI_LT_38,SPY
2014-09-15,40.43886922414618,0,0.0,RSI_LT_38,SPY
2014-09-16,50.967702557963705,0,0.0,RSI_LT_38,SPY
2014-09-17,53.148613641430096,0,0.0,RSI_LT_38,SPY
2014-09-18,59.43823711448022,0,-0.0,RSI_LT_38,SPY
2014-09-19,49.947038345529585,0,-0.0,RSI_LT_38,SPY
2014-09-22,43.302727121284875,0,-0.0,RSI_LT_38,SPY
2014-09-23,39.56410797536596,0,0.0,RSI_LT_38,SPY
2014-09-24,47.535980731611104,0,-0.0,RSI_LT_38,SPY
2014-09-25,34.62283502137308,1,0.7945388548898036,RSI_LT_38,SPY
2014-09-26,41.873113398031755,0,-0.0,RSI_LT_38,SPY
2014-09-29,44.30942891847198,0,-0.0,RSI_LT_38,SPY
2014-09-30,40.10383093163655,0,-0.0,RSI_LT_38,SPY
2014-10-01,33.333361827769934,1,0.015435440367772557,RSI_LT_38,SPY
2014-10-02,35.78697260909426,1,1.1009359686654063,RSI_LT_38,SPY
2014-10-03,43.42248703411765,0,-0.0,RSI_LT_38,SPY
2014-10-06,37.98050239255393,1,-1.5436338493730717,RSI_LT_38,SPY
2014-10-07,31.45121612971245,1,1.748941829082451,RSI_LT_38,SPY
2014-10-08,38.488879062988914,0,-0.0,RSI_LT_38,SPY
2014-10-09,34.256345254262854,1,-1.141440357128809,RSI_LT_38,SPY
2014-10-10,33.397612850568066,1,-1.6426943079205114,RSI_LT_38,SPY
2014-10-13,31.01720712769125,1,0.1547373568465682,RSI_LT_38,SPY
2014-10-14,27.75692841472788,1,-0.6766139014968364,RSI_LT_38,SPY
2014-10-15,29.947375376220975,1,-0.08581688011893851,RSI_LT_38,SPY
2014-10-16,25.0536283673607,1,1.1810795607349656,RSI_LT_38,SPY
2014-10-17,31.968191313221652,1,0.9709777785334106,RSI_LT_38,SPY
2014-10-20,37.30158089409843,1,1.981084714662651,RSI_LT_38,SPY
2014-10-21,49.492019586174514,0,-0.0,RSI_LT_38,SPY
2014-10-22,47.07713208694394,0,0.0,RSI_LT_38,SPY
2014-10-23,47.259545160711745,0,0.0,RSI_LT_38,SPY
2014-10-24,50.231174811494895,0,-0.0,RSI_LT_38,SPY
2014-10-27,55.26891700752239,0,0.0,RSI_LT_38,SPY
2014-10-28,53.35355505919943,0,-0.0,RSI_LT_38,SPY
2014-10-29,61.781483752956014,0,0.0,RSI_LT_38,SPY
2014-10-30,70.21963332786547,0,0.0,RSI_LT_38,SPY
2014-10-31,83.9124561518182,0,0.0,RSI_LT_38,SPY
2014-11-03,83.77344309706002,0,-0.0,RSI_LT_38,SPY
2014-11-04,86.13037918054344,0,0.0,RSI_LT_38,SPY
2014-11-05,87.59945533854622,0,0.0,RSI_LT_38,SPY
2014-11-06,86.73675431950927,0,0.0,RSI_LT_38,SPY
2014-11-07,85.55072720601633,0,0.0,RSI_LT_38,SPY
2014-11-10,82.5772646696783,0,0.0,RSI_LT_38,SPY
2014-11-11,90.94802646747902,0,-0.0,RSI_LT_38,SPY
2014-11-12,87.59384310462022,0,0.0,RSI_LT_38,SPY
2014-11-13,86.12681038965468,0,0.0,RSI_LT_38,SPY
2014-11-14,88.40314633534318,0,0.0,RSI_LT_38,SPY
2014-11-17,85.47629427792916,0,0.0,RSI_LT_38,SPY
2014-11-18,90.08635714896444,0,-0.0,RSI_LT_38,SPY
2014-11-19,85.01211194215541,0,0.0,RSI_LT_38,SPY
2014-11-20,80.52973458604978,0,0.0,RSI_LT_38,SPY
2014-11-21,83.13101423132126,0,0.0,RSI_LT_38,SPY
2014-11-24,92.455547299348,0,-0.0,RSI_LT_38,SPY
2014-11-25,88.65501848623116,0,0.0,RSI_LT_38,SPY
2014-11-26,88.11569798318675,0,-0.0,RSI_LT_38,SPY
2014-11-28,81.43338908369762,0,-0.0,RSI_LT_38,SPY
2014-12-01,62.82425057935262,0,0.0,RSI_LT_38,SPY
2014-12-02,68.02981428468784,0,0.0,RSI_LT_38,SPY
2014-12-03,72.7167366983838,0,-0.0,RSI_LT_38,SPY
2014-12-04,70.05782467727198,0,0.0,RSI_LT_38,SPY
2014-12-05,71.02908220129683,0,-0.0,RSI_LT_38,SPY
2014-12-08,60.980422369391455,0,-0.0,RSI_LT_38,SPY
2014-12-09,55.02183042399832,0,-0.0,RSI_LT_38,SPY
2014-12-10,41.51564970601026,0,0.0,RSI_LT_38,SPY
2014-12-11,44.57454601764114,0,-0.0,RSI_LT_38,SPY
2014-12-12,30.71287340080005,1,-0.6869455358680332,RSI_LT_38,SPY
2014-12-15,25.49019229358649,1,-0.801960246994915,RSI_LT_38,SPY
2014-12-16,23.348783672560074,1,1.9604818110395827,RSI_LT_38,SPY
2014-12-17,35.807835367839985,1,2.4728706373900122,RSI_LT_38,SPY
2014-12-18,49.16534506651465,0,-0.0,RSI_LT_38,SPY
2014-12-19,51.58467553094012,0,0.0,RSI_LT_38,SPY
2014-12-22,50.80509592357149,0,0.0,RSI_LT_38,SPY
2014-12-23,49.69670805100461,0,0.0,RSI_LT_38,SPY
2014-12-24,50.240491270723986,0,0.0,RSI_LT_38,SPY
2014-12-26,50.94828187214966,0,0.0,RSI_LT_38,SPY
2014-12-29,54.77592217665534,0,-0.0,RSI_LT_38,SPY
2014-12-30,52.44908109852808,0,-0.0,RSI_LT_38,SPY
2014-12-31,55.453690397518876,0,-0.0,RSI_LT_38,SPY
2015-01-02,52.96648468060936,0,-0.0,RSI_LT_38,SPY
2015-01-05,51.94744842904514,0,-0.0,RSI_LT_38,SPY
2015-01-06,50.71006235631521,0,0.0,RSI_LT_38,SPY
2015-01-07,59.68309764563028,0,0.0,RSI_LT_38,SPY
2015-01-08,59.16184741059517,0,-0.0,RSI_LT_38,SPY
2015-01-09,43.37348530869329,0,-0.0,RSI_LT_38,SPY
2015-01-12,40.52859849772089,0,-0.0,RSI_LT_38,SPY
2015-01-13,36.558586600405626,1,-0.6037218970945446,RSI_LT_38,SPY
2015-01-14,33.58740446888956,1,-0.9160591119682593,RSI_LT_38,SPY
2015-01-15,30.819788156058635,1,1.3114262658634246,RSI_LT_38,SPY
2015-01-16,36.242412210992015,1,0.21325827772069594,RSI_LT_38,SPY
2015-01-20,36.62647900166928,1,0.5048026748417422,RSI_LT_38,SPY
2015-01-21,40.887078067866,0,0.0,RSI_LT_38,SPY
2015-01-22,51.08698291972836,0,-0.0,RSI_LT_38,SPY
2015-01-23,49.14116504810114,0,0.0,RSI_LT_38,SPY
2015-01-26,57.91932075955814,0,-0.0,RSI_LT_38,SPY
2015-01-27,55.993435455430934,0,-0.0,RSI_LT_38,SPY
2015-01-28,45.56600038037869,0,0.0,RSI_LT_38,SPY
2015-01-29,41.39905600909754,0,-0.0,RSI_LT_38,SPY
2015-01-30,39.83911739378446,0,0.0,RSI_LT_38,SPY
2015-02-02,48.50960481053623,0,0.0,RSI_LT_38,SPY
2015-02-03,55.14156727707481,0,-0.0,RSI_LT_38,SPY
2015-02-04,56.060598179002874,0,0.0,RSI_LT_38,SPY
2015-02-05,63.3358153217213,0,-0.0,RSI_LT_38,SPY
2015-02-06,57.97395825250252,0,-0.0,RSI_LT_38,SPY
2015-02-09,55.12566129515249,0,0.0,RSI_LT_38,SPY
2015-02-10,57.110172198051316,0,0.0,RSI_LT_38,SPY
2015-02-11,51.77879779247774,0,0.0,RSI_LT_38,SPY
2015-02-12,58.16452881603971,0,0.0,RSI_LT_38,SPY
2015-02-13,58.81156538334226,0,0.0,RSI_LT_38,SPY
2015-02-17,66.60656671095083,0,0.0,RSI_LT_38,SPY
2015-02-18,75.47171132644081,0,-0.0,RSI_LT_38,SPY
2015-02-19,72.30594249201278,0,0.0,RSI_LT_38,SPY
2015-02-20,85.44800085148239,0,-0.0,RSI_LT_38,SPY
2015-02-23,82.73434442059624,0,0.0,RSI_LT_38,SPY
2015-02-24,79.35974763212292,0,-0.0,RSI_LT_38,SPY
2015-02-25,83.58480347689516,0,-0.0,RSI_LT_38,SPY
2015-02-26,77.80134522638193,0,-0.0,RSI_LT_38,SPY
2015-02-27,76.58689014466474,0,0.0,RSI_LT_38,SPY
2015-03-02,86.7265342919057,0,-0.0,RSI_LT_38,SPY
2015-03-03,74.74159980379103,0,-0.0,RSI_LT_38,SPY
2015-03-04,67.40503120156193,0,0.0,RSI_LT_38,SPY
2015-03-05,59.9741076016919,0,-0.0,RSI_LT_38,SPY
2015-03-06,38.391089647371054,0,0.0,RSI_LT_38,SPY
2015-03-09,41.54592363261094,0,-0.0,RSI_LT_38,SPY
2015-03-10,31.218106601995984,1,-0.23416710778796368,RSI_LT_38,SPY
2015-03-11,30.484378786841376,1,1.2713966276360011,RSI_LT_38,SPY
2015-03-12,36.54098189881392,1,-0.6132323684366003,RSI_LT_38,SPY
2015-03-13,33.81469138182719,1,1.3360540132809184,RSI_LT_38,SPY
2015-03-16,41.395871761374764,0,-0.0,RSI_LT_38,SPY
2015-03-17,40.44770677763754,0,0.0,RSI_LT_38,SPY
2015-03-18,47.85648515185882,0,-0.0,RSI_LT_38,SPY
2015-03-19,47.32718576449196,0,0.0,RSI_LT_38,SPY
2015-03-20,46.28759745563094,0,-0.0,RSI_LT_38,SPY
2015-03-23,47.31029519327031,0,-0.0,RSI_LT_38,SPY
2015-03-24,46.66038293649216,0,-0.0,RSI_LT_38,SPY
2015-03-25,40.18378083463039,0,-0.0,RSI_LT_38,SPY
2015-03-26,44.806720969056734,0,0.0,RSI_LT_38,SPY
2015-03-27,43.78559536735432,0,0.0,RSI_LT_38,SPY
2015-03-30,58.090062311105534,0,-0.0,RSI_LT_38,SPY
2015-03-31,54.477937438309944,0,-0.0,RSI_LT_38,SPY
2015-04-01,46.44306760462694,0,0.0,RSI_LT_38,SPY
2015-04-02,51.592690127209636,0,0.0,RSI_LT_38,SPY
2015-04-06,47.89207521147008,0,-0.0,RSI_LT_38,SPY
2015-04-07,48.0812435040416,0,0.0,RSI_LT_38,SPY
2015-04-08,42.21102734119659,0,0.0,RSI_LT_38,SPY
2015-04-09,48.11081259752939,0,0.0,RSI_LT_38,SPY
2015-04-10,48.85161278101129,0,-0.0,RSI_LT_38,SPY
2015-04-13,47.26725526817904,0,0.0,RSI_LT_38,SPY
2015-04-14,52.11089392216004,0,0.0,RSI_LT_38,SPY
2015-04-15,66.98183036868605,0,-0.0,RSI_LT_38,SPY
2015-04-16,69.14412118143422,0,-0.0,RSI_LT_38,SPY
2015-04-17,57.236388490847716,0,0.0,RSI_LT_38,SPY
2015-04-20,55.45704537458964,0,-0.0,RSI_LT_38,SPY
2015-04-21,62.10853443311659,0,0.0,RSI_LT_38,SPY
2015-04-22,68.40929111013108,0,0.0,RSI_LT_38,SPY
2015-04-23,67.90593263900787,0,0.0,RSI_LT_38,SPY
2015-04-24,65.55373449422886,0,-0.0,RSI_LT_38,SPY
2015-04-27,63.838278233364434,0,0.0,RSI_LT_38,SPY
2015-04-28,63.752045325256745,0,-0.0,RSI_LT_38,SPY
2015-04-29,56.66407684701229,0,-0.0,RSI_LT_38,SPY
2015-04-30,44.14818465211013,0,0.0,RSI_LT_38,SPY
2015-05-01,55.50306721918511,0,0.0,RSI_LT_38,SPY
2015-05-04,56.095956766999464,0,-0.0,RSI_LT_38,SPY
2015-05-05,45.360825696223145,0,-0.0,RSI_LT_38,SPY
2015-05-06,43.26199324518121,0,0.0,RSI_LT_38,SPY
2015-05-07,52.929931043866596,0,0.0,RSI_LT_38,SPY
2015-05-08,55.34740277700946,0,-0.0,RSI_LT_38,SPY
2015-05-11,52.91737590871867,0,-0.0,RSI_LT_38,SPY
2015-05-12,48.0780319306848,0,0.0,RSI_LT_38,SPY
2015-05-13,46.52862510117544,0,0.0,RSI_LT_38,SPY
2015-05-14,51.54528834631705,0,0.0,RSI_LT_38,SPY
2015-05-15,54.77961246031365,0,0.0,RSI_LT_38,SPY
2015-05-18,54.75372729973957,0,-0.0,RSI_LT_38,SPY
2015-05-19,57.38291238945186,0,-0.0,RSI_LT_38,SPY
2015-05-20,65.03397928753006,0,0.0,RSI_LT_38,SPY
2015-05-21,60.643157744695074,0,-0.0,RSI_LT_38,SPY
2015-05-22,56.437918454405455,0,-0.0,RSI_LT_38,SPY
2015-05-26,57.009351347561385,0,0.0,RSI_LT_38,SPY
2015-05-27,66.66666666666666,0,-0.0,RSI_LT_38,SPY
2015-05-28,63.40557042689285,0,-0.0,RSI_LT_38,SPY
2015-05-29,47.99333002471259,0,0.0,RSI_LT_38,SPY
2015-06-01,54.21794821943119,0,-0.0,RSI_LT_38,SPY
2015-06-02,56.29563009205375,0,0.0,RSI_LT_38,SPY
2015-06-03,58.27522682141651,0,-0.0,RSI_LT_38,SPY
2015-06-04,40.61371169982607,0,-0.0,RSI_LT_38,SPY
2015-06-05,38.09100548689936,0,-0.0,RSI_LT_38,SPY
2015-06-08,30.489840156608636,1,-0.014389284301441485,RSI_LT_38,SPY
2015-06-09,30.593217599327588,1,1.1993283936678312,RSI_LT_38,SPY
2015-06-10,43.180188389309144,0,0.0,RSI_LT_38,SPY
2015-06-11,43.42015402655304,0,-0.0,RSI_LT_38,SPY
2015-06-12,40.27413960363103,0,-0.0,RSI_LT_38,SPY
2015-06-15,44.29291568355537,0,0.0,RSI_LT_38,SPY
2015-06-16,40.62741884077767,0,0.0,RSI_LT_38,SPY
2015-06-17,42.90050758245463,0,0.0,RSI_LT_38,SPY
2015-06-18,55.840443764828116,0,-0.0,RSI_LT_38,SPY
2015-06-19,47.56094694491564,0,0.0,RSI_LT_38,SPY
2015-06-22,51.610937343469985,0,0.0,RSI_LT_38,SPY
2015-06-23,50.374049417902235,0,-0.0,RSI_LT_38,SPY
2015-06-24,51.171611516659034,0,-0.0,RSI_LT_38,SPY
2015-06-25,50.280013369237835,0,-0.0,RSI_LT_38,SPY
2015-06-26,54.52095922441654,0,-0.0,RSI_LT_38,SPY
2015-06-29,42.10526734285595,0,0.0,RSI_LT_38,SPY
2015-06-30,35.10517595280474,1,0.8015515412006513,RSI_LT_38,SPY
2015-07-01,38.58483770347165,0,-0.0,RSI_LT_38,SPY
2015-07-02,41.896762221923034,0,-0.0,RSI_LT_38,SPY
2015-07-06,42.69112927234667,0,0.0,RSI_LT_38,SPY
2015-07-07,43.24652795427723,0,-0.0,RSI_LT_38,SPY
2015-07-08,34.588005010718405,1,0.18090017082861287,RSI_LT_38,SPY
2015-07-09,27.914779987717708,1,1.2591517364115123,RSI_LT_38,SPY
2015-07-10,40.975603301192,0,0.0,RSI_LT_38,SPY
2015-07-13,44.608355233235905,0,0.0,RSI_LT_38,SPY
2015-07-14,46.6699296466641,0,-0.0,RSI_LT_38,SPY
2015-07-15,50.290239124185625,0,0.0,RSI_LT_38,SPY
2015-07-16,56.10000610351562,0,0.0,RSI_LT_38,SPY
2015-07-17,56.60374499486702,0,0.0,RSI_LT_38,SPY
2015-07-20,72.61830381855026,0,-0.0,RSI_LT_38,SPY
2015-07-21,68.14268581306177,0,-0.0,RSI_LT_38,SPY
2015-07-22,62.90859785989999,0,-0.0,RSI_LT_38,SPY
2015-07-23,58.974349186960836,0,-0.0,RSI_LT_38,SPY
2015-07-24,53.640499877617124,0,-0.0,RSI_LT_38,SPY
2015-07-27,46.483671603456216,0,0.0,RSI_LT_38,SPY
2015-07-28,64.51029322902492,0,0.0,RSI_LT_38,SPY
2015-07-29,66.66669554947669,0,0.0,RSI_LT_38,SPY
2015-07-30,61.07430766288604,0,-0.0,RSI_LT_38,SPY
2015-07-31,52.7841178243831,0,-0.0,RSI_LT_38,SPY
2015-08-03,46.553067059383906,0,-0.0,RSI_LT_38,SPY
2015-08-04,45.35851203370058,0,0.0,RSI_LT_38,SPY
2015-08-05,40.89798795989622,0,-0.0,RSI_LT_38,SPY
2015-08-06,35.025444180480505,1,-0.19198902978418975,RSI_LT_38,SPY
2015-08-07,33.52276729641538,1,1.2599232577188646,RSI_LT_38,SPY
2015-08-10,46.279983529022395,0,-0.0,RSI_LT_38,SPY
2015-08-11,42.232482513461136,0,0.0,RSI_LT_38,SPY
2015-08-12,46.167911157724745,0,-0.0,RSI_LT_38,SPY
2015-08-13,52.272732049441665,0,0.0,RSI_LT_38,SPY
2015-08-14,59.346118725422784,0,0.0,RSI_LT_38,SPY
2015-08-17,54.960597566528776,0,-0.0,RSI_LT_38,SPY
2015-08-18,46.67225425946827,0,-0.0,RSI_LT_38,SPY
2015-08-19,40.72701052493361,0,-0.0,RSI_LT_38,SPY
2015-08-20,31.353526163885064,1,-3.0102462876414493,RSI_LT_38,SPY
2015-08-21,23.932017911448483,1,-4.210686829072796,RSI_LT_38,SPY
2015-08-24,17.790028094748834,1,-1.176778748041718,RSI_LT_38,SPY
2015-08-25,14.814820047594225,1,3.8393775176858824,RSI_LT_38,SPY
2015-08-26,31.660951169873755,1,2.4735150635221803,RSI_LT_38,SPY
2015-08-27,39.73510770294587,0,0.0,RSI_LT_38,SPY
2015-08-28,35.770086452405025,1,-0.8079087817210562,RSI_LT_38,SPY
2015-08-31,36.033510461460494,1,-2.9847695407179353,RSI_LT_38,SPY
2015-09-01,30.957133039927015,1,1.8981067469117097,RSI_LT_38,SPY
2015-09-02,36.31480339759617,1,0.07164392151106647,RSI_LT_38,SPY
2015-09-03,35.488594377202304,1,-1.5136827755935833,RSI_LT_38,SPY
2015-09-04,31.847514244720514,1,2.5131088996954265,RSI_LT_38,SPY
2015-09-08,38.33859210189392,0,-0.0,RSI_LT_38,SPY
2015-09-09,37.652842036841115,1,0.5441823779036348,RSI_LT_38,SPY
2015-09-10,42.116509594963595,0,0.0,RSI_LT_38,SPY
2015-09-11,48.82162558065878,0,-0.0,RSI_LT_38,SPY
2015-09-14,58.42172440462114,0,0.0,RSI_LT_38,SPY
2015-09-15,64.3941279413485,0,0.0,RSI_LT_38,SPY
2015-09-16,58.562850889235385,0,-0.0,RSI_LT_38,SPY
2015-09-17,50.791996073910525,0,-0.0,RSI_LT_38,SPY
2015-09-18,44.25097514664419,0,0.0,RSI_LT_38,SPY
2015-09-21,48.15042702189316,0,-0.0,RSI_LT_38,SPY
2015-09-22,53.64440926565077,0,-0.0,RSI_LT_38,SPY
2015-09-23,46.523251015297454,0,-0.0,RSI_LT_38,SPY
2015-09-24,45.0169143322784,0,-0.0,RSI_LT_38,SPY
2015-09-25,50.54900656874761,0,-0.0,RSI_LT_38,SPY
2015-09-28,30.10983346167106,1,0.05850785254268853,RSI_LT_38,SPY
2015-09-29,34.23171239364859,1,1.8658355606688604,RSI_LT_38,SPY
2015-09-30,41.05933332126425,0,0.0,RSI_LT_38,SPY
2015-10-01,40.06895041920513,0,0.0,RSI_LT_38,SPY
2015-10-02,48.00790205972411,0,0.0,RSI_LT_38,SPY
2015-10-05,50.01895051745039,0,-0.0,RSI_LT_38,SPY
2015-10-06,45.28228121315953,0,0.0,RSI_LT_38,SPY
2015-10-07,49.39624242891864,0,0.0,RSI_LT_38,SPY
2015-10-08,61.99000367175758,0,0.0,RSI_LT_38,SPY
2015-10-09,60.527426856219286,0,0.0,RSI_LT_38,SPY
2015-10-12,68.3196626468849,0,-0.0,RSI_LT_38,SPY
2015-10-13,65.30138332982234,0,-0.0,RSI_LT_38,SPY
2015-10-14,64.52930633339324,0,0.0,RSI_LT_38,SPY
2015-10-15,68.9999536133945,0,0.0,RSI_LT_38,SPY
2015-10-16,86.19538733928724,0,0.0,RSI_LT_38,SPY
2015-10-19,86.18882916704686,0,-0.0,RSI_LT_38,SPY
2015-10-20,82.21094606941114,0,-0.0,RSI_LT_38,SPY
2015-10-21,76.15713746037483,0,0.0,RSI_LT_38,SPY
2015-10-22,76.830515007793,0,0.0,RSI_LT_38,SPY
2015-10-23,75.2513649789659,0,-0.0,RSI_LT_38,SPY
2015-10-26,75.97295243439278,0,-0.0,RSI_LT_38,SPY
2015-10-27,71.77471677396815,0,0.0,RSI_LT_38,SPY
2015-10-28,72.68465764255726,0,-0.0,RSI_LT_38,SPY
2015-10-29,71.98128513955648,0,-0.0,RSI_LT_38,SPY
2015-10-30,68.03600976495247,0,0.0,RSI_LT_38,SPY
2015-11-02,76.74053829148026,0,0.0,RSI_LT_38,SPY
2015-11-03,81.46164839462686,0,-0.0,RSI_LT_38,SPY
2015-11-04,74.7375415282392,0,-0.0,RSI_LT_38,SPY
2015-11-05,72.22223865075728,0,-0.0,RSI_LT_38,SPY
2015-11-06,71.53004823912896,0,-0.0,RSI_LT_38,SPY
2015-11-09,64.45610627732871,0,0.0,RSI_LT_38,SPY
2015-11-10,70.44485812371448,0,-0.0,RSI_LT_38,SPY
2015-11-11,58.97255842403606,0,-0.0,RSI_LT_38,SPY
2015-11-12,40.77401258034072,0,-0.0,RSI_LT_38,SPY
2015-11-13,36.28533757501537,1,1.5206882261043164,RSI_LT_38,SPY
2015-11-16,47.41285411826124,0,-0.0,RSI_LT_38,SPY
2015-11-17,39.60575093908974,0,0.0,RSI_LT_38,SPY
2015-11-18,49.748475656557595,0,-0.0,RSI_LT_38,SPY
2015-11-19,51.61798212745557,0,0.0,RSI_LT_38,SPY
2015-11-20,46.90720703478327,0,-0.0,RSI_LT_38,SPY
2015-11-23,44.35343318976293,0,0.0,RSI_LT_38,SPY
2015-11-24,46.98148055252801,0,-0.0,RSI_LT_38,SPY
2015-11-25,47.49248122380414,0,0.0,RSI_LT_38,SPY
2015-11-27,48.561159305741185,0,-0.0,RSI_LT_38,SPY
2015-11-30,51.95639045789236,0,0.0,RSI_LT_38,SPY
2015-12-01,56.19883604512333,0,-0.0,RSI_LT_38,SPY
2015-12-02,52.14323267029578,0,-0.0,RSI_LT_38,SPY
2015-12-03,52.08673969407883,0,0.0,RSI_LT_38,SPY
2015-12-04,67.55959161399363,0,-0.0,RSI_LT_38,SPY
2015-12-07,57.438756673152724,0,-0.0,RSI_LT_38,SPY
2015-12-08,53.775512825603094,0,-0.0,RSI_LT_38,SPY
2015-12-09,40.55707105010596,0,0.0,RSI_LT_38,SPY
2015-12-10,42.677550748141634,0,-0.0,RSI_LT_38,SPY
2015-12-11,32.74497408195404,1,0.505245189717507,RSI_LT_38,SPY
2015-12-14,36.172050688596705,1,1.0497806539605747,RSI_LT_38,SPY
2015-12-15,41.059566260312025,0,0.0,RSI_LT_38,SPY
2015-12-16,47.62253738495423,0,-0.0,RSI_LT_38,SPY
2015-12-17,42.18229459865412,0,-0.0,RSI_LT_38,SPY
2015-12-18,37.26122517977193,1,0.8249144391762053,RSI_LT_38,SPY
2015-12-21,36.62807050122175,1,0.9074239339862622,RSI_LT_38,SPY
2015-12-22,42.46328421433843,0,0.0,RSI_LT_38,SPY
2015-12-23,50.621783479580884,0,-0.0,RSI_LT_38,SPY
2015-12-24,43.27644354454006,0,-0.0,RSI_LT_38,SPY
2015-12-28,44.4912261915916,0,0.0,RSI_LT_38,SPY
2015-12-29,50.76817603319951,0,-0.0,RSI_LT_38,SPY
2015-12-30,51.01200185094841,0,-0.0,RSI_LT_38,SPY
2015-12-31,46.74054356767639,0,-0.0,RSI_LT_38,SPY
2016-01-04,48.54434378084756,0,0.0,RSI_LT_38,SPY
2016-01-05,47.33195619887626,0,-0.0,RSI_LT_38,SPY
2016-01-06,39.39186836239128,0,-0.0,RSI_LT_38,SPY
2016-01-07,27.480649974068868,1,-1.0976577424965939,RSI_LT_38,SPY
2016-01-08,28.433307325548625,1,0.09900085619998222,RSI_LT_38,SPY
2016-01-11,34.39839984205483,1,0.8068310066281281,RSI_LT_38,SPY
2016-01-12,34.13861515376941,1,-2.4940626560566947,RSI_LT_38,SPY
2016-01-13,24.035387446519948,1,1.641683426715268,RSI_LT_38,SPY
2016-01-14,25.563604549801752,1,-2.1466134915907764,RSI_LT_38,SPY
2016-01-15,22.60039885341341,1,0.13311325448583933,RSI_LT_38,SPY
2016-01-19,23.52573998602729,1,-1.281507866317233,RSI_LT_38,SPY
2016-01-20,16.65131896638853,1,0.560198534400036,RSI_LT_38,SPY
2016-01-21,20.10566405620243,1,2.0515302270975866,RSI_LT_38,SPY
2016-01-22,30.338745147637226,1,-1.511654848954247,RSI_LT_38,SPY
2016-01-25,30.311947385485027,1,1.3643133483909997,RSI_LT_38,SPY
2016-01-26,34.58563549884421,1,-1.0883239214735552,RSI_LT_38,SPY
2016-01-27,35.04058332714099,1,0.5209141030690478,RSI_LT_38,SPY
2016-01-28,42.26674692578897,0,0.0,RSI_LT_38,SPY
2016-01-29,52.61476343334299,0,-0.0,RSI_LT_38,SPY
2016-02-01,52.2448879724719,0,-0.0,RSI_LT_38,SPY
2016-02-02,45.17108037645093,0,0.0,RSI_LT_38,SPY
2016-02-03,53.79416612444427,0,0.0,RSI_LT_38,SPY
2016-02-04,49.4454007188813,0,-0.0,RSI_LT_38,SPY
2016-02-05,50.23906988136402,0,-0.0,RSI_LT_38,SPY
2016-02-08,45.81749315989764,0,0.0,RSI_LT_38,SPY
2016-02-09,49.62276887333009,0,-0.0,RSI_LT_38,SPY
2016-02-10,47.489393570693615,0,-0.0,RSI_LT_38,SPY
2016-02-11,35.740864036502956,1,2.0616888657319254,RSI_LT_38,SPY
2016-02-12,48.180189077120446,0,0.0,RSI_LT_38,SPY
2016-02-16,49.259000618643626,0,0.0,RSI_LT_38,SPY
2016-02-17,58.08648414997568,0,-0.0,RSI_LT_38,SPY
2016-02-18,55.106228439383976,0,-0.0,RSI_LT_38,SPY
2016-02-19,46.512569007956095,0,0.0,RSI_LT_38,SPY
2016-02-22,52.0643132707446,0,-0.0,RSI_LT_38,SPY
2016-02-23,54.10023531211006,0,0.0,RSI_LT_38,SPY
2016-02-24,53.64262821075395,0,0.0,RSI_LT_38,SPY
2016-02-25,57.00567212789175,0,-0.0,RSI_LT_38,SPY
2016-02-26,64.32586006839523,0,-0.0,RSI_LT_38,SPY
2016-02-29,67.01507190203742,0,0.0,RSI_LT_38,SPY
2016-03-01,72.27691240343286,0,0.0,RSI_LT_38,SPY
2016-03-02,73.51833120316572,0,0.0,RSI_LT_38,SPY
2016-03-03,80.69667822149731,0,0.0,RSI_LT_38,SPY
2016-03-04,78.2324133513309,0,0.0,RSI_LT_38,SPY
2016-03-07,75.1981510173246,0,-0.0,RSI_LT_38,SPY
2016-03-08,63.43718334635854,0,0.0,RSI_LT_38,SPY
2016-03-09,67.58324991167117,0,0.0,RSI_LT_38,SPY
2016-03-10,68.12500779446384,0,0.0,RSI_LT_38,SPY
2016-03-11,68.78532280925845,0,-0.0,RSI_LT_38,SPY
2016-03-14,76.73320489435841,0,-0.0,RSI_LT_38,SPY
2016-03-15,74.25637089852776,0,0.0,RSI_LT_38,SPY
2016-03-16,72.51734014164603,0,0.0,RSI_LT_38,SPY
2016-03-17,76.26653805369816,0,-0.0,RSI_LT_38,SPY
2016-03-18,82.04977545722116,0,0.0,RSI_LT_38,SPY
2016-03-21,75.99049166690848,0,-0.0,RSI_LT_38,SPY
2016-03-22,73.47972668201137,0,-0.0,RSI_LT_38,SPY
2016-03-23,63.81954528520191,0,-0.0,RSI_LT_38,SPY
2016-03-24,61.35021542566205,0,0.0,RSI_LT_38,SPY
2016-03-28,61.21933225751019,0,0.0,RSI_LT_38,SPY
2016-03-29,79.21739661175272,0,0.0,RSI_LT_38,SPY
2016-03-30,79.07180584189915,0,-0.0,RSI_LT_38,SPY
2016-03-31,75.4251956652619,0,0.0,RSI_LT_38,SPY
2016-04-01,70.92556660137421,0,-0.0,RSI_LT_38,SPY
2016-04-04,68.11593134580966,0,-0.0,RSI_LT_38,SPY
2016-04-05,58.36094356901506,0,0.0,RSI_LT_38,SPY
2016-04-06,61.71994662907322,0,-0.0,RSI_LT_38,SPY
2016-04-07,47.62566930392392,0,0.0,RSI_LT_38,SPY
2016-04-08,50.41038015480057,0,-0.0,RSI_LT_38,SPY
2016-04-11,47.80555704377141,0,0.0,RSI_LT_38,SPY
2016-04-12,54.09638963982803,0,0.0,RSI_LT_38,SPY
2016-04-13,63.81994454711866,0,0.0,RSI_LT_38,SPY
2016-04-14,64.1739238121354,0,-0.0,RSI_LT_38,SPY
2016-04-15,63.07604005614822,0,0.0,RSI_LT_38,SPY
2016-04-18,62.16060653282038,0,0.0,RSI_LT_38,SPY
2016-04-19,61.61675875257778,0,0.0,RSI_LT_38,SPY
2016-04-20,63.96343840511952,0,-0.0,RSI_LT_38,SPY
2016-04-21,56.35463227051495,0,0.0,RSI_LT_38,SPY
2016-04-22,58.79690402354554,0,-0.0,RSI_LT_38,SPY
2016-04-25,66.06104626985667,0,0.0,RSI_LT_38,SPY
2016-04-26,60.55743569784495,0,0.0,RSI_LT_38,SPY
2016-04-27,77.5510585392361,0,-0.0,RSI_LT_38,SPY
2016-04-28,63.228675004481836,0,-0.0,RSI_LT_38,SPY
2016-04-29,59.796420205262265,0,0.0,RSI_LT_38,SPY
2016-05-02,58.889854968893545,0,-0.0,RSI_LT_38,SPY
2016-05-03,41.82950825003795,0,-0.0,RSI_LT_38,SPY
2016-05-04,37.903249623453206,1,-0.019507968979282087,RSI_LT_38,SPY
2016-05-05,38.49306919804648,0,0.0,RSI_LT_38,SPY
2016-05-06,34.69565390458625,1,0.08263570286630717,RSI_LT_38,SPY
2016-05-09,31.789348807364107,1,1.243381206558225,RSI_LT_38,SPY
2016-05-10,43.82943951098871,0,-0.0,RSI_LT_38,SPY
2016-05-11,41.296685004451824,0,0.0,RSI_LT_38,SPY
2016-05-12,41.543846799616226,0,-0.0,RSI_LT_38,SPY
2016-05-13,37.731021337015925,1,0.9865229178805723,RSI_LT_38,SPY
2016-05-16,43.85057970213807,0,-0.0,RSI_LT_38,SPY
2016-05-17,38.095234250744774,0,0.0,RSI_LT_38,SPY
2016-05-18,42.5556977683327,0,-0.0,RSI_LT_38,SPY
2016-05-19,43.60358659572167,0,0.0,RSI_LT_38,SPY
2016-05-20,42.39265256679932,0,-0.0,RSI_LT_38,SPY
2016-05-23,46.784032926742334,0,0.0,RSI_LT_38,SPY
2016-05-24,58.783794549757474,0,0.0,RSI_LT_38,SPY
2016-05-25,62.20962903407077,0,0.0,RSI_LT_38,SPY
2016-05-26,60.672160793169525,0,0.0,RSI_LT_38,SPY
2016-05-27,62.295097521676276,0,-0.0,RSI_LT_38,SPY
2016-05-31,54.47520326201764,0,0.0,RSI_LT_38,SPY
2016-06-01,63.45466644738777,0,0.0,RSI_LT_38,SPY
2016-06-02,64.90746434741867,0,-0.0,RSI_LT_38,SPY
2016-06-03,70.56629088283617,0,0.0,RSI_LT_38,SPY
2016-06-06,68.32396027585668,0,0.0,RSI_LT_38,SPY
2016-06-07,81.41660747524489,0,0.0,RSI_LT_38,SPY
2016-06-08,82.43465938492648,0,-0.0,RSI_LT_38,SPY
2016-06-09,85.55953397416476,0,-0.0,RSI_LT_38,SPY
2016-06-10,69.40678240067243,0,-0.0,RSI_LT_38,SPY
2016-06-13,62.32871621935472,0,-0.0,RSI_LT_38,SPY
2016-06-14,50.780522048119,0,-0.0,RSI_LT_38,SPY
2016-06-15,42.16992978159828,0,0.0,RSI_LT_38,SPY
2016-06-16,45.304938935402106,0,-0.0,RSI_LT_38,SPY
2016-06-17,33.51063110250173,1,0.6440062965038518,RSI_LT_38,SPY
2016-06-20,41.85097613828647,0,0.0,RSI_LT_38,SPY
2016-06-21,42.60305250290189,0,-0.0,RSI_LT_38,SPY
2016-06-22,38.35955692537971,0,0.0,RSI_LT_38,SPY
2016-06-23,51.87279205290015,0,-0.0,RSI_LT_38,SPY
2016-06-24,30.36314531354489,1,-1.7909856776553101,RSI_LT_38,SPY
2016-06-27,24.791305787650302,1,1.8036025724666338,RSI_LT_38,SPY
2016-06-28,32.9363314894412,1,1.702759235153195,RSI_LT_38,SPY
2016-06-29,40.97868693995375,0,0.0,RSI_LT_38,SPY
2016-06-30,49.043740104650205,0,0.0,RSI_LT_38,SPY
2016-07-01,52.47725577926921,0,-0.0,RSI_LT_38,SPY
2016-07-05,50.601252938822405,0,0.0,RSI_LT_38,SPY
2016-07-06,53.00978045198402,0,-0.0,RSI_LT_38,SPY
2016-07-07,51.85660236540842,0,0.0,RSI_LT_38,SPY
2016-07-08,59.42786283314395,0,0.0,RSI_LT_38,SPY
2016-07-11,58.690877498492284,0,0.0,RSI_LT_38,SPY
2016-07-12,59.89662612962235,0,-0.0,RSI_LT_38,SPY
2016-07-13,60.46654093063707,0,0.0,RSI_LT_38,SPY
2016-07-14,58.54522291992642,0,-0.0,RSI_LT_38,SPY
2016-07-15,76.46071451478417,0,0.0,RSI_LT_38,SPY
2016-07-18,90.54513602638087,0,-0.0,RSI_LT_38,SPY
2016-07-19,87.435194085743,0,0.0,RSI_LT_38,SPY
2016-07-20,85.26033864451405,0,-0.0,RSI_LT_38,SPY
2016-07-21,76.54425414338276,0,0.0,RSI_LT_38,SPY
2016-07-22,77.477552815893,0,-0.0,RSI_LT_38,SPY
2016-07-25,83.2257834284547,0,0.0,RSI_LT_38,SPY
2016-07-26,81.51109483506944,0,-0.0,RSI_LT_38,SPY
2016-07-27,80.79300057943114,0,0.0,RSI_LT_38,SPY
2016-07-28,74.29252624854925,0,0.0,RSI_LT_38,SPY
2016-07-29,73.01984778954923,0,-0.0,RSI_LT_38,SPY
2016-08-01,64.82870754641895,0,-0.0,RSI_LT_38,SPY
2016-08-02,53.90338719619418,0,0.0,RSI_LT_38,SPY
2016-08-03,50.3999853515029,0,0.0,RSI_LT_38,SPY
2016-08-04,53.89786848295791,0,0.0,RSI_LT_38,SPY
2016-08-05,60.25489149076867,0,-0.0,RSI_LT_38,SPY
2016-08-08,60.88998079242417,0,0.0,RSI_LT_38,SPY
2016-08-09,57.014170915060916,0,-0.0,RSI_LT_38,SPY
2016-08-10,59.14554396143926,0,0.0,RSI_LT_38,SPY
2016-08-11,59.362531232078915,0,-0.0,RSI_LT_38,SPY
2016-08-12,62.69306413677833,0,0.0,RSI_LT_38,SPY
2016-08-15,65.27430278884462,0,-0.0,RSI_LT_38,SPY
2016-08-16,58.41132157538031,0,0.0,RSI_LT_38,SPY
2016-08-17,59.17437052358229,0,0.0,RSI_LT_38,SPY
2016-08-18,59.819544883861504,0,-0.0,RSI_LT_38,SPY
2016-08-19,58.88891337851103,0,-0.0,RSI_LT_38,SPY
2016-08-22,69.55398605067494,0,0.0,RSI_LT_38,SPY
2016-08-23,68.77546577728124,0,-0.0,RSI_LT_38,SPY
2016-08-24,58.65394843504128,0,-0.0,RSI_LT_38,SPY
2016-08-25,46.41790806833269,0,-0.0,RSI_LT_38,SPY
2016-08-26,44.55576493426432,0,0.0,RSI_LT_38,SPY
2016-08-29,51.13641836996164,0,-0.0,RSI_LT_38,SPY
2016-08-30,52.325592857128775,0,-0.0,RSI_LT_38,SPY
2016-08-31,41.360590257594126,0,0.0,RSI_LT_38,SPY
2016-09-01,42.5382853932393,0,0.0,RSI_LT_38,SPY
2016-09-02,45.2127508471481,0,0.0,RSI_LT_38,SPY
2016-09-06,57.5885929238208,0,-0.0,RSI_LT_38,SPY
2016-09-07,54.804786572303776,0,-0.0,RSI_LT_38,SPY
2016-09-08,47.376271372556204,0,-0.0,RSI_LT_38,SPY
2016-09-09,27.28845563422132,1,1.4347325469371563,RSI_LT_38,SPY
2016-09-12,42.51537351166885,0,-0.0,RSI_LT_38,SPY
2016-09-13,33.41039167452392,1,-0.03751903233957243,RSI_LT_38,SPY
2016-09-14,35.54732661671747,1,0.9992985896339901,RSI_LT_38,SPY
2016-09-15,43.36623508734065,0,-0.0,RSI_LT_38,SPY
2016-09-16,40.070929386765364,0,0.0,RSI_LT_38,SPY
2016-09-19,36.77179269910837,1,0.00468324195888048,RSI_LT_38,SPY
2016-09-20,37.527228543575234,1,1.1245474537833866,RSI_LT_38,SPY
2016-09-21,46.12711910635383,0,0.0,RSI_LT_38,SPY
2016-09-22,49.511385155452864,0,-0.0,RSI_LT_38,SPY
2016-09-23,44.5161521688227,0,-0.0,RSI_LT_38,SPY
2016-09-26,39.491016460616045,0,0.0,RSI_LT_38,SPY
2016-09-27,42.86309442028293,0,0.0,RSI_LT_38,SPY
2016-09-28,46.20997889622037,0,-0.0,RSI_LT_38,SPY
2016-09-29,53.27101470976206,0,0.0,RSI_LT_38,SPY
2016-09-30,49.899816451201325,0,-0.0,RSI_LT_38,SPY
2016-10-03,57.3402461960661,0,-0.0,RSI_LT_38,SPY
2016-10-04,54.15986286184625,0,0.0,RSI_LT_38,SPY
2016-10-05,51.01686710241197,0,0.0,RSI_LT_38,SPY
2016-10-06,57.79935844002956,0,-0.0,RSI_LT_38,SPY
2016-10-07,55.04640464396022,0,0.0,RSI_LT_38,SPY
2016-10-10,57.93743198311811,0,-0.0,RSI_LT_38,SPY
2016-10-11,43.20633598778605,0,0.0,RSI_LT_38,SPY
2016-10-12,39.49129531064147,0,-0.0,RSI_LT_38,SPY
2016-10-13,40.69913857806327,0,0.0,RSI_LT_38,SPY
2016-10-14,46.105688270429205,0,-0.0,RSI_LT_38,SPY
2016-10-17,38.43369707860395,0,0.0,RSI_LT_38,SPY
2016-10-18,39.57303868651347,0,0.0,RSI_LT_38,SPY
2016-10-19,48.42025334763586,0,-0.0,RSI_LT_38,SPY
2016-10-20,39.4231295057587,0,0.0,RSI_LT_38,SPY
2016-10-21,41.833042789552614,0,0.0,RSI_LT_38,SPY
2016-10-24,50.969557186473686,0,-0.0,RSI_LT_38,SPY
2016-10-25,43.113189757054656,0,-0.0,RSI_LT_38,SPY
2016-10-26,40.62504820954991,0,-0.0,RSI_LT_38,SPY
2016-10-27,41.269881976144475,0,-0.0,RSI_LT_38,SPY
2016-10-28,32.28960597450801,1,0.004709591578611061,RSI_LT_38,SPY
2016-10-31,44.133414442109284,0,-0.0,RSI_LT_38,SPY
2016-11-01,34.58898860120955,1,-0.6018620192091095,RSI_LT_38,SPY
2016-11-02,32.4759179000736,1,-0.45771273420629477,RSI_LT_38,SPY
2016-11-03,28.68369616701341,1,-0.11016176304425862,RSI_LT_38,SPY
2016-11-04,30.19647075345611,1,2.205701643449487,RSI_LT_38,SPY
2016-11-07,47.83611525467699,0,0.0,RSI_LT_38,SPY
2016-11-08,49.362347540908544,0,0.0,RSI_LT_38,SPY
2016-11-09,58.22367760613884,0,0.0,RSI_LT_38,SPY
2016-11-10,59.39897598401536,0,-0.0,RSI_LT_38,SPY
2016-11-11,55.022973327696036,0,0.0,RSI_LT_38,SPY
2016-11-14,58.24249612034064,0,0.0,RSI_LT_38,SPY
2016-11-15,64.24086651446186,0,-0.0,RSI_LT_38,SPY
2016-11-16,64.89224577651986,0,0.0,RSI_LT_38,SPY
2016-11-17,69.82177155547552,0,-0.0,RSI_LT_38,SPY
2016-11-18,67.76116874018997,0,0.0,RSI_LT_38,SPY
2016-11-21,77.10557253490471,0,0.0,RSI_LT_38,SPY
2016-11-22,83.8326564357341,0,0.0,RSI_LT_38,SPY
2016-11-23,89.26216053484139,0,0.0,RSI_LT_38,SPY
2016-11-25,91.12233721398272,0,-0.0,RSI_LT_38,SPY
2016-11-28,80.01629598711317,0,0.0,RSI_LT_38,SPY
2016-11-29,79.10950627267418,0,-0.0,RSI_LT_38,SPY
2016-11-30,70.12065763013678,0,-0.0,RSI_LT_38,SPY
2016-12-01,62.9774705772464,0,0.0,RSI_LT_38,SPY
2016-12-02,66.5987118628266,0,0.0,RSI_LT_38,SPY
2016-12-05,70.10023201081604,0,0.0,RSI_LT_38,SPY
2016-12-06,67.1342143043891,0,0.0,RSI_LT_38,SPY
2016-12-07,76.98473880250013,0,0.0,RSI_LT_38,SPY
2016-12-08,75.88228430307778,0,0.0,RSI_LT_38,SPY
2016-12-09,81.36253651891815,0,-0.0,RSI_LT_38,SPY
2016-12-12,76.80142129257173,0,0.0,RSI_LT_38,SPY
2016-12-13,78.81218940505377,0,-0.0,RSI_LT_38,SPY
2016-12-14,68.21382928381269,0,0.0,RSI_LT_38,SPY
2016-12-15,68.45779440311182,0,-0.0,RSI_LT_38,SPY
2016-12-16,65.13946725837664,0,0.0,RSI_LT_38,SPY
2016-12-19,65.27779740075204,0,0.0,RSI_LT_38,SPY
2016-12-20,69.469612627124,0,-0.0,RSI_LT_38,SPY
2016-12-21,70.28801052939573,0,-0.0,RSI_LT_38,SPY
2016-12-22,68.31627339571537,0,0.0,RSI_LT_38,SPY
2016-12-23,66.16341504539423,0,0.0,RSI_LT_38,SPY
2016-12-27,65.83513274018117,0,-0.0,RSI_LT_38,SPY
2016-12-28,49.25368375503883,0,-0.0,RSI_LT_38,SPY
2016-12-29,46.89926331776696,0,-0.0,RSI_LT_38,SPY
2016-12-30,37.94497193289574,1,0.7650009945893599,RSI_LT_38,SPY
2017-01-03,46.343244745323744,0,0.0,RSI_LT_38,SPY
2017-01-04,45.67450861943596,0,-0.0,RSI_LT_38,SPY
2017-01-05,52.177507987220444,0,0.0,RSI_LT_38,SPY
2017-01-06,51.69208287236473,0,-0.0,RSI_LT_38,SPY
2017-01-09,56.574125093601204,0,0.0,RSI_LT_38,SPY
2017-01-10,54.51021715997437,0,0.0,RSI_LT_38,SPY
2017-01-11,53.4722768860013,0,-0.0,RSI_LT_38,SPY
2017-01-12,53.79237459131105,0,0.0,RSI_LT_38,SPY
2017-01-13,58.226559810461026,0,-0.0,RSI_LT_38,SPY
2017-01-17,52.5423314822664,0,0.0,RSI_LT_38,SPY
2017-01-18,52.27269771682636,0,-0.0,RSI_LT_38,SPY
2017-01-19,57.92237735365698,0,0.0,RSI_LT_38,SPY
2017-01-20,61.590636974066086,0,-0.0,RSI_LT_38,SPY
2017-01-23,62.995946146417076,0,0.0,RSI_LT_38,SPY
2017-01-24,62.01623141024944,0,0.0,RSI_LT_38,SPY
2017-01-25,64.30616699885377,0,-0.0,RSI_LT_38,SPY
2017-01-26,63.93906969788919,0,-0.0,RSI_LT_38,SPY
2017-01-27,58.74744992757415,0,-0.0,RSI_LT_38,SPY
2017-01-30,55.07918043697135,0,-0.0,RSI_LT_38,SPY
2017-01-31,54.976686089011594,0,0.0,RSI_LT_38,SPY
2017-02-01,52.54895507651802,0,0.0,RSI_LT_38,SPY
2017-02-02,56.33946750501213,0,0.0,RSI_LT_38,SPY
2017-02-03,60.572421265306296,0,-0.0,RSI_LT_38,SPY
2017-02-06,62.83517344394459,0,0.0,RSI_LT_38,SPY
2017-02-07,61.00499013933745,0,0.0,RSI_LT_38,SPY
2017-02-08,67.69385938313305,0,0.0,RSI_LT_38,SPY
2017-02-09,69.41640787742678,0,0.0,RSI_LT_38,SPY
2017-02-10,76.12079696490636,0,0.0,RSI_LT_38,SPY
2017-02-13,75.67024118530371,0,0.0,RSI_LT_38,SPY
2017-02-14,72.86812405055163,0,0.0,RSI_LT_38,SPY
2017-02-15,77.92203238945392,0,-0.0,RSI_LT_38,SPY
2017-02-16,79.18779917277277,0,0.0,RSI_LT_38,SPY
2017-02-17,92.84085608712766,0,0.0,RSI_LT_38,SPY
2017-02-21,94.00785722101395,0,-0.0,RSI_LT_38,SPY
2017-02-22,92.03877799538385,0,0.0,RSI_LT_38,SPY
2017-02-23,92.04649558886865,0,0.0,RSI_LT_38,SPY
2017-02-24,90.92914640465729,0,0.0,RSI_LT_38,SPY
2017-02-27,95.44441147798075,0,-0.0,RSI_LT_38,SPY
2017-02-28,89.09654704711684,0,0.0,RSI_LT_38,SPY
2017-03-01,91.69301342990795,0,-0.0,RSI_LT_38,SPY
2017-03-02,79.98437136500021,0,0.0,RSI_LT_38,SPY
2017-03-03,78.71988513415813,0,-0.0,RSI_LT_38,SPY
2017-03-06,71.51572668112797,0,-0.0,RSI_LT_38,SPY
2017-03-07,64.65366190789162,0,-0.0,RSI_LT_38,SPY
2017-03-08,57.82442775877708,0,0.0,RSI_LT_38,SPY
2017-03-09,60.11341691533104,0,0.0,RSI_LT_38,SPY
2017-03-10,61.775380847470274,0,0.0,RSI_LT_38,SPY
2017-03-13,56.76225823951622,0,-0.0,RSI_LT_38,SPY
2017-03-14,52.96365020875091,0,0.0,RSI_LT_38,SPY
2017-03-15,60.161928613524864,0,-0.0,RSI_LT_38,SPY
2017-03-16,56.948848886668046,0,-0.0,RSI_LT_38,SPY
2017-03-17,49.70587542312313,0,-0.0,RSI_LT_38,SPY
2017-03-20,51.13465722513663,0,-0.0,RSI_LT_38,SPY
2017-03-21,26.640909353345336,1,0.23531556146476618,RSI_LT_38,SPY
2017-03-22,33.361118994320265,1,-0.10670992031014404,RSI_LT_38,SPY
2017-03-23,31.844519525299404,1,-0.0726394777729511,RSI_LT_38,SPY
2017-03-24,33.33333333333333,1,-0.10262785108084982,RSI_LT_38,SPY
2017-03-27,34.74729391026524,1,0.7276826652523827,RSI_LT_38,SPY
2017-03-28,44.97573932010744,0,0.0,RSI_LT_38,SPY
2017-03-29,44.616613895692694,0,0.0,RSI_LT_38,SPY
2017-03-30,44.25283972393887,0,-0.0,RSI_LT_38,SPY
2017-03-31,41.792260248859826,0,-0.0,RSI_LT_38,SPY
2017-04-03,43.517787009491705,0,0.0,RSI_LT_38,SPY
2017-04-04,33.00683582366145,1,-0.29726386994337606,RSI_LT_38,SPY
2017-04-05,32.27968634672864,1,0.28111579586889146,RSI_LT_38,SPY
2017-04-06,41.76167179509884,0,-0.0,RSI_LT_38,SPY
2017-04-07,41.84835655161049,0,0.0,RSI_LT_38,SPY
2017-04-10,61.96137914147151,0,-0.0,RSI_LT_38,SPY
2017-04-11,56.03715024021996,0,-0.0,RSI_LT_38,SPY
2017-04-12,50.0,0,-0.0,RSI_LT_38,SPY
2017-04-13,42.14198673426248,0,0.0,RSI_LT_38,SPY
2017-04-17,54.562977295047126,0,-0.0,RSI_LT_38,SPY
2017-04-18,42.29536852961112,0,-0.0,RSI_LT_38,SPY
2017-04-19,39.085298442241104,0,0.0,RSI_LT_38,SPY
2017-04-20,45.58961666026752,0,-0.0,RSI_LT_38,SPY
2017-04-21,44.75839823293195,0,0.0,RSI_LT_38,SPY
2017-04-24,57.001500329793856,0,0.0,RSI_LT_38,SPY
2017-04-25,60.68198276832379,0,-0.0,RSI_LT_38,SPY
2017-04-26,63.09690739861544,0,0.0,RSI_LT_38,SPY
2017-04-27,61.82631994919846,0,-0.0,RSI_LT_38,SPY
2017-04-28,60.557167691746635,0,0.0,RSI_LT_38,SPY
2017-05-01,61.84392788347077,0,0.0,RSI_LT_38,SPY
2017-05-02,63.33570642676849,0,-0.0,RSI_LT_38,SPY
2017-05-03,66.89436956690491,0,0.0,RSI_LT_38,SPY
2017-05-04,76.19434979689146,0,0.0,RSI_LT_38,SPY
2017-05-05,73.72788648974446,0,-0.0,RSI_LT_38,SPY
2017-05-08,78.52214097583857,0,-0.0,RSI_LT_38,SPY
2017-05-09,80.18098644520516,0,0.0,RSI_LT_38,SPY
2017-05-10,76.74133296822869,0,-0.0,RSI_LT_38,SPY
2017-05-11,79.17171574494658,0,-0.0,RSI_LT_38,SPY
2017-05-12,65.00819871249848,0,0.0,RSI_LT_38,SPY
2017-05-15,64.65653849692782,0,-0.0,RSI_LT_38,SPY
2017-05-16,63.90729564292553,0,-0.0,RSI_LT_38,SPY
2017-05-17,36.237638122172974,1,0.4028483244579384,RSI_LT_38,SPY
2017-05-18,43.77968798453544,0,0.0,RSI_LT_38,SPY
2017-05-19,48.3871182309917,0,0.0,RSI_LT_38,SPY
2017-05-22,52.97855527464616,0,0.0,RSI_LT_38,SPY
2017-05-23,56.118507277367726,0,0.0,RSI_LT_38,SPY
2017-05-24,57.05571384675549,0,0.0,RSI_LT_38,SPY
2017-05-25,57.7327370328706,0,-0.0,RSI_LT_38,SPY
2017-05-26,57.68945035044924,0,-0.0,RSI_LT_38,SPY
2017-05-30,57.7327370328706,0,-0.0,RSI_LT_38,SPY
2017-05-31,56.06181291166386,0,0.0,RSI_LT_38,SPY
2017-06-01,63.83865994204203,0,0.0,RSI_LT_38,SPY
2017-06-02,67.54567326540635,0,-0.0,RSI_LT_38,SPY
2017-06-05,63.516528722372016,0,-0.0,RSI_LT_38,SPY
2017-06-06,61.013418321764824,0,0.0,RSI_LT_38,SPY
2017-06-07,87.69242281079622,0,0.0,RSI_LT_38,SPY
2017-06-08,86.62498784234754,0,-0.0,RSI_LT_38,SPY
2017-06-09,80.3573115349682,0,-0.0,RSI_LT_38,SPY
2017-06-12,76.5194592794608,0,0.0,RSI_LT_38,SPY
2017-06-13,78.48114468489489,0,-0.0,RSI_LT_38,SPY
2017-06-14,73.72563568619003,0,-0.0,RSI_LT_38,SPY
2017-06-15,64.41906896914077,0,-0.0,RSI_LT_38,SPY
2017-06-16,55.77636078276759,0,0.0,RSI_LT_38,SPY
2017-06-19,66.02438314783406,0,-0.0,RSI_LT_38,SPY
2017-06-20,56.855862375014496,0,-0.0,RSI_LT_38,SPY
2017-06-21,47.862336711801305,0,-0.0,RSI_LT_38,SPY
2017-06-22,42.519674227405744,0,0.0,RSI_LT_38,SPY
2017-06-23,45.22222693171704,0,0.0,RSI_LT_38,SPY
2017-06-26,50.47724657314746,0,-0.0,RSI_LT_38,SPY
2017-06-27,38.22041468731824,0,0.0,RSI_LT_38,SPY
2017-06-28,48.784605644341276,0,-0.0,RSI_LT_38,SPY
2017-06-29,42.481767433986306,0,0.0,RSI_LT_38,SPY
2017-06-30,44.46809615846624,0,0.0,RSI_LT_38,SPY
2017-07-03,41.216234792769264,0,0.0,RSI_LT_38,SPY
2017-07-05,44.583638808803094,0,-0.0,RSI_LT_38,SPY
2017-07-06,39.490862659012045,0,0.0,RSI_LT_38,SPY
2017-07-07,48.317464192708336,0,0.0,RSI_LT_38,SPY
2017-07-10,41.8155463064761,0,-0.0,RSI_LT_38,SPY
2017-07-11,46.72526443951255,0,0.0,RSI_LT_38,SPY
2017-07-12,53.71148429452521,0,0.0,RSI_LT_38,SPY
2017-07-13,55.418398284481746,0,0.0,RSI_LT_38,SPY
2017-07-14,57.874266478642596,0,-0.0,RSI_LT_38,SPY
2017-07-17,57.320292530460286,0,0.0,RSI_LT_38,SPY
2017-07-18,66.07277781616708,0,0.0,RSI_LT_38,SPY
2017-07-19,63.84495409078508,0,0.0,RSI_LT_38,SPY
2017-07-20,77.09711563905795,0,-0.0,RSI_LT_38,SPY
2017-07-21,74.4701681555516,0,-0.0,RSI_LT_38,SPY
2017-07-24,72.98109763054805,0,0.0,RSI_LT_38,SPY
2017-07-25,73.0884042027681,0,0.0,RSI_LT_38,SPY
2017-07-26,93.76600383218374,0,-0.0,RSI_LT_38,SPY
2017-07-27,88.97412769775767,0,-0.0,RSI_LT_38,SPY
2017-07-28,84.60389752369079,0,-0.0,RSI_LT_38,SPY
2017-07-31,85.12285480922927,0,0.0,RSI_LT_38,SPY
2017-08-01,81.52402321667834,0,0.0,RSI_LT_38,SPY
2017-08-02,80.44373755987411,0,-0.0,RSI_LT_38,SPY
2017-08-03,66.27928020638532,0,0.0,RSI_LT_38,SPY
2017-08-04,69.915429576372,0,0.0,RSI_LT_38,SPY
2017-08-07,71.88128863830019,0,-0.0,RSI_LT_38,SPY
2017-08-08,53.117687688534296,0,-0.0,RSI_LT_38,SPY
2017-08-09,51.77299847771037,0,-0.0,RSI_LT_38,SPY
2017-08-10,29.19980387250085,1,0.14768650248777604,RSI_LT_38,SPY
2017-08-11,32.69213463803216,1,0.9913150161188655,RSI_LT_38,SPY
2017-08-14,45.42615321657092,0,-0.0,RSI_LT_38,SPY
2017-08-15,45.228209856513104,0,0.0,RSI_LT_38,SPY
2017-08-16,48.678887160727776,0,-0.0,RSI_LT_38,SPY
2017-08-17,35.74623483514807,1,-0.15631643825246844,RSI_LT_38,SPY
2017-08-18,35.11729368728396,1,0.07827744112798296,RSI_LT_38,SPY
2017-08-21,33.35834340630301,1,1.0457013621846034,RSI_LT_38,SPY
2017-08-22,43.63056581988388,0,-0.0,RSI_LT_38,SPY
2017-08-23,42.5465511799979,0,-0.0,RSI_LT_38,SPY
2017-08-24,39.457456446091356,0,0.0,RSI_LT_38,SPY
2017-08-25,39.86527776999108,0,0.0,RSI_LT_38,SPY
2017-08-28,41.44949805069644,0,0.0,RSI_LT_38,SPY
2017-08-29,42.50001907348632,0,0.0,RSI_LT_38,SPY
2017-08-30,58.22971036170184,0,0.0,RSI_LT_38,SPY
2017-08-31,61.39287324469682,0,0.0,RSI_LT_38,SPY
2017-09-01,55.110080528588064,0,-0.0,RSI_LT_38,SPY
2017-09-05,48.445067778826434,0,0.0,RSI_LT_38,SPY
2017-09-06,49.86556245346984,0,-0.0,RSI_LT_38,SPY
2017-09-07,67.08865300085813,0,-0.0,RSI_LT_38,SPY
2017-09-08,67.63904034896402,0,0.0,RSI_LT_38,SPY
2017-09-11,73.52728662994389,0,0.0,RSI_LT_38,SPY
2017-09-12,69.6840733622178,0,0.0,RSI_LT_38,SPY
2017-09-13,75.61651967553723,0,-0.0,RSI_LT_38,SPY
2017-09-14,79.15872240173303,0,-0.0,RSI_LT_38,SPY
2017-09-15,71.45511729068971,0,0.0,RSI_LT_38,SPY
2017-09-18,72.76750178761753,0,0.0,RSI_LT_38,SPY
2017-09-19,72.69507767394798,0,0.0,RSI_LT_38,SPY
2017-09-20,69.83355775711718,0,-0.0,RSI_LT_38,SPY
2017-09-21,60.10638988630535,0,0.0,RSI_LT_38,SPY
2017-09-22,58.791265912779856,0,-0.0,RSI_LT_38,SPY
2017-09-25,68.32694788617664,0,0.0,RSI_LT_38,SPY
2017-09-26,65.26616331179864,0,0.0,RSI_LT_38,SPY
2017-09-27,69.67826246244317,0,0.0,RSI_LT_38,SPY
2017-09-28,73.30036383389258,0,0.0,RSI_LT_38,SPY
2017-09-29,65.93052192790338,0,0.0,RSI_LT_38,SPY
2017-10-02,67.22306735852071,0,0.0,RSI_LT_38,SPY
2017-10-03,69.18686657611535,0,0.0,RSI_LT_38,SPY
2017-10-04,71.231000409433,0,0.0,RSI_LT_38,SPY
2017-10-05,84.92968890066803,0,-0.0,RSI_LT_38,SPY
2017-10-06,80.63226247436774,0,-0.0,RSI_LT_38,SPY
2017-10-09,75.64421967079662,0,0.0,RSI_LT_38,SPY
2017-10-10,77.33802682903625,0,0.0,RSI_LT_38,SPY
2017-10-11,84.88214673327309,0,-0.0,RSI_LT_38,SPY
2017-10-12,80.9522166011208,0,0.0,RSI_LT_38,SPY
2017-10-13,86.70722017428456,0,0.0,RSI_LT_38,SPY
2017-10-16,87.0082277283904,0,0.0,RSI_LT_38,SPY
2017-10-17,85.65778246248055,0,0.0,RSI_LT_38,SPY
2017-10-18,85.56279532253566,0,0.0,RSI_LT_38,SPY
2017-10-19,83.82777091058921,0,0.0,RSI_LT_38,SPY
2017-10-20,84.36138585683449,0,-0.0,RSI_LT_38,SPY
2017-10-23,71.87066803851864,0,0.0,RSI_LT_38,SPY
2017-10-24,72.4273498079571,0,-0.0,RSI_LT_38,SPY
2017-10-25,54.28563124492672,0,0.0,RSI_LT_38,SPY
2017-10-26,58.457358066700806,0,0.0,RSI_LT_38,SPY
2017-10-27,70.75049220472349,0,-0.0,RSI_LT_38,SPY
2017-10-30,61.390393007399275,0,0.0,RSI_LT_38,SPY
2017-10-31,61.390329998155885,0,0.0,RSI_LT_38,SPY
2017-11-01,65.3061023799495,0,0.0,RSI_LT_38,SPY
2017-11-02,64.50550574552673,0,0.0,RSI_LT_38,SPY
2017-11-03,66.42419705071083,0,0.0,RSI_LT_38,SPY
2017-11-06,67.17482795088654,0,-0.0,RSI_LT_38,SPY
2017-11-07,65.097315886963,0,0.0,RSI_LT_38,SPY
2017-11-08,66.37081980879806,0,-0.0,RSI_LT_38,SPY
2017-11-09,55.43050022825768,0,-0.0,RSI_LT_38,SPY
2017-11-10,61.19920046397946,0,0.0,RSI_LT_38,SPY
2017-11-13,60.25492775455645,0,-0.0,RSI_LT_38,SPY
2017-11-14,65.32690770442875,0,-0.0,RSI_LT_38,SPY
2017-11-15,54.59649386906065,0,0.0,RSI_LT_38,SPY
2017-11-16,55.05001066939442,0,-0.0,RSI_LT_38,SPY
2017-11-17,56.29962173172049,0,0.0,RSI_LT_38,SPY
2017-11-20,56.49718098587906,0,0.0,RSI_LT_38,SPY
2017-11-21,62.2549606261519,0,-0.0,RSI_LT_38,SPY
2017-11-22,60.50352889737098,0,0.0,RSI_LT_38,SPY
2017-11-24,59.48358941721975,0,-0.0,RSI_LT_38,SPY
2017-11-27,57.040937712146786,0,0.0,RSI_LT_38,SPY
2017-11-28,67.12899925572087,0,-0.0,RSI_LT_38,SPY
2017-11-29,65.02520653051658,0,0.0,RSI_LT_38,SPY
2017-11-30,75.63729202078133,0,-0.0,RSI_LT_38,SPY
2017-12-01,73.06308615675633,0,-0.0,RSI_LT_38,SPY
2017-12-04,70.91454371683749,0,-0.0,RSI_LT_38,SPY
2017-12-05,69.17137254481746,0,0.0,RSI_LT_38,SPY
2017-12-06,76.15392199670409,0,0.0,RSI_LT_38,SPY
2017-12-07,73.39068385785313,0,0.0,RSI_LT_38,SPY
2017-12-08,81.02210737869652,0,0.0,RSI_LT_38,SPY
2017-12-11,81.56046789026126,0,0.0,RSI_LT_38,SPY
2017-12-12,79.59914539693014,0,-0.0,RSI_LT_38,SPY
2017-12-13,81.0116059291513,0,-0.0,RSI_LT_38,SPY
2017-12-14,72.53413122062743,0,0.0,RSI_LT_38,SPY
2017-12-15,75.16022937069778,0,0.0,RSI_LT_38,SPY
2017-12-18,73.11363203252377,0,-0.0,RSI_LT_38,SPY
2017-12-19,67.98392415904549,0,-0.0,RSI_LT_38,SPY
2017-12-20,59.863207617458166,0,0.0,RSI_LT_38,SPY
2017-12-21,65.23436568676537,0,-0.0,RSI_LT_38,SPY
2017-12-22,66.86685891639581,0,-0.0,RSI_LT_38,SPY
2017-12-26,71.36755480783025,0,0.0,RSI_LT_38,SPY
2017-12-27,71.61025442084505,0,0.0,RSI_LT_38,SPY
2017-12-28,70.74235225917363,0,-0.0,RSI_LT_38,SPY
2017-12-29,57.73183623245148,0,0.0,RSI_LT_38,SPY
2018-01-02,62.49996123273693,0,0.0,RSI_LT_38,SPY
2018-01-03,66.66666666666666,0,0.0,RSI_LT_38,SPY
2018-01-04,69.95069078007788,0,0.0,RSI_LT_38,SPY
2018-01-05,80.0775003075409,0,0.0,RSI_LT_38,SPY
2018-01-08,79.52188386801836,0,0.0,RSI_LT_38,SPY
2018-01-09,77.61319804241089,0,-0.0,RSI_LT_38,SPY
2018-01-10,81.96856163441319,0,0.0,RSI_LT_38,SPY
2018-01-11,85.70301843279306,0,0.0,RSI_LT_38,SPY
2018-01-12,86.98138826190029,0,-0.0,RSI_LT_38,SPY
2018-01-16,81.83022374649593,0,0.0,RSI_LT_38,SPY
2018-01-17,86.14651944379312,0,-0.0,RSI_LT_38,SPY
2018-01-18,83.73286000947577,0,0.0,RSI_LT_38,SPY
2018-01-19,84.374984314585,0,0.0,RSI_LT_38,SPY
2018-01-22,90.56896249671517,0,0.0,RSI_LT_38,SPY
2018-01-23,89.890136792437,0,-0.0,RSI_LT_38,SPY
2018-01-24,88.26002201085109,0,0.0,RSI_LT_38,SPY
2018-01-25,87.49192528589381,0,0.0,RSI_LT_38,SPY
2018-01-26,88.56968062079847,0,-0.0,RSI_LT_38,SPY
2018-01-29,79.14405262383514,0,-0.0,RSI_LT_38,SPY
2018-01-30,67.38923034179427,0,0.0,RSI_LT_38,SPY
2018-01-31,68.99418406257311,0,-0.0,RSI_LT_38,SPY
2018-02-01,64.52128687075614,0,-0.0,RSI_LT_38,SPY
2018-02-02,44.660591275344004,0,-0.0,RSI_LT_38,SPY
2018-02-05,30.652760760641115,1,1.970224056126546,RSI_LT_38,SPY
2018-02-06,35.54882061934107,1,-0.5424855752199975,RSI_LT_38,SPY
2018-02-07,34.6040125937341,1,-3.750890290754394,RSI_LT_38,SPY
2018-02-08,25.249886769280565,1,1.5021523284711513,RSI_LT_38,SPY
2018-02-09,27.7462623807436,1,1.4684498424055947,RSI_LT_38,SPY
2018-02-12,32.35002868713735,1,0.24873885249809824,RSI_LT_38,SPY
2018-02-13,33.28793296102653,1,1.3496226834175173,RSI_LT_38,SPY
2018-02-14,37.506834062021866,1,1.2760126444360864,RSI_LT_38,SPY
2018-02-15,37.68853751784306,1,0.029295891522274076,RSI_LT_38,SPY
2018-02-16,39.1279685980142,0,-0.0,RSI_LT_38,SPY
2018-02-20,40.03844043346724,0,-0.0,RSI_LT_38,SPY
2018-02-21,38.864867500007165,0,0.0,RSI_LT_38,SPY
2018-02-22,39.500380609984816,0,0.0,RSI_LT_38,SPY
2018-02-23,49.280415637198196,0,0.0,RSI_LT_38,SPY
2018-02-26,66.21026039449762,0,-0.0,RSI_LT_38,SPY
2018-02-27,56.40714418527777,0,-0.0,RSI_LT_38,SPY
2018-02-28,54.66258335490347,0,-0.0,RSI_LT_38,SPY
2018-03-01,63.760613187876366,0,0.0,RSI_LT_38,SPY
2018-03-02,61.11436771682506,0,0.0,RSI_LT_38,SPY
2018-03-05,60.26372995252714,0,0.0,RSI_LT_38,SPY
2018-03-06,60.299419799899496,0,-0.0,RSI_LT_38,SPY
2018-03-07,55.33267352998194,0,0.0,RSI_LT_38,SPY
2018-03-08,51.92516763267306,0,0.0,RSI_LT_38,SPY
2018-03-09,58.86701543919782,0,-0.0,RSI_LT_38,SPY
2018-03-12,61.43958263871183,0,-0.0,RSI_LT_38,SPY
2018-03-13,60.563855444979865,0,-0.0,RSI_LT_38,SPY
2018-03-14,57.5061217506103,0,-0.0,RSI_LT_38,SPY
2018-03-15,50.50647712991674,0,-0.0,RSI_LT_38,SPY
2018-03-16,42.94971918900342,0,-0.0,RSI_LT_38,SPY
2018-03-19,42.560412863491365,0,0.0,RSI_LT_38,SPY
2018-03-20,48.55136261723561,0,-0.0,RSI_LT_38,SPY
2018-03-21,56.58459962136491,0,-0.0,RSI_LT_38,SPY
2018-03-22,39.6400545131105,0,-0.0,RSI_LT_38,SPY
2018-03-23,25.297017984223018,1,2.7359030779175786,RSI_LT_38,SPY
2018-03-26,38.89681602436519,0,-0.0,RSI_LT_38,SPY
2018-03-27,34.54316608058494,1,-0.29547947552392984,RSI_LT_38,SPY
2018-03-28,31.634483809595636,1,1.2777614193099973,RSI_LT_38,SPY
2018-03-29,28.983986454784684,1,-2.158462020719487,RSI_LT_38,SPY
2018-04-02,25.368631702540682,1,1.2816979754235458,RSI_LT_38,SPY
2018-04-03,31.969254759095577,1,1.0699116702327371,RSI_LT_38,SPY
2018-04-04,37.12721402843754,1,0.7892006029410092,RSI_LT_38,SPY
2018-04-05,40.12244372161928,0,-0.0,RSI_LT_38,SPY
2018-04-06,36.20953739501245,1,0.4928379690746887,RSI_LT_38,SPY
2018-04-09,40.523290115902036,0,0.0,RSI_LT_38,SPY
2018-04-10,44.60564177408267,0,-0.0,RSI_LT_38,SPY
2018-04-11,43.89531181219541,0,0.0,RSI_LT_38,SPY
2018-04-12,52.258172324269346,0,-0.0,RSI_LT_38,SPY
2018-04-13,57.85399223421846,0,0.0,RSI_LT_38,SPY
2018-04-16,52.75297928784708,0,0.0,RSI_LT_38,SPY
2018-04-17,62.39978408051524,0,0.0,RSI_LT_38,SPY
2018-04-18,63.85830234184328,0,-0.0,RSI_LT_38,SPY
2018-04-19,57.910723463459234,0,-0.0,RSI_LT_38,SPY
2018-04-20,63.89898766768175,0,-0.0,RSI_LT_38,SPY
2018-04-23,59.7907044073238,0,-0.0,RSI_LT_38,SPY
2018-04-24,49.04670230727636,0,0.0,RSI_LT_38,SPY
2018-04-25,46.533269329560476,0,0.0,RSI_LT_38,SPY
2018-04-26,62.796124559272315,0,0.0,RSI_LT_38,SPY
2018-04-27,61.24596308257532,0,-0.0,RSI_LT_38,SPY
2018-04-30,48.585355587005594,0,0.0,RSI_LT_38,SPY
2018-05-01,52.81106509250209,0,-0.0,RSI_LT_38,SPY
2018-05-02,43.59460163887003,0,-0.0,RSI_LT_38,SPY
2018-05-03,44.007586742283515,0,0.0,RSI_LT_38,SPY
2018-05-04,47.06673408864168,0,0.0,RSI_LT_38,SPY
2018-05-07,41.97352749499989,0,0.0,RSI_LT_38,SPY
2018-05-08,41.39811871435898,0,0.0,RSI_LT_38,SPY
2018-05-09,51.4352596507353,0,0.0,RSI_LT_38,SPY
2018-05-10,62.58728199913943,0,0.0,RSI_LT_38,SPY
2018-05-11,64.09335530379923,0,0.0,RSI_LT_38,SPY
2018-05-14,76.56747106344476,0,-0.0,RSI_LT_38,SPY
2018-05-15,68.6284149595357,0,0.0,RSI_LT_38,SPY
2018-05-16,66.01834021393618,0,-0.0,RSI_LT_38,SPY
2018-05-17,64.73773684557997,0,-0.0,RSI_LT_38,SPY
2018-05-18,69.9181267368879,0,0.0,RSI_LT_38,SPY
2018-05-21,72.44507580396287,0,-0.0,RSI_LT_38,SPY
2018-05-22,76.62690928685416,0,0.0,RSI_LT_38,SPY
2018-05-23,80.10082417864388,0,-0.0,RSI_LT_38,SPY
2018-05-24,72.5999499512737,0,-0.0,RSI_LT_38,SPY
2018-05-25,67.72874735169492,0,-0.0,RSI_LT_38,SPY
2018-05-29,55.87241334580435,0,0.0,RSI_LT_38,SPY
2018-05-30,58.23182355716104,0,-0.0,RSI_LT_38,SPY
2018-05-31,47.00669051908616,0,0.0,RSI_LT_38,SPY
2018-06-01,51.88726770081401,0,0.0,RSI_LT_38,SPY
2018-06-04,54.56270179479518,0,0.0,RSI_LT_38,SPY
2018-06-05,60.33058632887129,0,0.0,RSI_LT_38,SPY
2018-06-06,62.57311507007,0,-0.0,RSI_LT_38,SPY
2018-06-07,63.188935579698615,0,0.0,RSI_LT_38,SPY
2018-06-08,66.76446415972961,0,0.0,RSI_LT_38,SPY
2018-06-11,63.81056016631206,0,0.0,RSI_LT_38,SPY
2018-06-12,67.15615421761923,0,-0.0,RSI_LT_38,SPY
2018-06-13,62.60122432644753,0,0.0,RSI_LT_38,SPY
2018-06-14,65.88114335405433,0,-0.0,RSI_LT_38,SPY
2018-06-15,62.69114291447157,0,-0.0,RSI_LT_38,SPY
2018-06-18,72.09846464277857,0,-0.0,RSI_LT_38,SPY
2018-06-19,59.944971855834666,0,0.0,RSI_LT_38,SPY
2018-06-20,68.86714484236457,0,-0.0,RSI_LT_38,SPY
2018-06-21,52.58056974097091,0,0.0,RSI_LT_38,SPY
2018-06-22,49.31033303429788,0,-0.0,RSI_LT_38,SPY
2018-06-25,36.459729615870714,1,0.22140446624192567,RSI_LT_38,SPY
2018-06-26,28.422766369061137,1,-0.8284241345497101,RSI_LT_38,SPY
2018-06-27,24.393499743739156,1,0.5717499573139051,RSI_LT_38,SPY
2018-06-28,27.716854652700917,1,0.1439640111376983,RSI_LT_38,SPY
2018-06-29,27.80495611252016,1,0.21379628976534448,RSI_LT_38,SPY
2018-07-02,28.760477777471735,1,-0.35311980681403954,RSI_LT_38,SPY
2018-07-03,28.639892630801356,1,0.8157960520008833,RSI_LT_38,SPY
2018-07-05,34.56035360183239,1,0.8458233679000449,RSI_LT_38,SPY
2018-07-06,45.47860622971614,0,0.0,RSI_LT_38,SPY
2018-07-09,53.21805434831998,0,0.0,RSI_LT_38,SPY
2018-07-10,58.188818148275004,0,-0.0,RSI_LT_38,SPY
2018-07-11,51.99280041655905,0,0.0,RSI_LT_38,SPY
2018-07-12,61.09910890200035,0,0.0,RSI_LT_38,SPY
2018-07-13,60.622008226249946,0,-0.0,RSI_LT_38,SPY
2018-07-16,71.56152512177842,0,0.0,RSI_LT_38,SPY
2018-07-17,72.32007372139456,0,0.0,RSI_LT_38,SPY
2018-07-18,82.15265499702534,0,-0.0,RSI_LT_38,SPY
2018-07-19,75.6909063369227,0,-0.0,RSI_LT_38,SPY
2018-07-20,73.78253724405245,0,0.0,RSI_LT_38,SPY
2018-07-23,73.69320881262593,0,0.0,RSI_LT_38,SPY
2018-07-24,79.667536261778,0,0.0,RSI_LT_38,SPY
2018-07-25,79.87936890361223,0,-0.0,RSI_LT_38,SPY
2018-07-26,73.8553175843368,0,-0.0,RSI_LT_38,SPY
2018-07-27,60.97260273972603,0,-0.0,RSI_LT_38,SPY
2018-07-30,53.1799386692446,0,0.0,RSI_LT_38,SPY
2018-07-31,64.10094479304854,0,-0.0,RSI_LT_38,SPY
2018-08-01,55.39460716069353,0,0.0,RSI_LT_38,SPY
2018-08-02,59.2593041115908,0,0.0,RSI_LT_38,SPY
2018-08-03,63.24628494429789,0,0.0,RSI_LT_38,SPY
2018-08-06,63.03942469000555,0,0.0,RSI_LT_38,SPY
2018-08-07,63.83105883319731,0,-0.0,RSI_LT_38,SPY
2018-08-08,67.72725200990038,0,-0.0,RSI_LT_38,SPY
2018-08-09,67.42089481575002,0,-0.0,RSI_LT_38,SPY
2018-08-10,58.77817136589153,0,-0.0,RSI_LT_38,SPY
2018-08-13,51.48401383366697,0,0.0,RSI_LT_38,SPY
2018-08-14,49.6542543498735,0,-0.0,RSI_LT_38,SPY
2018-08-15,45.50689988573438,0,0.0,RSI_LT_38,SPY
2018-08-16,57.449190299786274,0,0.0,RSI_LT_38,SPY
2018-08-17,64.81160415111296,0,0.0,RSI_LT_38,SPY
2018-08-20,63.1675728126574,0,0.0,RSI_LT_38,SPY
2018-08-21,66.42692871348356,0,-0.0,RSI_LT_38,SPY
2018-08-22,62.33687846486973,0,-0.0,RSI_LT_38,SPY
2018-08-23,57.556981167045066,0,0.0,RSI_LT_38,SPY
2018-08-24,59.459492081884896,0,0.0,RSI_LT_38,SPY
2018-08-27,62.72735679804687,0,0.0,RSI_LT_38,SPY
2018-08-28,63.498889763284964,0,0.0,RSI_LT_38,SPY
2018-08-29,68.11761965963099,0,-0.0,RSI_LT_38,SPY
2018-08-30,71.04949212318598,0,0.0,RSI_LT_38,SPY
2018-08-31,75.80134998532625,0,-0.0,RSI_LT_38,SPY
2018-09-04,70.22586325382618,0,-0.0,RSI_LT_38,SPY
2018-09-05,77.31721676417558,0,-0.0,RSI_LT_38,SPY
2018-09-06,67.28499417181939,0,-0.0,RSI_LT_38,SPY
2018-09-07,61.120864966556304,0,0.0,RSI_LT_38,SPY
2018-09-10,60.742675509840645,0,0.0,RSI_LT_38,SPY
2018-09-11,61.691079859182004,0,0.0,RSI_LT_38,SPY
2018-09-12,62.83714691703961,0,0.0,RSI_LT_38,SPY
2018-09-13,69.65668934456278,0,0.0,RSI_LT_38,SPY
2018-09-14,65.11205263791726,0,-0.0,RSI_LT_38,SPY
2018-09-17,47.88867281311138,0,0.0,RSI_LT_38,SPY
2018-09-18,54.177161075657615,0,0.0,RSI_LT_38,SPY
2018-09-19,48.77354307857961,0,0.0,RSI_LT_38,SPY
2018-09-20,63.92189778941833,0,-0.0,RSI_LT_38,SPY
2018-09-21,56.2874046324638,0,-0.0,RSI_LT_38,SPY
2018-09-24,54.374521438453954,0,-0.0,RSI_LT_38,SPY
2018-09-25,56.45647228096383,0,-0.0,RSI_LT_38,SPY
2018-09-26,56.45647228096383,0,0.0,RSI_LT_38,SPY
2018-09-27,61.385414956562414,0,0.0,RSI_LT_38,SPY
2018-09-28,60.0,0,0.0,RSI_LT_38,SPY
2018-10-01,60.18245610780401,0,-0.0,RSI_LT_38,SPY
2018-10-02,59.20060574816342,0,0.0,RSI_LT_38,SPY
2018-10-03,53.8002262101461,0,-0.0,RSI_LT_38,SPY
2018-10-04,44.83499932134523,0,-0.0,RSI_LT_38,SPY
2018-10-05,44.57920754363778,0,0.0,RSI_LT_38,SPY
2018-10-08,37.59035790185827,1,-0.1459291977785382,RSI_LT_38,SPY
2018-10-09,34.792961517715256,1,-3.1663209104984436,RSI_LT_38,SPY
2018-10-10,10.414548490488158,1,-2.2026498864939015,RSI_LT_38,SPY
2018-10-11,8.43125031202436,1,1.3888373416642175,RSI_LT_38,SPY
2018-10-12,21.726115838569413,1,-0.5617025700234368,RSI_LT_38,SPY
2018-10-15,20.730410801443597,1,2.1865889699193897,RSI_LT_38,SPY
2018-10-16,35.66242750235159,1,0.017838199584740977,RSI_LT_38,SPY
2018-10-17,34.14864589080959,1,-1.4441141502098076,RSI_LT_38,SPY
2018-10-18,30.286370633272156,1,-0.05426696808847886,RSI_LT_38,SPY
2018-10-19,28.172605651681863,1,-0.4488652432126705,RSI_LT_38,SPY
2018-10-22,27.347420585856838,1,-0.5090812568079417,RSI_LT_38,SPY
2018-10-23,26.025957278679172,1,-3.029852151299206,RSI_LT_38,SPY
2018-10-24,22.453198976149196,1,1.7940521320091163,RSI_LT_38,SPY
2018-10-25,31.09546496691003,1,-1.7587382390990447,RSI_LT_38,SPY
2018-10-26,28.23687351716326,1,-0.5540275487492807,RSI_LT_38,SPY
2018-10-29,27.67449924140203,1,1.481847903879685,RSI_LT_38,SPY
2018-10-30,38.922786608734846,0,0.0,RSI_LT_38,SPY
2018-10-31,48.26027209298958,0,0.0,RSI_LT_38,SPY
2018-11-01,47.186347058252196,0,-0.0,RSI_LT_38,SPY
2018-11-02,47.11031785906268,0,0.0,RSI_LT_38,SPY
2018-11-05,40.99669268981757,0,0.0,RSI_LT_38,SPY
2018-11-06,43.43755354292602,0,0.0,RSI_LT_38,SPY
2018-11-07,55.42993858379685,0,-0.0,RSI_LT_38,SPY
2018-11-08,54.96379378926974,0,-0.0,RSI_LT_38,SPY
2018-11-09,53.103137160370544,0,-0.0,RSI_LT_38,SPY
2018-11-12,48.918941210806146,0,-0.0,RSI_LT_38,SPY
2018-11-13,58.35812129221333,0,-0.0,RSI_LT_38,SPY
2018-11-14,50.16037625827877,0,0.0,RSI_LT_38,SPY
2018-11-15,60.83404417783954,0,0.0,RSI_LT_38,SPY
2018-11-16,64.20964945656233,0,-0.0,RSI_LT_38,SPY
2018-11-19,51.87590498146564,0,-0.0,RSI_LT_38,SPY
2018-11-20,41.336161170471144,0,0.0,RSI_LT_38,SPY
2018-11-21,38.07246189160985,0,-0.0,RSI_LT_38,SPY
2018-11-23,37.912679058138814,1,1.614434947768273,RSI_LT_38,SPY
2018-11-26,42.34864101994862,0,0.0,RSI_LT_38,SPY
2018-11-27,41.07806616138984,0,0.0,RSI_LT_38,SPY
2018-11-28,41.528292100406496,0,-0.0,RSI_LT_38,SPY
2018-11-29,41.43007622184802,0,0.0,RSI_LT_38,SPY
2018-11-30,47.14630878688097,0,0.0,RSI_LT_38,SPY
2018-12-03,59.49759166488654,0,-0.0,RSI_LT_38,SPY
2018-12-04,47.941777033132844,0,-0.0,RSI_LT_38,SPY
2018-12-06,49.5766504245697,0,-0.0,RSI_LT_38,SPY
2018-12-07,39.72156407936306,0,0.0,RSI_LT_38,SPY
2018-12-10,39.44490720332173,0,0.0,RSI_LT_38,SPY
2018-12-11,43.96696774346508,0,0.0,RSI_LT_38,SPY
2018-12-12,51.78476343927805,0,-0.0,RSI_LT_38,SPY
2018-12-13,50.4764595181814,0,-0.0,RSI_LT_38,SPY
2018-12-14,46.512787021802595,0,-0.0,RSI_LT_38,SPY
2018-12-17,35.09328233067366,1,-0.1096486445127054,RSI_LT_38,SPY
2018-12-18,33.39148937951367,1,-1.4975722505870204,RSI_LT_38,SPY
2018-12-19,19.10433857607761,1,-1.627794486710199,RSI_LT_38,SPY
2018-12-20,17.487199510000764,1,-2.6176321028577143,RSI_LT_38,SPY
2018-12-21,12.035593490593271,1,-2.6422935982500895,RSI_LT_38,SPY
2018-12-24,3.877689152475938,1,5.0524863544073595,RSI_LT_38,SPY
2018-12-26,26.64465151427214,1,0.7677369017256686,RSI_LT_38,SPY
2018-12-27,29.46614078850635,1,-0.1289987966181294,RSI_LT_38,SPY
2018-12-28,33.19166155446409,1,0.8758822074451222,RSI_LT_38,SPY
2018-12-31,35.4812123990432,1,0.10403109344623296,RSI_LT_38,SPY
2019-01-02,35.744927145742196,1,-2.3862763357143546,RSI_LT_38,SPY
2019-01-03,30.16614906788068,1,3.3495730931965673,RSI_LT_38,SPY
2019-01-04,39.47453927282923,0,0.0,RSI_LT_38,SPY
2019-01-07,44.81702439328457,0,0.0,RSI_LT_38,SPY
2019-01-08,51.25824452795371,0,0.0,RSI_LT_38,SPY
2019-01-09,52.53731303293568,0,0.0,RSI_LT_38,SPY
2019-01-10,57.050343562803455,0,0.0,RSI_LT_38,SPY
2019-01-11,61.79821388339359,0,-0.0,RSI_LT_38,SPY
2019-01-14,68.48980286909715,0,0.0,RSI_LT_38,SPY
2019-01-15,81.14968952498602,0,0.0,RSI_LT_38,SPY
2019-01-16,74.23051633997378,0,0.0,RSI_LT_38,SPY
2019-01-17,74.3062059373269,0,0.0,RSI_LT_38,SPY
2019-01-18,77.66931796231742,0,-0.0,RSI_LT_38,SPY
2019-01-22,68.35979734045063,0,0.0,RSI_LT_38,SPY
2019-01-23,68.61806934604998,0,0.0,RSI_LT_38,SPY
2019-01-24,82.55886059593479,0,0.0,RSI_LT_38,SPY
2019-01-25,78.18941806624292,0,-0.0,RSI_LT_38,SPY
2019-01-28,69.72244181390717,0,-0.0,RSI_LT_38,SPY
2019-01-29,65.27138681991863,0,0.0,RSI_LT_38,SPY
2019-01-30,69.44552166363262,0,0.0,RSI_LT_38,SPY
2019-01-31,71.12806400866396,0,0.0,RSI_LT_38,SPY
2019-02-01,71.16114735734095,0,0.0,RSI_LT_38,SPY
2019-02-04,77.47169350678067,0,0.0,RSI_LT_38,SPY
2019-02-05,75.8201675561961,0,-0.0,RSI_LT_38,SPY
2019-02-06,74.07856834896494,0,-0.0,RSI_LT_38,SPY
2019-02-07,64.33710212294534,0,0.0,RSI_LT_38,SPY
2019-02-08,59.16783415848492,0,0.0,RSI_LT_38,SPY
2019-02-11,71.06410685469842,0,0.0,RSI_LT_38,SPY
2019-02-12,75.03516315130447,0,0.0,RSI_LT_38,SPY
2019-02-13,75.88238705721845,0,-0.0,RSI_LT_38,SPY
2019-02-14,70.9961599613761,0,0.0,RSI_LT_38,SPY
2019-02-15,81.72497979717502,0,0.0,RSI_LT_38,SPY
2019-02-19,83.45697832936425,0,0.0,RSI_LT_38,SPY
2019-02-20,80.13365260512194,0,-0.0,RSI_LT_38,SPY
2019-02-21,72.54678241697671,0,0.0,RSI_LT_38,SPY
2019-02-22,74.94516881967081,0,0.0,RSI_LT_38,SPY
2019-02-25,72.66195606036212,0,-0.0,RSI_LT_38,SPY
2019-02-26,69.75870793869301,0,-0.0,RSI_LT_38,SPY
2019-02-27,70.83894467414845,0,-0.0,RSI_LT_38,SPY
2019-02-28,81.81828518410711,0,0.0,RSI_LT_38,SPY
2019-03-01,83.5470050293447,0,-0.0,RSI_LT_38,SPY
2019-03-04,77.96181216311567,0,-0.0,RSI_LT_38,SPY
2019-03-05,69.52377953671319,0,-0.0,RSI_LT_38,SPY
2019-03-06,58.731333595997185,0,-0.0,RSI_LT_38,SPY
2019-03-07,52.08473028978599,0,-0.0,RSI_LT_38,SPY
2019-03-08,38.51617767136916,0,0.0,RSI_LT_38,SPY
2019-03-11,51.824353271342005,0,0.0,RSI_LT_38,SPY
2019-03-12,53.241255506809665,0,0.0,RSI_LT_38,SPY
2019-03-13,61.187153368077816,0,-0.0,RSI_LT_38,SPY
2019-03-14,56.32036178010172,0,0.0,RSI_LT_38,SPY
2019-03-15,55.682555798619255,0,0.0,RSI_LT_38,SPY
2019-03-18,59.08259617987834,0,0.0,RSI_LT_38,SPY
2019-03-19,59.68514526286233,0,-0.0,RSI_LT_38,SPY
2019-03-20,58.516287476772284,0,0.0,RSI_LT_38,SPY
2019-03-21,61.782362913129376,0,-0.0,RSI_LT_38,SPY
2019-03-22,49.67034352686147,0,-0.0,RSI_LT_38,SPY
2019-03-25,50.04433019507989,0,0.0,RSI_LT_38,SPY
2019-03-26,58.249909324135984,0,-0.0,RSI_LT_38,SPY
2019-03-27,60.48819790598886,0,0.0,RSI_LT_38,SPY
2019-03-28,63.809099981120376,0,0.0,RSI_LT_38,SPY
2019-03-29,59.89227690574081,0,0.0,RSI_LT_38,SPY
2019-04-01,63.95245597987344,0,0.0,RSI_LT_38,SPY
2019-04-02,61.018569087930096,0,0.0,RSI_LT_38,SPY
2019-04-03,62.35902848685796,0,0.0,RSI_LT_38,SPY
2019-04-04,63.407928709646846,0,0.0,RSI_LT_38,SPY
2019-04-05,64.01619375473837,0,0.0,RSI_LT_38,SPY
2019-04-08,64.25703905045674,0,-0.0,RSI_LT_38,SPY
2019-04-09,62.50000000000001,0,0.0,RSI_LT_38,SPY
2019-04-10,58.54124993044227,0,-0.0,RSI_LT_38,SPY
2019-04-11,79.01545443225369,0,0.0,RSI_LT_38,SPY
2019-04-12,82.36309764883934,0,-0.0,RSI_LT_38,SPY
2019-04-15,78.94037223691433,0,0.0,RSI_LT_38,SPY
2019-04-16,87.5087674968742,0,-0.0,RSI_LT_38,SPY
2019-04-17,81.99113966752529,0,0.0,RSI_LT_38,SPY
2019-04-18,80.25668030076662,0,0.0,RSI_LT_38,SPY
2019-04-22,73.71784421766489,0,0.0,RSI_LT_38,SPY
2019-04-23,79.20530792189801,0,-0.0,RSI_LT_38,SPY
2019-04-24,74.14789446981229,0,-0.0,RSI_LT_38,SPY
2019-04-25,71.26621818995939,0,0.0,RSI_LT_38,SPY
2019-04-26,71.19073896417281,0,0.0,RSI_LT_38,SPY
2019-04-29,71.78369805039299,0,0.0,RSI_LT_38,SPY
2019-04-30,82.4780277404393,0,-0.0,RSI_LT_38,SPY
2019-05-01,65.22482899902059,0,-0.0,RSI_LT_38,SPY
2019-05-02,62.262581869407114,0,0.0,RSI_LT_38,SPY
2019-05-03,64.87314455140836,0,-0.0,RSI_LT_38,SPY
2019-05-06,60.15682947785137,0,-0.0,RSI_LT_38,SPY
2019-05-07,44.046957612689305,0,-0.0,RSI_LT_38,SPY
2019-05-08,44.78824096609105,0,-0.0,RSI_LT_38,SPY
2019-05-09,41.02569536596578,0,0.0,RSI_LT_38,SPY
2019-05-10,44.55052942005972,0,-0.0,RSI_LT_38,SPY
2019-05-13,25.509371642325604,1,0.9043682537198894,RSI_LT_38,SPY
2019-05-14,33.295499157102284,1,0.5857458355188694,RSI_LT_38,SPY
2019-05-15,37.47763942284562,1,0.9261259633227992,RSI_LT_38,SPY
2019-05-16,40.21927884921992,0,-0.0,RSI_LT_38,SPY
2019-05-17,36.87482229704452,1,-0.661203524724796,RSI_LT_38,SPY
2019-05-20,34.4262883109258,1,0.9015662787600798,RSI_LT_38,SPY
2019-05-21,41.89109687540855,0,-0.0,RSI_LT_38,SPY
2019-05-22,41.57306598755204,0,-0.0,RSI_LT_38,SPY
2019-05-23,32.29077937461308,1,0.22683210378962038,RSI_LT_38,SPY
2019-05-24,34.78787990881726,1,-0.9300533609752026,RSI_LT_38,SPY
2019-05-28,37.34548873262788,1,-0.6710708276892463,RSI_LT_38,SPY
2019-05-29,35.630042451784746,1,0.27311955856930137,RSI_LT_38,SPY
2019-05-30,38.118975614484945,0,-0.0,RSI_LT_38,SPY
2019-05-31,31.36799727708818,1,-0.25428914062199937,RSI_LT_38,SPY
2019-06-03,38.72360214465477,0,0.0,RSI_LT_38,SPY
2019-06-04,45.41680718464355,0,0.0,RSI_LT_38,SPY
2019-06-05,46.726921785355174,0,0.0,RSI_LT_38,SPY
2019-06-06,45.364406399331884,0,0.0,RSI_LT_38,SPY
2019-06-07,52.804462173096454,0,0.0,RSI_LT_38,SPY
2019-06-10,57.917968317537024,0,-0.0,RSI_LT_38,SPY
2019-06-11,54.09103873675368,0,-0.0,RSI_LT_38,SPY
2019-06-12,54.785043406121304,0,0.0,RSI_LT_38,SPY
2019-06-13,64.01655357662354,0,-0.0,RSI_LT_38,SPY
2019-06-14,62.35702854482498,0,0.0,RSI_LT_38,SPY
2019-06-17,69.4515444907861,0,0.0,RSI_LT_38,SPY
2019-06-18,78.43069108736285,0,0.0,RSI_LT_38,SPY
2019-06-19,78.34353672295485,0,0.0,RSI_LT_38,SPY
2019-06-20,93.27468388692407,0,-0.0,RSI_LT_38,SPY
2019-06-21,88.93803253102531,0,-0.0,RSI_LT_38,SPY
2019-06-24,83.87621302185767,0,-0.0,RSI_LT_38,SPY
2019-06-25,69.69711915635409,0,-0.0,RSI_LT_38,SPY
2019-06-26,65.53436129314915,0,0.0,RSI_LT_38,SPY
2019-06-27,61.716461574181565,0,0.0,RSI_LT_38,SPY
2019-06-28,62.13132012795049,0,0.0,RSI_LT_38,SPY
2019-07-01,67.60429283055336,0,0.0,RSI_LT_38,SPY
2019-07-02,70.65780930963426,0,0.0,RSI_LT_38,SPY
2019-07-03,72.33535749612984,0,-0.0,RSI_LT_38,SPY
2019-07-05,72.26526437070245,0,-0.0,RSI_LT_38,SPY
2019-07-08,66.78691275167785,0,0.0,RSI_LT_38,SPY
2019-07-09,62.26324581182798,0,0.0,RSI_LT_38,SPY
2019-07-10,63.67671389465451,0,0.0,RSI_LT_38,SPY
2019-07-11,59.48329664724989,0,0.0,RSI_LT_38,SPY
2019-07-12,68.8172377286018,0,0.0,RSI_LT_38,SPY
2019-07-15,70.41928868165962,0,-0.0,RSI_LT_38,SPY
2019-07-16,79.09679604176388,0,-0.0,RSI_LT_38,SPY
2019-07-17,71.07246920372864,0,0.0,RSI_LT_38,SPY
2019-07-18,71.17273405228724,0,-0.0,RSI_LT_38,SPY
2019-07-19,61.934824571363684,0,0.0,RSI_LT_38,SPY
2019-07-22,57.20721428403101,0,0.0,RSI_LT_38,SPY
2019-07-23,60.65094794475033,0,0.0,RSI_LT_38,SPY
2019-07-24,58.281130341553066,0,-0.0,RSI_LT_38,SPY
2019-07-25,54.51881833567648,0,0.0,RSI_LT_38,SPY
2019-07-26,64.90525688443267,0,-0.0,RSI_LT_38,SPY
2019-07-29,62.137549467460346,0,-0.0,RSI_LT_38,SPY
2019-07-30,56.23895745767514,0,-0.0,RSI_LT_38,SPY
2019-07-31,45.179474659455124,0,-0.0,RSI_LT_38,SPY
2019-08-01,36.00000588290663,1,-0.752951176325134,RSI_LT_38,SPY
2019-08-02,32.22560861698095,1,-3.0073091175620292,RSI_LT_38,SPY
2019-08-05,24.00651307137241,1,1.4022903128895647,RSI_LT_38,SPY
2019-08-06,34.77325893416459,1,0.05907346592963769,RSI_LT_38,SPY
2019-08-07,32.88147007889167,1,1.9620078037761113,RSI_LT_38,SPY
2019-08-08,45.02937670117806,0,-0.0,RSI_LT_38,SPY
2019-08-09,41.50892791565334,0,-0.0,RSI_LT_38,SPY
2019-08-12,34.42709198428662,1,1.555170741432943,RSI_LT_38,SPY
2019-08-13,39.281383013169595,0,-0.0,RSI_LT_38,SPY
2019-08-14,33.46341555156428,1,0.2641775329778495,RSI_LT_38,SPY
2019-08-15,31.69545202679525,1,1.4755005435055812,RSI_LT_38,SPY
2019-08-16,37.65420147478876,1,1.2047707790260098,RSI_LT_38,SPY
2019-08-19,42.2040284838627,0,-0.0,RSI_LT_38,SPY
2019-08-20,43.043965394077055,0,0.0,RSI_LT_38,SPY
2019-08-21,47.72512187002738,0,-0.0,RSI_LT_38,SPY
2019-08-22,49.74205361651729,0,-0.0,RSI_LT_38,SPY
2019-08-23,51.04866598104068,0,0.0,RSI_LT_38,SPY
2019-08-26,50.207137881643796,0,-0.0,RSI_LT_38,SPY
2019-08-27,48.883014821861856,0,0.0,RSI_LT_38,SPY
2019-08-28,44.81475335686776,0,0.0,RSI_LT_38,SPY
2019-08-29,51.014791038276044,0,-0.0,RSI_LT_38,SPY
2019-08-30,54.990896180290406,0,-0.0,RSI_LT_38,SPY
2019-09-03,47.798591336003774,0,0.0,RSI_LT_38,SPY
2019-09-04,64.17786895878422,0,0.0,RSI_LT_38,SPY
2019-09-05,66.97603831729305,0,0.0,RSI_LT_38,SPY
2019-09-06,63.210780898192,0,0.0,RSI_LT_38,SPY
2019-09-09,59.32045374152627,0,-0.0,RSI_LT_38,SPY
2019-09-10,63.7107745022425,0,0.0,RSI_LT_38,SPY
2019-09-11,63.41125035943137,0,0.0,RSI_LT_38,SPY
2019-09-12,64.86850408984343,0,-0.0,RSI_LT_38,SPY
2019-09-13,85.73936520302489,0,-0.0,RSI_LT_38,SPY
2019-09-16,79.65850136584567,0,0.0,RSI_LT_38,SPY
2019-09-17,84.89814605659916,0,0.0,RSI_LT_38,SPY
2019-09-18,83.37885661750596,0,-0.0,RSI_LT_38,SPY
2019-09-19,79.06965579142923,0,-0.0,RSI_LT_38,SPY
2019-09-20,66.85934965520042,0,-0.0,RSI_LT_38,SPY
2019-09-23,73.86573482755192,0,-0.0,RSI_LT_38,SPY
2019-09-24,56.22866734668016,0,0.0,RSI_LT_38,SPY
2019-09-25,49.21006450617582,0,-0.0,RSI_LT_38,SPY
2019-09-26,45.97707331674555,0,-0.0,RSI_LT_38,SPY
2019-09-27,40.34478476734079,0,0.0,RSI_LT_38,SPY
2019-09-30,45.69615730054951,0,-0.0,RSI_LT_38,SPY
2019-10-01,29.63393138962084,1,-1.766468711051683,RSI_LT_38,SPY
2019-10-02,19.01637657108307,1,0.8192792783248581,RSI_LT_38,SPY
2019-10-03,27.307574483109548,1,1.3532100041580453,RSI_LT_38,SPY
2019-10-04,39.04187963346687,0,-0.0,RSI_LT_38,SPY
2019-10-07,35.49218877062363,1,-1.5524730453905788,RSI_LT_38,SPY
2019-10-08,29.977697581538962,1,0.9496379045393022,RSI_LT_38,SPY
2019-10-09,35.620050173747174,1,0.6763488498674919,RSI_LT_38,SPY
2019-10-10,42.42787149971711,0,0.0,RSI_LT_38,SPY
2019-10-11,47.337941136853445,0,-0.0,RSI_LT_38,SPY
2019-10-14,50.116847419196134,0,0.0,RSI_LT_38,SPY
2019-10-15,51.77867077014273,0,-0.0,RSI_LT_38,SPY
2019-10-16,51.98411840267115,0,0.0,RSI_LT_38,SPY
2019-10-17,55.61343338672733,0,-0.0,RSI_LT_38,SPY
2019-10-18,51.73914812613224,0,0.0,RSI_LT_38,SPY
2019-10-21,60.23037586862729,0,-0.0,RSI_LT_38,SPY
2019-10-22,69.01705551256639,0,0.0,RSI_LT_38,SPY
2019-10-23,67.32601879125608,0,0.0,RSI_LT_38,SPY
2019-10-24,62.61525651569433,0,0.0,RSI_LT_38,SPY
2019-10-25,67.88421230647815,0,0.0,RSI_LT_38,SPY
2019-10-28,85.21705089042601,0,-0.0,RSI_LT_38,SPY
2019-10-29,82.58743844826323,0,0.0,RSI_LT_38,SPY
2019-10-30,81.5394804231496,0,-0.0,RSI_LT_38,SPY
2019-10-31,73.42190535284837,0,0.0,RSI_LT_38,SPY
2019-11-01,79.06441931395625,0,0.0,RSI_LT_38,SPY
2019-11-04,76.8161120300433,0,-0.0,RSI_LT_38,SPY
2019-11-05,77.50160465251979,0,0.0,RSI_LT_38,SPY
2019-11-06,76.2768977087213,0,0.0,RSI_LT_38,SPY
2019-11-07,84.84640173648216,0,0.0,RSI_LT_38,SPY
2019-11-08,83.4204720533134,0,-0.0,RSI_LT_38,SPY
2019-11-11,85.92297850863294,0,0.0,RSI_LT_38,SPY
2019-11-12,85.68065027604256,0,0.0,RSI_LT_38,SPY
2019-11-13,85.22994012271026,0,0.0,RSI_LT_38,SPY
2019-11-14,84.23760044370027,0,0.0,RSI_LT_38,SPY
2019-11-15,84.93819904403804,0,0.0,RSI_LT_38,SPY
2019-11-18,85.84202423520064,0,-0.0,RSI_LT_38,SPY
2019-11-19,84.01733503201011,0,-0.0,RSI_LT_38,SPY
2019-11-20,81.5254666866669,0,-0.0,RSI_LT_38,SPY
2019-11-21,71.75970440593375,0,0.0,RSI_LT_38,SPY
2019-11-22,70.05588649483587,0,0.0,RSI_LT_38,SPY
2019-11-25,78.76589228004198,0,0.0,RSI_LT_38,SPY
2019-11-26,79.93137455047975,0,0.0,RSI_LT_38,SPY
2019-11-27,80.46749422382763,0,-0.0,RSI_LT_38,SPY
2019-11-29,71.67065685376211,0,-0.0,RSI_LT_38,SPY
2019-12-02,61.36837687413134,0,-0.0,RSI_LT_38,SPY
2019-12-03,51.72843058272912,0,0.0,RSI_LT_38,SPY
2019-12-04,56.65908895203651,0,0.0,RSI_LT_38,SPY
2019-12-05,56.926513251919104,0,0.0,RSI_LT_38,SPY
2019-12-06,58.351358642135686,0,-0.0,RSI_LT_38,SPY
2019-12-09,54.84378054731247,0,-0.0,RSI_LT_38,SPY
2019-12-10,54.11100151019262,0,0.0,RSI_LT_38,SPY
2019-12-11,59.510193696129264,0,0.0,RSI_LT_38,SPY
2019-12-12,66.02803331826473,0,0.0,RSI_LT_38,SPY
2019-12-13,65.21530897871514,0,0.0,RSI_LT_38,SPY
2019-12-16,64.82823379338447,0,0.0,RSI_LT_38,SPY
2019-12-17,63.70445421234259,0,0.0,RSI_LT_38,SPY
2019-12-18,61.01871305987001,0,0.0,RSI_LT_38,SPY
2019-12-19,67.53590564404404,0,-0.0,RSI_LT_38,SPY
2019-12-20,77.90052661060227,0,0.0,RSI_LT_38,SPY
2019-12-23,89.72102019066772,0,0.0,RSI_LT_38,SPY
2019-12-24,88.1940434548153,0,0.0,RSI_LT_38,SPY
2019-12-26,89.16798931663693,0,-0.0,RSI_LT_38,SPY
2019-12-27,85.76545415799222,0,-0.0,RSI_LT_38,SPY
2019-12-30,80.1002794044475,0,0.0,RSI_LT_38,SPY
2019-12-31,83.61580807645414,0,0.0,RSI_LT_38,SPY
2020-01-02,86.00963692232624,0,-0.0,RSI_LT_38,SPY
2020-01-03,68.51334664466658,0,0.0,RSI_LT_38,SPY
2020-01-06,70.6536351850005,0,-0.0,RSI_LT_38,SPY
2020-01-07,61.511087909339075,0,0.0,RSI_LT_38,SPY
2020-01-08,65.56124732873752,0,0.0,RSI_LT_38,SPY
2020-01-09,69.76484700189326,0,-0.0,RSI_LT_38,SPY
2020-01-10,63.750715392453834,0,0.0,RSI_LT_38,SPY
2020-01-13,68.45600934872525,0,-0.0,RSI_LT_38,SPY
2020-01-14,65.91721752581982,0,0.0,RSI_LT_38,SPY
2020-01-15,67.14282063347218,0,0.0,RSI_LT_38,SPY
2020-01-16,68.71481431117282,0,0.0,RSI_LT_38,SPY
2020-01-17,70.40866386020303,0,-0.0,RSI_LT_38,SPY
2020-01-21,74.17213667341785,0,0.0,RSI_LT_38,SPY
2020-01-22,73.23525847870283,0,0.0,RSI_LT_38,SPY
2020-01-23,69.27402028889435,0,-0.0,RSI_LT_38,SPY
2020-01-24,67.41500737031751,0,-0.0,RSI_LT_38,SPY
2020-01-27,49.68606649806768,0,0.0,RSI_LT_38,SPY
2020-01-28,58.39385314898035,0,-0.0,RSI_LT_38,SPY
2020-01-29,54.6506121808288,0,0.0,RSI_LT_38,SPY
2020-01-30,52.32085267319924,0,-0.0,RSI_LT_38,SPY
2020-01-31,42.683879132764574,0,0.0,RSI_LT_38,SPY
2020-02-03,42.9981499789111,0,0.0,RSI_LT_38,SPY
2020-02-04,52.53221669277793,0,0.0,RSI_LT_38,SPY
2020-02-05,56.70011191226359,0,0.0,RSI_LT_38,SPY
2020-02-06,54.602877314751055,0,-0.0,RSI_LT_38,SPY
2020-02-07,50.36775466741367,0,0.0,RSI_LT_38,SPY
2020-02-10,54.718040468583595,0,0.0,RSI_LT_38,SPY
2020-02-11,55.39055516620574,0,0.0,RSI_LT_38,SPY
2020-02-12,57.47248298089572,0,-0.0,RSI_LT_38,SPY
2020-02-13,61.6596403305683,0,0.0,RSI_LT_38,SPY
2020-02-14,72.87473846705304,0,-0.0,RSI_LT_38,SPY
2020-02-18,67.38514129198185,0,0.0,RSI_LT_38,SPY
2020-02-19,69.7705929412104,0,-0.0,RSI_LT_38,SPY
2020-02-20,65.46551316829184,0,-0.0,RSI_LT_38,SPY
2020-02-21,71.37141537669073,0,-0.0,RSI_LT_38,SPY
2020-02-24,47.64936184003423,0,-0.0,RSI_LT_38,SPY
2020-02-25,29.982928331004246,1,-0.36782149973914047,RSI_LT_38,SPY
2020-02-26,22.14401357609411,1,-4.491168614566609,RSI_LT_38,SPY
2020-02-27,14.391713233642164,1,-0.42015393061387574,RSI_LT_38,SPY
2020-02-28,14.542218197102159,1,4.3306508301324875,RSI_LT_38,SPY
2020-03-02,29.03490344934147,1,-2.863245724019159,RSI_LT_38,SPY
2020-03-03,24.73302619051603,1,4.203302533861675,RSI_LT_38,SPY
2020-03-04,34.603789828109015,1,-3.3241687602835635,RSI_LT_38,SPY
2020-03-05,30.73495402820329,1,-1.6531112018967953,RSI_LT_38,SPY
2020-03-06,28.707810056625576,1,-7.809447030209493,RSI_LT_38,SPY
2020-03-09,23.20355199479144,1,5.174489250964487,RSI_LT_38,SPY
2020-03-10,30.68111386367802,1,-4.874844817138435,RSI_LT_38,SPY
2020-03-11,27.941062589109094,1,-9.567716191402486,RSI_LT_38,SPY
2020-03-12,24.075304751836825,1,8.548630309818428,RSI_LT_38,SPY
2020-03-13,34.8112100080903,1,-10.942373540494488,RSI_LT_38,SPY
2020-03-16,31.285347245376272,1,5.399206428476466,RSI_LT_38,SPY
2020-03-17,35.77314474956685,1,-5.063292285300003,RSI_LT_38,SPY
2020-03-18,35.980689904723135,1,0.21249771118163618,RSI_LT_38,SPY
2020-03-19,36.360517504230195,1,-4.868816981634961,RSI_LT_38,SPY
2020-03-20,30.248462653425918,1,-2.5568208153355143,RSI_LT_38,SPY
2020-03-23,30.701623177146047,1,9.060326182884682,RSI_LT_38,SPY
2020-03-24,33.22908243300134,1,1.4970180880194084,RSI_LT_38,SPY
2020-03-25,36.15656230024869,1,5.838980231338309,RSI_LT_38,SPY
2020-03-26,41.386360377375176,0,-0.0,RSI_LT_38,SPY
2020-03-27,44.664921277951265,0,0.0,RSI_LT_38,SPY
2020-03-30,42.92060766559701,0,-0.0,RSI_LT_38,SPY
2020-03-31,45.3580054184862,0,-0.0,RSI_LT_38,SPY
2020-04-01,49.403382924854704,0,0.0,RSI_LT_38,SPY
2020-04-02,44.120217035281314,0,-0.0,RSI_LT_38,SPY
2020-04-03,53.39300027711644,0,0.0,RSI_LT_38,SPY
2020-04-06,54.76227346056702,0,0.0,RSI_LT_38,SPY
2020-04-07,61.01323471272718,0,0.0,RSI_LT_38,SPY
2020-04-08,63.68386556571188,0,0.0,RSI_LT_38,SPY
2020-04-09,71.48946773611785,0,-0.0,RSI_LT_38,SPY
2020-04-13,73.6092371196701,0,0.0,RSI_LT_38,SPY
2020-04-14,70.40979847865856,0,-0.0,RSI_LT_38,SPY
2020-04-15,65.18881749166604,0,0.0,RSI_LT_38,SPY
2020-04-16,60.069749531403595,0,0.0,RSI_LT_38,SPY
2020-04-17,68.73872138483104,0,-0.0,RSI_LT_38,SPY
2020-04-20,61.666270883512986,0,-0.0,RSI_LT_38,SPY
2020-04-21,58.48407539338224,0,0.0,RSI_LT_38,SPY
2020-04-22,69.48090189380667,0,-0.0,RSI_LT_38,SPY
2020-04-23,67.2664856600152,0,0.0,RSI_LT_38,SPY
2020-04-24,71.96814701472715,0,0.0,RSI_LT_38,SPY
2020-04-27,66.66665138573592,0,-0.0,RSI_LT_38,SPY
2020-04-28,65.2321785670283,0,0.0,RSI_LT_38,SPY
2020-04-29,64.48639663071248,0,-0.0,RSI_LT_38,SPY
2020-04-30,59.481163306323346,0,-0.0,RSI_LT_38,SPY
2020-05-01,55.09941898280521,0,0.0,RSI_LT_38,SPY
2020-05-04,49.824167729692945,0,0.0,RSI_LT_38,SPY
2020-05-05,57.1259491927154,0,-0.0,RSI_LT_38,SPY
2020-05-06,54.309620524575735,0,0.0,RSI_LT_38,SPY
2020-05-07,50.934560473011885,0,0.0,RSI_LT_38,SPY
2020-05-08,59.801279920075295,0,0.0,RSI_LT_38,SPY
2020-05-11,70.76398870210295,0,-0.0,RSI_LT_38,SPY
2020-05-12,58.11710962911575,0,-0.0,RSI_LT_38,SPY
2020-05-13,52.4381026166732,0,0.0,RSI_LT_38,SPY
2020-05-14,51.95465542994307,0,0.0,RSI_LT_38,SPY
2020-05-15,49.20439115789766,0,0.0,RSI_LT_38,SPY
2020-05-18,58.307938461538455,0,-0.0,RSI_LT_38,SPY
2020-05-19,48.79237333472825,0,0.0,RSI_LT_38,SPY
2020-05-20,56.020146053762694,0,-0.0,RSI_LT_38,SPY
2020-05-21,62.612148845418446,0,0.0,RSI_LT_38,SPY
2020-05-22,62.43974516426159,0,0.0,RSI_LT_38,SPY
2020-05-26,63.2259361478673,0,0.0,RSI_LT_38,SPY
2020-05-27,68.8134406094944,0,-0.0,RSI_LT_38,SPY
2020-05-28,65.80527158897834,0,0.0,RSI_LT_38,SPY
2020-05-29,63.21176068116163,0,0.0,RSI_LT_38,SPY
2020-06-01,64.14481213771495,0,0.0,RSI_LT_38,SPY
2020-06-02,74.99415726366132,0,0.0,RSI_LT_38,SPY
2020-06-03,86.52654033376905,0,-0.0,RSI_LT_38,SPY
2020-06-04,83.5665304721883,0,0.0,RSI_LT_38,SPY
2020-06-05,85.95042583920056,0,0.0,RSI_LT_38,SPY
2020-06-08,84.28990218343205,0,-0.0,RSI_LT_38,SPY
2020-06-09,85.58025595582562,0,-0.0,RSI_LT_38,SPY
2020-06-10,79.56067133736093,0,-0.0,RSI_LT_38,SPY
2020-06-11,55.338155186335044,0,0.0,RSI_LT_38,SPY
2020-06-12,57.73230549837887,0,0.0,RSI_LT_38,SPY
2020-06-15,57.1275192256153,0,0.0,RSI_LT_38,SPY
2020-06-16,58.21856671252012,0,-0.0,RSI_LT_38,SPY
2020-06-17,57.47719454874879,0,0.0,RSI_LT_38,SPY
2020-06-18,56.55765366755282,0,-0.0,RSI_LT_38,SPY
2020-06-19,52.628019052839655,0,0.0,RSI_LT_38,SPY
2020-06-22,52.18063842708769,0,0.0,RSI_LT_38,SPY
2020-06-23,49.88302603412125,0,-0.0,RSI_LT_38,SPY
2020-06-24,44.203484289357874,0,0.0,RSI_LT_38,SPY
2020-06-25,39.66201737065681,0,-0.0,RSI_LT_38,SPY
2020-06-26,31.157392825809836,1,1.4697563211208076,RSI_LT_38,SPY
2020-06-29,37.12752721467769,1,1.2809544787298677,RSI_LT_38,SPY
2020-06-30,41.88280575559668,0,0.0,RSI_LT_38,SPY
2020-07-01,60.04868209896218,0,0.0,RSI_LT_38,SPY
2020-07-02,58.45637117419996,0,0.0,RSI_LT_38,SPY
2020-07-06,60.12146499309956,0,-0.0,RSI_LT_38,SPY
2020-07-07,50.876826586086935,0,0.0,RSI_LT_38,SPY
2020-07-08,54.722099121646394,0,-0.0,RSI_LT_38,SPY
2020-07-09,52.62415104800332,0,0.0,RSI_LT_38,SPY
2020-07-10,59.02034855645758,0,-0.0,RSI_LT_38,SPY
2020-07-13,54.18817325125041,0,0.0,RSI_LT_38,SPY
2020-07-14,56.47748990468364,0,0.0,RSI_LT_38,SPY
2020-07-15,68.50001017252603,0,-0.0,RSI_LT_38,SPY
2020-07-16,64.67249565890667,0,0.0,RSI_LT_38,SPY
2020-07-17,77.47912024463619,0,0.0,RSI_LT_38,SPY
2020-07-20,76.39558021985331,0,0.0,RSI_LT_38,SPY
2020-07-21,74.19360274436697,0,0.0,RSI_LT_38,SPY
2020-07-22,73.95897750734525,0,-0.0,RSI_LT_38,SPY
2020-07-23,64.78369387157863,0,-0.0,RSI_LT_38,SPY
2020-07-24,55.707936588791334,0,0.0,RSI_LT_38,SPY
2020-07-27,64.4696835034475,0,-0.0,RSI_LT_38,SPY
2020-07-28,57.73168870298585,0,0.0,RSI_LT_38,SPY
2020-07-29,65.60141576349089,0,-0.0,RSI_LT_38,SPY
2020-07-30,59.83936992433285,0,0.0,RSI_LT_38,SPY
2020-07-31,68.14794513272993,0,0.0,RSI_LT_38,SPY
2020-08-03,66.24961564046859,0,0.0,RSI_LT_38,SPY
2020-08-04,64.2981737242059,0,0.0,RSI_LT_38,SPY
2020-08-05,69.05725092400692,0,0.0,RSI_LT_38,SPY
2020-08-06,70.3452955160033,0,0.0,RSI_LT_38,SPY
2020-08-07,67.90083846224361,0,0.0,RSI_LT_38,SPY
2020-08-10,68.24467681249894,0,-0.0,RSI_LT_38,SPY
2020-08-11,59.94642557836255,0,0.0,RSI_LT_38,SPY
2020-08-12,73.66014395118785,0,-0.0,RSI_LT_38,SPY
2020-08-13,77.37720958835368,0,0.0,RSI_LT_38,SPY
2020-08-14,75.41039235513287,0,0.0,RSI_LT_38,SPY
2020-08-17,82.41662648096144,0,0.0,RSI_LT_38,SPY
2020-08-18,79.91141838608621,0,-0.0,RSI_LT_38,SPY
2020-08-19,79.03711776395923,0,0.0,RSI_LT_38,SPY
2020-08-20,77.55379880790308,0,0.0,RSI_LT_38,SPY
2020-08-21,76.36891946824046,0,0.0,RSI_LT_38,SPY
2020-08-24,78.65410428427467,0,0.0,RSI_LT_38,SPY
2020-08-25,77.81371207580881,0,0.0,RSI_LT_38,SPY
2020-08-26,79.00956043911957,0,0.0,RSI_LT_38,SPY
2020-08-27,79.47717528736008,0,0.0,RSI_LT_38,SPY
2020-08-28,80.52042339783088,0,-0.0,RSI_LT_38,SPY
2020-08-31,85.7513871009524,0,0.0,RSI_LT_38,SPY
2020-09-01,84.8665804763489,0,0.0,RSI_LT_38,SPY
2020-09-02,89.78272377705773,0,-0.0,RSI_LT_38,SPY
2020-09-03,61.0952745671264,0,-0.0,RSI_LT_38,SPY
2020-09-04,55.78451316203182,0,-0.0,RSI_LT_38,SPY
2020-09-08,44.44896464241525,0,0.0,RSI_LT_38,SPY
2020-09-09,52.366860900155416,0,-0.0,RSI_LT_38,SPY
2020-09-10,46.275256742683524,0,0.0,RSI_LT_38,SPY
2020-09-11,45.31950431858036,0,0.0,RSI_LT_38,SPY
2020-09-14,46.211329355573945,0,0.0,RSI_LT_38,SPY
2020-09-15,46.673420933188794,0,-0.0,RSI_LT_38,SPY
2020-09-16,42.36074994244985,0,-0.0,RSI_LT_38,SPY
2020-09-17,39.50245463919112,0,-0.0,RSI_LT_38,SPY
2020-09-18,34.03814229596796,1,-1.1129571279935746,RSI_LT_38,SPY
2020-09-21,32.77299770930102,1,1.0184379483847206,RSI_LT_38,SPY
2020-09-22,32.81442189964294,1,-2.3190958000678163,RSI_LT_38,SPY
2020-09-23,24.006527068964118,1,0.2665464023424269,RSI_LT_38,SPY
2020-09-24,30.451849913881432,1,1.6166958226671246,RSI_LT_38,SPY
2020-09-25,38.15068682847603,0,0.0,RSI_LT_38,SPY
2020-09-28,50.89909315145967,0,-0.0,RSI_LT_38,SPY
2020-09-29,42.54119477580851,0,0.0,RSI_LT_38,SPY
2020-09-30,51.078516302816624,0,0.0,RSI_LT_38,SPY
2020-10-01,53.08234506835522,0,-0.0,RSI_LT_38,SPY
2020-10-02,45.09970971409039,0,0.0,RSI_LT_38,SPY
2020-10-05,49.60077544948791,0,-0.0,RSI_LT_38,SPY
2020-10-06,46.45265964256097,0,0.0,RSI_LT_38,SPY
2020-10-07,54.26491977234573,0,0.0,RSI_LT_38,SPY
2020-10-08,61.826700209791134,0,0.0,RSI_LT_38,SPY
2020-10-09,68.10564302565254,0,0.0,RSI_LT_38,SPY
2020-10-12,69.36132583468077,0,-0.0,RSI_LT_38,SPY
2020-10-13,76.53984311655007,0,-0.0,RSI_LT_38,SPY
2020-10-14,72.99074192143901,0,-0.0,RSI_LT_38,SPY
2020-10-15,69.41855009758922,0,-0.0,RSI_LT_38,SPY
2020-10-16,65.20426140529466,0,-0.0,RSI_LT_38,SPY
2020-10-19,60.35668946849361,0,0.0,RSI_LT_38,SPY
2020-10-20,59.35226646227493,0,-0.0,RSI_LT_38,SPY
2020-10-21,56.48211499470166,0,0.0,RSI_LT_38,SPY
2020-10-22,62.64974733553511,0,0.0,RSI_LT_38,SPY
2020-10-23,57.958742339332765,0,-0.0,RSI_LT_38,SPY
2020-10-26,55.662808954108876,0,-0.0,RSI_LT_38,SPY
2020-10-27,46.342147291516326,0,-0.0,RSI_LT_38,SPY
2020-10-28,30.212649783921748,1,1.0163495031527914,RSI_LT_38,SPY
2020-10-29,30.61363480144263,1,-1.0424881286366094,RSI_LT_38,SPY
2020-10-30,18.709201976083108,1,1.1208438679286337,RSI_LT_38,SPY
2020-11-02,26.679146050210832,1,1.7655924762989716,RSI_LT_38,SPY
2020-11-03,37.16565413070568,1,2.2349224155303826,RSI_LT_38,SPY
2020-11-04,46.294916227947695,0,0.0,RSI_LT_38,SPY
2020-11-05,52.461191016328165,0,-0.0,RSI_LT_38,SPY
2020-11-06,57.445643476520175,0,0.0,RSI_LT_38,SPY
2020-11-09,59.677980089587344,0,-0.0,RSI_LT_38,SPY
2020-11-10,59.81260504824673,0,0.0,RSI_LT_38,SPY
2020-11-11,60.328908334836214,0,-0.0,RSI_LT_38,SPY
2020-11-12,56.1232856178516,0,0.0,RSI_LT_38,SPY
2020-11-13,65.81036607159896,0,0.0,RSI_LT_38,SPY
2020-11-16,69.48935939467039,0,-0.0,RSI_LT_38,SPY
2020-11-17,82.12257024207949,0,-0.0,RSI_LT_38,SPY
2020-11-18,74.40607406232654,0,0.0,RSI_LT_38,SPY
2020-11-19,80.07315052556743,0,-0.0,RSI_LT_38,SPY
2020-11-20,74.7683509983932,0,0.0,RSI_LT_38,SPY
2020-11-23,72.7833078101072,0,0.0,RSI_LT_38,SPY
2020-11-24,71.73142661497732,0,-0.0,RSI_LT_38,SPY
2020-11-25,65.86612045930696,0,0.0,RSI_LT_38,SPY
2020-11-27,66.85798192862845,0,-0.0,RSI_LT_38,SPY
2020-11-30,60.05898850190817,0,0.0,RSI_LT_38,SPY
2020-12-01,64.71015861310214,0,0.0,RSI_LT_38,SPY
2020-12-02,63.02105911252678,0,-0.0,RSI_LT_38,SPY
2020-12-03,68.98588200301393,0,0.0,RSI_LT_38,SPY
2020-12-04,67.3970565111542,0,-0.0,RSI_LT_38,SPY
2020-12-07,60.844926290013596,0,0.0,RSI_LT_38,SPY
2020-12-08,66.35832058722364,0,-0.0,RSI_LT_38,SPY
2020-12-09,68.76103644545748,0,-0.0,RSI_LT_38,SPY
2020-12-10,66.70395439809172,0,-0.0,RSI_LT_38,SPY
2020-12-11,72.14362540302858,0,-0.0,RSI_LT_38,SPY
2020-12-14,64.82698809718329,0,0.0,RSI_LT_38,SPY
2020-12-15,63.58203671988465,0,0.0,RSI_LT_38,SPY
2020-12-16,65.9991054107049,0,0.0,RSI_LT_38,SPY
2020-12-17,67.46831616283134,0,-0.0,RSI_LT_38,SPY
2020-12-18,63.70281705692611,0,-0.0,RSI_LT_38,SPY
2020-12-21,53.9417133995897,0,-0.0,RSI_LT_38,SPY
2020-12-22,50.970204937287065,0,0.0,RSI_LT_38,SPY
2020-12-23,51.87874302214671,0,0.0,RSI_LT_38,SPY
2020-12-24,48.04056059960126,0,0.0,RSI_LT_38,SPY
2020-12-28,56.39006723987286,0,-0.0,RSI_LT_38,SPY
2020-12-29,52.718027330738984,0,0.0,RSI_LT_38,SPY
2020-12-30,62.27310420410311,0,0.0,RSI_LT_38,SPY
2020-12-31,65.74191406990136,0,-0.0,RSI_LT_38,SPY
2021-01-04,54.54880968176786,0,0.0,RSI_LT_38,SPY
2021-01-05,61.7969195295093,0,0.0,RSI_LT_38,SPY
2021-01-06,57.74645364879272,0,0.0,RSI_LT_38,SPY
2021-01-07,64.62493302732486,0,0.0,RSI_LT_38,SPY
2021-01-08,64.72894021874546,0,-0.0,RSI_LT_38,SPY
2021-01-11,65.78159468936556,0,0.0,RSI_LT_38,SPY
2021-01-12,68.88194289661962,0,0.0,RSI_LT_38,SPY
2021-01-13,71.42367445771256,0,-0.0,RSI_LT_38,SPY
2021-01-14,67.97616228987098,0,-0.0,RSI_LT_38,SPY
2021-01-15,60.594560893173224,0,0.0,RSI_LT_38,SPY
2021-01-19,60.318432214097164,0,0.0,RSI_LT_38,SPY
2021-01-20,67.29754407124445,0,0.0,RSI_LT_38,SPY
2021-01-21,67.13286713286713,0,-0.0,RSI_LT_38,SPY
2021-01-22,62.776841973922274,0,0.0,RSI_LT_38,SPY
2021-01-25,74.65236082135152,0,-0.0,RSI_LT_38,SPY
2021-01-26,70.97645934587601,0,-0.0,RSI_LT_38,SPY
2021-01-27,51.16659725838674,0,0.0,RSI_LT_38,SPY
2021-01-28,47.87141431701339,0,-0.0,RSI_LT_38,SPY
2021-01-29,35.987973335901316,1,1.664550906637663,RSI_LT_38,SPY
2021-02-01,47.173722339055146,0,0.0,RSI_LT_38,SPY
2021-02-02,52.850697254355616,0,0.0,RSI_LT_38,SPY
2021-02-03,52.14404506744489,0,0.0,RSI_LT_38,SPY
2021-02-04,57.571025911567695,0,0.0,RSI_LT_38,SPY
2021-02-05,62.0557992320667,0,0.0,RSI_LT_38,SPY
2021-02-08,61.94121525829631,0,-0.0,RSI_LT_38,SPY
2021-02-09,57.11726319844489,0,-0.0,RSI_LT_38,SPY
2021-02-10,56.561789138081316,0,0.0,RSI_LT_38,SPY
2021-02-11,58.94445695576176,0,0.0,RSI_LT_38,SPY
2021-02-12,59.33467769782185,0,-0.0,RSI_LT_38,SPY
2021-02-16,59.6858216840419,0,0.0,RSI_LT_38,SPY
2021-02-17,75.95259218015887,0,-0.0,RSI_LT_38,SPY
2021-02-18,69.77931323244462,0,-0.0,RSI_LT_38,SPY
2021-02-19,88.0623524030443,0,-0.0,RSI_LT_38,SPY
2021-02-22,73.41702464420605,0,0.0,RSI_LT_38,SPY
2021-02-23,66.33708166446013,0,0.0,RSI_LT_38,SPY
2021-02-24,72.36233451385392,0,-0.0,RSI_LT_38,SPY
2021-02-25,42.9252221967413,0,-0.0,RSI_LT_38,SPY
2021-02-26,36.74725777820331,1,2.424019764376939,RSI_LT_38,SPY
2021-03-01,48.6383308415942,0,-0.0,RSI_LT_38,SPY
2021-03-02,44.97700650759219,0,-0.0,RSI_LT_38,SPY
2021-03-03,39.66098434337031,0,-0.0,RSI_LT_38,SPY
2021-03-04,34.76184438246965,1,1.8396582031360742,RSI_LT_38,SPY
2021-03-05,41.16146345377101,0,-0.0,RSI_LT_38,SPY
2021-03-08,39.93149519264,0,0.0,RSI_LT_38,SPY
2021-03-09,45.492226449940894,0,0.0,RSI_LT_38,SPY
2021-03-10,49.02795399877389,0,0.0,RSI_LT_38,SPY
2021-03-11,52.82714222185849,0,0.0,RSI_LT_38,SPY
2021-03-12,55.914524024584566,0,0.0,RSI_LT_38,SPY
2021-03-15,57.26635822210497,0,-0.0,RSI_LT_38,SPY
2021-03-16,53.59751149580741,0,0.0,RSI_LT_38,SPY
2021-03-17,65.09608566401522,0,-0.0,RSI_LT_38,SPY
2021-03-18,60.43938224513429,0,-0.0,RSI_LT_38,SPY
2021-03-19,49.89142524581775,0,0.0,RSI_LT_38,SPY
2021-03-22,56.56038789303556,0,-0.0,RSI_LT_38,SPY
2021-03-23,59.16514182577974,0,-0.0,RSI_LT_38,SPY
2021-03-24,63.086572042972655,0,0.0,RSI_LT_38,SPY
2021-03-25,58.2946199359123,0,0.0,RSI_LT_38,SPY
2021-03-26,67.40722914546356,0,-0.0,RSI_LT_38,SPY
2021-03-29,62.05541872552656,0,-0.0,RSI_LT_38,SPY
2021-03-30,57.49638853499789,0,0.0,RSI_LT_38,SPY
2021-03-31,54.37498092651368,0,0.0,RSI_LT_38,SPY
2021-04-01,59.16082208806818,0,0.0,RSI_LT_38,SPY
2021-04-05,62.707513717322215,0,-0.0,RSI_LT_38,SPY
2021-04-06,63.12676217702085,0,0.0,RSI_LT_38,SPY
2021-04-07,62.27307506718127,0,0.0,RSI_LT_38,SPY
2021-04-08,74.94143943738979,0,0.0,RSI_LT_38,SPY
2021-04-09,81.32649488897518,0,0.0,RSI_LT_38,SPY
2021-04-12,79.6083468434668,0,0.0,RSI_LT_38,SPY
2021-04-13,88.54784614299959,0,-0.0,RSI_LT_38,SPY
2021-04-14,90.24564998034266,0,0.0,RSI_LT_38,SPY
2021-04-15,90.92908485189817,0,0.0,RSI_LT_38,SPY
2021-04-16,89.29109544658,0,-0.0,RSI_LT_38,SPY
2021-04-19,83.5811244166519,0,-0.0,RSI_LT_38,SPY
2021-04-20,78.20188633061714,0,0.0,RSI_LT_38,SPY
2021-04-21,79.71110218997548,0,-0.0,RSI_LT_38,SPY
2021-04-22,67.80699146084676,0,0.0,RSI_LT_38,SPY
2021-04-23,66.49716746857054,0,0.0,RSI_LT_38,SPY
2021-04-26,67.90277730227746,0,-0.0,RSI_LT_38,SPY
2021-04-27,67.2343206245573,0,-0.0,RSI_LT_38,SPY
2021-04-28,64.84952468048363,0,0.0,RSI_LT_38,SPY
2021-04-29,64.48127276702654,0,-0.0,RSI_LT_38,SPY
2021-04-30,58.788791502073686,0,0.0,RSI_LT_38,SPY
2021-05-03,58.375197674997416,0,-0.0,RSI_LT_38,SPY
2021-05-04,56.308588123185565,0,0.0,RSI_LT_38,SPY
2021-05-05,49.79138591483537,0,0.0,RSI_LT_38,SPY
2021-05-06,52.94883319478309,0,0.0,RSI_LT_38,SPY
2021-05-07,60.90248733892581,0,-0.0,RSI_LT_38,SPY
2021-05-10,58.78766470683925,0,-0.0,RSI_LT_38,SPY
2021-05-11,47.15246144430272,0,-0.0,RSI_LT_38,SPY
2021-05-12,40.89222102291329,0,0.0,RSI_LT_38,SPY
2021-05-13,41.51341738089453,0,0.0,RSI_LT_38,SPY
2021-05-14,48.81582169715265,0,-0.0,RSI_LT_38,SPY
2021-05-17,47.75078833605836,0,-0.0,RSI_LT_38,SPY
2021-05-18,44.303015520527715,0,-0.0,RSI_LT_38,SPY
2021-05-19,40.07336331965729,0,0.0,RSI_LT_38,SPY
2021-05-20,47.89584611521014,0,-0.0,RSI_LT_38,SPY
2021-05-21,46.56407082856764,0,0.0,RSI_LT_38,SPY
2021-05-24,53.61582661985937,0,-0.0,RSI_LT_38,SPY
2021-05-25,52.495479558305746,0,0.0,RSI_LT_38,SPY
2021-05-26,50.0,0,0.0,RSI_LT_38,SPY
2021-05-27,46.825236516165,0,0.0,RSI_LT_38,SPY
2021-05-28,52.55226518959971,0,-0.0,RSI_LT_38,SPY
2021-06-01,57.22606900295321,0,0.0,RSI_LT_38,SPY
2021-06-02,75.16864969050002,0,-0.0,RSI_LT_38,SPY
2021-06-03,66.12226495221273,0,0.0,RSI_LT_38,SPY
2021-06-04,62.61527206124991,0,-0.0,RSI_LT_38,SPY
2021-06-07,64.36880297996046,0,0.0,RSI_LT_38,SPY
2021-06-08,76.21694648762664,0,-0.0,RSI_LT_38,SPY
2021-06-09,77.99683580888792,0,0.0,RSI_LT_38,SPY
2021-06-10,74.7768371787354,0,0.0,RSI_LT_38,SPY
2021-06-11,77.28587983534413,0,0.0,RSI_LT_38,SPY
2021-06-14,71.92216175362354,0,-0.0,RSI_LT_38,SPY
2021-06-15,72.7074648015583,0,-0.0,RSI_LT_38,SPY
2021-06-16,59.94755300621535,0,-0.0,RSI_LT_38,SPY
2021-06-17,58.81575830097536,0,-0.0,RSI_LT_38,SPY
2021-06-18,38.09303461119186,0,0.0,RSI_LT_38,SPY
2021-06-21,52.19795519650428,0,0.0,RSI_LT_38,SPY
2021-06-22,54.84996235881895,0,-0.0,RSI_LT_38,SPY
2021-06-23,56.935927420959324,0,0.0,RSI_LT_38,SPY
2021-06-24,54.75647454194546,0,0.0,RSI_LT_38,SPY
2021-06-25,58.07157044358694,0,0.0,RSI_LT_38,SPY
2021-06-28,59.218488797920244,0,0.0,RSI_LT_38,SPY
2021-06-29,60.90094588100221,0,0.0,RSI_LT_38,SPY
2021-06-30,58.508639462609786,0,0.0,RSI_LT_38,SPY
2021-07-01,60.99929355290235,0,0.0,RSI_LT_38,SPY
2021-07-02,64.02521145301792,0,-0.0,RSI_LT_38,SPY
2021-07-06,64.0039692133088,0,0.0,RSI_LT_38,SPY
2021-07-07,71.05359266577392,0,-0.0,RSI_LT_38,SPY
2021-07-08,63.67252404209255,0,0.0,RSI_LT_38,SPY
2021-07-09,84.01591595344543,0,0.0,RSI_LT_38,SPY
2021-07-12,81.31282483925207,0,-0.0,RSI_LT_38,SPY
2021-07-13,74.82110016569857,0,0.0,RSI_LT_38,SPY
2021-07-14,76.97788315167202,0,-0.0,RSI_LT_38,SPY
2021-07-15,69.88055734039838,0,-0.0,RSI_LT_38,SPY
2021-07-16,59.0371027722419,0,-0.0,RSI_LT_38,SPY
2021-07-19,46.05428441519408,0,0.0,RSI_LT_38,SPY
2021-07-20,54.475216810231295,0,0.0,RSI_LT_38,SPY
2021-07-21,57.97885751332661,0,0.0,RSI_LT_38,SPY
2021-07-22,56.41418988178212,0,0.0,RSI_LT_38,SPY
2021-07-23,57.69803410571639,0,0.0,RSI_LT_38,SPY
2021-07-26,59.941034719914924,0,-0.0,RSI_LT_38,SPY
2021-07-27,55.52590517065649,0,-0.0,RSI_LT_38,SPY
2021-07-28,60.46017776256784,0,0.0,RSI_LT_38,SPY
2021-07-29,57.322308779278345,0,-0.0,RSI_LT_38,SPY
2021-07-30,52.007898072359566,0,-0.0,RSI_LT_38,SPY
2021-08-02,52.85388306813332,0,0.0,RSI_LT_38,SPY
2021-08-03,56.469046154341015,0,-0.0,RSI_LT_38,SPY
2021-08-04,55.475037268125895,0,0.0,RSI_LT_38,SPY
2021-08-05,63.71055499472769,0,0.0,RSI_LT_38,SPY
2021-08-06,77.07047816283169,0,-0.0,RSI_LT_38,SPY
2021-08-09,70.78488671915288,0,0.0,RSI_LT_38,SPY
2021-08-10,67.15919162355463,0,0.0,RSI_LT_38,SPY
2021-08-11,67.42049180956373,0,0.0,RSI_LT_38,SPY
2021-08-12,62.469857701854025,0,0.0,RSI_LT_38,SPY
2021-08-13,61.97466708033029,0,0.0,RSI_LT_38,SPY
2021-08-16,70.41026644234907,0,-0.0,RSI_LT_38,SPY
2021-08-17,61.707946661985005,0,-0.0,RSI_LT_38,SPY
2021-08-18,47.09370448448838,0,0.0,RSI_LT_38,SPY
2021-08-19,52.83251799298209,0,0.0,RSI_LT_38,SPY
2021-08-20,60.923895396469376,0,0.0,RSI_LT_38,SPY
2021-08-23,61.42060343873603,0,0.0,RSI_LT_38,SPY
2021-08-24,67.77381978081385,0,0.0,RSI_LT_38,SPY
2021-08-25,65.24520144870766,0,-0.0,RSI_LT_38,SPY
2021-08-26,57.43007539779917,0,0.0,RSI_LT_38,SPY
2021-08-27,63.99999158135776,0,0.0,RSI_LT_38,SPY
2021-08-30,65.69176968723266,0,-0.0,RSI_LT_38,SPY
2021-08-31,62.96665144180151,0,0.0,RSI_LT_38,SPY
2021-09-01,61.570381411217284,0,0.0,RSI_LT_38,SPY
2021-09-02,62.3261849742686,0,-0.0,RSI_LT_38,SPY
2021-09-03,60.70048143935831,0,-0.0,RSI_LT_38,SPY
2021-09-07,63.619619942594795,0,-0.0,RSI_LT_38,SPY
2021-09-08,75.57784370171326,0,-0.0,RSI_LT_38,SPY
2021-09-09,68.85859571315524,0,-0.0,RSI_LT_38,SPY
2021-09-10,54.29400157753748,0,0.0,RSI_LT_38,SPY
2021-09-13,48.41560236689083,0,-0.0,RSI_LT_38,SPY
2021-09-14,41.7962171863182,0,0.0,RSI_LT_38,SPY
2021-09-15,48.01388298792594,0,-0.0,RSI_LT_38,SPY
2021-09-16,51.89663441050346,0,-0.0,RSI_LT_38,SPY
2021-09-17,32.82885161724285,1,-1.6674185440266553,RSI_LT_38,SPY
2021-09-20,20.802529973881235,1,-0.09446218183523092,RSI_LT_38,SPY
2021-09-21,20.977630947182476,1,0.975481498309394,RSI_LT_38,SPY
2021-09-22,30.017166165330636,1,1.2150019417616509,RSI_LT_38,SPY
2021-09-23,37.103805542712095,1,0.16472110618543923,RSI_LT_38,SPY
2021-09-24,38.37179963468623,0,-0.0,RSI_LT_38,SPY
2021-09-27,38.71546364863799,0,-0.0,RSI_LT_38,SPY
2021-09-28,31.886174783257445,1,0.1683138855191224,RSI_LT_38,SPY
2021-09-29,34.29188284673435,1,-1.222234413487222,RSI_LT_38,SPY
2021-09-30,33.027903080867205,1,1.18841762871158,RSI_LT_38,SPY
2021-10-01,38.13004211288931,0,-0.0,RSI_LT_38,SPY
2021-10-04,35.92531069377351,1,1.040498157582448,RSI_LT_38,SPY
2021-10-05,36.784682258368186,1,0.4156055801436631,RSI_LT_38,SPY
2021-10-06,39.23870323997298,0,0.0,RSI_LT_38,SPY
2021-10-07,47.509097022701766,0,-0.0,RSI_LT_38,SPY
2021-10-08,53.94300064071831,0,-0.0,RSI_LT_38,SPY
2021-10-11,51.0351548530148,0,-0.0,RSI_LT_38,SPY
2021-10-12,45.58701896994869,0,0.0,RSI_LT_38,SPY
2021-10-13,40.966569857598316,0,0.0,RSI_LT_38,SPY
2021-10-14,48.614109845360296,0,0.0,RSI_LT_38,SPY
2021-10-15,53.048878851427645,0,0.0,RSI_LT_38,SPY
2021-10-18,64.84462390435621,0,0.0,RSI_LT_38,SPY
2021-10-19,66.83303592052859,0,0.0,RSI_LT_38,SPY
2021-10-20,76.11673549968387,0,0.0,RSI_LT_38,SPY
2021-10-21,73.81247638698086,0,-0.0,RSI_LT_38,SPY
2021-10-22,84.47884573063381,0,0.0,RSI_LT_38,SPY
2021-10-25,83.53746768847817,0,0.0,RSI_LT_38,SPY
2021-10-26,82.82416823471887,0,-0.0,RSI_LT_38,SPY
2021-10-27,75.18127986754928,0,0.0,RSI_LT_38,SPY
2021-10-28,80.15924569721724,0,0.0,RSI_LT_38,SPY
2021-10-29,88.76263137107573,0,0.0,RSI_LT_38,SPY
2021-11-01,92.07009325357294,0,0.0,RSI_LT_38,SPY
2021-11-02,92.14513667935826,0,0.0,RSI_LT_38,SPY
2021-11-03,90.84561797576319,0,0.0,RSI_LT_38,SPY
2021-11-04,90.43047161523909,0,0.0,RSI_LT_38,SPY
2021-11-05,90.53954244463176,0,0.0,RSI_LT_38,SPY
2021-11-08,89.29955016983384,0,-0.0,RSI_LT_38,SPY
2021-11-09,82.47294787111363,0,-0.0,RSI_LT_38,SPY
2021-11-10,69.56693096209649,0,0.0,RSI_LT_38,SPY
2021-11-11,71.03913031420727,0,0.0,RSI_LT_38,SPY
2021-11-12,72.21382223204256,0,0.0,RSI_LT_38,SPY
2021-11-15,71.94797641279708,0,0.0,RSI_LT_38,SPY
2021-11-16,79.54545721718625,0,-0.0,RSI_LT_38,SPY
2021-11-17,71.61095947819172,0,0.0,RSI_LT_38,SPY
2021-11-18,72.41236628965626,0,-0.0,RSI_LT_38,SPY
2021-11-19,68.88608706185454,0,-0.0,RSI_LT_38,SPY
2021-11-22,62.38535901842389,0,0.0,RSI_LT_38,SPY
2021-11-23,58.385707901098726,0,0.0,RSI_LT_38,SPY
2021-11-24,56.40507009782637,0,-0.0,RSI_LT_38,SPY
2021-11-26,33.28670328779168,1,1.2266607551340236,RSI_LT_38,SPY
2021-11-29,43.600372020520666,0,-0.0,RSI_LT_38,SPY
2021-11-30,35.69699270443893,1,-1.1107203410551714,RSI_LT_38,SPY
2021-12-01,34.60816914559365,1,1.5316301657013032,RSI_LT_38,SPY
2021-12-02,43.54871810087553,0,-0.0,RSI_LT_38,SPY
2021-12-03,36.108342659003696,1,1.184331295081531,RSI_LT_38,SPY
2021-12-06,42.154023517283235,0,0.0,RSI_LT_38,SPY
2021-12-07,49.20255121311118,0,0.0,RSI_LT_38,SPY
2021-12-08,51.0987064522854,0,-0.0,RSI_LT_38,SPY
2021-12-09,47.37495508631486,0,0.0,RSI_LT_38,SPY
2021-12-10,51.361679263659916,0,-0.0,RSI_LT_38,SPY
2021-12-13,49.29358483276966,0,-0.0,RSI_LT_38,SPY
2021-12-14,46.708449346265226,0,0.0,RSI_LT_38,SPY
2021-12-15,50.7308494974172,0,-0.0,RSI_LT_38,SPY
2021-12-16,55.12049312831723,0,-0.0,RSI_LT_38,SPY
2021-12-17,46.80361294665339,0,-0.0,RSI_LT_38,SPY
2021-12-20,49.58477440611051,0,0.0,RSI_LT_38,SPY
2021-12-21,58.6192771104523,0,0.0,RSI_LT_38,SPY
2021-12-22,57.28858051844913,0,0.0,RSI_LT_38,SPY
2021-12-23,62.35615861072945,0,0.0,RSI_LT_38,SPY
2021-12-27,63.04195016077656,0,-0.0,RSI_LT_38,SPY
2021-12-28,56.95997206882108,0,0.0,RSI_LT_38,SPY
2021-12-29,56.51606069538889,0,-0.0,RSI_LT_38,SPY
2021-12-30,58.281268516371696,0,-0.0,RSI_LT_38,SPY
2021-12-31,53.76516415158352,0,0.0,RSI_LT_38,SPY
2022-01-03,60.197699060951805,0,-0.0,RSI_LT_38,SPY
2022-01-04,63.757982966515335,0,-0.0,RSI_LT_38,SPY
2022-01-05,47.92523368750817,0,-0.0,RSI_LT_38,SPY
2022-01-06,51.496273413749144,0,-0.0,RSI_LT_38,SPY
2022-01-07,56.90190562041873,0,-0.0,RSI_LT_38,SPY
2022-01-10,62.920234225045064,0,0.0,RSI_LT_38,SPY
2022-01-11,59.06257958044363,0,0.0,RSI_LT_38,SPY
2022-01-12,54.96271945583231,0,-0.0,RSI_LT_38,SPY
2022-01-13,41.8260079100763,0,0.0,RSI_LT_38,SPY
2022-01-14,29.54989066028844,1,-1.7709612163689825,RSI_LT_38,SPY
2022-01-18,23.532461191152592,1,-1.0383557878106742,RSI_LT_38,SPY
2022-01-19,19.821690759317605,1,-1.1068068622025473,RSI_LT_38,SPY
2022-01-20,18.24657245376396,1,-1.963064132886827,RSI_LT_38,SPY
2022-01-21,15.682981618067686,1,0.4246735706896265,RSI_LT_38,SPY
2022-01-24,14.26679966412766,1,-1.2208974085799573,RSI_LT_38,SPY
2022-01-25,12.989651800251167,1,-0.25087953939929575,RSI_LT_38,SPY
2022-01-26,15.083752960732625,1,-0.49379635062216654,RSI_LT_38,SPY
2022-01-27,14.588913309258459,1,2.4835410015744186,RSI_LT_38,SPY
2022-01-28,30.108767975231856,1,1.8011067394991365,RSI_LT_38,SPY
2022-01-31,38.53951391563674,0,0.0,RSI_LT_38,SPY
2022-02-01,37.43644071664746,1,0.9714082741813179,RSI_LT_38,SPY
2022-02-02,40.23433003463805,0,-0.0,RSI_LT_38,SPY
2022-02-03,37.925930858059765,1,0.4702207959730531,RSI_LT_38,SPY
2022-02-04,39.48267578560921,0,-0.0,RSI_LT_38,SPY
2022-02-07,43.34728188090708,0,0.0,RSI_LT_38,SPY
2022-02-08,49.40711639032122,0,0.0,RSI_LT_38,SPY
2022-02-09,57.717070504725186,0,-0.0,RSI_LT_38,SPY
2022-02-10,58.17473597417095,0,-0.0,RSI_LT_38,SPY
2022-02-11,50.405968269091666,0,-0.0,RSI_LT_38,SPY
2022-02-14,53.140952933106604,0,0.0,RSI_LT_38,SPY
2022-02-15,58.11016905290136,0,0.0,RSI_LT_38,SPY
2022-02-16,60.00260738677443,0,-0.0,RSI_LT_38,SPY
2022-02-17,46.76629305090834,0,-0.0,RSI_LT_38,SPY
2022-02-18,38.876288704432575,0,-0.0,RSI_LT_38,SPY
2022-02-22,33.786412616070436,1,-1.773865723226875,RSI_LT_38,SPY
2022-02-23,26.500281392025485,1,1.504911814725074,RSI_LT_38,SPY
2022-02-24,37.098128281381314,1,2.20640029800776,RSI_LT_38,SPY
2022-02-25,43.00497669950155,0,-0.0,RSI_LT_38,SPY
2022-02-28,43.18152455539086,0,-0.0,RSI_LT_38,SPY
2022-03-01,37.04894465088266,1,1.8396212521518462,RSI_LT_38,SPY
2022-03-02,38.05181121783417,0,-0.0,RSI_LT_38,SPY
2022-03-03,41.06837512692287,0,-0.0,RSI_LT_38,SPY
2022-03-04,44.151277974807385,0,-0.0,RSI_LT_38,SPY
2022-03-07,38.079595267974895,0,-0.0,RSI_LT_38,SPY
2022-03-08,30.931384762107513,1,2.6810819608671155,RSI_LT_38,SPY
2022-03-09,39.21061282925734,0,-0.0,RSI_LT_38,SPY
2022-03-10,42.87998655004535,0,-0.0,RSI_LT_38,SPY
2022-03-11,41.561379802017655,0,-0.0,RSI_LT_38,SPY
2022-03-14,42.36422810286771,0,0.0,RSI_LT_38,SPY
2022-03-15,52.516098510694434,0,0.0,RSI_LT_38,SPY
2022-03-16,54.208834794522275,0,0.0,RSI_LT_38,SPY
2022-03-17,52.000968204488316,0,0.0,RSI_LT_38,SPY
2022-03-18,54.62538594230751,0,-0.0,RSI_LT_38,SPY
2022-03-21,59.14688693152431,0,0.0,RSI_LT_38,SPY
2022-03-22,57.691287640937226,0,-0.0,RSI_LT_38,SPY
2022-03-23,55.07719415848695,0,0.0,RSI_LT_38,SPY
2022-03-24,61.06011949835013,0,0.0,RSI_LT_38,SPY
2022-03-25,73.0077645062002,0,0.0,RSI_LT_38,SPY
2022-03-28,77.4198122104954,0,0.0,RSI_LT_38,SPY
2022-03-29,75.55389668148537,0,-0.0,RSI_LT_38,SPY
2022-03-30,74.5274886020891,0,-0.0,RSI_LT_38,SPY
2022-03-31,72.75482003982202,0,0.0,RSI_LT_38,SPY
2022-04-01,76.57594924990708,0,0.0,RSI_LT_38,SPY
2022-04-04,74.58663524593176,0,-0.0,RSI_LT_38,SPY
2022-04-05,63.146247726537844,0,-0.0,RSI_LT_38,SPY
2022-04-06,54.72515342163181,0,0.0,RSI_LT_38,SPY
2022-04-07,53.76306605145034,0,-0.0,RSI_LT_38,SPY
2022-04-08,52.763292720958404,0,-0.0,RSI_LT_38,SPY
2022-04-11,41.94032811903853,0,-0.0,RSI_LT_38,SPY
2022-04-12,45.06538904087874,0,0.0,RSI_LT_38,SPY
2022-04-13,43.37148788085052,0,-0.0,RSI_LT_38,SPY
2022-04-14,37.0389503376956,1,0.04111392957082405,RSI_LT_38,SPY
2022-04-18,33.52310629715127,1,1.614267485104759,RSI_LT_38,SPY
2022-04-19,35.22462167041286,1,-0.07415447679024467,RSI_LT_38,SPY
2022-04-20,36.88843940323916,1,-1.4953551807383003,RSI_LT_38,SPY
2022-04-21,37.17412908938306,1,-2.7439138658316153,RSI_LT_38,SPY
2022-04-22,28.894445871496316,1,0.5797580441186945,RSI_LT_38,SPY
2022-04-25,27.28440911911126,1,-2.8960825603343676,RSI_LT_38,SPY
2022-04-26,24.6553429918487,1,0.2811782968023202,RSI_LT_38,SPY
2022-04-27,27.69557422614581,1,2.525944549675363,RSI_LT_38,SPY
2022-04-28,35.81099087984141,1,-3.695565238965315,RSI_LT_38,SPY
2022-04-29,29.897129477085755,1,0.6019444141573072,RSI_LT_38,SPY
2022-05-02,34.72988825362492,1,0.458404228460374,RSI_LT_38,SPY
2022-05-03,36.891223080746165,1,3.045293368337876,RSI_LT_38,SPY
2022-05-04,42.1900673842185,0,-0.0,RSI_LT_38,SPY
2022-05-05,38.124003062639936,0,-0.0,RSI_LT_38,SPY
2022-05-06,37.104113858202176,1,-3.201726802014637,RSI_LT_38,SPY
2022-05-09,28.568813177121996,1,0.23105278627999493,RSI_LT_38,SPY
2022-05-10,29.25231060992995,1,-1.5886131940332726,RSI_LT_38,SPY
2022-05-11,29.335026559186545,1,-0.10439303936584654,RSI_LT_38,SPY
2022-05-12,32.80961718200777,1,2.390784770955201,RSI_LT_38,SPY
2022-05-13,37.23433803181473,1,-0.40575646665822473,RSI_LT_38,SPY
2022-05-16,41.49760170315056,0,0.0,RSI_LT_38,SPY
2022-05-17,45.578508820729645,0,-0.0,RSI_LT_38,SPY
2022-05-18,33.22131495916746,1,-0.6124621002910446,RSI_LT_38,SPY
2022-05-19,37.97481420649902,1,0.04365363104414932,RSI_LT_38,SPY
2022-05-20,36.40739245817563,1,1.871007995678986,RSI_LT_38,SPY
2022-05-23,39.94835342249215,0,-0.0,RSI_LT_38,SPY
2022-05-24,29.822161183192264,1,0.8834904007038569,RSI_LT_38,SPY
2022-05-25,39.09524981660305,0,0.0,RSI_LT_38,SPY
2022-05-26,46.27087302159482,0,0.0,RSI_LT_38,SPY
2022-05-27,61.0073351440238,0,-0.0,RSI_LT_38,SPY
2022-05-31,58.75505070492686,0,-0.0,RSI_LT_38,SPY
2022-06-01,61.073106870422016,0,0.0,RSI_LT_38,SPY
2022-06-02,65.01258121826575,0,-0.0,RSI_LT_38,SPY
2022-06-03,55.45117305825041,0,0.0,RSI_LT_38,SPY
2022-06-06,57.265276018559156,0,0.0,RSI_LT_38,SPY
2022-06-07,54.86619748190122,0,-0.0,RSI_LT_38,SPY
2022-06-08,65.0544404012752,0,-0.0,RSI_LT_38,SPY
2022-06-09,58.35658978095726,0,-0.0,RSI_LT_38,SPY
2022-06-10,50.102214588242205,0,-0.0,RSI_LT_38,SPY
2022-06-13,37.910868882473,1,-0.3013346354166613,RSI_LT_38,SPY
2022-06-14,38.722387714853895,0,0.0,RSI_LT_38,SPY
2022-06-15,39.973527420674884,0,-0.0,RSI_LT_38,SPY
2022-06-16,29.69965428176853,1,-0.21546667341413306,RSI_LT_38,SPY
2022-06-17,21.29909901220418,1,2.5173624723693555,RSI_LT_38,SPY
2022-06-21,29.63204245007323,1,-0.18129753446093355,RSI_LT_38,SPY
2022-06-22,30.505118316382706,1,0.98025662185528,RSI_LT_38,SPY
2022-06-23,27.173531082932698,1,3.179386629448655,RSI_LT_38,SPY
2022-06-24,38.7976235590872,0,-0.0,RSI_LT_38,SPY
2022-06-27,37.33070509739561,1,-2.043285343481205,RSI_LT_38,SPY
2022-06-28,31.637891358720253,1,-0.0814390026440015,RSI_LT_38,SPY
2022-06-29,33.096126667624446,1,-0.8124300277758567,RSI_LT_38,SPY
2022-06-30,35.71175696117834,1,1.0576514869118592,RSI_LT_38,SPY
2022-07-01,44.44156002688718,0,0.0,RSI_LT_38,SPY
2022-07-05,55.53082483292212,0,0.0,RSI_LT_38,SPY
2022-07-06,57.43500502659402,0,0.0,RSI_LT_38,SPY
2022-07-07,57.709859452808054,0,-0.0,RSI_LT_38,SPY
2022-07-08,71.47877639034915,0,-0.0,RSI_LT_38,SPY
2022-07-11,66.7274128836446,0,-0.0,RSI_LT_38,SPY
2022-07-12,55.865565877953166,0,-0.0,RSI_LT_38,SPY
2022-07-13,54.40299099179801,0,-0.0,RSI_LT_38,SPY
2022-07-14,49.842674589593535,0,0.0,RSI_LT_38,SPY
2022-07-15,44.22674856897569,0,-0.0,RSI_LT_38,SPY
2022-07-18,42.549383929360246,0,0.0,RSI_LT_38,SPY
2022-07-19,62.37751344491486,0,0.0,RSI_LT_38,SPY
2022-07-20,64.68553752119709,0,0.0,RSI_LT_38,SPY
2022-07-21,71.51420567983345,0,-0.0,RSI_LT_38,SPY
2022-07-22,63.91401362346194,0,0.0,RSI_LT_38,SPY
2022-07-25,63.73916434945431,0,-0.0,RSI_LT_38,SPY
2022-07-26,57.21845910401008,0,0.0,RSI_LT_38,SPY
2022-07-27,60.50935036881404,0,0.0,RSI_LT_38,SPY
2022-07-28,64.02320398125462,0,0.0,RSI_LT_38,SPY
2022-07-29,71.85137283483463,0,-0.0,RSI_LT_38,SPY
2022-08-01,74.40497157196958,0,-0.0,RSI_LT_38,SPY
2022-08-02,73.55361088856134,0,0.0,RSI_LT_38,SPY
2022-08-03,77.05866001957067,0,-0.0,RSI_LT_38,SPY
2022-08-04,73.96831873698103,0,-0.0,RSI_LT_38,SPY
2022-08-05,77.12563313462768,0,-0.0,RSI_LT_38,SPY
2022-08-08,71.4670368063438,0,-0.0,RSI_LT_38,SPY
2022-08-09,67.48946049585244,0,0.0,RSI_LT_38,SPY
2022-08-10,70.3767648661761,0,0.0,RSI_LT_38,SPY
2022-08-11,75.7657345285215,0,0.0,RSI_LT_38,SPY
2022-08-12,78.68972637469378,0,0.0,RSI_LT_38,SPY
2022-08-15,86.48855839401074,0,0.0,RSI_LT_38,SPY
2022-08-16,83.54401081830969,0,-0.0,RSI_LT_38,SPY
2022-08-17,75.25770261331911,0,0.0,RSI_LT_38,SPY
2022-08-18,72.04658704689172,0,-0.0,RSI_LT_38,SPY
2022-08-19,64.00592456702918,0,-0.0,RSI_LT_38,SPY
2022-08-22,55.667452436923135,0,-0.0,RSI_LT_38,SPY
2022-08-23,47.456391641685116,0,0.0,RSI_LT_38,SPY
2022-08-24,49.409263714139016,0,0.0,RSI_LT_38,SPY
2022-08-25,56.36325523045376,0,-0.0,RSI_LT_38,SPY
2022-08-26,43.723450528445476,0,-0.0,RSI_LT_38,SPY
2022-08-29,42.99261290928559,0,-0.0,RSI_LT_38,SPY
2022-08-30,31.22416862092861,1,-0.760904759879355,RSI_LT_38,SPY
2022-08-31,29.673962938923935,1,0.31378631887633013,RSI_LT_38,SPY
2022-09-01,22.190047391791694,1,-1.0544430280438832,RSI_LT_38,SPY
2022-09-02,18.20084524689075,1,-0.3773150381391921,RSI_LT_38,SPY
2022-09-06,16.557935081844846,1,1.7964962734754897,RSI_LT_38,SPY
2022-09-07,26.788900426136635,1,0.6536291697658347,RSI_LT_38,SPY
2022-09-08,28.355634438592247,1,1.553524437995768,RSI_LT_38,SPY
2022-09-09,37.86317057463286,1,1.0747651381183054,RSI_LT_38,SPY
2022-09-12,48.00335283521439,0,-0.0,RSI_LT_38,SPY
2022-09-13,37.41336994217347,1,0.3815822886568565,RSI_LT_38,SPY
2022-09-14,37.56033838867239,1,-1.1353296799374357,RSI_LT_38,SPY
2022-09-15,30.482136140187038,1,-1.1688705054002657,RSI_LT_38,SPY
2022-09-16,34.958116789542686,1,0.7754928554071894,RSI_LT_38,SPY
2022-09-19,39.326855367270326,0,-0.0,RSI_LT_38,SPY
2022-09-20,39.30303400213069,0,-0.0,RSI_LT_38,SPY
2022-09-21,37.23268093069218,1,-0.8399833871300055,RSI_LT_38,SPY
2022-09-22,34.49719289332312,1,-1.6754820675589754,RSI_LT_38,SPY
2022-09-23,33.51879675583268,1,-0.9892687940418976,RSI_LT_38,SPY
2022-09-26,32.56425792974477,1,-0.25527509044867003,RSI_LT_38,SPY
2022-09-27,25.344033737332637,1,1.9676354781243965,RSI_LT_38,SPY
2022-09-28,29.915207009148702,1,-2.0888970555351105,RSI_LT_38,SPY
2022-09-29,21.113000825822326,1,-1.5463534653672784,RSI_LT_38,SPY
2022-09-30,15.103136932378632,1,2.640123430525132,RSI_LT_38,SPY
2022-10-03,30.70083735498808,1,3.098665154536606,RSI_LT_38,SPY
2022-10-04,39.406289366864186,0,-0.0,RSI_LT_38,SPY
2022-10-05,41.30057314705205,0,-0.0,RSI_LT_38,SPY
2022-10-06,41.673409976809594,0,-0.0,RSI_LT_38,SPY
2022-10-07,34.2234295349956,1,-0.763532474987394,RSI_LT_38,SPY
2022-10-10,34.94683949397702,1,-0.6332978303630554,RSI_LT_38,SPY
2022-10-11,36.991912622708654,1,-0.32984645496528797,RSI_LT_38,SPY
2022-10-12,37.992927923497746,1,2.639108067798057,RSI_LT_38,SPY
2022-10-13,48.708913414556974,0,-0.0,RSI_LT_38,SPY
2022-10-14,45.89580223950559,0,0.0,RSI_LT_38,SPY
2022-10-17,51.918787304362745,0,0.0,RSI_LT_38,SPY
2022-10-18,50.34562556275562,0,-0.0,RSI_LT_38,SPY
2022-10-19,53.49491317866468,0,-0.0,RSI_LT_38,SPY
2022-10-20,55.197681944212626,0,0.0,RSI_LT_38,SPY
2022-10-21,54.884266528376244,0,0.0,RSI_LT_38,SPY
2022-10-24,50.626387766120814,0,0.0,RSI_LT_38,SPY
2022-10-25,55.08376580763585,0,-0.0,RSI_LT_38,SPY
2022-10-26,55.80108589837517,0,-0.0,RSI_LT_38,SPY
2022-10-27,62.70509699759469,0,0.0,RSI_LT_38,SPY
2022-10-28,69.61580540085293,0,-0.0,RSI_LT_38,SPY
2022-10-31,69.1202204316568,0,-0.0,RSI_LT_38,SPY
2022-11-01,68.64994306451725,0,-0.0,RSI_LT_38,SPY
2022-11-02,55.91755057417295,0,-0.0,RSI_LT_38,SPY
2022-11-03,59.459849000065596,0,0.0,RSI_LT_38,SPY
2022-11-04,57.12576927201824,0,0.0,RSI_LT_38,SPY
2022-11-07,56.66566724940381,0,0.0,RSI_LT_38,SPY
2022-11-08,60.29277908385778,0,-0.0,RSI_LT_38,SPY
2022-11-09,56.19670751727892,0,0.0,RSI_LT_38,SPY
2022-11-10,62.432963766862514,0,0.0,RSI_LT_38,SPY
2022-11-11,62.081706642156476,0,-0.0,RSI_LT_38,SPY
2022-11-14,56.486890283784106,0,0.0,RSI_LT_38,SPY
2022-11-15,60.4121979349588,0,-0.0,RSI_LT_38,SPY
2022-11-16,59.65789344330695,0,-0.0,RSI_LT_38,SPY
2022-11-17,53.611958704544065,0,0.0,RSI_LT_38,SPY
2022-11-18,56.89220148115655,0,-0.0,RSI_LT_38,SPY
2022-11-21,57.09255438053478,0,0.0,RSI_LT_38,SPY
2022-11-22,68.7771951023518,0,0.0,RSI_LT_38,SPY
2022-11-23,74.04684593419215,0,-0.0,RSI_LT_38,SPY
2022-11-25,71.62833426826988,0,-0.0,RSI_LT_38,SPY
2022-11-28,62.69082575530721,0,-0.0,RSI_LT_38,SPY
2022-11-29,60.75435077380442,0,0.0,RSI_LT_38,SPY
2022-11-30,75.38203522472361,0,-0.0,RSI_LT_38,SPY
2022-12-01,63.84464074771034,0,-0.0,RSI_LT_38,SPY
2022-12-02,59.88699590872028,0,-0.0,RSI_LT_38,SPY
2022-12-05,54.81577339795878,0,-0.0,RSI_LT_38,SPY
2022-12-06,45.22540787540829,0,-0.0,RSI_LT_38,SPY
2022-12-07,47.53391406312134,0,0.0,RSI_LT_38,SPY
2022-12-08,52.07039389799923,0,-0.0,RSI_LT_38,SPY
2022-12-09,47.22053605357574,0,0.0,RSI_LT_38,SPY
2022-12-12,54.05960647654834,0,0.0,RSI_LT_38,SPY
2022-12-13,52.01323517364933,0,-0.0,RSI_LT_38,SPY
2022-12-14,47.06566087864124,0,-0.0,RSI_LT_38,SPY
2022-12-15,39.61400256459787,0,-0.0,RSI_LT_38,SPY
2022-12-16,39.652894775234984,0,-0.0,RSI_LT_38,SPY
2022-12-19,38.05182189806499,0,0.0,RSI_LT_38,SPY
2022-12-20,23.762583632736423,1,1.4952442091866303,RSI_LT_38,SPY
2022-12-21,31.48311327303206,1,-1.4266135745262032,RSI_LT_38,SPY
2022-12-22,28.9300143577415,1,0.5752265272075174,RSI_LT_38,SPY
2022-12-23,35.37356457179068,1,-0.39435108803203,RSI_LT_38,SPY
2022-12-27,38.22248618989017,0,-0.0,RSI_LT_38,SPY
2022-12-28,35.48558039745852,1,1.800031517383771,RSI_LT_38,SPY
2022-12-29,39.42849394286452,0,-0.0,RSI_LT_38,SPY
2022-12-30,40.74074459900858,0,-0.0,RSI_LT_38,SPY
2023-01-03,33.37612768910479,1,0.7720189025949065,RSI_LT_38,SPY
2023-01-04,33.278257882020085,1,-1.1413395797773451,RSI_LT_38,SPY
2023-01-05,32.207630039993944,1,2.2932103899730993,RSI_LT_38,SPY
2023-01-06,48.59574435143135,0,-0.0,RSI_LT_38,SPY
2023-01-09,54.6788936028834,0,0.0,RSI_LT_38,SPY
2023-01-10,60.882103573549095,0,0.0,RSI_LT_38,SPY
2023-01-11,64.14807308077647,0,0.0,RSI_LT_38,SPY
2023-01-12,61.018669060103775,0,0.0,RSI_LT_38,SPY
2023-01-13,69.87924675085387,0,-0.0,RSI_LT_38,SPY
2023-01-17,67.17519879453477,0,-0.0,RSI_LT_38,SPY
2023-01-18,60.50384821396235,0,-0.0,RSI_LT_38,SPY
2023-01-19,62.98224437220347,0,0.0,RSI_LT_38,SPY
2023-01-20,63.34764909743888,0,0.0,RSI_LT_38,SPY
2023-01-23,68.077100282503,0,-0.0,RSI_LT_38,SPY
2023-01-24,69.71116300840413,0,0.0,RSI_LT_38,SPY
2023-01-25,67.88873086397652,0,0.0,RSI_LT_38,SPY
2023-01-26,77.34427730697728,0,0.0,RSI_LT_38,SPY
2023-01-27,72.78614996930065,0,-0.0,RSI_LT_38,SPY
2023-01-30,64.6355745891982,0,0.0,RSI_LT_38,SPY
2023-01-31,67.03818427500107,0,0.0,RSI_LT_38,SPY
2023-02-01,66.59428344923265,0,0.0,RSI_LT_38,SPY
2023-02-02,69.59274865995255,0,-0.0,RSI_LT_38,SPY
2023-02-03,62.95120777716836,0,-0.0,RSI_LT_38,SPY
2023-02-06,60.91206003231796,0,0.0,RSI_LT_38,SPY
2023-02-07,71.8071651769167,0,-0.0,RSI_LT_38,SPY
2023-02-08,69.64124551808806,0,-0.0,RSI_LT_38,SPY
2023-02-09,60.70677187019975,0,0.0,RSI_LT_38,SPY
2023-02-10,57.6313088233168,0,0.0,RSI_LT_38,SPY
2023-02-13,61.93533688439255,0,-0.0,RSI_LT_38,SPY
2023-02-14,61.605300089622,0,0.0,RSI_LT_38,SPY
2023-02-15,59.25036472462907,0,-0.0,RSI_LT_38,SPY
2023-02-16,52.378344245627964,0,-0.0,RSI_LT_38,SPY
2023-02-17,56.59222564791797,0,-0.0,RSI_LT_38,SPY
2023-02-21,43.01114494898537,0,-0.0,RSI_LT_38,SPY
2023-02-22,37.51529763336522,1,0.5319403502116682,RSI_LT_38,SPY
2023-02-23,32.18390959671457,1,-1.068237093839386,RSI_LT_38,SPY
2023-02-24,32.29097081642142,1,0.34058380515806785,RSI_LT_38,SPY
2023-02-27,36.224976896405565,1,-0.36959776232566854,RSI_LT_38,SPY
2023-02-28,26.355223976177513,1,-0.3835914535380569,RSI_LT_38,SPY
2023-03-01,28.505792241225052,1,0.7777289862108905,RSI_LT_38,SPY
2023-03-02,37.29463092688397,1,1.6037819365946948,RSI_LT_38,SPY
2023-03-03,45.41119453636904,0,0.0,RSI_LT_38,SPY
2023-03-06,38.83549037604109,0,-0.0,RSI_LT_38,SPY
2023-03-07,33.46373819947168,1,0.16321199989792756,RSI_LT_38,SPY
2023-03-08,32.390116203551045,1,-1.8449853658379811,RSI_LT_38,SPY
2023-03-09,31.179678981997952,1,-1.442944614289643,RSI_LT_38,SPY
2023-03-10,28.236522358056163,1,-0.1425250201672501,RSI_LT_38,SPY
2023-03-13,33.42990215685104,1,1.6530065073970368,RSI_LT_38,SPY
2023-03-14,42.79367199468834,0,-0.0,RSI_LT_38,SPY
2023-03-15,38.041223624307776,0,0.0,RSI_LT_38,SPY
2023-03-16,49.730681380976264,0,-0.0,RSI_LT_38,SPY
2023-03-17,42.950815662544116,0,0.0,RSI_LT_38,SPY
2023-03-20,47.796419662289885,0,0.0,RSI_LT_38,SPY
2023-03-21,53.42758998856659,0,-0.0,RSI_LT_38,SPY
2023-03-22,45.585500584730084,0,0.0,RSI_LT_38,SPY
2023-03-23,40.69888382381654,0,0.0,RSI_LT_38,SPY
2023-03-24,42.91519116588902,0,0.0,RSI_LT_38,SPY
2023-03-27,48.41298561791174,0,-0.0,RSI_LT_38,SPY
2023-03-28,47.05255389337067,0,0.0,RSI_LT_38,SPY
2023-03-29,58.947175244137604,0,0.0,RSI_LT_38,SPY
2023-03-30,67.3020678437972,0,0.0,RSI_LT_38,SPY
2023-03-31,71.24669190818076,0,0.0,RSI_LT_38,SPY
2023-04-03,68.57363114797127,0,-0.0,RSI_LT_38,SPY
2023-04-04,68.79970127455401,0,-0.0,RSI_LT_38,SPY
2023-04-05,62.540944891856185,0,0.0,RSI_LT_38,SPY
2023-04-06,73.25581223422816,0,0.0,RSI_LT_38,SPY
2023-04-10,70.90907775024004,0,0.0,RSI_LT_38,SPY
2023-04-11,66.43355540297289,0,-0.0,RSI_LT_38,SPY
2023-04-12,78.71036893716196,0,0.0,RSI_LT_38,SPY
2023-04-13,81.60023486757345,0,-0.0,RSI_LT_38,SPY
2023-04-14,77.34857846109585,0,0.0,RSI_LT_38,SPY
2023-04-17,77.88429278112419,0,0.0,RSI_LT_38,SPY
2023-04-18,80.33902622497999,0,-0.0,RSI_LT_38,SPY
2023-04-19,75.5902319407283,0,-0.0,RSI_LT_38,SPY
2023-04-20,66.42567199886264,0,0.0,RSI_LT_38,SPY
2023-04-21,57.194043377711104,0,0.0,RSI_LT_38,SPY
2023-04-24,54.56519143120617,0,-0.0,RSI_LT_38,SPY
2023-04-25,44.287556606161125,0,-0.0,RSI_LT_38,SPY
2023-04-26,43.05314002075506,0,0.0,RSI_LT_38,SPY
2023-04-27,55.406304152452314,0,0.0,RSI_LT_38,SPY
2023-04-28,59.6106974663407,0,-0.0,RSI_LT_38,SPY
2023-05-01,58.72251099008709,0,-0.0,RSI_LT_38,SPY
2023-05-02,53.85466427743228,0,-0.0,RSI_LT_38,SPY
2023-05-03,41.88745482329983,0,-0.0,RSI_LT_38,SPY
2023-05-04,39.667343783474045,0,0.0,RSI_LT_38,SPY
2023-05-05,48.42130890945788,0,0.0,RSI_LT_38,SPY
2023-05-08,48.22162872212308,0,-0.0,RSI_LT_38,SPY
2023-05-09,46.27348336802903,0,0.0,RSI_LT_38,SPY
2023-05-10,51.13503507056608,0,-0.0,RSI_LT_38,SPY
2023-05-11,49.91884150673184,0,-0.0,RSI_LT_38,SPY
2023-05-12,48.79740050208591,0,0.0,RSI_LT_38,SPY
2023-05-15,59.09212845404628,0,-0.0,RSI_LT_38,SPY
2023-05-16,57.52236395326722,0,0.0,RSI_LT_38,SPY
2023-05-17,53.90799056053186,0,0.0,RSI_LT_38,SPY
2023-05-18,54.51315067875684,0,-0.0,RSI_LT_38,SPY
2023-05-19,54.23126555978695,0,0.0,RSI_LT_38,SPY
2023-05-22,62.3255769940479,0,-0.0,RSI_LT_38,SPY
2023-05-23,58.89246352293598,0,-0.0,RSI_LT_38,SPY
2023-05-24,58.70323776113457,0,0.0,RSI_LT_38,SPY
2023-05-25,53.3333064752491,0,0.0,RSI_LT_38,SPY
2023-05-26,60.23619310472669,0,0.0,RSI_LT_38,SPY
2023-05-30,63.63900623309209,0,-0.0,RSI_LT_38,SPY
2023-05-31,57.284367775208956,0,0.0,RSI_LT_38,SPY
2023-06-01,62.89590738658886,0,0.0,RSI_LT_38,SPY
2023-06-02,68.93112929725477,0,-0.0,RSI_LT_38,SPY
2023-06-05,66.56475020181182,0,0.0,RSI_LT_38,SPY
2023-06-06,71.84272741382918,0,-0.0,RSI_LT_38,SPY
2023-06-07,65.21500511496993,0,0.0,RSI_LT_38,SPY
2023-06-08,63.8345127814534,0,0.0,RSI_LT_38,SPY
2023-06-09,65.69280527951919,0,0.0,RSI_LT_38,SPY
2023-06-12,68.91854571134704,0,0.0,RSI_LT_38,SPY
2023-06-13,79.83081830311694,0,0.0,RSI_LT_38,SPY
2023-06-14,86.90239297482883,0,0.0,RSI_LT_38,SPY
2023-06-15,87.55710252948828,0,-0.0,RSI_LT_38,SPY
2023-06-16,77.78727755259435,0,-0.0,RSI_LT_38,SPY
2023-06-20,72.91102859765698,0,-0.0,RSI_LT_38,SPY
2023-06-21,73.08832442104482,0,0.0,RSI_LT_38,SPY
2023-06-22,71.22216520207178,0,-0.0,RSI_LT_38,SPY
2023-06-23,58.31494543110197,0,-0.0,RSI_LT_38,SPY
2023-06-26,56.62391788955743,0,0.0,RSI_LT_38,SPY
2023-06-27,61.132387312186985,0,0.0,RSI_LT_38,SPY
2023-06-28,63.93769581365111,0,0.0,RSI_LT_38,SPY
2023-06-29,63.037136806287826,0,0.0,RSI_LT_38,SPY
2023-06-30,67.22450518971328,0,0.0,RSI_LT_38,SPY
2023-07-03,64.0902802706893,0,-0.0,RSI_LT_38,SPY
2023-07-05,59.729316214135,0,-0.0,RSI_LT_38,SPY
2023-07-06,53.425425496310496,0,-0.0,RSI_LT_38,SPY
2023-07-07,43.65002732128007,0,0.0,RSI_LT_38,SPY
2023-07-10,50.33491610234104,0,0.0,RSI_LT_38,SPY
2023-07-11,58.689915448928325,0,0.0,RSI_LT_38,SPY
2023-07-12,67.47629596042154,0,0.0,RSI_LT_38,SPY
2023-07-13,69.37922595848818,0,-0.0,RSI_LT_38,SPY
2023-07-14,76.21532548738475,0,0.0,RSI_LT_38,SPY
2023-07-17,81.86592130603864,0,0.0,RSI_LT_38,SPY
2023-07-18,81.00476876078379,0,0.0,RSI_LT_38,SPY
2023-07-19,81.50749494441412,0,-0.0,RSI_LT_38,SPY
2023-07-20,72.58421946732032,0,0.0,RSI_LT_38,SPY
2023-07-21,67.12850120108303,0,0.0,RSI_LT_38,SPY
2023-07-24,68.93410820441943,0,0.0,RSI_LT_38,SPY
2023-07-25,71.92726679712982,0,0.0,RSI_LT_38,SPY
2023-07-26,82.12395270098925,0,-0.0,RSI_LT_38,SPY
2023-07-27,76.22265137041663,0,0.0,RSI_LT_38,SPY
2023-07-28,78.86281009955438,0,0.0,RSI_LT_38,SPY
2023-07-31,77.40430146946507,0,-0.0,RSI_LT_38,SPY
2023-08-01,70.33433950801854,0,-0.0,RSI_LT_38,SPY
2023-08-02,50.998958148370804,0,-0.0,RSI_LT_38,SPY
2023-08-03,49.25524551380724,0,-0.0,RSI_LT_38,SPY
2023-08-04,43.285596178858235,0,0.0,RSI_LT_38,SPY
2023-08-07,44.30628135007934,0,-0.0,RSI_LT_38,SPY
2023-08-08,39.76515754627988,0,-0.0,RSI_LT_38,SPY
2023-08-09,39.790437905697054,0,0.0,RSI_LT_38,SPY
2023-08-10,40.09482127722351,0,-0.0,RSI_LT_38,SPY
2023-08-11,35.69754869379041,1,0.5520007828496709,RSI_LT_38,SPY
2023-08-14,38.21921221407593,0,-0.0,RSI_LT_38,SPY
2023-08-15,32.59791544630052,1,-0.7338164990194795,RSI_LT_38,SPY
2023-08-16,32.392465024788734,1,-0.7619884432481627,RSI_LT_38,SPY
2023-08-17,20.869781800443675,1,0.048131162979969666,RSI_LT_38,SPY
2023-08-18,19.366867277838423,1,0.65062917248353,RSI_LT_38,SPY
2023-08-21,26.37812893772154,1,-0.2708613946659777,RSI_LT_38,SPY
2023-08-22,30.751888473423094,1,1.1137749516813678,RSI_LT_38,SPY
2023-08-23,41.630648088231155,0,-0.0,RSI_LT_38,SPY
2023-08-24,37.223085219786604,1,0.7049798505337934,RSI_LT_38,SPY
2023-08-25,35.86841120414526,1,0.6341360859106304,RSI_LT_38,SPY
2023-08-28,42.28689542432292,0,0.0,RSI_LT_38,SPY
2023-08-29,54.037423281405935,0,0.0,RSI_LT_38,SPY
2023-08-30,55.80602417089307,0,-0.0,RSI_LT_38,SPY
2023-08-31,55.30236676774938,0,0.0,RSI_LT_38,SPY
2023-09-01,53.606581512758794,0,-0.0,RSI_LT_38,SPY
2023-09-05,58.05221502087393,0,-0.0,RSI_LT_38,SPY
2023-09-06,58.3928439359909,0,-0.0,RSI_LT_38,SPY
2023-09-07,61.49919975336661,0,0.0,RSI_LT_38,SPY
2023-09-08,61.969211879513765,0,0.0,RSI_LT_38,SPY
2023-09-11,62.0598603640618,0,-0.0,RSI_LT_38,SPY
2023-09-12,60.040976718626275,0,0.0,RSI_LT_38,SPY
2023-09-13,55.017313522146786,0,0.0,RSI_LT_38,SPY
2023-09-14,70.79340014095177,0,-0.0,RSI_LT_38,SPY
2023-09-15,54.68318482293508,0,0.0,RSI_LT_38,SPY
2023-09-18,51.288117580717454,0,-0.0,RSI_LT_38,SPY
2023-09-19,38.600206254962195,0,-0.0,RSI_LT_38,SPY
2023-09-20,29.727972537189217,1,-1.6528359834683037,RSI_LT_38,SPY
2023-09-21,24.447455072950163,1,-0.22485481530990503,RSI_LT_38,SPY
2023-09-22,22.105851618873828,1,0.4205189122549191,RSI_LT_38,SPY
2023-09-25,27.069316625046795,1,-1.4691266090073651,RSI_LT_38,SPY
2023-09-26,24.839201409153603,1,0.03991333432125099,RSI_LT_38,SPY
2023-09-27,26.032613812588465,1,0.5797444646104211,RSI_LT_38,SPY
2023-09-28,29.27841064647835,1,-0.24269066881511536,RSI_LT_38,SPY
2023-09-29,23.204683160571847,1,-0.039771082475204,RSI_LT_38,SPY
2023-10-02,24.64710911121199,1,-1.338606925507002,RSI_LT_38,SPY
2023-10-03,20.361507442480033,1,0.7281973839242228,RSI_LT_38,SPY
2023-10-04,18.856041425821033,1,-0.03767806262175988,RSI_LT_38,SPY
2023-10-05,22.596574017773406,1,1.1872811648814707,RSI_LT_38,SPY
2023-10-06,32.03264548777935,1,0.640219757250482,RSI_LT_38,SPY
2023-10-09,37.30508225027104,1,0.520483924107662,RSI_LT_38,SPY
2023-10-10,44.7730673433134,0,0.0,RSI_LT_38,SPY
2023-10-11,57.30369285300926,0,-0.0,RSI_LT_38,SPY
2023-10-12,54.57109200222509,0,-0.0,RSI_LT_38,SPY
2023-10-13,48.98014695161102,0,0.0,RSI_LT_38,SPY
2023-10-16,64.94997112596175,0,-0.0,RSI_LT_38,SPY
2023-10-17,64.73542298314094,0,-0.0,RSI_LT_38,SPY
2023-10-18,52.27333931040372,0,-0.0,RSI_LT_38,SPY
2023-10-19,48.684519408184755,0,-0.0,RSI_LT_38,SPY
2023-10-20,43.196988138999366,0,-0.0,RSI_LT_38,SPY
2023-10-23,48.58714249302119,0,0.0,RSI_LT_38,SPY
2023-10-24,48.715393732525115,0,-0.0,RSI_LT_38,SPY
2023-10-25,42.447292423082686,0,-0.0,RSI_LT_38,SPY
2023-10-26,31.52055933991305,1,-0.4532772203415858,RSI_LT_38,SPY
2023-10-27,26.036828152210035,1,1.1955789786880722,RSI_LT_38,SPY
2023-10-30,30.157080644274785,1,0.6280266349381947,RSI_LT_38,SPY
2023-10-31,31.350384955574313,1,1.0664732962442303,RSI_LT_38,SPY
2023-11-01,39.082983716306835,0,0.0,RSI_LT_38,SPY
2023-11-02,49.34304923987914,0,0.0,RSI_LT_38,SPY
2023-11-03,48.78836399969981,0,0.0,RSI_LT_38,SPY
2023-11-06,49.70895538859152,0,0.0,RSI_LT_38,SPY
2023-11-07,56.44665955058615,0,0.0,RSI_LT_38,SPY
2023-11-08,61.11796108102142,0,-0.0,RSI_LT_38,SPY
2023-11-09,63.50627913357015,0,0.0,RSI_LT_38,SPY
2023-11-10,69.05616051303215,0,-0.0,RSI_LT_38,SPY
2023-11-13,66.52035033111454,0,0.0,RSI_LT_38,SPY
2023-11-14,79.6500866831772,0,0.0,RSI_LT_38,SPY
2023-11-15,88.2547178709998,0,0.0,RSI_LT_38,SPY
2023-11-16,91.88733898435464,0,0.0,RSI_LT_38,SPY
2023-11-17,91.06395734657899,0,0.0,RSI_LT_38,SPY
2023-11-20,91.23973207056183,0,-0.0,RSI_LT_38,SPY
2023-11-21,88.02482652368012,0,0.0,RSI_LT_38,SPY
2023-11-22,85.78168674915716,0,0.0,RSI_LT_38,SPY
2023-11-24,84.06609149018595,0,-0.0,RSI_LT_38,SPY
2023-11-27,81.24380285649623,0,0.0,RSI_LT_38,SPY
2023-11-28,80.7377382364406,0,-0.0,RSI_LT_38,SPY
2023-11-29,79.6448158624873,0,0.0,RSI_LT_38,SPY
2023-11-30,90.78094624443655,0,0.0,RSI_LT_38,SPY
2023-12-01,89.19038495621587,0,-0.0,RSI_LT_38,SPY
2023-12-04,82.25173763967331,0,-0.0,RSI_LT_38,SPY
2023-12-05,72.97137441298662,0,-0.0,RSI_LT_38,SPY
2023-12-06,64.09548164205393,0,0.0,RSI_LT_38,SPY
2023-12-07,69.10219452549106,0,0.0,RSI_LT_38,SPY
2023-12-08,71.05145658244182,0,0.0,RSI_LT_38,SPY
2023-12-11,68.698565214952,0,0.0,RSI_LT_38,SPY
2023-12-12,74.85091328741453,0,0.0,RSI_LT_38,SPY
2023-12-13,79.2738793954189,0,0.0,RSI_LT_38,SPY
2023-12-14,80.19521556430533,0,-0.0,RSI_LT_38,SPY
2023-12-15,75.14385515274276,0,0.0,RSI_LT_38,SPY
2023-12-18,76.85998597271703,0,0.0,RSI_LT_38,SPY
2023-12-19,79.51558424557932,0,-0.0,RSI_LT_38,SPY
2023-12-20,65.18178103458109,0,0.0,RSI_LT_38,SPY
2023-12-21,66.66666666666666,0,0.0,RSI_LT_38,SPY
2023-12-22,71.5556596769977,0,0.0,RSI_LT_38,SPY
2023-12-26,73.09089429450758,0,0.0,RSI_LT_38,SPY
2023-12-27,77.00520170237532,0,0.0,RSI_LT_38,SPY
2023-12-28,74.95941856521212,0,-0.0,RSI_LT_38,SPY
2023-12-29,70.76116964714012,0,-0.0,RSI_LT_38,SPY
2024-01-02,64.30487404346006,0,-0.0,RSI_LT_38,SPY
2024-01-03,56.0112807835529,0,-0.0,RSI_LT_38,SPY
2024-01-04,45.281361662544896,0,0.0,RSI_LT_38,SPY
2024-01-05,43.849635212021255,0,0.0,RSI_LT_38,SPY
2024-01-08,57.07385171979866,0,-0.0,RSI_LT_38,SPY
2024-01-09,52.70309140678919,0,0.0,RSI_LT_38,SPY
2024-01-10,52.447356285503616,0,-0.0,RSI_LT_38,SPY
2024-01-11,64.05978350225672,0,0.0,RSI_LT_38,SPY
2024-01-12,58.06971776778399,0,-0.0,RSI_LT_38,SPY
2024-01-16,52.513745500573556,0,-0.0,RSI_LT_38,SPY
2024-01-17,43.563240431970286,0,0.0,RSI_LT_38,SPY
2024-01-18,49.96599936974442,0,0.0,RSI_LT_38,SPY
2024-01-19,58.153406529383616,0,0.0,RSI_LT_38,SPY
2024-01-22,61.68200722471961,0,0.0,RSI_LT_38,SPY
2024-01-23,68.17507438617211,0,0.0,RSI_LT_38,SPY
2024-01-24,77.42897800332608,0,0.0,RSI_LT_38,SPY
2024-01-25,83.05197620811484,0,-0.0,RSI_LT_38,SPY
2024-01-26,81.06476121914916,0,0.0,RSI_LT_38,SPY
2024-01-29,79.19444076261004,0,-0.0,RSI_LT_38,SPY
2024-01-30,80.14900766133482,0,-0.0,RSI_LT_38,SPY
2024-01-31,59.421620401879466,0,0.0,RSI_LT_38,SPY
2024-02-01,66.2043226510084,0,0.0,RSI_LT_38,SPY
2024-02-02,69.8673681075439,0,-0.0,RSI_LT_38,SPY
2024-02-05,69.7888719041972,0,0.0,RSI_LT_38,SPY
2024-02-06,75.04041060272749,0,0.0,RSI_LT_38,SPY
2024-02-07,74.9942289813146,0,0.0,RSI_LT_38,SPY
2024-02-08,71.18103240671435,0,0.0,RSI_LT_38,SPY
2024-02-09,72.54254788090005,0,-0.0,RSI_LT_38,SPY
2024-02-12,71.11054981963626,0,-0.0,RSI_LT_38,SPY
2024-02-13,59.75305090028531,0,0.0,RSI_LT_38,SPY
2024-02-14,61.357754382457145,0,0.0,RSI_LT_38,SPY
2024-02-15,64.83135680286301,0,-0.0,RSI_LT_38,SPY
2024-02-16,58.608449134369586,0,-0.0,RSI_LT_38,SPY
2024-02-20,55.84310485193871,0,0.0,RSI_LT_38,SPY
2024-02-21,66.79161186457286,0,0.0,RSI_LT_38,SPY
2024-02-22,69.61830842333518,0,0.0,RSI_LT_38,SPY
2024-02-23,66.13285330003443,0,-0.0,RSI_LT_38,SPY
2024-02-26,66.03815636330265,0,0.0,RSI_LT_38,SPY
2024-02-27,65.63627319122281,0,-0.0,RSI_LT_38,SPY
2024-02-28,60.74814591498342,0,0.0,RSI_LT_38,SPY
2024-02-29,62.335657635599084,0,0.0,RSI_LT_38,SPY
2024-03-01,64.05302768153352,0,-0.0,RSI_LT_38,SPY
2024-03-04,63.54712438652581,0,-0.0,RSI_LT_38,SPY
2024-03-05,66.37502012254342,0,0.0,RSI_LT_38,SPY
2024-03-06,64.6796291725303,0,0.0,RSI_LT_38,SPY
2024-03-07,66.12091125446618,0,-0.0,RSI_LT_38,SPY
2024-03-08,65.15265247257845,0,-0.0,RSI_LT_38,SPY
2024-03-11,69.11533458092914,0,0.0,RSI_LT_38,SPY
2024-03-12,72.73999348939402,0,-0.0,RSI_LT_38,SPY
2024-03-13,62.62288878701218,0,-0.0,RSI_LT_38,SPY
2024-03-14,60.374058810991684,0,-0.0,RSI_LT_38,SPY
2024-03-15,55.122725736781895,0,0.0,RSI_LT_38,SPY
2024-03-18,57.49303964893609,0,0.0,RSI_LT_38,SPY
2024-03-19,61.31736334358138,0,0.0,RSI_LT_38,SPY
2024-03-20,63.87022600054208,0,0.0,RSI_LT_38,SPY
2024-03-21,61.224510730588584,0,-0.0,RSI_LT_38,SPY
2024-03-22,60.58448036844334,0,-0.0,RSI_LT_38,SPY
2024-03-25,66.38895554026547,0,-0.0,RSI_LT_38,SPY
2024-03-26,62.30974254187448,0,0.0,RSI_LT_38,SPY
2024-03-27,61.578895756969146,0,-0.0,RSI_LT_38,SPY
2024-03-28,67.13980631383353,0,-0.0,RSI_LT_38,SPY
2024-04-01,66.200028536297,0,-0.0,RSI_LT_38,SPY
2024-04-02,53.28024833902865,0,0.0,RSI_LT_38,SPY
2024-04-03,55.519916791375145,0,-0.0,RSI_LT_38,SPY
2024-04-04,47.423233230771295,0,0.0,RSI_LT_38,SPY
2024-04-05,61.710286502160415,0,0.0,RSI_LT_38,SPY
2024-04-08,58.622733624799274,0,0.0,RSI_LT_38,SPY
2024-04-09,55.688625058188514,0,-0.0,RSI_LT_38,SPY
2024-04-10,40.11193604955703,0,0.0,RSI_LT_38,SPY
2024-04-11,43.88108063887945,0,-0.0,RSI_LT_38,SPY
2024-04-12,37.20350259528289,1,-1.2528127278102708,RSI_LT_38,SPY
2024-04-15,33.142553194347244,1,-0.18237950351298604,RSI_LT_38,SPY
2024-04-16,33.171760002097244,1,-0.591823921822443,RSI_LT_38,SPY
2024-04-17,24.307078819004417,1,-0.20577341013199302,RSI_LT_38,SPY
2024-04-18,23.8041603102411,1,-0.8728350111016581,RSI_LT_38,SPY
2024-04-19,22.107395677211443,1,0.9209139520294229,RSI_LT_38,SPY
2024-04-22,30.741281973882963,1,1.1866630635747333,RSI_LT_38,SPY
2024-04-23,37.49092101547021,1,-0.047461729906428385,RSI_LT_38,SPY
2024-04-24,42.16768443946566,0,-0.0,RSI_LT_38,SPY
2024-04-25,33.56797710041528,1,0.9473911346339792,RSI_LT_38,SPY
2024-04-26,39.52748534009274,0,0.0,RSI_LT_38,SPY
2024-04-29,40.946414633156614,0,-0.0,RSI_LT_38,SPY
2024-04-30,38.763433358171476,0,-0.0,RSI_LT_38,SPY
2024-05-01,32.953450220142784,1,0.9353437830903255,RSI_LT_38,SPY
2024-05-02,44.0973541934134,0,0.0,RSI_LT_38,SPY
2024-05-03,56.95687126561651,0,0.0,RSI_LT_38,SPY
2024-05-06,62.18237221759402,0,0.0,RSI_LT_38,SPY
2024-05-07,66.22973156943155,0,0.0,RSI_LT_38,SPY
2024-05-08,67.62419954476249,0,0.0,RSI_LT_38,SPY
2024-05-09,75.65127682496797,0,0.0,RSI_LT_38,SPY
2024-05-10,73.53992216183562,0,0.0,RSI_LT_38,SPY
2024-05-13,69.56409126797506,0,0.0,RSI_LT_38,SPY
2024-05-14,71.73752950712806,0,0.0,RSI_LT_38,SPY
2024-05-15,78.75741240971915,0,-0.0,RSI_LT_38,SPY
2024-05-16,74.30404286834539,0,0.0,RSI_LT_38,SPY
2024-05-17,73.65209855549814,0,0.0,RSI_LT_38,SPY
2024-05-20,91.88535895883501,0,0.0,RSI_LT_38,SPY
2024-05-21,96.71580062359148,0,-0.0,RSI_LT_38,SPY
2024-05-22,91.27831434112426,0,-0.0,RSI_LT_38,SPY
2024-05-23,76.5280590705657,0,0.0,RSI_LT_38,SPY
2024-05-24,74.89363108758377,0,0.0,RSI_LT_38,SPY
2024-05-28,74.6978576986501,0,-0.0,RSI_LT_38,SPY
2024-05-29,65.19954603667108,0,-0.0,RSI_LT_38,SPY
2024-05-30,54.091217039079275,0,0.0,RSI_LT_38,SPY
2024-05-31,59.6283890197829,0,0.0,RSI_LT_38,SPY
2024-06-03,60.052539716463635,0,0.0,RSI_LT_38,SPY
2024-06-04,57.83803800454521,0,0.0,RSI_LT_38,SPY
2024-06-05,57.576634494080885,0,-0.0,RSI_LT_38,SPY
2024-06-06,59.57034613397623,0,-0.0,RSI_LT_38,SPY
2024-06-07,57.335928187222244,0,0.0,RSI_LT_38,SPY
2024-06-10,58.71730653755235,0,0.0,RSI_LT_38,SPY
2024-06-11,58.70451577584781,0,0.0,RSI_LT_38,SPY
2024-06-12,66.47612402424664,0,0.0,RSI_LT_38,SPY
2024-06-13,75.59765636843223,0,0.0,RSI_LT_38,SPY
2024-06-14,72.95256017928291,0,0.0,RSI_LT_38,SPY
2024-06-17,76.18904101990441,0,0.0,RSI_LT_38,SPY
2024-06-18,86.47777353507391,0,-0.0,RSI_LT_38,SPY
2024-06-20,92.50621202580118,0,-0.0,RSI_LT_38,SPY
2024-06-21,82.43767095438753,0,-0.0,RSI_LT_38,SPY
2024-06-24,76.90927599770458,0,0.0,RSI_LT_38,SPY
2024-06-25,78.09301306855517,0,0.0,RSI_LT_38,SPY
2024-06-26,72.90794412413419,0,0.0,RSI_LT_38,SPY
2024-06-27,73.88830368726825,0,-0.0,RSI_LT_38,SPY
2024-06-28,69.62698405248881,0,0.0,RSI_LT_38,SPY
2024-07-01,68.99531937930274,0,0.0,RSI_LT_38,SPY
2024-07-02,71.64389353698799,0,0.0,RSI_LT_38,SPY
2024-07-03,69.49807586715589,0,0.0,RSI_LT_38,SPY
2024-07-05,71.77559862970983,0,0.0,RSI_LT_38,SPY
2024-07-08,72.08476754919468,0,0.0,RSI_LT_38,SPY
2024-07-09,67.78140923041691,0,0.0,RSI_LT_38,SPY
2024-07-10,72.40654479560838,0,-0.0,RSI_LT_38,SPY
2024-07-11,64.8216855420813,0,0.0,RSI_LT_38,SPY
2024-07-12,73.45442910145485,0,0.0,RSI_LT_38,SPY
2024-07-15,78.66945051834027,0,0.0,RSI_LT_38,SPY
2024-07-16,79.44711344331961,0,-0.0,RSI_LT_38,SPY
2024-07-17,63.854516077006274,0,-0.0,RSI_LT_38,SPY
2024-07-18,57.040478223740394,0,-0.0,RSI_LT_38,SPY
2024-07-19,55.16346933975353,0,0.0,RSI_LT_38,SPY
2024-07-22,59.1760200490639,0,-0.0,RSI_LT_38,SPY
2024-07-23,54.976021474978545,0,-0.0,RSI_LT_38,SPY
2024-07-24,41.185571618643934,0,-0.0,RSI_LT_38,SPY
2024-07-25,35.92854867404618,1,1.1199698366761712,RSI_LT_38,SPY
2024-07-26,41.40500611221505,0,0.0,RSI_LT_38,SPY
2024-07-29,41.19989549065487,0,-0.0,RSI_LT_38,SPY
2024-07-30,33.92682503267555,1,1.625460804168588,RSI_LT_38,SPY
2024-07-31,45.575174450451314,0,-0.0,RSI_LT_38,SPY
2024-08-01,37.58049020903348,1,-1.861841433811906,RSI_LT_38,SPY
2024-08-02,31.392184522326644,1,-2.91236982927795,RSI_LT_38,SPY
2024-08-05,23.36180541097316,1,0.9219566829472781,RSI_LT_38,SPY
2024-08-06,29.766246490147566,1,-0.6684000969735981,RSI_LT_38,SPY
2024-08-07,30.04230462771355,1,2.3117363765007726,RSI_LT_38,SPY
2024-08-08,40.19255725539654,0,0.0,RSI_LT_38,SPY
2024-08-09,37.99068975412721,1,0.0525393163109511,RSI_LT_38,SPY
2024-08-12,38.55343135451539,0,0.0,RSI_LT_38,SPY
2024-08-13,50.47197088297783,0,0.0,RSI_LT_38,SPY
2024-08-14,53.15231309904613,0,0.0,RSI_LT_38,SPY
2024-08-15,54.90396287535637,0,0.0,RSI_LT_38,SPY
2024-08-16,55.370586866368775,0,0.0,RSI_LT_38,SPY
2024-08-19,59.62819641758291,0,-0.0,RSI_LT_38,SPY
2024-08-20,54.721729525657395,0,0.0,RSI_LT_38,SPY
2024-08-21,61.33640748546615,0,-0.0,RSI_LT_38,SPY
2024-08-22,66.20339034804249,0,0.0,RSI_LT_38,SPY
2024-08-23,85.88607049720815,0,-0.0,RSI_LT_38,SPY
2024-08-26,82.79012624475966,0,0.0,RSI_LT_38,SPY
2024-08-27,88.16723176604233,0,-0.0,RSI_LT_38,SPY
2024-08-28,79.12359900173449,0,0.0,RSI_LT_38,SPY
2024-08-29,78.06546613890278,0,0.0,RSI_LT_38,SPY
2024-08-30,80.27070278467355,0,-0.0,RSI_LT_38,SPY
2024-09-03,59.46101392327018,0,-0.0,RSI_LT_38,SPY
2024-09-04,56.85976230267971,0,-0.0,RSI_LT_38,SPY
2024-09-05,46.11234019440699,0,-0.0,RSI_LT_38,SPY
2024-09-06,36.71682213117137,1,1.1196217256969065,RSI_LT_38,SPY
2024-09-09,37.60796595970952,1,0.43557127427886755,RSI_LT_38,SPY
2024-09-10,40.94645019839456,0,0.0,RSI_LT_38,SPY
2024-09-11,44.69541495775904,0,0.0,RSI_LT_38,SPY
2024-09-12,52.444259164347486,0,0.0,RSI_LT_38,SPY
2024-09-13,49.89232329738268,0,0.0,RSI_LT_38,SPY
2024-09-16,51.85658915585664,0,0.0,RSI_LT_38,SPY
2024-09-17,51.38102117416943,0,-0.0,RSI_LT_38,SPY
2024-09-18,52.92015412866823,0,0.0,RSI_LT_38,SPY
2024-09-19,60.08625446236213,0,-0.0,RSI_LT_38,SPY
2024-09-20,53.80770807249367,0,0.0,RSI_LT_38,SPY
2024-09-23,67.64999130343185,0,0.0,RSI_LT_38,SPY
2024-09-24,70.21656403179216,0,-0.0,RSI_LT_38,SPY
2024-09-25,70.32837561262974,0,0.0,RSI_LT_38,SPY
2024-09-26,86.91636649919367,0,-0.0,RSI_LT_38,SPY
2024-09-27,82.93902738400666,0,0.0,RSI_LT_38,SPY
2024-09-30,82.89858195836744,0,-0.0,RSI_LT_38,SPY
2024-10-01,68.95355562978109,0,0.0,RSI_LT_38,SPY
2024-10-02,64.78953660911776,0,-0.0,RSI_LT_38,SPY
2024-10-03,59.32584974165345,0,0.0,RSI_LT_38,SPY
2024-10-04,64.28970777718334,0,-0.0,RSI_LT_38,SPY
2024-10-07,55.84960235747369,0,0.0,RSI_LT_38,SPY
2024-10-08,63.33556930949829,0,0.0,RSI_LT_38,SPY
2024-10-09,57.995886625511794,0,-0.0,RSI_LT_38,SPY
2024-10-10,60.70651416743513,0,0.0,RSI_LT_38,SPY
2024-10-11,62.76077033348423,0,0.0,RSI_LT_38,SPY
2024-10-14,65.52217432685339,0,-0.0,RSI_LT_38,SPY
2024-10-15,60.76962011648232,0,0.0,RSI_LT_38,SPY
2024-10-16,60.99384816894453,0,0.0,RSI_LT_38,SPY
2024-10-17,62.17004112708981,0,0.0,RSI_LT_38,SPY
2024-10-18,62.127688658934176,0,-0.0,RSI_LT_38,SPY
2024-10-21,68.54462642898079,0,-0.0,RSI_LT_38,SPY
2024-10-22,67.83427455597428,0,-0.0,RSI_LT_38,SPY
2024-10-23,61.34282738480181,0,0.0,RSI_LT_38,SPY
2024-10-24,57.64907507674134,0,-0.0,RSI_LT_38,SPY
2024-10-25,65.63713186219732,0,0.0,RSI_LT_38,SPY
2024-10-28,61.83561302783164,0,0.0,RSI_LT_38,SPY
2024-10-29,57.892929679696344,0,-0.0,RSI_LT_38,SPY
2024-10-30,56.44945945068502,0,-0.0,RSI_LT_38,SPY
2024-10-31,35.60528306614434,1,0.4220532001058652,RSI_LT_38,SPY
2024-11-01,31.37967390895055,1,-0.21539305759273875,RSI_LT_38,SPY
2024-11-04,34.59038570024319,1,1.2091775640930225,RSI_LT_38,SPY
2024-11-05,42.374780177586594,0,0.0,RSI_LT_38,SPY
2024-11-06,58.5179282296479,0,0.0,RSI_LT_38,SPY
2024-11-07,60.329914649231114,0,0.0,RSI_LT_38,SPY
2024-11-08,63.245989572054434,0,0.0,RSI_LT_38,SPY
2024-11-11,63.9804360441018,0,-0.0,RSI_LT_38,SPY
2024-11-12,68.27056442481884,0,0.0,RSI_LT_38,SPY
2024-11-13,67.67082100071742,0,-0.0,RSI_LT_38,SPY
2024-11-14,63.14532379586468,0,-0.0,RSI_LT_38,SPY
2024-11-15,54.083655953417065,0,0.0,RSI_LT_38,SPY
2024-11-18,55.17018633048833,0,0.0,RSI_LT_38,SPY
2024-11-19,58.28635352473899,0,0.0,RSI_LT_38,SPY
2024-11-20,71.4650617544398,0,0.0,RSI_LT_38,SPY
2024-11-21,71.89014367897526,0,0.0,RSI_LT_38,SPY
2024-11-22,74.56980707984637,0,0.0,RSI_LT_38,SPY
2024-11-25,71.9586973502528,0,0.0,RSI_LT_38,SPY
2024-11-26,63.26987096828568,0,-0.0,RSI_LT_38,SPY
2024-11-27,54.81175974856305,0,0.0,RSI_LT_38,SPY
2024-11-29,56.30056131215095,0,0.0,RSI_LT_38,SPY
2024-12-02,56.93534199519507,0,0.0,RSI_LT_38,SPY
2024-12-03,60.4532588217091,0,0.0,RSI_LT_38,SPY
2024-12-04,64.15243777679508,0,-0.0,RSI_LT_38,SPY
2024-12-05,69.48757222799112,0,0.0,RSI_LT_38,SPY
2024-12-06,89.81947263004119,0,-0.0,RSI_LT_38,SPY
2024-12-09,79.07135511821673,0,-0.0,RSI_LT_38,SPY
2024-12-10,72.19457533367724,0,0.0,RSI_LT_38,SPY
2024-12-11,75.9963102047537,0,-0.0,RSI_LT_38,SPY
2024-12-12,66.35974312091601,0,-0.0,RSI_LT_38,SPY
2024-12-13,64.09591563474687,0,0.0,RSI_LT_38,SPY
2024-12-16,64.73576347407169,0,-0.0,RSI_LT_38,SPY
2024-12-17,55.90901794791004,0,-0.0,RSI_LT_38,SPY
2024-12-18,36.646087782169495,1,-0.030711213403167292,RSI_LT_38,SPY
2024-12-19,31.070186898164735,1,0.8616360754965635,RSI_LT_38,SPY
2024-12-20,36.841028149254115,1,0.5988290418921238,RSI_LT_38,SPY
2024-12-23,40.90374809415879,0,0.0,RSI_LT_38,SPY
2024-12-24,44.060533515731876,0,0.0,RSI_LT_38,SPY
2024-12-26,44.941100813491325,0,-0.0,RSI_LT_38,SPY
2024-12-27,38.9196917390243,0,-0.0,RSI_LT_38,SPY
2024-12-30,36.600460893146916,1,-0.36380159121820466,RSI_LT_38,SPY
2024-12-31,36.4462093519869,1,-0.24570065510107764,RSI_LT_38,SPY
2025-01-02,30.482382186845186,1,1.2503416419400448,RSI_LT_38,SPY
2025-01-03,40.11813379012252,0,0.0,RSI_LT_38,SPY
2025-01-06,43.28830759574411,0,-0.0,RSI_LT_38,SPY
2025-01-07,37.04340131563477,1,0.14609947580461746,RSI_LT_38,SPY
2025-01-08,39.18761888879277,0,-0.0,RSI_LT_38,SPY
2025-01-10,45.12869440547519,0,0.0,RSI_LT_38,SPY
2025-01-13,46.084822089948425,0,0.0,RSI_LT_38,SPY
2025-01-14,41.98566382600056,0,0.0,RSI_LT_38,SPY
2025-01-15,48.48294457970104,0,-0.0,RSI_LT_38,SPY
2025-01-16,41.59710667234402,0,0.0,RSI_LT_38,SPY
2025-01-17,47.03375711900217,0,0.0,RSI_LT_38,SPY
2025-01-21,56.429929114433186,0,0.0,RSI_LT_38,SPY
2025-01-22,65.40938096531048,0,0.0,RSI_LT_38,SPY
2025-01-23,69.63011406259017,0,-0.0,RSI_LT_38,SPY
2025-01-24,69.23961254809424,0,-0.0,RSI_LT_38,SPY
2025-01-27,55.991589920916475,0,0.0,RSI_LT_38,SPY
2025-01-28,57.19449360789871,0,-0.0,RSI_LT_38,SPY
2025-01-29,61.04961095765922,0,0.0,RSI_LT_38,SPY
2025-01-30,62.538276115605434,0,-0.0,RSI_LT_38,SPY
2025-01-31,68.9667449279421,0,-0.0,RSI_LT_38,SPY
2025-02-03,63.7925257122652,0,0.0,RSI_LT_38,SPY
2025-02-04,65.64947950949559,0,0.0,RSI_LT_38,SPY
2025-02-05,60.5069376552788,0,0.0,RSI_LT_38,SPY
2025-02-06,63.24909962067837,0,-0.0,RSI_LT_38,SPY
2025-02-07,52.899477744504225,0,0.0,RSI_LT_38,SPY
2025-02-10,51.67846886030764,0,0.0,RSI_LT_38,SPY
2025-02-11,48.885375627329914,0,-0.0,RSI_LT_38,SPY
2025-02-12,43.52319041055551,0,0.0,RSI_LT_38,SPY
2025-02-13,51.632058898105555,0,-0.0,RSI_LT_38,SPY
2025-02-14,61.389235450792924,0,0.0,RSI_LT_38,SPY
2025-02-18,58.29958631436038,0,0.0,RSI_LT_38,SPY
2025-02-19,63.654268729558694,0,-0.0,RSI_LT_38,SPY
2025-02-20,56.66838919350684,0,-0.0,RSI_LT_38,SPY
2025-02-21,48.01099306992326,0,-0.0,RSI_LT_38,SPY
2025-02-24,49.3905104300771,0,-0.0,RSI_LT_38,SPY
2025-02-25,41.603501712794305,0,0.0,RSI_LT_38,SPY
2025-02-26,38.68100528277325,0,-0.0,RSI_LT_38,SPY
2025-02-27,28.793558374794316,1,1.5605512474676564,RSI_LT_38,SPY
2025-02-28,43.867451389338534,0,-0.0,RSI_LT_38,SPY
2025-03-03,32.45090048799722,1,-1.1836911709231068,RSI_LT_38,SPY
2025-03-04,28.612213097378273,1,1.0747863198125485,RSI_LT_38,SPY
2025-03-05,35.65573593736387,1,-1.7751133038238276,RSI_LT_38,SPY
2025-03-06,25.23414934109897,1,0.5604862520902865,RSI_LT_38,SPY
2025-03-07,28.323881438776795,1,-2.663558528182819,RSI_LT_38,SPY
2025-03-10,22.171190870674337,1,-0.8312879584754462,RSI_LT_38,SPY
2025-03-11,19.896480598169404,1,0.5306541044969082,RSI_LT_38,SPY
2025-03-12,22.91511816138346,1,-1.333049237232553,RSI_LT_38,SPY
2025-03-13,23.659048646556656,1,2.0655788693630495,RSI_LT_38,SPY
2025-03-14,32.92972356092491,1,0.7711353519474162,RSI_LT_38,SPY
2025-03-17,36.737508799986614,1,-1.0808436249554187,RSI_LT_38,SPY
2025-03-18,34.475754133977674,1,1.0890850841058342,RSI_LT_38,SPY
2025-03-19,41.43240582244247,0,-0.0,RSI_LT_38,SPY
2025-03-20,35.225051753196496,1,-0.26702678945725866,RSI_LT_38,SPY
2025-03-21,38.77989294805337,0,0.0,RSI_LT_38,SPY
2025-03-24,48.4788978680458,0,0.0,RSI_LT_38,SPY
2025-03-25,45.609998589761666,0,-0.0,RSI_LT_38,SPY
2025-03-26,47.52046747537438,0,-0.0,RSI_LT_38,SPY
2025-03-27,44.56871956871957,0,-0.0,RSI_LT_38,SPY
2025-03-28,46.82414735388951,0,0.0,RSI_LT_38,SPY
2025-03-31,52.26709924705173,0,0.0,RSI_LT_38,SPY
2025-04-01,51.39700054570969,0,0.0,RSI_LT_38,SPY
2025-04-02,59.191693211377554,0,-0.0,RSI_LT_38,SPY
2025-04-03,35.11236737114362,1,-5.854297133053565,RSI_LT_38,SPY
2025-04-04,23.046121438878913,1,-0.17811785518102585,RSI_LT_38,SPY
2025-04-07,24.146461871749466,1,-1.56627816725603,RSI_LT_38,SPY
2025-04-08,18.270059184768257,1,10.501930183911302,RSI_LT_38,SPY
2025-04-09,44.78774621194263,0,-0.0,RSI_LT_38,SPY
2025-04-10,39.31440105728879,0,0.0,RSI_LT_38,SPY
2025-04-11,39.06981745634186,0,0.0,RSI_LT_38,SPY
2025-04-14,40.30519199267917,0,-0.0,RSI_LT_38,SPY
2025-04-15,41.491807224714975,0,-0.0,RSI_LT_38,SPY
2025-04-16,39.2415504383274,0,0.0,RSI_LT_38,SPY
2025-04-17,41.95677356573438,0,-0.0,RSI_LT_38,SPY
2025-04-21,38.0632578368709,0,0.0,RSI_LT_38,SPY
2025-04-22,41.67079005285473,0,0.0,RSI_LT_38,SPY
2025-04-23,42.972360826875764,0,0.0,RSI_LT_38,SPY
2025-04-24,52.622183302910265,0,0.0,RSI_LT_38,SPY
2025-04-25,63.91241439976547,0,0.0,RSI_LT_38,SPY
2025-04-28,64.31343582694174,0,0.0,RSI_LT_38,SPY
2025-04-29,68.31539611504687,0,0.0,RSI_LT_38,SPY
2025-04-30,52.792973867972066,0,0.0,RSI_LT_38,SPY
2025-05-01,69.7333059443753,0,0.0,RSI_LT_38,SPY
2025-05-02,69.35142219851832,0,-0.0,RSI_LT_38,SPY
2025-05-05,64.71582966425139,0,-0.0,RSI_LT_38,SPY
2025-05-06,62.30974825038949,0,0.0,RSI_LT_38,SPY
2025-05-07,73.20520239287724,0,0.0,RSI_LT_38,SPY
2025-05-08,74.26850561603118,0,-0.0,RSI_LT_38,SPY
2025-05-09,87.20142769332672,0,0.0,RSI_LT_38,SPY
2025-05-12,88.12586104686599,0,0.0,RSI_LT_38,SPY
2025-05-13,87.38006836502522,0,0.0,RSI_LT_38,SPY
2025-05-14,85.10128523716334,0,0.0,RSI_LT_38,SPY
2025-05-15,84.81987795102029,0,0.0,RSI_LT_38,SPY
2025-05-16,85.7025374168194,0,0.0,RSI_LT_38,SPY
2025-05-19,85.00604658665702,0,-0.0,RSI_LT_38,SPY
2025-05-20,82.10156572046975,0,-0.0,RSI_LT_38,SPY
2025-05-21,68.55318872339635,0,0.0,RSI_LT_38,SPY
2025-05-22,64.1581601604462,0,-0.0,RSI_LT_38,SPY
2025-05-23,63.35613789759057,0,0.0,RSI_LT_38,SPY
2025-05-27,74.60825817306934,0,-0.0,RSI_LT_38,SPY
2025-05-28,69.89516214507351,0,0.0,RSI_LT_38,SPY
2025-05-29,69.16113972081669,0,-0.0,RSI_LT_38,SPY
2025-05-30,69.22483111130681,0,0.0,RSI_LT_38,SPY
2025-06-02,59.755124942879235,0,0.0,RSI_LT_38,SPY
2025-06-03,59.37181529450178,0,-0.0,RSI_LT_38,SPY
2025-06-04,58.5520337069369,0,-0.0,RSI_LT_38,SPY
2025-06-05,52.65527814279457,0,0.0,RSI_LT_38,SPY
2025-06-06,54.83175393079602,0,0.0,RSI_LT_38,SPY
2025-06-09,54.7343646612448,0,0.0,RSI_LT_38,SPY
2025-06-10,59.759586998319534,0,-0.0,RSI_LT_38,SPY
2025-06-11,70.95592607239551,0,0.0,RSI_LT_38,SPY
2025-06-12,72.31087435389404,0,-0.0,RSI_LT_38,SPY
2025-06-13,68.22900470915437,0,0.0,RSI_LT_38,SPY
2025-06-16,63.497927155336875,0,-0.0,RSI_LT_38,SPY
2025-06-17,61.02614179803491,0,-0.0,RSI_LT_38,SPY
2025-06-18,58.753849935653655,0,-0.0,RSI_LT_38,SPY
2025-06-20,55.46858149154301,0,0.0,RSI_LT_38,SPY
2025-06-23,57.87134076964106,0,0.0,RSI_LT_38,SPY
2025-06-24,60.5820505415337,0,0.0,RSI_LT_38,SPY
2025-06-25,61.03768189234261,0,0.0,RSI_LT_38,SPY
2025-06-26,67.90335635312601,0,0.0,RSI_LT_38,SPY
2025-06-27,65.92605011766939,0,0.0,RSI_LT_38,SPY
2025-06-30,67.50143740160118,0,-0.0,RSI_LT_38,SPY
2025-07-01,64.9558994715956,0,0.0,RSI_LT_38,SPY
2025-07-02,69.17059859737643,0,0.0,RSI_LT_38,SPY
2025-07-03,70.64456524149749,0,-0.0,RSI_LT_38,SPY
2025-07-07,73.58570169306059,0,-0.0,RSI_LT_38,SPY
2025-07-08,69.68355773731129,0,0.0,RSI_LT_38,SPY
2025-07-09,80.54345763855218,0,0.0,RSI_LT_38,SPY
2025-07-10,81.46352224068771,0,-0.0,RSI_LT_38,SPY
2025-07-11,83.23520301774919,0,0.0,RSI_LT_38,SPY
2025-07-14,81.2468774699889,0,-0.0,RSI_LT_38,SPY
2025-07-15,71.63385657548613,0,0.0,RSI_LT_38,SPY
2025-07-16,72.95923217370496,0,0.0,RSI_LT_38,SPY
2025-07-17,72.26664604698934,0,-0.0,RSI_LT_38,SPY
2025-07-18,68.78164413803087,0,0.0,RSI_LT_38,SPY
2025-07-21,67.07331503670142,0,0.0,RSI_LT_38,SPY
2025-07-22,67.58708125541025,0,0.0,RSI_LT_38,SPY
2025-07-23,69.98843840435794,0,0.0,RSI_LT_38,SPY
2025-07-24,65.26562929700488,0,0.0,RSI_LT_38,SPY
2025-07-25,79.57508184610514,0,-0.0,RSI_LT_38,SPY
2025-07-28,80.09440810148097,0,-0.0,RSI_LT_38,SPY
2025-07-29,71.92653753778872,0,-0.0,RSI_LT_38,SPY
2025-07-30,67.57541294609601,0,-0.0,RSI_LT_38,SPY
2025-07-31,67.08417043619735,0,-0.0,RSI_LT_38,SPY
2025-08-01,45.44645057536602,0,0.0,RSI_LT_38,SPY
2025-08-04,61.09062940879262,0,-0.0,RSI_LT_38,SPY
2025-08-05,54.482433587902094,0,0.0,RSI_LT_38,SPY
2025-08-06,55.53485574353266,0,-0.0,RSI_LT_38,SPY
2025-08-07,55.44412994815793,0,0.0,RSI_LT_38,SPY
2025-08-08,59.017758155570704,0,-0.0,RSI_LT_38,SPY
2025-08-11,57.38491771126352,0,0.0,RSI_LT_38,SPY
2025-08-12,58.61434831887027,0,0.0,RSI_LT_38,SPY
2025-08-13,60.222615005238204,0,0.0,RSI_LT_38,SPY
2025-08-14,58.07780671045508,0,-0.0,RSI_LT_38,SPY
2025-08-15,56.50778519224659,0,-0.0,RSI_LT_38,SPY
2025-08-18,58.305726813360586,0,-0.0,RSI_LT_38,SPY
2025-08-19,55.23581287885485,0,-0.0,RSI_LT_38,SPY
2025-08-20,55.98089889953155,0,-0.0,RSI_LT_38,SPY
2025-08-21,66.22854073410923,0,0.0,RSI_LT_38,SPY
2025-08-22,66.47246033867839,0,-0.0,RSI_LT_38,SPY
2025-08-25,67.0347021250355,0,0.0,RSI_LT_38,SPY
2025-08-26,65.30651054754887,0,0.0,RSI_LT_38,SPY
2025-08-27,67.3754963331819,0,0.0,RSI_LT_38,SPY
2025-08-28,65.15224083766334,0,-0.0,RSI_LT_38,SPY
2025-08-29,61.03988309617996,0,-0.0,RSI_LT_38,SPY
2025-09-02,46.92583834076371,0,0.0,RSI_LT_38,SPY
2025-09-03,48.58475969006222,0,0.0,RSI_LT_38,SPY
2025-09-04,54.53752100365945,0,-0.0,RSI_LT_38,SPY
2025-09-05,54.10188600184212,0,0.0,RSI_LT_38,SPY
2025-09-08,55.78817985751229,0,0.0,RSI_LT_38,SPY
2025-09-09,61.489747486867714,0,0.0,RSI_LT_38,SPY
2025-09-10,65.33945809412637,0,0.0,RSI_LT_38,SPY
2025-09-11,72.61369702713075,0,-0.0,RSI_LT_38,SPY
2025-09-12,65.40219776121722,0,0.0,RSI_LT_38,SPY
2025-09-15,73.08462858566239,0,-0.0,RSI_LT_38,SPY
2025-09-16,69.44449331667768,0,-0.0,RSI_LT_38,SPY
2025-09-17,66.72887889443393,0,0.0,RSI_LT_38,SPY
2025-09-18,67.41518421308447,0,0.0,RSI_LT_38,SPY
2025-09-19,75.99669215612207,0,0.0,RSI_LT_38,SPY
2025-09-22,88.81094815673339,0,-0.0,RSI_LT_38,SPY
2025-09-23,78.30763141874922,0,-0.0,RSI_LT_38,SPY
2025-09-24,69.24796811748831,0,-0.0,RSI_LT_38,SPY
2025-09-25,66.73887279057766,0,0.0,RSI_LT_38,SPY
2025-09-26,68.84240683620241,0,0.0,RSI_LT_38,SPY
2025-09-29,69.16443531654798,0,0.0,RSI_LT_38,SPY
2025-09-30,69.70372614985176,0,0.0,RSI_LT_38,SPY
2025-10-01,66.74918037433508,0,0.0,RSI_LT_38,SPY
2025-10-02,67.97562312458777,0,-0.0,RSI_LT_38,SPY
2025-10-03,64.13496759064847,0,0.0,RSI_LT_38,SPY
2025-10-06,68.8168469035268,0,-0.0,RSI_LT_38,SPY
2025-10-07,65.28292608768278,0,0.0,RSI_LT_38,SPY
2025-10-08,66.2279356454805,0,-0.0,RSI_LT_38,SPY
2025-10-09,60.98994374829158,0,-0.0,RSI_LT_38,SPY
2025-10-10,35.880628212179374,1,1.5344029580113494,RSI_LT_38,SPY
2025-10-13,49.84633611465333,0,-0.0,RSI_LT_38,SPY
2025-10-14,51.045724020135005,0,0.0,RSI_LT_38,SPY
2025-10-15,56.602393872916906,0,-0.0,RSI_LT_38,SPY
2025-10-16,48.920996614475484,0,0.0,RSI_LT_38,SPY
2025-10-17,50.62756314742906,0,0.0,RSI_LT_38,SPY
2025-10-20,54.19811188559211,0,-0.0,RSI_LT_38,SPY
2025-10-21,52.41823828768148,0,-0.0,RSI_LT_38,SPY
2025-10-22,48.844410403435624,0,0.0,RSI_LT_38,SPY
2025-10-23,51.949835114113355,0,0.0,RSI_LT_38,SPY
2025-10-24,54.11800986475621,0,0.0,RSI_LT_38,SPY
2025-10-27,60.89485399550857,0,0.0,RSI_LT_38,SPY
2025-10-28,59.71315721700963,0,0.0,RSI_LT_38,SPY
2025-10-29,61.56152526411076,0,-0.0,RSI_LT_38,SPY
2025-10-30,72.48786411494815,0,0.0,RSI_LT_38,SPY
2025-10-31,68.35202551653792,0,0.0,RSI_LT_38,SPY
2025-11-03,70.18555675781674,0,-0.0,RSI_LT_38,SPY
2025-11-04,58.76414724502556,0,0.0,RSI_LT_38,SPY
2025-11-05,65.32752509716904,0,-0.0,RSI_LT_38,SPY
2025-11-06,55.03570416166089,0,0.0,RSI_LT_38,SPY
2025-11-07,49.68587804841208,0,0.0,RSI_LT_38,SPY
2025-11-10,58.05683943296222,0,0.0,RSI_LT_38,SPY
2025-11-11,62.446759275456344,0,0.0,RSI_LT_38,SPY
2025-11-12,60.10784132586642,0,-0.0,RSI_LT_38,SPY
2025-11-13,45.88661730279751,0,-0.0,RSI_LT_38,SPY
2025-11-14,37.998227838348036,1,-0.9316461288915168,RSI_LT_38,SPY
2025-11-17,32.1422893481717,1,-0.8397503213040225,RSI_LT_38,SPY
2025-11-18,29.04070472794656,1,0.3863149507556951,RSI_LT_38,SPY
2025-11-19,35.70004110277215,1,-1.5242255122032589,RSI_LT_38,SPY
2025-11-20,28.2900032936155,1,0.9961227389035265,RSI_LT_38,SPY
2025-11-21,33.4016224357206,1,1.4718526835907575,RSI_LT_38,SPY
2025-11-24,45.6501312383056,0,0.0,RSI_LT_38,SPY
2025-11-25,48.375223032529625,0,0.0,RSI_LT_38,SPY
2025-11-26,56.15071860816945,0,0.0,RSI_LT_38,SPY
2025-11-28,57.83896019846834,0,-0.0,RSI_LT_38,SPY
2025-12-01,49.186041475409695,0,0.0,RSI_LT_38,SPY
2025-12-02,48.973053090477414,0,0.0,RSI_LT_38,SPY
2025-12-03,50.34670990720655,0,0.0,RSI_LT_38,SPY
2025-12-04,59.846959284200814,0,0.0,RSI_LT_38,SPY
2025-12-05,60.76684725713892,0,-0.0,RSI_LT_38,SPY
2025-12-08,65.0419221304478,0,-0.0,RSI_LT_38,SPY
2025-12-09,70.98718595319815,0,0.0,RSI_LT_38,SPY
2025-12-10,72.00071071292044,0,0.0,RSI_LT_38,SPY
2025-12-11,88.02403402159413,0,-0.0,RSI_LT_38,SPY
2025-12-12,73.15135088090116,0,-0.0,RSI_LT_38,SPY
2025-12-15,64.84412042727584,0,-0.0,RSI_LT_38,SPY
2025-12-16,55.34867550791981,0,-0.0,RSI_LT_38,SPY
2025-12-17,39.32993445010925,0,0.0,RSI_LT_38,SPY
2025-12-18,41.38438858323961,0,0.0,RSI_LT_38,SPY
2025-12-19,50.38873607022904,0,0.0,RSI_LT_38,SPY
2025-12-22,53.73809612701521,0,0.0,RSI_LT_38,SPY
2025-12-23,54.53129565577837,0,,RSI_LT_38,SPY
