Date,RSI,Active,Return,Signal_Type,Ticker
1993-01-29,,0,0.0,RSI_LT_26,SPY
1993-02-01,,0,0.0,RSI_LT_26,SPY
1993-02-02,,0,0.0,RSI_LT_26,SPY
1993-02-03,,0,0.0,RSI_LT_26,SPY
1993-02-04,,0,-0.0,RSI_LT_26,SPY
1993-02-05,97.14285714285714,0,0.0,RSI_LT_26,SPY
1993-02-08,96.0,0,-0.0,RSI_LT_26,SPY
1993-02-09,65.625,0,0.0,RSI_LT_26,SPY
1993-02-10,42.10526315789474,0,0.0,RSI_LT_26,SPY
1993-02-11,45.0,0,-0.0,RSI_LT_26,SPY
1993-02-12,30.0,0,-0.0,RSI_LT_26,SPY
1993-02-16,13.63636363636364,1,-0.07189072609633529,RSI_LT_26,SPY
1993-02-17,15.78947368421052,1,-0.07194244604316058,RSI_LT_26,SPY
1993-02-18,12.5,1,0.3599712023038215,RSI_LT_26,SPY
1993-02-19,9.259259259259252,1,0.35868005738881603,RSI_LT_26,SPY
1993-02-22,20.83333333333333,1,-0.07147962830593713,RSI_LT_26,SPY
1993-02-23,76.92307692307693,0,0.0,RSI_LT_26,SPY
1993-02-24,93.33333333333333,0,0.0,RSI_LT_26,SPY
1993-02-25,96.875,0,0.0,RSI_LT_26,SPY
1993-02-26,96.55172413793103,0,-0.0,RSI_LT_26,SPY
1993-03-01,82.14285714285714,0,0.0,RSI_LT_26,SPY
1993-03-02,91.66666666666667,0,0.0,RSI_LT_26,SPY
1993-03-03,88.88888888888889,0,-0.0,RSI_LT_26,SPY
1993-03-04,70.73170731707317,0,-0.0,RSI_LT_26,SPY
1993-03-05,62.7906976744186,0,0.0,RSI_LT_26,SPY
1993-03-08,83.09859154929578,0,-0.0,RSI_LT_26,SPY
1993-03-09,69.0909090909091,0,0.0,RSI_LT_26,SPY
1993-03-10,67.30769230769232,0,-0.0,RSI_LT_26,SPY
1993-03-11,72.91666666666666,0,-0.0,RSI_LT_26,SPY
1993-03-12,59.32203389830509,0,0.0,RSI_LT_26,SPY
1993-03-15,29.411764705882362,0,0.0,RSI_LT_26,SPY
1993-03-16,34.48275862068965,0,-0.0,RSI_LT_26,SPY
1993-03-17,20.0,1,0.6245662734212454,RSI_LT_26,SPY
1993-03-18,40.0,0,-0.0,RSI_LT_26,SPY
1993-03-19,47.05882352941176,0,-0.0,RSI_LT_26,SPY
1993-03-22,25.714285714285722,1,0.20935101186323468,RSI_LT_26,SPY
1993-03-23,31.578947368421055,0,0.0,RSI_LT_26,SPY
1993-03-24,41.379310344827594,0,0.0,RSI_LT_26,SPY
1993-03-25,41.379310344827594,0,-0.0,RSI_LT_26,SPY
1993-03-26,42.857142857142854,0,0.0,RSI_LT_26,SPY
1993-03-29,69.23076923076923,0,0.0,RSI_LT_26,SPY
1993-03-30,70.37037037037037,0,-0.0,RSI_LT_26,SPY
1993-03-31,67.85714285714286,0,-0.0,RSI_LT_26,SPY
1993-04-01,41.66666666666667,0,-0.0,RSI_LT_26,SPY
1993-04-02,21.73913043478261,1,0.49610205527994555,RSI_LT_26,SPY
1993-04-05,23.404255319148945,1,-0.28208744710860323,RSI_LT_26,SPY
1993-04-06,14.893617021276597,1,0.35360678925036026,RSI_LT_26,SPY
1993-04-07,23.529411764705884,1,-0.14094432699084392,RSI_LT_26,SPY
1993-04-08,25.0,1,1.4114326040931546,RSI_LT_26,SPY
1993-04-12,84.21052631578948,0,0.0,RSI_LT_26,SPY
1993-04-13,82.3529411764706,0,-0.0,RSI_LT_26,SPY
1993-04-14,87.5,0,0.0,RSI_LT_26,SPY
1993-04-15,85.18518518518519,0,0.0,RSI_LT_26,SPY
1993-04-16,92.0,0,-0.0,RSI_LT_26,SPY
1993-04-19,27.272727272727266,0,-0.0,RSI_LT_26,SPY
1993-04-20,0.0,1,-0.070175438596487,RSI_LT_26,SPY
1993-04-21,0.0,1,-1.2640449438202195,RSI_LT_26,SPY
1993-04-22,0.0,1,-0.4267425320056861,RSI_LT_26,SPY
1993-04-23,0.0,1,-0.7857142857142896,RSI_LT_26,SPY
1993-04-26,0.0,1,1.0799136069114423,RSI_LT_26,SPY
1993-04-27,29.411764705882348,0,-0.0,RSI_LT_26,SPY
1993-04-28,28.301886792452834,0,0.0,RSI_LT_26,SPY
1993-04-29,51.21951219512195,0,0.0,RSI_LT_26,SPY
1993-04-30,62.16216216216216,0,0.0,RSI_LT_26,SPY
1993-05-03,91.42857142857143,0,0.0,RSI_LT_26,SPY
1993-05-04,88.0,0,0.0,RSI_LT_26,SPY
1993-05-05,100.0,0,-0.0,RSI_LT_26,SPY
1993-05-06,80.0,0,-0.0,RSI_LT_26,SPY
1993-05-07,69.23076923076923,0,0.0,RSI_LT_26,SPY
1993-05-10,60.0,0,0.0,RSI_LT_26,SPY
1993-05-11,61.904761904761905,0,-0.0,RSI_LT_26,SPY
1993-05-12,47.368421052631575,0,-0.0,RSI_LT_26,SPY
1993-05-13,29.032258064516128,0,-0.0,RSI_LT_26,SPY
1993-05-14,31.034482758620683,0,0.0,RSI_LT_26,SPY
1993-05-17,35.483870967741936,0,-0.0,RSI_LT_26,SPY
1993-05-18,19.23076923076924,1,2.053824362606238,RSI_LT_26,SPY
1993-05-19,64.15094339622641,0,0.0,RSI_LT_26,SPY
1993-05-20,95.0,0,-0.0,RSI_LT_26,SPY
1993-05-21,73.07692307692308,0,0.0,RSI_LT_26,SPY
1993-05-24,73.58490566037736,0,0.0,RSI_LT_26,SPY
1993-05-25,76.36363636363636,0,0.0,RSI_LT_26,SPY
1993-05-26,70.45454545454545,0,-0.0,RSI_LT_26,SPY
1993-05-27,60.0,0,-0.0,RSI_LT_26,SPY
1993-05-28,69.23076923076923,0,0.0,RSI_LT_26,SPY
1993-06-01,74.46808510638297,0,-0.0,RSI_LT_26,SPY
1993-06-02,69.56521739130434,0,-0.0,RSI_LT_26,SPY
1993-06-03,42.42424242424243,0,-0.0,RSI_LT_26,SPY
1993-06-04,42.42424242424243,0,-0.0,RSI_LT_26,SPY
1993-06-07,45.16129032258064,0,-0.0,RSI_LT_26,SPY
1993-06-08,0.0,1,0.34940600978337066,RSI_LT_26,SPY
1993-06-09,15.151515151515156,1,0.0696378830083555,RSI_LT_26,SPY
1993-06-10,20.689655172413794,1,0.41753653444676075,RSI_LT_26,SPY
1993-06-11,39.99999999999999,0,-0.0,RSI_LT_26,SPY
1993-06-14,44.444444444444436,0,-0.0,RSI_LT_26,SPY
1993-06-15,70.58823529411765,0,0.0,RSI_LT_26,SPY
1993-06-16,66.66666666666666,0,0.0,RSI_LT_26,SPY
1993-06-17,73.68421052631578,0,-0.0,RSI_LT_26,SPY
1993-06-18,22.85714285714286,1,0.21067415730338102,RSI_LT_26,SPY
1993-06-21,30.555555555555557,0,0.0,RSI_LT_26,SPY
1993-06-22,35.294117647058826,0,-0.0,RSI_LT_26,SPY
1993-06-23,20.454545454545453,1,1.3427561837455748,RSI_LT_26,SPY
1993-06-24,39.655172413793096,0,-0.0,RSI_LT_26,SPY
1993-06-25,62.16216216216216,0,0.0,RSI_LT_26,SPY
1993-06-28,72.0,0,-0.0,RSI_LT_26,SPY
1993-06-29,62.5,0,0.0,RSI_LT_26,SPY
1993-06-30,81.3953488372093,0,-0.0,RSI_LT_26,SPY
1993-07-01,57.142857142857146,0,-0.0,RSI_LT_26,SPY
1993-07-02,45.714285714285715,0,-0.0,RSI_LT_26,SPY
1993-07-06,0.0,1,0.2826855123674976,RSI_LT_26,SPY
1993-07-07,12.903225806451616,1,1.127554615926707,RSI_LT_26,SPY
1993-07-08,42.5531914893617,0,0.0,RSI_LT_26,SPY
1993-07-09,51.06382978723405,0,-0.0,RSI_LT_26,SPY
1993-07-12,60.0,0,-0.0,RSI_LT_26,SPY
1993-07-13,92.3076923076923,0,0.0,RSI_LT_26,SPY
1993-07-14,92.5925925925926,0,-0.0,RSI_LT_26,SPY
1993-07-15,52.94117647058823,0,-0.0,RSI_LT_26,SPY
1993-07-16,29.411764705882362,0,-0.0,RSI_LT_26,SPY
1993-07-19,29.411764705882362,0,0.0,RSI_LT_26,SPY
1993-07-20,45.0,0,-0.0,RSI_LT_26,SPY
1993-07-21,25.000000000000014,1,-0.6973500697350032,RSI_LT_26,SPY
1993-07-22,20.0,1,0.49157303370785943,RSI_LT_26,SPY
1993-07-23,47.82608695652174,0,0.0,RSI_LT_26,SPY
1993-07-26,63.33333333333333,0,-0.0,RSI_LT_26,SPY
1993-07-27,55.55555555555556,0,-0.0,RSI_LT_26,SPY
1993-07-28,51.72413793103448,0,0.0,RSI_LT_26,SPY
1993-07-29,85.18518518518519,0,-0.0,RSI_LT_26,SPY
1993-07-30,57.142857142857146,0,0.0,RSI_LT_26,SPY
1993-08-02,50.0,0,0.0,RSI_LT_26,SPY
1993-08-03,54.166666666666664,0,0.0,RSI_LT_26,SPY
1993-08-04,61.904761904761905,0,-0.0,RSI_LT_26,SPY
1993-08-05,31.25,0,0.0,RSI_LT_26,SPY
1993-08-06,70.0,0,0.0,RSI_LT_26,SPY
1993-08-09,78.57142857142857,0,-0.0,RSI_LT_26,SPY
1993-08-10,71.42857142857143,0,0.0,RSI_LT_26,SPY
1993-08-11,71.42857142857143,0,-0.0,RSI_LT_26,SPY
1993-08-12,66.66666666666666,0,0.0,RSI_LT_26,SPY
1993-08-13,66.66666666666666,0,0.0,RSI_LT_26,SPY
1993-08-16,66.66666666666666,0,0.0,RSI_LT_26,SPY
1993-08-17,78.94736842105263,0,0.0,RSI_LT_26,SPY
1993-08-18,85.18518518518519,0,0.0,RSI_LT_26,SPY
1993-08-19,100.0,0,0.0,RSI_LT_26,SPY
1993-08-20,100.0,0,-0.0,RSI_LT_26,SPY
1993-08-23,82.3529411764706,0,0.0,RSI_LT_26,SPY
1993-08-24,89.28571428571429,0,0.0,RSI_LT_26,SPY
1993-08-25,85.71428571428571,0,0.0,RSI_LT_26,SPY
1993-08-26,86.36363636363636,0,-0.0,RSI_LT_26,SPY
1993-08-27,81.81818181818181,0,0.0,RSI_LT_26,SPY
1993-08-30,96.0,0,0.0,RSI_LT_26,SPY
1993-08-31,92.3076923076923,0,-0.0,RSI_LT_26,SPY
1993-09-01,78.57142857142857,0,-0.0,RSI_LT_26,SPY
1993-09-02,55.55555555555556,0,0.0,RSI_LT_26,SPY
1993-09-03,61.111111111111114,0,-0.0,RSI_LT_26,SPY
1993-09-07,22.727272727272734,1,-0.33921302578019397,RSI_LT_26,SPY
1993-09-08,4.347826086956516,1,0.2042205582028611,RSI_LT_26,SPY
1993-09-09,16.666666666666657,1,0.8831521739130377,RSI_LT_26,SPY
1993-09-10,53.125,0,0.0,RSI_LT_26,SPY
1993-09-13,53.125,0,-0.0,RSI_LT_26,SPY
1993-09-14,60.71428571428571,0,0.0,RSI_LT_26,SPY
1993-09-15,77.77777777777777,0,-0.0,RSI_LT_26,SPY
1993-09-16,60.0,0,-0.0,RSI_LT_26,SPY
1993-09-17,17.241379310344826,1,-0.8185538881309684,RSI_LT_26,SPY
1993-09-20,10.0,1,-0.343878954607979,RSI_LT_26,SPY
1993-09-21,10.256410256410263,1,0.8281573498964745,RSI_LT_26,SPY
1993-09-22,25.531914893617028,1,0.5475701574264136,RSI_LT_26,SPY
1993-09-23,40.816326530612244,0,-0.0,RSI_LT_26,SPY
1993-09-24,48.78048780487805,0,0.0,RSI_LT_26,SPY
1993-09-27,80.0,0,-0.0,RSI_LT_26,SPY
1993-09-28,83.72093023255815,0,-0.0,RSI_LT_26,SPY
1993-09-29,66.66666666666666,0,-0.0,RSI_LT_26,SPY
1993-09-30,51.61290322580645,0,0.0,RSI_LT_26,SPY
1993-10-01,67.6470588235294,0,0.0,RSI_LT_26,SPY
1993-10-04,45.0,0,-0.0,RSI_LT_26,SPY
1993-10-05,47.368421052631575,0,-0.0,RSI_LT_26,SPY
1993-10-06,60.0,0,-0.0,RSI_LT_26,SPY
1993-10-07,56.25,0,0.0,RSI_LT_26,SPY
1993-10-08,36.363636363636374,0,0.0,RSI_LT_26,SPY
1993-10-11,41.66666666666667,0,0.0,RSI_LT_26,SPY
1993-10-12,58.33333333333333,0,0.0,RSI_LT_26,SPY
1993-10-13,63.63636363636363,0,0.0,RSI_LT_26,SPY
1993-10-14,100.0,0,0.0,RSI_LT_26,SPY
1993-10-15,100.0,0,-0.0,RSI_LT_26,SPY
1993-10-18,87.87878787878788,0,-0.0,RSI_LT_26,SPY
1993-10-19,64.28571428571428,0,0.0,RSI_LT_26,SPY
1993-10-20,65.9090909090909,0,-0.0,RSI_LT_26,SPY
1993-10-21,37.037037037037045,0,-0.0,RSI_LT_26,SPY
1993-10-22,7.692307692307679,1,0.26954177897573484,RSI_LT_26,SPY
1993-10-25,23.07692307692308,1,-0.06720430107527431,RSI_LT_26,SPY
1993-10-26,37.5,0,0.0,RSI_LT_26,SPY
1993-10-27,33.33333333333333,0,0.0,RSI_LT_26,SPY
1993-10-28,66.66666666666666,0,0.0,RSI_LT_26,SPY
1993-10-29,94.11764705882354,0,0.0,RSI_LT_26,SPY
1993-11-01,94.11764705882354,0,-0.0,RSI_LT_26,SPY
1993-11-02,94.11764705882354,0,-0.0,RSI_LT_26,SPY
1993-11-03,42.857142857142854,0,-0.0,RSI_LT_26,SPY
1993-11-04,10.0,1,0.47716428084525475,RSI_LT_26,SPY
1993-11-05,23.404255319148945,1,0.13568521031208647,RSI_LT_26,SPY
1993-11-08,20.0,1,0.06775067750677266,RSI_LT_26,SPY
1993-11-09,22.222222222222214,1,0.7447528774543022,RSI_LT_26,SPY
1993-11-10,56.75675675675676,0,-0.0,RSI_LT_26,SPY
1993-11-11,84.0,0,0.0,RSI_LT_26,SPY
1993-11-12,84.0,0,-0.0,RSI_LT_26,SPY
1993-11-15,79.16666666666666,0,0.0,RSI_LT_26,SPY
1993-11-16,83.33333333333333,0,-0.0,RSI_LT_26,SPY
1993-11-17,51.85185185185185,0,-0.0,RSI_LT_26,SPY
1993-11-18,51.85185185185185,0,-0.0,RSI_LT_26,SPY
1993-11-19,30.434782608695656,0,-0.0,RSI_LT_26,SPY
1993-11-22,22.58064516129032,1,0.5431093007467691,RSI_LT_26,SPY
1993-11-23,25.000000000000014,1,0.4051316677920358,RSI_LT_26,SPY
1993-11-24,46.666666666666664,0,0.0,RSI_LT_26,SPY
1993-11-26,55.55555555555556,0,-0.0,RSI_LT_26,SPY
1993-11-29,50.0,0,0.0,RSI_LT_26,SPY
1993-11-30,72.72727272727273,0,0.0,RSI_LT_26,SPY
1993-12-01,62.50000000000001,0,0.0,RSI_LT_26,SPY
1993-12-02,57.142857142857146,0,0.0,RSI_LT_26,SPY
1993-12-03,68.42105263157895,0,0.0,RSI_LT_26,SPY
1993-12-06,100.0,0,-0.0,RSI_LT_26,SPY
1993-12-07,94.44444444444444,0,0.0,RSI_LT_26,SPY
1993-12-08,93.75,0,-0.0,RSI_LT_26,SPY
1993-12-09,64.70588235294119,0,-0.0,RSI_LT_26,SPY
1993-12-10,35.71428571428572,0,0.0,RSI_LT_26,SPY
1993-12-13,50.0,0,-0.0,RSI_LT_26,SPY
1993-12-14,32.14285714285715,0,-0.0,RSI_LT_26,SPY
1993-12-15,30.0,0,0.0,RSI_LT_26,SPY
1993-12-16,46.666666666666664,0,-0.0,RSI_LT_26,SPY
1993-12-17,48.27586206896551,0,0.0,RSI_LT_26,SPY
1993-12-20,31.818181818181813,0,-0.0,RSI_LT_26,SPY
1993-12-21,43.75,0,0.0,RSI_LT_26,SPY
1993-12-22,70.83333333333334,0,-0.0,RSI_LT_26,SPY
1993-12-23,60.0,0,0.0,RSI_LT_26,SPY
1993-12-27,76.92307692307693,0,0.0,RSI_LT_26,SPY
1993-12-28,77.77777777777777,0,-0.0,RSI_LT_26,SPY
1993-12-29,87.5,0,-0.0,RSI_LT_26,SPY
1993-12-30,55.0,0,-0.0,RSI_LT_26,SPY
1993-12-31,40.74074074074074,0,-0.0,RSI_LT_26,SPY
1994-01-03,13.043478260869563,1,0.4034969737726879,RSI_LT_26,SPY
1994-01-04,23.07692307692308,1,0.20093770931011168,RSI_LT_26,SPY
1994-01-05,33.33333333333333,0,0.0,RSI_LT_26,SPY
1994-01-06,42.857142857142854,0,0.0,RSI_LT_26,SPY
1994-01-07,81.81818181818181,0,0.0,RSI_LT_26,SPY
1994-01-10,100.0,0,-0.0,RSI_LT_26,SPY
1994-01-11,90.9090909090909,0,-0.0,RSI_LT_26,SPY
1994-01-12,77.14285714285714,0,-0.0,RSI_LT_26,SPY
1994-01-13,69.23076923076923,0,0.0,RSI_LT_26,SPY
1994-01-14,66.66666666666666,0,0.0,RSI_LT_26,SPY
1994-01-17,33.33333333333333,0,0.0,RSI_LT_26,SPY
1994-01-18,47.05882352941176,0,-0.0,RSI_LT_26,SPY
1994-01-19,50.0,0,0.0,RSI_LT_26,SPY
1994-01-20,75.0,0,-0.0,RSI_LT_26,SPY
1994-01-21,46.15384615384615,0,-0.0,RSI_LT_26,SPY
1994-01-24,31.578947368421055,0,0.0,RSI_LT_26,SPY
1994-01-25,23.529411764705884,1,0.26490066225166586,RSI_LT_26,SPY
1994-01-26,47.05882352941176,0,0.0,RSI_LT_26,SPY
1994-01-27,66.66666666666666,0,0.0,RSI_LT_26,SPY
1994-01-28,78.57142857142857,0,0.0,RSI_LT_26,SPY
1994-01-31,100.0,0,-0.0,RSI_LT_26,SPY
1994-02-01,80.48780487804878,0,0.0,RSI_LT_26,SPY
1994-02-02,82.97872340425532,0,-0.0,RSI_LT_26,SPY
1994-02-03,62.50000000000001,0,-0.0,RSI_LT_26,SPY
1994-02-04,29.577464788732385,0,0.0,RSI_LT_26,SPY
1994-02-07,25.373134328358205,1,0.06622516556291647,RSI_LT_26,SPY
1994-02-08,30.0,0,0.0,RSI_LT_26,SPY
1994-02-09,25.0,1,-0.856954515491104,RSI_LT_26,SPY
1994-02-10,22.58064516129032,1,0.3324468085106336,RSI_LT_26,SPY
1994-02-11,59.375,0,0.0,RSI_LT_26,SPY
1994-02-14,51.85185185185185,0,0.0,RSI_LT_26,SPY
1994-02-15,61.76470588235294,0,-0.0,RSI_LT_26,SPY
1994-02-16,51.72413793103448,0,-0.0,RSI_LT_26,SPY
1994-02-17,60.0,0,-0.0,RSI_LT_26,SPY
1994-02-18,34.48275862068965,0,0.0,RSI_LT_26,SPY
1994-02-22,54.76190476190476,0,-0.0,RSI_LT_26,SPY
1994-02-23,39.473684210526315,0,-0.0,RSI_LT_26,SPY
1994-02-24,26.31578947368422,0,0.0,RSI_LT_26,SPY
1994-02-25,40.0,0,0.0,RSI_LT_26,SPY
1994-02-28,47.82608695652174,0,-0.0,RSI_LT_26,SPY
1994-03-01,18.91891891891892,1,0.13404825737264314,RSI_LT_26,SPY
1994-03-02,25.714285714285722,1,-0.2677376171352108,RSI_LT_26,SPY
1994-03-03,47.368421052631575,0,0.0,RSI_LT_26,SPY
1994-03-04,37.5,0,0.0,RSI_LT_26,SPY
1994-03-07,58.33333333333333,0,-0.0,RSI_LT_26,SPY
1994-03-08,58.33333333333333,0,0.0,RSI_LT_26,SPY
1994-03-09,65.51724137931035,0,-0.0,RSI_LT_26,SPY
1994-03-10,51.35135135135135,0,0.0,RSI_LT_26,SPY
1994-03-11,56.09756097560975,0,0.0,RSI_LT_26,SPY
1994-03-14,48.57142857142857,0,-0.0,RSI_LT_26,SPY
1994-03-15,56.666666666666664,0,0.0,RSI_LT_26,SPY
1994-03-16,62.85714285714286,0,0.0,RSI_LT_26,SPY
1994-03-17,95.65217391304348,0,-0.0,RSI_LT_26,SPY
1994-03-18,58.33333333333333,0,-0.0,RSI_LT_26,SPY
1994-03-21,46.15384615384615,0,0.0,RSI_LT_26,SPY
1994-03-22,55.17241379310345,0,-0.0,RSI_LT_26,SPY
1994-03-23,22.22222222222223,1,-1.1984021304926817,RSI_LT_26,SPY
1994-03-24,11.111111111111114,1,-0.9433962264150941,RSI_LT_26,SPY
1994-03-25,9.756097560975604,1,0.13605442176871652,RSI_LT_26,SPY
1994-03-28,15.384615384615387,1,-1.970108695652173,RSI_LT_26,SPY
1994-03-29,3.125,1,-1.3860013860013898,RSI_LT_26,SPY
1994-03-30,2.409638554216883,1,0.28109627547434624,RSI_LT_26,SPY
1994-03-31,8.695652173913047,1,-1.5416958654519974,RSI_LT_26,SPY
1994-04-04,7.792207792207776,1,2.0640569395017794,RSI_LT_26,SPY
1994-04-05,31.730769230769226,0,0.0,RSI_LT_26,SPY
1994-04-06,43.99999999999999,0,0.0,RSI_LT_26,SPY
1994-04-07,64.51612903225806,0,-0.0,RSI_LT_26,SPY
1994-04-08,52.17391304347826,0,0.0,RSI_LT_26,SPY
1994-04-11,79.24528301886792,0,-0.0,RSI_LT_26,SPY
1994-04-12,50.0,0,-0.0,RSI_LT_26,SPY
1994-04-13,38.80597014925374,0,0.0,RSI_LT_26,SPY
1994-04-14,24.074074074074076,1,0.0,RSI_LT_26,SPY
1994-04-15,40.625,0,-0.0,RSI_LT_26,SPY
1994-04-18,2.564102564102569,1,0.1410934744268122,RSI_LT_26,SPY
1994-04-19,12.820512820512818,1,-0.10567101091933928,RSI_LT_26,SPY
1994-04-20,18.51851851851852,1,1.3399153737658764,RSI_LT_26,SPY
1994-04-21,65.625,0,-0.0,RSI_LT_26,SPY
1994-04-22,62.68656716417911,0,0.0,RSI_LT_26,SPY
1994-04-25,92.3076923076923,0,-0.0,RSI_LT_26,SPY
1994-04-26,88.31168831168831,0,-0.0,RSI_LT_26,SPY
1994-04-28,71.57894736842105,0,0.0,RSI_LT_26,SPY
1994-04-29,59.09090909090909,0,0.0,RSI_LT_26,SPY
1994-05-02,70.37037037037037,0,-0.0,RSI_LT_26,SPY
1994-05-03,50.0,0,-0.0,RSI_LT_26,SPY
1994-05-04,48.214285714285715,0,-0.0,RSI_LT_26,SPY
1994-05-05,69.23076923076923,0,-0.0,RSI_LT_26,SPY
1994-05-06,31.034482758620683,0,-0.0,RSI_LT_26,SPY
1994-05-09,0.0,1,0.774920746741814,RSI_LT_26,SPY
1994-05-10,26.190476190476204,0,-0.0,RSI_LT_26,SPY
1994-05-11,20.95238095238095,1,0.49382716049382047,RSI_LT_26,SPY
1994-05-12,31.304347826086953,0,0.0,RSI_LT_26,SPY
1994-05-13,41.379310344827594,0,0.0,RSI_LT_26,SPY
1994-05-16,58.730158730158735,0,0.0,RSI_LT_26,SPY
1994-05-17,68.67469879518072,0,0.0,RSI_LT_26,SPY
1994-05-18,100.0,0,0.0,RSI_LT_26,SPY
1994-05-19,100.0,0,-0.0,RSI_LT_26,SPY
1994-05-20,87.64044943820224,0,-0.0,RSI_LT_26,SPY
1994-05-23,82.79569892473118,0,0.0,RSI_LT_26,SPY
1994-05-24,74.60317460317461,0,0.0,RSI_LT_26,SPY
1994-05-25,68.0,0,0.0,RSI_LT_26,SPY
1994-05-26,57.89473684210526,0,0.0,RSI_LT_26,SPY
1994-05-27,83.33333333333333,0,-0.0,RSI_LT_26,SPY
1994-05-31,86.20689655172414,0,0.0,RSI_LT_26,SPY
1994-06-01,86.66666666666667,0,-0.0,RSI_LT_26,SPY
1994-06-02,72.0,0,0.0,RSI_LT_26,SPY
1994-06-03,82.5,0,-0.0,RSI_LT_26,SPY
1994-06-06,78.94736842105263,0,-0.0,RSI_LT_26,SPY
1994-06-07,78.94736842105263,0,-0.0,RSI_LT_26,SPY
1994-06-08,34.69387755102041,0,0.0,RSI_LT_26,SPY
1994-06-09,53.22580645161291,0,0.0,RSI_LT_26,SPY
1994-06-10,41.99999999999999,0,0.0,RSI_LT_26,SPY
1994-06-13,47.16981132075472,0,0.0,RSI_LT_26,SPY
1994-06-14,66.66666666666666,0,-0.0,RSI_LT_26,SPY
1994-06-15,80.0,0,0.0,RSI_LT_26,SPY
1994-06-16,76.0,0,-0.0,RSI_LT_26,SPY
1994-06-17,40.74074074074074,0,-0.0,RSI_LT_26,SPY
1994-06-20,28.431372549019613,0,-0.0,RSI_LT_26,SPY
1994-06-21,5.769230769230774,1,0.3811503811503858,RSI_LT_26,SPY
1994-06-22,16.50485436893203,1,-0.5868139454608179,RSI_LT_26,SPY
1994-06-23,9.649122807017534,1,-2.083333333333337,RSI_LT_26,SPY
1994-06-24,7.971014492753625,1,1.7375886524822803,RSI_LT_26,SPY
1994-06-27,37.037037037037045,0,-0.0,RSI_LT_26,SPY
1994-06-28,39.73509933774834,0,0.0,RSI_LT_26,SPY
1994-06-29,38.92617449664429,0,-0.0,RSI_LT_26,SPY
1994-06-30,38.66666666666667,0,0.0,RSI_LT_26,SPY
1994-07-01,66.66666666666666,0,0.0,RSI_LT_26,SPY
1994-07-05,48.38709677419355,0,-0.0,RSI_LT_26,SPY
1994-07-06,57.692307692307686,0,0.0,RSI_LT_26,SPY
1994-07-07,60.0,0,-0.0,RSI_LT_26,SPY
1994-07-08,86.84210526315789,0,-0.0,RSI_LT_26,SPY
1994-07-11,64.28571428571428,0,0.0,RSI_LT_26,SPY
1994-07-12,51.61290322580645,0,0.0,RSI_LT_26,SPY
1994-07-13,65.625,0,0.0,RSI_LT_26,SPY
1994-07-14,78.43137254901961,0,0.0,RSI_LT_26,SPY
1994-07-15,80.3921568627451,0,0.0,RSI_LT_26,SPY
1994-07-18,100.0,0,-0.0,RSI_LT_26,SPY
1994-07-19,87.5,0,-0.0,RSI_LT_26,SPY
1994-07-20,66.07142857142858,0,0.0,RSI_LT_26,SPY
1994-07-21,38.70967741935484,0,0.0,RSI_LT_26,SPY
1994-07-22,45.714285714285715,0,0.0,RSI_LT_26,SPY
1994-07-25,44.11764705882353,0,-0.0,RSI_LT_26,SPY
1994-07-26,48.38709677419355,0,0.0,RSI_LT_26,SPY
1994-07-27,83.33333333333333,0,0.0,RSI_LT_26,SPY
1994-07-28,83.33333333333333,0,0.0,RSI_LT_26,SPY
1994-07-29,92.85714285714286,0,0.0,RSI_LT_26,SPY
1994-08-01,94.23076923076923,0,0.0,RSI_LT_26,SPY
1994-08-02,100.0,0,0.0,RSI_LT_26,SPY
1994-08-03,100.0,0,-0.0,RSI_LT_26,SPY
1994-08-04,73.84615384615384,0,-0.0,RSI_LT_26,SPY
1994-08-05,41.30434782608696,0,0.0,RSI_LT_26,SPY
1994-08-08,30.769230769230774,0,0.0,RSI_LT_26,SPY
1994-08-09,32.5,0,0.0,RSI_LT_26,SPY
1994-08-10,45.99999999999999,0,-0.0,RSI_LT_26,SPY
1994-08-11,52.272727272727266,0,0.0,RSI_LT_26,SPY
1994-08-12,80.7017543859649,0,-0.0,RSI_LT_26,SPY
1994-08-15,76.47058823529412,0,0.0,RSI_LT_26,SPY
1994-08-16,82.08955223880596,0,-0.0,RSI_LT_26,SPY
1994-08-17,75.86206896551724,0,-0.0,RSI_LT_26,SPY
1994-08-18,77.19298245614036,0,-0.0,RSI_LT_26,SPY
1994-08-19,58.33333333333334,0,-0.0,RSI_LT_26,SPY
1994-08-22,55.26315789473684,0,0.0,RSI_LT_26,SPY
1994-08-23,50.0,0,0.0,RSI_LT_26,SPY
1994-08-24,76.5625,0,-0.0,RSI_LT_26,SPY
1994-08-25,79.03225806451613,0,0.0,RSI_LT_26,SPY
1994-08-26,89.32038834951456,0,-0.0,RSI_LT_26,SPY
1994-08-29,90.19607843137254,0,0.0,RSI_LT_26,SPY
1994-08-30,89.24731182795699,0,-0.0,RSI_LT_26,SPY
1994-08-31,73.91304347826087,0,-0.0,RSI_LT_26,SPY
1994-09-01,71.83098591549296,0,-0.0,RSI_LT_26,SPY
1994-09-02,19.512195121951223,1,0.033036009250086984,RSI_LT_26,SPY
1994-09-06,22.5,1,-0.09907529722589237,RSI_LT_26,SPY
1994-09-07,2.857142857142847,1,0.49586776859504855,RSI_LT_26,SPY
1994-09-08,38.095238095238095,0,-0.0,RSI_LT_26,SPY
1994-09-09,25.000000000000014,1,-0.2992021276595702,RSI_LT_26,SPY
1994-09-12,26.66666666666667,0,0.0,RSI_LT_26,SPY
1994-09-13,35.294117647058826,0,0.0,RSI_LT_26,SPY
1994-09-14,39.70588235294118,0,0.0,RSI_LT_26,SPY
1994-09-15,54.94505494505495,0,-0.0,RSI_LT_26,SPY
1994-09-16,50.5050505050505,0,0.0,RSI_LT_26,SPY
1994-09-19,56.98924731182796,0,-0.0,RSI_LT_26,SPY
1994-09-20,31.20567375886526,0,0.0,RSI_LT_26,SPY
1994-09-21,29.710144927536234,0,-0.0,RSI_LT_26,SPY
1994-09-22,2.803738317756995,1,-0.33921302578019397,RSI_LT_26,SPY
1994-09-23,3.896103896103895,1,0.5105513955071528,RSI_LT_26,SPY
1994-09-26,16.853932584269657,1,-0.06772773450728353,RSI_LT_26,SPY
1994-09-27,44.11764705882353,0,0.0,RSI_LT_26,SPY
1994-09-28,66.66666666666666,0,-0.0,RSI_LT_26,SPY
1994-09-29,58.46153846153846,0,-0.0,RSI_LT_26,SPY
1994-09-30,64.40677966101694,0,-0.0,RSI_LT_26,SPY
1994-10-03,45.09803921568627,0,-0.0,RSI_LT_26,SPY
1994-10-04,24.731182795698928,1,0.03443526170798794,RSI_LT_26,SPY
1994-10-05,1.408450704225345,1,-0.3098106712564497,RSI_LT_26,SPY
1994-10-06,1.538461538461533,1,0.44889502762430755,RSI_LT_26,SPY
1994-10-07,18.91891891891892,1,1.0656583018219257,RSI_LT_26,SPY
1994-10-10,45.91836734693878,0,0.0,RSI_LT_26,SPY
1994-10-11,90.81632653061224,0,0.0,RSI_LT_26,SPY
1994-10-12,91.08910891089108,0,0.0,RSI_LT_26,SPY
1994-10-13,100.0,0,0.0,RSI_LT_26,SPY
1994-10-14,100.0,0,-0.0,RSI_LT_26,SPY
1994-10-17,92.20779220779221,0,-0.0,RSI_LT_26,SPY
1994-10-18,67.5,0,0.0,RSI_LT_26,SPY
1994-10-19,74.0,0,-0.0,RSI_LT_26,SPY
1994-10-20,45.00000000000001,0,-0.0,RSI_LT_26,SPY
1994-10-21,23.728813559322035,1,-0.8389261744966459,RSI_LT_26,SPY
1994-10-24,17.948717948717942,1,0.10152284263960087,RSI_LT_26,SPY
1994-10-25,22.97297297297297,1,0.37187288708586674,RSI_LT_26,SPY
1994-10-26,19.718309859154928,1,0.6062647356012141,RSI_LT_26,SPY
1994-10-27,46.3768115942029,0,0.0,RSI_LT_26,SPY
1994-10-28,79.16666666666666,0,-0.0,RSI_LT_26,SPY
1994-10-31,89.62264150943396,0,-0.0,RSI_LT_26,SPY
1994-11-01,67.15328467153284,0,-0.0,RSI_LT_26,SPY
1994-11-02,56.64335664335665,0,0.0,RSI_LT_26,SPY
1994-11-03,56.02836879432625,0,-0.0,RSI_LT_26,SPY
1994-11-04,13.67521367521367,1,0.30354131534569007,RSI_LT_26,SPY
1994-11-07,21.73913043478261,1,0.773369199731011,RSI_LT_26,SPY
1994-11-08,46.15384615384615,0,0.0,RSI_LT_26,SPY
1994-11-09,57.608695652173914,0,-0.0,RSI_LT_26,SPY
1994-11-10,38.144329896907216,0,-0.0,RSI_LT_26,SPY
1994-11-11,53.6231884057971,0,0.0,RSI_LT_26,SPY
1994-11-14,63.63636363636363,0,-0.0,RSI_LT_26,SPY
1994-11-15,43.99999999999999,0,0.0,RSI_LT_26,SPY
1994-11-16,47.5,0,-0.0,RSI_LT_26,SPY
1994-11-17,48.10126582278481,0,-0.0,RSI_LT_26,SPY
1994-11-18,52.77777777777778,0,-0.0,RSI_LT_26,SPY
1994-11-21,13.513513513513516,1,-2.1739130434782594,RSI_LT_26,SPY
1994-11-22,7.8125,1,0.5555555555555536,RSI_LT_26,SPY
1994-11-23,11.9402985074627,1,0.4834254143646355,RSI_LT_26,SPY
1994-11-25,23.4375,1,0.44673539518900185,RSI_LT_26,SPY
1994-11-28,31.386861313868607,0,-0.0,RSI_LT_26,SPY
1994-11-29,39.81481481481481,0,-0.0,RSI_LT_26,SPY
1994-11-30,89.58333333333333,0,-0.0,RSI_LT_26,SPY
1994-12-01,44.26229508196722,0,0.0,RSI_LT_26,SPY
1994-12-02,54.054054054054056,0,0.0,RSI_LT_26,SPY
1994-12-05,46.875,0,0.0,RSI_LT_26,SPY
1994-12-06,49.23076923076923,0,-0.0,RSI_LT_26,SPY
1994-12-07,39.024390243902445,0,-0.0,RSI_LT_26,SPY
1994-12-08,39.50617283950616,0,0.0,RSI_LT_26,SPY
1994-12-09,24.615384615384613,1,0.6590357266736069,RSI_LT_26,SPY
1994-12-12,39.50617283950616,0,0.0,RSI_LT_26,SPY
1994-12-13,45.55555555555555,0,0.0,RSI_LT_26,SPY
1994-12-14,66.66666666666666,0,0.0,RSI_LT_26,SPY
1994-12-15,100.0,0,-0.0,RSI_LT_26,SPY
1994-12-16,85.71428571428571,0,0.0,RSI_LT_26,SPY
1994-12-19,81.25,0,-0.0,RSI_LT_26,SPY
1994-12-20,60.869565217391305,0,0.0,RSI_LT_26,SPY
1994-12-21,70.96774193548387,0,-0.0,RSI_LT_26,SPY
1994-12-22,56.45161290322581,0,0.0,RSI_LT_26,SPY
1994-12-23,67.85714285714286,0,0.0,RSI_LT_26,SPY
1994-12-27,73.52941176470588,0,-0.0,RSI_LT_26,SPY
1994-12-28,67.56756756756758,0,0.0,RSI_LT_26,SPY
1994-12-29,46.666666666666664,0,-0.0,RSI_LT_26,SPY
1994-12-30,29.577464788732385,0,0.0,RSI_LT_26,SPY
1995-01-03,39.024390243902445,0,0.0,RSI_LT_26,SPY
1995-01-04,37.5,0,0.0,RSI_LT_26,SPY
1995-01-05,46.15384615384615,0,0.0,RSI_LT_26,SPY
1995-01-06,46.96969696969697,0,0.0,RSI_LT_26,SPY
1995-01-09,100.0,0,0.0,RSI_LT_26,SPY
1995-01-10,100.0,0,0.0,RSI_LT_26,SPY
1995-01-11,100.0,0,0.0,RSI_LT_26,SPY
1995-01-12,100.0,0,0.0,RSI_LT_26,SPY
1995-01-13,100.0,0,0.0,RSI_LT_26,SPY
1995-01-16,100.0,0,0.0,RSI_LT_26,SPY
1995-01-17,100.0,0,-0.0,RSI_LT_26,SPY
1995-01-18,94.82758620689656,0,-0.0,RSI_LT_26,SPY
1995-01-19,72.97297297297297,0,-0.0,RSI_LT_26,SPY
1995-01-20,37.99999999999999,0,0.0,RSI_LT_26,SPY
1995-01-23,24.390243902439025,1,0.1338688085676054,RSI_LT_26,SPY
1995-01-24,29.545454545454547,0,0.0,RSI_LT_26,SPY
1995-01-25,42.857142857142854,0,0.0,RSI_LT_26,SPY
1995-01-26,68.57142857142857,0,0.0,RSI_LT_26,SPY
1995-01-27,100.0,0,-0.0,RSI_LT_26,SPY
1995-01-30,67.5,0,0.0,RSI_LT_26,SPY
1995-01-31,72.91666666666666,0,-0.0,RSI_LT_26,SPY
1995-02-01,65.85365853658537,0,0.0,RSI_LT_26,SPY
1995-02-02,75.0,0,0.0,RSI_LT_26,SPY
1995-02-03,83.9080459770115,0,0.0,RSI_LT_26,SPY
1995-02-06,98.85057471264368,0,0.0,RSI_LT_26,SPY
1995-02-07,98.73417721518987,0,0.0,RSI_LT_26,SPY
1995-02-08,100.0,0,0.0,RSI_LT_26,SPY
1995-02-09,100.0,0,0.0,RSI_LT_26,SPY
1995-02-10,100.0,0,0.0,RSI_LT_26,SPY
1995-02-13,100.0,0,0.0,RSI_LT_26,SPY
1995-02-14,100.0,0,0.0,RSI_LT_26,SPY
1995-02-15,100.0,0,-0.0,RSI_LT_26,SPY
1995-02-16,86.66666666666667,0,-0.0,RSI_LT_26,SPY
1995-02-17,57.89473684210526,0,-0.0,RSI_LT_26,SPY
1995-02-21,55.26315789473684,0,0.0,RSI_LT_26,SPY
1995-02-22,70.17543859649123,0,0.0,RSI_LT_26,SPY
1995-02-23,62.22222222222222,0,0.0,RSI_LT_26,SPY
1995-02-24,73.46938775510205,0,-0.0,RSI_LT_26,SPY
1995-02-27,58.064516129032256,0,0.0,RSI_LT_26,SPY
1995-02-28,71.26436781609195,0,-0.0,RSI_LT_26,SPY
1995-03-01,46.42857142857143,0,0.0,RSI_LT_26,SPY
1995-03-02,45.78313253012048,0,0.0,RSI_LT_26,SPY
1995-03-03,40.78947368421053,0,0.0,RSI_LT_26,SPY
1995-03-06,62.264150943396224,0,-0.0,RSI_LT_26,SPY
1995-03-07,13.72549019607844,1,0.2580645161290418,RSI_LT_26,SPY
1995-03-08,38.46153846153846,0,-0.0,RSI_LT_26,SPY
1995-03-09,30.555555555555557,0,0.0,RSI_LT_26,SPY
1995-03-10,69.1358024691358,0,-0.0,RSI_LT_26,SPY
1995-03-13,65.85365853658537,0,0.0,RSI_LT_26,SPY
1995-03-14,95.06172839506173,0,-0.0,RSI_LT_26,SPY
1995-03-15,87.34177215189874,0,0.0,RSI_LT_26,SPY
1995-03-16,90.72164948453609,0,-0.0,RSI_LT_26,SPY
1995-03-17,64.61538461538461,0,0.0,RSI_LT_26,SPY
1995-03-20,67.74193548387098,0,-0.0,RSI_LT_26,SPY
1995-03-21,40.42553191489362,0,0.0,RSI_LT_26,SPY
1995-03-22,50.0,0,0.0,RSI_LT_26,SPY
1995-03-23,18.51851851851852,1,1.4200063111391659,RSI_LT_26,SPY
1995-03-24,86.20689655172414,0,0.0,RSI_LT_26,SPY
1995-03-27,88.73239436619718,0,0.0,RSI_LT_26,SPY
1995-03-28,100.0,0,-0.0,RSI_LT_26,SPY
1995-03-29,98.36065573770492,0,-0.0,RSI_LT_26,SPY
1995-03-30,89.23076923076923,0,-0.0,RSI_LT_26,SPY
1995-03-31,39.39393939393939,0,0.0,RSI_LT_26,SPY
1995-04-03,28.57142857142857,0,0.0,RSI_LT_26,SPY
1995-04-04,59.183673469387756,0,0.0,RSI_LT_26,SPY
1995-04-05,60.416666666666664,0,0.0,RSI_LT_26,SPY
1995-04-06,75.92592592592592,0,-0.0,RSI_LT_26,SPY
1995-04-07,93.18181818181819,0,0.0,RSI_LT_26,SPY
1995-04-10,92.85714285714286,0,-0.0,RSI_LT_26,SPY
1995-04-11,56.25,0,0.0,RSI_LT_26,SPY
1995-04-12,67.44186046511628,0,0.0,RSI_LT_26,SPY
1995-04-13,71.42857142857143,0,-0.0,RSI_LT_26,SPY
1995-04-17,53.846153846153854,0,-0.0,RSI_LT_26,SPY
1995-04-18,41.42857142857144,0,-0.0,RSI_LT_26,SPY
1995-04-19,46.7741935483871,0,0.0,RSI_LT_26,SPY
1995-04-20,41.07142857142856,0,0.0,RSI_LT_26,SPY
1995-04-21,38.88888888888889,0,0.0,RSI_LT_26,SPY
1995-04-24,80.82191780821918,0,-0.0,RSI_LT_26,SPY
1995-04-25,83.09859154929578,0,0.0,RSI_LT_26,SPY
1995-04-26,87.32394366197184,0,0.0,RSI_LT_26,SPY
1995-04-27,87.83783783783784,0,0.0,RSI_LT_26,SPY
1995-04-28,85.71428571428571,0,-0.0,RSI_LT_26,SPY
1995-05-01,47.05882352941176,0,0.0,RSI_LT_26,SPY
1995-05-02,71.875,0,0.0,RSI_LT_26,SPY
1995-05-03,88.0,0,-0.0,RSI_LT_26,SPY
1995-05-04,84.05797101449275,0,-0.0,RSI_LT_26,SPY
1995-05-05,77.94117647058823,0,0.0,RSI_LT_26,SPY
1995-05-08,92.7710843373494,0,-0.0,RSI_LT_26,SPY
1995-05-09,88.60759493670886,0,0.0,RSI_LT_26,SPY
1995-05-10,75.67567567567568,0,0.0,RSI_LT_26,SPY
1995-05-11,84.0909090909091,0,0.0,RSI_LT_26,SPY
1995-05-12,92.85714285714286,0,0.0,RSI_LT_26,SPY
1995-05-15,91.17647058823529,0,0.0,RSI_LT_26,SPY
1995-05-16,100.0,0,-0.0,RSI_LT_26,SPY
1995-05-17,69.04761904761905,0,-0.0,RSI_LT_26,SPY
1995-05-18,24.390243902439025,1,0.06002400960383181,RSI_LT_26,SPY
1995-05-19,24.390243902439025,1,1.1097780443911187,RSI_LT_26,SPY
1995-05-22,39.80582524271844,0,0.0,RSI_LT_26,SPY
1995-05-23,53.03030303030303,0,-0.0,RSI_LT_26,SPY
1995-05-24,57.85123966942149,0,0.0,RSI_LT_26,SPY
1995-05-25,97.33333333333333,0,-0.0,RSI_LT_26,SPY
1995-05-26,63.39285714285714,0,-0.0,RSI_LT_26,SPY
1995-05-30,44.73684210526315,0,0.0,RSI_LT_26,SPY
1995-05-31,63.47826086956522,0,-0.0,RSI_LT_26,SPY
1995-06-01,59.83606557377048,0,0.0,RSI_LT_26,SPY
1995-06-02,59.83606557377048,0,0.0,RSI_LT_26,SPY
1995-06-05,90.38461538461539,0,-0.0,RSI_LT_26,SPY
1995-06-06,86.23853211009174,0,-0.0,RSI_LT_26,SPY
1995-06-07,42.10526315789474,0,-0.0,RSI_LT_26,SPY
1995-06-08,42.857142857142854,0,-0.0,RSI_LT_26,SPY
1995-06-09,28.767123287671225,0,0.0,RSI_LT_26,SPY
1995-06-12,26.760563380281695,0,0.0,RSI_LT_26,SPY
1995-06-13,54.90196078431373,0,-0.0,RSI_LT_26,SPY
1995-06-14,64.36781609195401,0,0.0,RSI_LT_26,SPY
1995-06-15,75.53191489361703,0,-0.0,RSI_LT_26,SPY
1995-06-16,84.52380952380952,0,0.0,RSI_LT_26,SPY
1995-06-19,87.5,0,-0.0,RSI_LT_26,SPY
1995-06-20,71.05263157894737,0,-0.0,RSI_LT_26,SPY
1995-06-21,72.0,0,0.0,RSI_LT_26,SPY
1995-06-22,80.18867924528303,0,-0.0,RSI_LT_26,SPY
1995-06-23,82.52427184466019,0,-0.0,RSI_LT_26,SPY
1995-06-26,43.39622641509434,0,-0.0,RSI_LT_26,SPY
1995-06-27,44.23076923076923,0,0.0,RSI_LT_26,SPY
1995-06-28,53.33333333333334,0,-0.0,RSI_LT_26,SPY
1995-06-29,22.5,1,-0.05740528128588274,RSI_LT_26,SPY
1995-06-30,24.0,1,0.37334865020104413,RSI_LT_26,SPY
1995-07-03,67.3913043478261,0,0.0,RSI_LT_26,SPY
1995-07-05,84.61538461538461,0,0.0,RSI_LT_26,SPY
1995-07-06,89.87341772151899,0,0.0,RSI_LT_26,SPY
1995-07-07,97.75280898876404,0,0.0,RSI_LT_26,SPY
1995-07-10,100.0,0,-0.0,RSI_LT_26,SPY
1995-07-11,81.72043010752688,0,0.0,RSI_LT_26,SPY
1995-07-12,86.29032258064515,0,-0.0,RSI_LT_26,SPY
1995-07-13,71.26436781609195,0,-0.0,RSI_LT_26,SPY
1995-07-14,62.16216216216216,0,0.0,RSI_LT_26,SPY
1995-07-17,69.56521739130434,0,-0.0,RSI_LT_26,SPY
1995-07-18,60.37735849056604,0,-0.0,RSI_LT_26,SPY
1995-07-19,19.801980198019805,1,0.3675431156347164,RSI_LT_26,SPY
1995-07-20,31.132075471698116,0,-0.0,RSI_LT_26,SPY
1995-07-21,30.8411214953271,0,0.0,RSI_LT_26,SPY
1995-07-24,34.51327433628319,0,0.0,RSI_LT_26,SPY
1995-07-25,60.55045871559633,0,-0.0,RSI_LT_26,SPY
1995-07-26,90.41095890410959,0,0.0,RSI_LT_26,SPY
1995-07-27,92.22222222222223,0,-0.0,RSI_LT_26,SPY
1995-07-28,76.14678899082568,0,-0.0,RSI_LT_26,SPY
1995-07-31,61.95652173913044,0,-0.0,RSI_LT_26,SPY
1995-08-01,42.25352112676057,0,-0.0,RSI_LT_26,SPY
1995-08-02,39.473684210526315,0,-0.0,RSI_LT_26,SPY
1995-08-03,0.0,1,0.11176306230791244,RSI_LT_26,SPY
1995-08-04,14.285714285714292,1,0.22327658386827043,RSI_LT_26,SPY
1995-08-07,44.444444444444436,0,0.0,RSI_LT_26,SPY
1995-08-08,57.14285714285714,0,-0.0,RSI_LT_26,SPY
1995-08-09,85.71428571428571,0,-0.0,RSI_LT_26,SPY
1995-08-10,57.14285714285714,0,-0.0,RSI_LT_26,SPY
1995-08-11,21.621621621621628,1,0.8983717012914116,RSI_LT_26,SPY
1995-08-14,52.459016393442624,0,-0.0,RSI_LT_26,SPY
1995-08-15,47.05882352941176,0,0.0,RSI_LT_26,SPY
1995-08-16,54.54545454545455,0,-0.0,RSI_LT_26,SPY
1995-08-17,56.00000000000001,0,0.0,RSI_LT_26,SPY
1995-08-18,77.96610169491525,0,-0.0,RSI_LT_26,SPY
1995-08-21,37.83783783783784,0,0.0,RSI_LT_26,SPY
1995-08-22,56.75675675675676,0,-0.0,RSI_LT_26,SPY
1995-08-23,27.5,0,0.0,RSI_LT_26,SPY
1995-08-24,39.473684210526315,0,0.0,RSI_LT_26,SPY
1995-08-25,57.40740740740741,0,-0.0,RSI_LT_26,SPY
1995-08-28,54.385964912280706,0,0.0,RSI_LT_26,SPY
1995-08-29,55.932203389830505,0,0.0,RSI_LT_26,SPY
1995-08-30,75.92592592592592,0,0.0,RSI_LT_26,SPY
1995-08-31,75.47169811320754,0,0.0,RSI_LT_26,SPY
1995-09-01,73.46938775510205,0,0.0,RSI_LT_26,SPY
1995-09-05,100.0,0,0.0,RSI_LT_26,SPY
1995-09-06,100.0,0,0.0,RSI_LT_26,SPY
1995-09-07,100.0,0,0.0,RSI_LT_26,SPY
1995-09-08,100.0,0,0.0,RSI_LT_26,SPY
1995-09-11,100.0,0,0.0,RSI_LT_26,SPY
1995-09-12,100.0,0,0.0,RSI_LT_26,SPY
1995-09-13,100.0,0,0.0,RSI_LT_26,SPY
1995-09-14,100.0,0,-0.0,RSI_LT_26,SPY
1995-09-15,78.78787878787878,0,-0.0,RSI_LT_26,SPY
1995-09-18,66.01941747572815,0,0.0,RSI_LT_26,SPY
1995-09-19,66.34615384615384,0,0.0,RSI_LT_26,SPY
1995-09-20,66.66666666666666,0,-0.0,RSI_LT_26,SPY
1995-09-21,35.294117647058826,0,0.0,RSI_LT_26,SPY
1995-09-22,45.1219512195122,0,-0.0,RSI_LT_26,SPY
1995-09-25,50.0,0,-0.0,RSI_LT_26,SPY
1995-09-26,33.33333333333333,0,-0.0,RSI_LT_26,SPY
1995-09-27,2.3809523809523796,1,0.7522837184309461,RSI_LT_26,SPY
1995-09-28,74.35897435897436,0,-0.0,RSI_LT_26,SPY
1995-09-29,62.22222222222222,0,-0.0,RSI_LT_26,SPY
1995-10-02,48.27586206896551,0,0.0,RSI_LT_26,SPY
1995-10-03,52.459016393442624,0,-0.0,RSI_LT_26,SPY
1995-10-04,51.61290322580645,0,0.0,RSI_LT_26,SPY
1995-10-05,33.33333333333333,0,0.0,RSI_LT_26,SPY
1995-10-06,43.90243902439024,0,-0.0,RSI_LT_26,SPY
1995-10-09,33.9622641509434,0,-0.0,RSI_LT_26,SPY
1995-10-10,27.450980392156865,0,0.0,RSI_LT_26,SPY
1995-10-11,44.067796610169495,0,0.0,RSI_LT_26,SPY
1995-10-12,53.52112676056338,0,0.0,RSI_LT_26,SPY
1995-10-13,58.75,0,-0.0,RSI_LT_26,SPY
1995-10-16,70.14925373134328,0,0.0,RSI_LT_26,SPY
1995-10-17,80.0,0,0.0,RSI_LT_26,SPY
1995-10-18,79.7752808988764,0,0.0,RSI_LT_26,SPY
1995-10-19,78.57142857142857,0,-0.0,RSI_LT_26,SPY
1995-10-20,56.8421052631579,0,-0.0,RSI_LT_26,SPY
1995-10-23,63.529411764705884,0,0.0,RSI_LT_26,SPY
1995-10-24,51.5625,0,-0.0,RSI_LT_26,SPY
1995-10-25,26.190476190476204,0,-0.0,RSI_LT_26,SPY
1995-10-26,4.0,1,0.7575757575757569,RSI_LT_26,SPY
1995-10-27,30.47619047619048,0,0.0,RSI_LT_26,SPY
1995-10-30,46.28099173553719,0,-0.0,RSI_LT_26,SPY
1995-10-31,39.09774436090226,0,0.0,RSI_LT_26,SPY
1995-11-01,62.12121212121212,0,0.0,RSI_LT_26,SPY
1995-11-02,86.88524590163934,0,0.0,RSI_LT_26,SPY
1995-11-03,83.83838383838383,0,-0.0,RSI_LT_26,SPY
1995-11-06,67.04545454545455,0,-0.0,RSI_LT_26,SPY
1995-11-07,68.6046511627907,0,0.0,RSI_LT_26,SPY
1995-11-08,70.0,0,0.0,RSI_LT_26,SPY
1995-11-09,66.25,0,-0.0,RSI_LT_26,SPY
1995-11-10,62.33766233766234,0,-0.0,RSI_LT_26,SPY
1995-11-13,70.58823529411765,0,-0.0,RSI_LT_26,SPY
1995-11-14,60.75949367088607,0,0.0,RSI_LT_26,SPY
1995-11-15,62.65060240963856,0,0.0,RSI_LT_26,SPY
1995-11-16,65.55555555555556,0,0.0,RSI_LT_26,SPY
1995-11-17,71.0,0,-0.0,RSI_LT_26,SPY
1995-11-20,61.206896551724135,0,0.0,RSI_LT_26,SPY
1995-11-21,83.60655737704917,0,-0.0,RSI_LT_26,SPY
1995-11-22,66.66666666666666,0,0.0,RSI_LT_26,SPY
1995-11-24,62.35294117647059,0,0.0,RSI_LT_26,SPY
1995-11-27,56.75675675675676,0,0.0,RSI_LT_26,SPY
1995-11-28,87.36842105263158,0,0.0,RSI_LT_26,SPY
1995-11-29,82.3529411764706,0,-0.0,RSI_LT_26,SPY
1995-11-30,86.15384615384615,0,0.0,RSI_LT_26,SPY
1995-12-01,85.0,0,0.0,RSI_LT_26,SPY
1995-12-04,91.58878504672897,0,0.0,RSI_LT_26,SPY
1995-12-05,90.21739130434783,0,0.0,RSI_LT_26,SPY
1995-12-06,90.72164948453609,0,-0.0,RSI_LT_26,SPY
1995-12-07,80.73394495412845,0,0.0,RSI_LT_26,SPY
1995-12-08,82.05128205128204,0,0.0,RSI_LT_26,SPY
1995-12-11,75.5813953488372,0,-0.0,RSI_LT_26,SPY
1995-12-12,54.166666666666664,0,0.0,RSI_LT_26,SPY
1995-12-13,62.50000000000001,0,-0.0,RSI_LT_26,SPY
1995-12-14,57.29166666666667,0,-0.0,RSI_LT_26,SPY
1995-12-15,39.62264150943396,0,-0.0,RSI_LT_26,SPY
1995-12-18,15.151515151515156,1,1.0567010309278313,RSI_LT_26,SPY
1995-12-19,34.02061855670104,0,-0.0,RSI_LT_26,SPY
1995-12-20,19.806763285024147,1,0.5150656708730272,RSI_LT_26,SPY
1995-12-21,30.808080808080803,0,0.0,RSI_LT_26,SPY
1995-12-22,39.682539682539684,0,0.0,RSI_LT_26,SPY
1995-12-26,71.21212121212122,0,-0.0,RSI_LT_26,SPY
1995-12-27,56.98924731182796,0,-0.0,RSI_LT_26,SPY
1995-12-28,89.83050847457628,0,0.0,RSI_LT_26,SPY
1995-12-29,86.36363636363636,0,0.0,RSI_LT_26,SPY
1996-01-02,91.66666666666667,0,0.0,RSI_LT_26,SPY
1996-01-03,90.625,0,-0.0,RSI_LT_26,SPY
1996-01-04,58.0,0,-0.0,RSI_LT_26,SPY
1996-01-05,55.769230769230774,0,0.0,RSI_LT_26,SPY
1996-01-08,59.64912280701755,0,-0.0,RSI_LT_26,SPY
1996-01-09,18.57142857142857,1,-1.3113911031113368,RSI_LT_26,SPY
1996-01-10,8.333333333333329,1,0.5992704533611226,RSI_LT_26,SPY
1996-01-11,23.03030303030303,1,-0.15540015540015384,RSI_LT_26,SPY
1996-01-12,23.31288343558282,1,-0.2075226977950706,RSI_LT_26,SPY
1996-01-15,14.743589743589737,1,1.221731219131783,RSI_LT_26,SPY
1996-01-16,51.85185185185185,0,-0.0,RSI_LT_26,SPY
1996-01-17,72.91666666666666,0,0.0,RSI_LT_26,SPY
1996-01-18,69.76744186046511,0,0.0,RSI_LT_26,SPY
1996-01-19,81.13207547169812,0,0.0,RSI_LT_26,SPY
1996-01-22,87.87878787878788,0,0.0,RSI_LT_26,SPY
1996-01-23,80.32786885245902,0,0.0,RSI_LT_26,SPY
1996-01-24,100.0,0,-0.0,RSI_LT_26,SPY
1996-01-25,82.92682926829269,0,0.0,RSI_LT_26,SPY
1996-01-26,84.44444444444444,0,0.0,RSI_LT_26,SPY
1996-01-29,86.66666666666667,0,0.0,RSI_LT_26,SPY
1996-01-30,89.23076923076923,0,0.0,RSI_LT_26,SPY
1996-01-31,90.0,0,0.0,RSI_LT_26,SPY
1996-02-01,100.0,0,-0.0,RSI_LT_26,SPY
1996-02-02,86.29032258064515,0,0.0,RSI_LT_26,SPY
1996-02-05,87.94326241134752,0,0.0,RSI_LT_26,SPY
1996-02-06,88.35616438356165,0,0.0,RSI_LT_26,SPY
1996-02-07,86.71875,0,0.0,RSI_LT_26,SPY
1996-02-08,89.24050632911393,0,-0.0,RSI_LT_26,SPY
1996-02-09,99.29577464788733,0,0.0,RSI_LT_26,SPY
1996-02-12,99.29078014184397,0,-0.0,RSI_LT_26,SPY
1996-02-13,90.990990990991,0,-0.0,RSI_LT_26,SPY
1996-02-14,62.096774193548384,0,-0.0,RSI_LT_26,SPY
1996-02-15,30.47619047619048,0,-0.0,RSI_LT_26,SPY
1996-02-16,26.446280991735534,0,-0.0,RSI_LT_26,SPY
1996-02-20,0.0,1,1.2393681652490995,RSI_LT_26,SPY
1996-02-21,29.65116279069767,0,0.0,RSI_LT_26,SPY
1996-02-22,58.208955223880594,0,-0.0,RSI_LT_26,SPY
1996-02-23,62.56684491978609,0,-0.0,RSI_LT_26,SPY
1996-02-26,50.869565217391305,0,-0.0,RSI_LT_26,SPY
1996-02-27,57.92079207920792,0,-0.0,RSI_LT_26,SPY
1996-02-28,38.8235294117647,0,-0.0,RSI_LT_26,SPY
1996-02-29,0.0,1,1.5900195694716235,RSI_LT_26,SPY
1996-03-01,32.99492385786802,0,0.0,RSI_LT_26,SPY
1996-03-04,55.27950310559007,0,0.0,RSI_LT_26,SPY
1996-03-05,68.44919786096257,0,-0.0,RSI_LT_26,SPY
1996-03-06,62.4390243902439,0,0.0,RSI_LT_26,SPY
1996-03-07,80.10752688172043,0,-0.0,RSI_LT_26,SPY
1996-03-08,32.68482490272373,0,0.0,RSI_LT_26,SPY
1996-03-11,38.214285714285715,0,-0.0,RSI_LT_26,SPY
1996-03-12,24.90842490842492,1,0.6864427555773434,RSI_LT_26,SPY
1996-03-13,36.36363636363636,0,0.0,RSI_LT_26,SPY
1996-03-14,35.632183908045974,0,-0.0,RSI_LT_26,SPY
1996-03-15,63.6986301369863,0,0.0,RSI_LT_26,SPY
1996-03-18,70.2247191011236,0,-0.0,RSI_LT_26,SPY
1996-03-19,80.64516129032258,0,-0.0,RSI_LT_26,SPY
1996-03-20,73.48484848484848,0,-0.0,RSI_LT_26,SPY
1996-03-21,63.70967741935484,0,0.0,RSI_LT_26,SPY
1996-03-22,78.94736842105263,0,-0.0,RSI_LT_26,SPY
1996-03-25,25.581395348837205,1,0.48053820278712855,RSI_LT_26,SPY
1996-03-26,57.40740740740741,0,-0.0,RSI_LT_26,SPY
1996-03-27,35.632183908045974,0,0.0,RSI_LT_26,SPY
1996-03-28,50.53763440860215,0,-0.0,RSI_LT_26,SPY
1996-03-29,35.294117647058826,0,0.0,RSI_LT_26,SPY
1996-04-01,59.154929577464785,0,0.0,RSI_LT_26,SPY
1996-04-02,55.38461538461538,0,0.0,RSI_LT_26,SPY
1996-04-03,78.26086956521739,0,-0.0,RSI_LT_26,SPY
1996-04-04,70.8860759493671,0,-0.0,RSI_LT_26,SPY
1996-04-08,42.74809160305343,0,-0.0,RSI_LT_26,SPY
1996-04-09,8.080808080808069,1,-1.7783191230207107,RSI_LT_26,SPY
1996-04-10,0.0,1,-0.12400793650794162,RSI_LT_26,SPY
1996-04-11,0.0,1,1.266451452694306,RSI_LT_26,SPY
1996-04-12,23.502304147465424,1,0.8337420304070697,RSI_LT_26,SPY
1996-04-15,47.486033519553075,0,0.0,RSI_LT_26,SPY
1996-04-16,55.42857142857143,0,-0.0,RSI_LT_26,SPY
1996-04-17,86.60714285714286,0,0.0,RSI_LT_26,SPY
1996-04-18,91.15044247787611,0,0.0,RSI_LT_26,SPY
1996-04-19,86.11111111111111,0,0.0,RSI_LT_26,SPY
1996-04-22,85.71428571428571,0,0.0,RSI_LT_26,SPY
1996-04-23,85.91549295774648,0,-0.0,RSI_LT_26,SPY
1996-04-24,80.26315789473685,0,0.0,RSI_LT_26,SPY
1996-04-25,83.14606741573034,0,0.0,RSI_LT_26,SPY
1996-04-26,82.95454545454545,0,0.0,RSI_LT_26,SPY
1996-04-29,73.21428571428571,0,-0.0,RSI_LT_26,SPY
1996-04-30,60.869565217391305,0,0.0,RSI_LT_26,SPY
1996-05-01,92.5,0,-0.0,RSI_LT_26,SPY
1996-05-02,19.354838709677423,1,-0.14556040756914523,RSI_LT_26,SPY
1996-05-03,10.0,1,-0.09718172983479434,RSI_LT_26,SPY
1996-05-06,9.574468085106389,1,-0.4134241245136172,RSI_LT_26,SPY
1996-05-07,8.333333333333329,1,1.245421245421241,RSI_LT_26,SPY
1996-05-08,34.0,0,-0.0,RSI_LT_26,SPY
1996-05-09,62.96296296296296,0,0.0,RSI_LT_26,SPY
1996-05-10,79.3103448275862,0,0.0,RSI_LT_26,SPY
1996-05-13,88.57142857142857,0,0.0,RSI_LT_26,SPY
1996-05-14,98.36956521739131,0,-0.0,RSI_LT_26,SPY
1996-05-15,94.20289855072464,0,0.0,RSI_LT_26,SPY
1996-05-16,96.52777777777777,0,0.0,RSI_LT_26,SPY
1996-05-17,96.03174603174602,0,0.0,RSI_LT_26,SPY
1996-05-20,94.56521739130434,0,-0.0,RSI_LT_26,SPY
1996-05-21,84.72222222222223,0,0.0,RSI_LT_26,SPY
1996-05-22,94.44444444444444,0,-0.0,RSI_LT_26,SPY
1996-05-23,79.48717948717949,0,0.0,RSI_LT_26,SPY
1996-05-24,78.37837837837839,0,-0.0,RSI_LT_26,SPY
1996-05-28,46.03174603174603,0,-0.0,RSI_LT_26,SPY
1996-05-29,38.92617449664429,0,0.0,RSI_LT_26,SPY
1996-05-30,30.0,0,-0.0,RSI_LT_26,SPY
1996-05-31,27.08333333333333,0,0.0,RSI_LT_26,SPY
1996-06-03,24.460431654676256,1,0.6989748369058635,RSI_LT_26,SPY
1996-06-04,51.20000000000001,0,0.0,RSI_LT_26,SPY
1996-06-05,76.11940298507463,0,-0.0,RSI_LT_26,SPY
1996-06-06,55.55555555555556,0,0.0,RSI_LT_26,SPY
1996-06-07,71.42857142857143,0,-0.0,RSI_LT_26,SPY
1996-06-10,59.64912280701755,0,-0.0,RSI_LT_26,SPY
1996-06-11,43.18181818181818,0,-0.0,RSI_LT_26,SPY
1996-06-12,0.0,1,0.0,RSI_LT_26,SPY
1996-06-13,0.0,1,-0.4184100418409997,RSI_LT_26,SPY
1996-06-14,0.0,1,-0.07002801120448154,RSI_LT_26,SPY
1996-06-17,0.0,1,-0.8175659892548426,RSI_LT_26,SPY
1996-06-18,0.0,1,0.4474799811587271,RSI_LT_26,SPY
1996-06-19,25.333333333333343,1,-0.07033997655334634,RSI_LT_26,SPY
1996-06-20,24.358974358974365,1,0.3284842796809073,RSI_LT_26,SPY
1996-06-21,44.5945945945946,0,0.0,RSI_LT_26,SPY
1996-06-24,51.89873417721519,0,-0.0,RSI_LT_26,SPY
1996-06-25,83.67346938775509,0,-0.0,RSI_LT_26,SPY
1996-06-26,37.288135593220346,0,0.0,RSI_LT_26,SPY
1996-06-27,60.46511627906977,0,0.0,RSI_LT_26,SPY
1996-06-28,60.91954022988505,0,0.0,RSI_LT_26,SPY
1996-07-01,70.6896551724138,0,-0.0,RSI_LT_26,SPY
1996-07-02,64.56692913385827,0,-0.0,RSI_LT_26,SPY
1996-07-03,76.63551401869158,0,-0.0,RSI_LT_26,SPY
1996-07-05,27.807486631016047,0,-0.0,RSI_LT_26,SPY
1996-07-08,19.576719576719583,1,0.40669856459329967,RSI_LT_26,SPY
1996-07-09,10.059171597633139,1,0.40505122706695484,RSI_LT_26,SPY
1996-07-10,20.0,1,-2.01708590412909,RSI_LT_26,SPY
1996-07-11,13.82113821138212,1,0.07265681763137799,RSI_LT_26,SPY
1996-07-12,26.61870503597123,0,-0.0,RSI_LT_26,SPY
1996-07-15,15.163934426229503,1,0.24937655860348684,RSI_LT_26,SPY
1996-07-16,12.658227848101262,1,1.1940298507462588,RSI_LT_26,SPY
1996-07-17,22.761194029850742,1,1.3765978367748177,RSI_LT_26,SPY
1996-07-18,48.953974895397494,0,-0.0,RSI_LT_26,SPY
1996-07-19,42.857142857142854,0,-0.0,RSI_LT_26,SPY
1996-07-22,65.51724137931035,0,-0.0,RSI_LT_26,SPY
1996-07-23,48.14814814814815,0,0.0,RSI_LT_26,SPY
1996-07-24,36.363636363636374,0,0.0,RSI_LT_26,SPY
1996-07-25,28.205128205128204,0,0.0,RSI_LT_26,SPY
1996-07-26,44.5945945945946,0,-0.0,RSI_LT_26,SPY
1996-07-29,40.490797546012274,0,0.0,RSI_LT_26,SPY
1996-07-30,70.0,0,0.0,RSI_LT_26,SPY
1996-07-31,73.83720930232558,0,0.0,RSI_LT_26,SPY
1996-08-01,77.94117647058823,0,0.0,RSI_LT_26,SPY
1996-08-02,83.45588235294117,0,-0.0,RSI_LT_26,SPY
1996-08-05,90.07936507936508,0,0.0,RSI_LT_26,SPY
1996-08-06,88.93805309734513,0,0.0,RSI_LT_26,SPY
1996-08-07,87.92270531400966,0,-0.0,RSI_LT_26,SPY
1996-08-08,78.08219178082192,0,-0.0,RSI_LT_26,SPY
1996-08-09,34.28571428571429,0,0.0,RSI_LT_26,SPY
1996-08-12,72.36842105263158,0,-0.0,RSI_LT_26,SPY
1996-08-13,43.29896907216495,0,0.0,RSI_LT_26,SPY
1996-08-14,45.54455445544555,0,-0.0,RSI_LT_26,SPY
1996-08-15,45.09803921568627,0,0.0,RSI_LT_26,SPY
1996-08-16,66.12903225806451,0,0.0,RSI_LT_26,SPY
1996-08-19,55.78947368421053,0,-0.0,RSI_LT_26,SPY
1996-08-20,82.8125,0,-0.0,RSI_LT_26,SPY
1996-08-21,59.375,0,0.0,RSI_LT_26,SPY
1996-08-22,81.25,0,-0.0,RSI_LT_26,SPY
1996-08-23,50.60240963855422,0,-0.0,RSI_LT_26,SPY
1996-08-26,39.2156862745098,0,0.0,RSI_LT_26,SPY
1996-08-27,48.69565217391304,0,-0.0,RSI_LT_26,SPY
1996-08-28,52.33644859813084,0,-0.0,RSI_LT_26,SPY
1996-08-29,14.678899082568819,1,-1.0414201183431948,RSI_LT_26,SPY
1996-08-30,12.307692307692307,1,0.6457785218847212,RSI_LT_26,SPY
1996-09-03,31.617647058823536,0,0.0,RSI_LT_26,SPY
1996-09-04,25.0,1,-1.2108262108262102,RSI_LT_26,SPY
1996-09-05,18.452380952380963,1,1.4179283826003308,RSI_LT_26,SPY
1996-09-06,48.648648648648646,0,0.0,RSI_LT_26,SPY
1996-09-09,73.29842931937173,0,-0.0,RSI_LT_26,SPY
1996-09-10,68.07228915662651,0,0.0,RSI_LT_26,SPY
1996-09-11,71.50537634408602,0,0.0,RSI_LT_26,SPY
1996-09-12,98.78787878787878,0,0.0,RSI_LT_26,SPY
1996-09-13,98.83720930232558,0,0.0,RSI_LT_26,SPY
1996-09-16,98.55072463768116,0,-0.0,RSI_LT_26,SPY
1996-09-17,93.15068493150685,0,-0.0,RSI_LT_26,SPY
1996-09-18,84.21052631578948,0,0.0,RSI_LT_26,SPY
1996-09-19,82.5,0,-0.0,RSI_LT_26,SPY
1996-09-20,54.09836065573771,0,-0.0,RSI_LT_26,SPY
1996-09-23,36.95652173913044,0,-0.0,RSI_LT_26,SPY
1996-09-24,45.94594594594595,0,0.0,RSI_LT_26,SPY
1996-09-25,68.9655172413793,0,-0.0,RSI_LT_26,SPY
1996-09-26,21.42857142857143,1,0.09107468123861207,RSI_LT_26,SPY
1996-09-27,63.63636363636363,0,-0.0,RSI_LT_26,SPY
1996-09-30,50.0,0,0.0,RSI_LT_26,SPY
1996-10-01,83.78378378378379,0,0.0,RSI_LT_26,SPY
1996-10-02,90.625,0,-0.0,RSI_LT_26,SPY
1996-10-03,87.87878787878788,0,0.0,RSI_LT_26,SPY
1996-10-04,93.44262295081967,0,0.0,RSI_LT_26,SPY
1996-10-07,96.7479674796748,0,-0.0,RSI_LT_26,SPY
1996-10-08,81.19658119658119,0,-0.0,RSI_LT_26,SPY
1996-10-09,53.278688524590166,0,-0.0,RSI_LT_26,SPY
1996-10-10,51.181102362204726,0,0.0,RSI_LT_26,SPY
1996-10-11,49.18032786885246,0,0.0,RSI_LT_26,SPY
1996-10-14,49.59349593495935,0,-0.0,RSI_LT_26,SPY
1996-10-15,54.95495495495495,0,0.0,RSI_LT_26,SPY
1996-10-16,84.6938775510204,0,0.0,RSI_LT_26,SPY
1996-10-17,94.05940594059406,0,0.0,RSI_LT_26,SPY
1996-10-18,91.42857142857143,0,-0.0,RSI_LT_26,SPY
1996-10-21,82.85714285714286,0,-0.0,RSI_LT_26,SPY
1996-10-22,60.416666666666664,0,0.0,RSI_LT_26,SPY
1996-10-23,57.30337078651685,0,-0.0,RSI_LT_26,SPY
1996-10-24,33.62068965517241,0,0.0,RSI_LT_26,SPY
1996-10-25,19.79166666666667,1,-0.666666666666671,RSI_LT_26,SPY
1996-10-28,15.833333333333329,1,0.8053691275167862,RSI_LT_26,SPY
1996-10-29,44.354838709677416,0,-0.0,RSI_LT_26,SPY
1996-10-30,32.25806451612904,0,0.0,RSI_LT_26,SPY
1996-10-31,64.84375,0,-0.0,RSI_LT_26,SPY
1996-11-01,56.42857142857142,0,0.0,RSI_LT_26,SPY
1996-11-04,77.85714285714286,0,0.0,RSI_LT_26,SPY
1996-11-05,76.15384615384616,0,0.0,RSI_LT_26,SPY
1996-11-06,92.11822660098522,0,0.0,RSI_LT_26,SPY
1996-11-07,90.64327485380117,0,0.0,RSI_LT_26,SPY
1996-11-08,100.0,0,-0.0,RSI_LT_26,SPY
1996-11-11,96.7948717948718,0,-0.0,RSI_LT_26,SPY
1996-11-12,86.80555555555556,0,0.0,RSI_LT_26,SPY
1996-11-13,75.32467532467533,0,0.0,RSI_LT_26,SPY
1996-11-14,80.41237113402062,0,0.0,RSI_LT_26,SPY
1996-11-15,75.32467532467533,0,0.0,RSI_LT_26,SPY
1996-11-18,80.82191780821918,0,0.0,RSI_LT_26,SPY
1996-11-19,100.0,0,0.0,RSI_LT_26,SPY
1996-11-20,100.0,0,-0.0,RSI_LT_26,SPY
1996-11-21,87.5,0,0.0,RSI_LT_26,SPY
1996-11-22,91.95402298850574,0,0.0,RSI_LT_26,SPY
1996-11-25,95.23809523809524,0,-0.0,RSI_LT_26,SPY
1996-11-26,82.17054263565892,0,-0.0,RSI_LT_26,SPY
1996-11-27,75.38461538461539,0,0.0,RSI_LT_26,SPY
1996-11-29,82.26950354609929,0,0.0,RSI_LT_26,SPY
1996-12-02,76.41509433962264,0,-0.0,RSI_LT_26,SPY
1996-12-03,15.625,1,0.27173913043478937,RSI_LT_26,SPY
1996-12-04,26.400000000000006,0,-0.0,RSI_LT_26,SPY
1996-12-05,25.581395348837205,1,-0.58528428093646,RSI_LT_26,SPY
1996-12-06,10.791366906474806,1,1.4718250630782137,RSI_LT_26,SPY
1996-12-09,40.09661835748793,0,-0.0,RSI_LT_26,SPY
1996-12-10,56.46258503401361,0,-0.0,RSI_LT_26,SPY
1996-12-11,39.325842696629216,0,-0.0,RSI_LT_26,SPY
1996-12-12,28.688524590163937,0,0.0,RSI_LT_26,SPY
1996-12-13,35.96491228070175,0,-0.0,RSI_LT_26,SPY
1996-12-16,5.504587155963307,1,0.7987910189982683,RSI_LT_26,SPY
1996-12-17,21.120689655172413,1,0.7924609124009496,RSI_LT_26,SPY
1996-12-18,38.22222222222222,0,0.0,RSI_LT_26,SPY
1996-12-19,75.30864197530865,0,-0.0,RSI_LT_26,SPY
1996-12-20,70.08196721311475,0,-0.0,RSI_LT_26,SPY
1996-12-23,87.24489795918367,0,0.0,RSI_LT_26,SPY
1996-12-24,87.11340206185567,0,0.0,RSI_LT_26,SPY
1996-12-26,87.11340206185567,0,0.0,RSI_LT_26,SPY
1996-12-27,75.72815533980582,0,-0.0,RSI_LT_26,SPY
1996-12-30,59.09090909090909,0,-0.0,RSI_LT_26,SPY
1996-12-31,37.5,0,0.0,RSI_LT_26,SPY
1997-01-02,29.729729729729726,0,0.0,RSI_LT_26,SPY
1997-01-03,39.81481481481481,0,-0.0,RSI_LT_26,SPY
1997-01-06,31.746031746031747,0,0.0,RSI_LT_26,SPY
1997-01-07,51.492537313432834,0,-0.0,RSI_LT_26,SPY
1997-01-08,62.16216216216216,0,0.0,RSI_LT_26,SPY
1997-01-09,66.4,0,0.0,RSI_LT_26,SPY
1997-01-10,64.1025641025641,0,-0.0,RSI_LT_26,SPY
1997-01-13,75.37688442211055,0,0.0,RSI_LT_26,SPY
1997-01-14,75.74257425742574,0,-0.0,RSI_LT_26,SPY
1997-01-15,88.95348837209302,0,0.0,RSI_LT_26,SPY
1997-01-16,87.5,0,0.0,RSI_LT_26,SPY
1997-01-17,85.38461538461539,0,0.0,RSI_LT_26,SPY
1997-01-20,90.69767441860465,0,0.0,RSI_LT_26,SPY
1997-01-21,88.88888888888889,0,0.0,RSI_LT_26,SPY
1997-01-22,100.0,0,-0.0,RSI_LT_26,SPY
1997-01-23,61.53846153846153,0,-0.0,RSI_LT_26,SPY
1997-01-24,37.962962962962955,0,-0.0,RSI_LT_26,SPY
1997-01-27,33.92857142857143,0,0.0,RSI_LT_26,SPY
1997-01-28,25.252525252525245,1,0.9771986970684043,RSI_LT_26,SPY
1997-01-29,29.52380952380952,0,0.0,RSI_LT_26,SPY
1997-01-30,61.76470588235294,0,-0.0,RSI_LT_26,SPY
1997-01-31,86.3013698630137,0,0.0,RSI_LT_26,SPY
1997-02-03,95.91836734693878,0,0.0,RSI_LT_26,SPY
1997-02-04,96.34146341463415,0,-0.0,RSI_LT_26,SPY
1997-02-05,52.13270142180095,0,0.0,RSI_LT_26,SPY
1997-02-06,43.88888888888889,0,0.0,RSI_LT_26,SPY
1997-02-07,60.74380165289256,0,-0.0,RSI_LT_26,SPY
1997-02-10,47.99999999999999,0,0.0,RSI_LT_26,SPY
1997-02-11,52.64900662251655,0,0.0,RSI_LT_26,SPY
1997-02-12,82.79569892473118,0,0.0,RSI_LT_26,SPY
1997-02-13,84.10596026490066,0,-0.0,RSI_LT_26,SPY
1997-02-14,75.60975609756098,0,0.0,RSI_LT_26,SPY
1997-02-18,95.04132231404958,0,-0.0,RSI_LT_26,SPY
1997-02-19,78.53881278538813,0,-0.0,RSI_LT_26,SPY
1997-02-20,47.61904761904762,0,0.0,RSI_LT_26,SPY
1997-02-21,29.48717948717949,0,0.0,RSI_LT_26,SPY
1997-02-24,52.195121951219505,0,0.0,RSI_LT_26,SPY
1997-02-25,40.6060606060606,0,-0.0,RSI_LT_26,SPY
1997-02-26,37.01657458563536,0,-0.0,RSI_LT_26,SPY
1997-02-27,34.358974358974365,0,-0.0,RSI_LT_26,SPY
1997-02-28,31.25,0,0.0,RSI_LT_26,SPY
1997-03-03,20.994475138121558,1,-0.5490196078431375,RSI_LT_26,SPY
1997-03-04,16.58536585365853,1,1.6955835962145116,RSI_LT_26,SPY
1997-03-05,50.0,0,-0.0,RSI_LT_26,SPY
1997-03-06,62.176165803108816,0,0.0,RSI_LT_26,SPY
1997-03-07,74.10714285714286,0,0.0,RSI_LT_26,SPY
1997-03-10,76.22950819672131,0,-0.0,RSI_LT_26,SPY
1997-03-11,76.22950819672131,0,-0.0,RSI_LT_26,SPY
1997-03-12,49.01960784313725,0,-0.0,RSI_LT_26,SPY
1997-03-13,39.37007874015748,0,0.0,RSI_LT_26,SPY
1997-03-14,34.18803418803418,0,0.0,RSI_LT_26,SPY
1997-03-17,20.61855670103094,1,-1.0754790770434064,RSI_LT_26,SPY
1997-03-18,18.09954751131221,1,-0.3360347894840854,RSI_LT_26,SPY
1997-03-19,20.83333333333333,1,-0.5156683855612854,RSI_LT_26,SPY
1997-03-20,28.985507246376812,0,0.0,RSI_LT_26,SPY
1997-03-21,15.517241379310349,1,1.3944223107569709,RSI_LT_26,SPY
1997-03-24,43.02325581395349,0,-0.0,RSI_LT_26,SPY
1997-03-25,44.31137724550898,0,0.0,RSI_LT_26,SPY
1997-03-26,55.81395348837209,0,-0.0,RSI_LT_26,SPY
1997-03-27,34.28571428571429,0,-0.0,RSI_LT_26,SPY
1997-03-31,24.210526315789465,1,0.642620232172475,RSI_LT_26,SPY
1997-04-01,15.542521994134887,1,-1.7919670442842484,RSI_LT_26,SPY
1997-04-02,14.021164021164026,1,0.5453020134228215,RSI_LT_26,SPY
1997-04-03,14.92146596858639,1,1.251564455569465,RSI_LT_26,SPY
1997-04-04,37.98701298701298,0,0.0,RSI_LT_26,SPY
1997-04-07,60.98654708520179,0,0.0,RSI_LT_26,SPY
1997-04-08,61.674008810572694,0,-0.0,RSI_LT_26,SPY
1997-04-09,77.77777777777777,0,-0.0,RSI_LT_26,SPY
1997-04-10,66.27906976744185,0,-0.0,RSI_LT_26,SPY
1997-04-11,20.30075187969925,1,1.3415672913117627,RSI_LT_26,SPY
1997-04-14,31.61290322580645,0,0.0,RSI_LT_26,SPY
1997-04-15,40.449438202247194,0,0.0,RSI_LT_26,SPY
1997-04-16,53.76344086021506,0,-0.0,RSI_LT_26,SPY
1997-04-17,53.475935828877006,0,0.0,RSI_LT_26,SPY
1997-04-18,91.80327868852459,0,-0.0,RSI_LT_26,SPY
1997-04-21,75.5868544600939,0,0.0,RSI_LT_26,SPY
1997-04-22,78.24267782426779,0,0.0,RSI_LT_26,SPY
1997-04-23,72.34042553191489,0,-0.0,RSI_LT_26,SPY
1997-04-24,70.46632124352331,0,-0.0,RSI_LT_26,SPY
1997-04-25,49.557522123893804,0,0.0,RSI_LT_26,SPY
1997-04-28,66.11570247933884,0,0.0,RSI_LT_26,SPY
1997-04-29,71.8213058419244,0,0.0,RSI_LT_26,SPY
1997-04-30,73.54838709677419,0,-0.0,RSI_LT_26,SPY
1997-05-01,78.35051546391753,0,0.0,RSI_LT_26,SPY
1997-05-02,98.15950920245399,0,0.0,RSI_LT_26,SPY
1997-05-05,98.50746268656717,0,-0.0,RSI_LT_26,SPY
1997-05-06,96.0,0,-0.0,RSI_LT_26,SPY
1997-05-07,63.15789473684211,0,0.0,RSI_LT_26,SPY
1997-05-08,67.74193548387098,0,0.0,RSI_LT_26,SPY
1997-05-09,62.025316455696206,0,0.0,RSI_LT_26,SPY
1997-05-12,57.14285714285714,0,-0.0,RSI_LT_26,SPY
1997-05-13,53.69127516778523,0,0.0,RSI_LT_26,SPY
1997-05-14,88.54166666666667,0,0.0,RSI_LT_26,SPY
1997-05-15,88.54166666666667,0,-0.0,RSI_LT_26,SPY
1997-05-16,58.26086956521739,0,0.0,RSI_LT_26,SPY
1997-05-19,39.24050632911393,0,0.0,RSI_LT_26,SPY
1997-05-20,63.0,0,-0.0,RSI_LT_26,SPY
1997-05-21,57.42574257425742,0,-0.0,RSI_LT_26,SPY
1997-05-22,43.47826086956522,0,0.0,RSI_LT_26,SPY
1997-05-23,81.25,0,0.0,RSI_LT_26,SPY
1997-05-27,81.92771084337349,0,-0.0,RSI_LT_26,SPY
1997-05-28,69.90291262135922,0,-0.0,RSI_LT_26,SPY
1997-05-29,58.53658536585366,0,0.0,RSI_LT_26,SPY
1997-05-30,76.42857142857143,0,-0.0,RSI_LT_26,SPY
1997-06-02,50.0,0,-0.0,RSI_LT_26,SPY
1997-06-03,31.818181818181827,0,-0.0,RSI_LT_26,SPY
1997-06-04,30.434782608695656,0,0.0,RSI_LT_26,SPY
1997-06-05,53.39805825242719,0,0.0,RSI_LT_26,SPY
1997-06-06,72.41379310344828,0,0.0,RSI_LT_26,SPY
1997-06-09,86.51685393258427,0,0.0,RSI_LT_26,SPY
1997-06-10,96.61016949152543,0,0.0,RSI_LT_26,SPY
1997-06-11,100.0,0,0.0,RSI_LT_26,SPY
1997-06-12,100.0,0,0.0,RSI_LT_26,SPY
1997-06-13,100.0,0,0.0,RSI_LT_26,SPY
1997-06-16,100.0,0,-0.0,RSI_LT_26,SPY
1997-06-17,95.53072625698324,0,-0.0,RSI_LT_26,SPY
1997-06-18,84.94623655913979,0,0.0,RSI_LT_26,SPY
1997-06-19,79.56204379562044,0,-0.0,RSI_LT_26,SPY
1997-06-20,46.56488549618321,0,-0.0,RSI_LT_26,SPY
1997-06-23,22.014925373134332,1,2.5384340364676516,RSI_LT_26,SPY
1997-06-24,50.0,0,-0.0,RSI_LT_26,SPY
1997-06-25,47.6303317535545,0,-0.0,RSI_LT_26,SPY
1997-06-26,36.31713554987212,0,0.0,RSI_LT_26,SPY
1997-06-27,44.20485175202156,0,-0.0,RSI_LT_26,SPY
1997-06-30,60.74074074074074,0,0.0,RSI_LT_26,SPY
1997-07-01,45.36082474226805,0,0.0,RSI_LT_26,SPY
1997-07-02,73.38709677419355,0,0.0,RSI_LT_26,SPY
1997-07-03,87.33333333333333,0,-0.0,RSI_LT_26,SPY
1997-07-07,71.00591715976331,0,0.0,RSI_LT_26,SPY
1997-07-08,83.37950138504155,0,-0.0,RSI_LT_26,SPY
1997-07-09,65.27777777777777,0,0.0,RSI_LT_26,SPY
1997-07-10,57.1917808219178,0,0.0,RSI_LT_26,SPY
1997-07-11,46.12068965517241,0,0.0,RSI_LT_26,SPY
1997-07-14,65.78947368421052,0,0.0,RSI_LT_26,SPY
1997-07-15,59.119496855345915,0,0.0,RSI_LT_26,SPY
1997-07-16,100.0,0,-0.0,RSI_LT_26,SPY
1997-07-17,82.95454545454545,0,-0.0,RSI_LT_26,SPY
1997-07-18,44.52296819787986,0,0.0,RSI_LT_26,SPY
1997-07-21,40.97744360902256,0,0.0,RSI_LT_26,SPY
1997-07-22,59.846547314578004,0,-0.0,RSI_LT_26,SPY
1997-07-23,49.056603773584904,0,0.0,RSI_LT_26,SPY
1997-07-24,58.22784810126581,0,-0.0,RSI_LT_26,SPY
1997-07-25,95.33678756476684,0,-0.0,RSI_LT_26,SPY
1997-07-28,93.36734693877551,0,0.0,RSI_LT_26,SPY
1997-07-29,78.68852459016394,0,0.0,RSI_LT_26,SPY
1997-07-30,93.75,0,-0.0,RSI_LT_26,SPY
1997-07-31,86.79245283018868,0,-0.0,RSI_LT_26,SPY
1997-08-01,73.01587301587301,0,0.0,RSI_LT_26,SPY
1997-08-04,78.26086956521739,0,0.0,RSI_LT_26,SPY
1997-08-05,75.40983606557377,0,0.0,RSI_LT_26,SPY
1997-08-06,70.0,0,-0.0,RSI_LT_26,SPY
1997-08-07,50.0,0,-0.0,RSI_LT_26,SPY
1997-08-08,29.166666666666657,0,0.0,RSI_LT_26,SPY
1997-08-11,36.56716417910449,0,-0.0,RSI_LT_26,SPY
1997-08-12,26.1111111111111,0,-0.0,RSI_LT_26,SPY
1997-08-13,13.41463414634147,1,0.3725025397900428,RSI_LT_26,SPY
1997-08-14,21.710526315789465,1,-3.0701754385964897,RSI_LT_26,SPY
1997-08-15,18.232044198895025,1,2.2276366167768957,RSI_LT_26,SPY
1997-08-18,33.632286995515685,0,0.0,RSI_LT_26,SPY
1997-08-19,52.15311004784689,0,0.0,RSI_LT_26,SPY
1997-08-20,62.85714285714286,0,-0.0,RSI_LT_26,SPY
1997-08-21,49.825783972125436,0,-0.0,RSI_LT_26,SPY
1997-08-22,72.58883248730965,0,-0.0,RSI_LT_26,SPY
1997-08-25,54.861111111111114,0,-0.0,RSI_LT_26,SPY
1997-08-26,29.31596091205212,0,0.0,RSI_LT_26,SPY
1997-08-27,13.8888888888889,1,-1.5213675213675226,RSI_LT_26,SPY
1997-08-28,14.893617021276597,1,0.3992362437076791,RSI_LT_26,SPY
1997-08-29,22.65625,1,3.250345781466124,RSI_LT_26,SPY
1997-09-02,58.29383886255924,0,-0.0,RSI_LT_26,SPY
1997-09-03,67.02997275204359,0,0.0,RSI_LT_26,SPY
1997-09-04,67.29729729729729,0,-0.0,RSI_LT_26,SPY
1997-09-05,83.55704697986577,0,0.0,RSI_LT_26,SPY
1997-09-08,83.72093023255815,0,0.0,RSI_LT_26,SPY
1997-09-09,57.758620689655174,0,-0.0,RSI_LT_26,SPY
1997-09-10,32.21153846153845,0,-0.0,RSI_LT_26,SPY
1997-09-11,14.5,1,1.6106922549691483,RSI_LT_26,SPY
1997-09-12,44.4043321299639,0,-0.0,RSI_LT_26,SPY
1997-09-15,37.1647509578544,0,0.0,RSI_LT_26,SPY
1997-09-16,59.60591133004926,0,0.0,RSI_LT_26,SPY
1997-09-17,85.81560283687944,0,0.0,RSI_LT_26,SPY
1997-09-18,96.40287769784173,0,-0.0,RSI_LT_26,SPY
1997-09-19,88.77551020408163,0,0.0,RSI_LT_26,SPY
1997-09-22,94.54545454545455,0,-0.0,RSI_LT_26,SPY
1997-09-23,60.0,0,-0.0,RSI_LT_26,SPY
1997-09-24,39.99999999999999,0,-0.0,RSI_LT_26,SPY
1997-09-25,20.48192771084338,1,0.8338892595063374,RSI_LT_26,SPY
1997-09-26,41.1764705882353,0,0.0,RSI_LT_26,SPY
1997-09-29,47.368421052631575,0,-0.0,RSI_LT_26,SPY
1997-09-30,40.909090909090914,0,0.0,RSI_LT_26,SPY
1997-10-01,63.945578231292515,0,0.0,RSI_LT_26,SPY
1997-10-02,77.62237762237763,0,0.0,RSI_LT_26,SPY
1997-10-03,76.02996254681648,0,0.0,RSI_LT_26,SPY
1997-10-06,74.4,0,0.0,RSI_LT_26,SPY
1997-10-07,100.0,0,-0.0,RSI_LT_26,SPY
1997-10-08,78.84615384615384,0,-0.0,RSI_LT_26,SPY
1997-10-09,66.3265306122449,0,-0.0,RSI_LT_26,SPY
1997-10-10,54.09836065573771,0,0.0,RSI_LT_26,SPY
1997-10-13,43.24324324324324,0,0.0,RSI_LT_26,SPY
1997-10-14,8.695652173913047,1,-0.22551546391752497,RSI_LT_26,SPY
1997-10-15,12.903225806451616,1,-1.5821762996448219,RSI_LT_26,SPY
1997-10-16,5.79710144927536,1,-1.0170603674540701,RSI_LT_26,SPY
1997-10-17,4.395604395604394,1,1.4252568776930818,RSI_LT_26,SPY
1997-10-20,33.587786259541986,0,0.0,RSI_LT_26,SPY
1997-10-21,54.08970976253298,0,-0.0,RSI_LT_26,SPY
1997-10-22,50.49261083743842,0,-0.0,RSI_LT_26,SPY
1997-10-23,47.67441860465116,0,-0.0,RSI_LT_26,SPY
1997-10-24,47.89719626168224,0,-0.0,RSI_LT_26,SPY
1997-10-27,15.295629820051417,1,5.7706093189964225,RSI_LT_26,SPY
1997-10-28,32.8236493374108,0,-0.0,RSI_LT_26,SPY
1997-10-29,33.68200836820084,0,-0.0,RSI_LT_26,SPY
1997-10-30,33.40248962655602,0,0.0,RSI_LT_26,SPY
1997-10-31,44.03846153846153,0,0.0,RSI_LT_26,SPY
1997-11-03,79.94505494505495,0,0.0,RSI_LT_26,SPY
1997-11-04,64.03940886699507,0,0.0,RSI_LT_26,SPY
1997-11-05,68.29268292682927,0,-0.0,RSI_LT_26,SPY
1997-11-06,92.40924092409242,0,-0.0,RSI_LT_26,SPY
1997-11-07,62.06896551724138,0,-0.0,RSI_LT_26,SPY
1997-11-10,13.8888888888889,1,0.03382949932340118,RSI_LT_26,SPY
1997-11-11,15.06849315068493,1,-2.0629015894487623,RSI_LT_26,SPY
1997-11-12,0.8064516129032171,1,1.4502762430939287,RSI_LT_26,SPY
1997-11-13,27.83171521035598,0,0.0,RSI_LT_26,SPY
1997-11-14,51.23456790123458,0,0.0,RSI_LT_26,SPY
1997-11-17,69.34673366834171,0,-0.0,RSI_LT_26,SPY
1997-11-18,63.13364055299539,0,0.0,RSI_LT_26,SPY
1997-11-19,88.88888888888889,0,0.0,RSI_LT_26,SPY
1997-11-20,89.14285714285714,0,0.0,RSI_LT_26,SPY
1997-11-21,87.82051282051282,0,-0.0,RSI_LT_26,SPY
1997-11-24,52.22929936305732,0,0.0,RSI_LT_26,SPY
1997-11-25,61.64383561643836,0,0.0,RSI_LT_26,SPY
1997-11-26,60.0,0,0.0,RSI_LT_26,SPY
1997-11-28,42.2680412371134,0,0.0,RSI_LT_26,SPY
1997-12-01,63.87096774193549,0,-0.0,RSI_LT_26,SPY
1997-12-02,83.89830508474577,0,0.0,RSI_LT_26,SPY
1997-12-03,84.03361344537815,0,-0.0,RSI_LT_26,SPY
1997-12-04,80.53097345132743,0,0.0,RSI_LT_26,SPY
1997-12-05,85.33333333333333,0,-0.0,RSI_LT_26,SPY
1997-12-08,61.25000000000001,0,-0.0,RSI_LT_26,SPY
1997-12-09,61.25000000000001,0,-0.0,RSI_LT_26,SPY
1997-12-10,40.816326530612244,0,-0.0,RSI_LT_26,SPY
1997-12-11,27.027027027027017,0,0.0,RSI_LT_26,SPY
1997-12-12,5.26315789473685,1,1.0117493472584949,RSI_LT_26,SPY
1997-12-15,27.205882352941174,0,0.0,RSI_LT_26,SPY
1997-12-16,41.17647058823529,0,-0.0,RSI_LT_26,SPY
1997-12-17,44.800000000000004,0,-0.0,RSI_LT_26,SPY
1997-12-18,54.90196078431373,0,-0.0,RSI_LT_26,SPY
1997-12-19,38.16793893129771,0,0.0,RSI_LT_26,SPY
1997-12-22,32.217573221757334,0,-0.0,RSI_LT_26,SPY
1997-12-23,12.58064516129032,1,-0.30020013342227925,RSI_LT_26,SPY
1997-12-24,13.175675675675663,1,0.4014720642355307,RSI_LT_26,SPY
1997-12-26,24.230769230769226,1,1.966011329556805,RSI_LT_26,SPY
1997-12-29,58.76623376623377,0,0.0,RSI_LT_26,SPY
1997-12-30,65.20547945205479,0,-0.0,RSI_LT_26,SPY
1997-12-31,91.53846153846153,0,0.0,RSI_LT_26,SPY
1998-01-02,98.54014598540147,0,0.0,RSI_LT_26,SPY
1998-01-05,98.48484848484848,0,-0.0,RSI_LT_26,SPY
1998-01-06,57.72357723577235,0,0.0,RSI_LT_26,SPY
1998-01-07,37.34939759036145,0,-0.0,RSI_LT_26,SPY
1998-01-08,28.70370370370371,0,-0.0,RSI_LT_26,SPY
1998-01-09,7.575757575757578,1,1.8280297901150933,RSI_LT_26,SPY
1998-01-12,25.306122448979593,1,1.3962765957446832,RSI_LT_26,SPY
1998-01-13,43.881856540084385,0,0.0,RSI_LT_26,SPY
1998-01-14,45.267489711934154,0,-0.0,RSI_LT_26,SPY
1998-01-15,45.54865424430642,0,0.0,RSI_LT_26,SPY
1998-01-16,85.75418994413408,0,0.0,RSI_LT_26,SPY
1998-01-20,85.42857142857143,0,-0.0,RSI_LT_26,SPY
1998-01-21,65.95092024539878,0,-0.0,RSI_LT_26,SPY
1998-01-22,52.97450424929178,0,-0.0,RSI_LT_26,SPY
1998-01-23,60.12861736334405,0,-0.0,RSI_LT_26,SPY
1998-01-26,43.85964912280702,0,0.0,RSI_LT_26,SPY
1998-01-27,32.631578947368425,0,0.0,RSI_LT_26,SPY
1998-01-28,63.44086021505377,0,0.0,RSI_LT_26,SPY
1998-01-29,92.12121212121212,0,0.0,RSI_LT_26,SPY
1998-01-30,97.5,0,0.0,RSI_LT_26,SPY
1998-02-02,100.0,0,0.0,RSI_LT_26,SPY
1998-02-03,100.0,0,-0.0,RSI_LT_26,SPY
1998-02-04,95.95959595959596,0,-0.0,RSI_LT_26,SPY
1998-02-05,92.85714285714286,0,0.0,RSI_LT_26,SPY
1998-02-06,94.91525423728814,0,-0.0,RSI_LT_26,SPY
1998-02-09,77.92207792207792,0,0.0,RSI_LT_26,SPY
1998-02-10,79.76190476190476,0,-0.0,RSI_LT_26,SPY
1998-02-11,80.72289156626506,0,0.0,RSI_LT_26,SPY
1998-02-12,85.26315789473685,0,-0.0,RSI_LT_26,SPY
1998-02-13,57.69230769230769,0,0.0,RSI_LT_26,SPY
1998-02-17,73.49397590361446,0,0.0,RSI_LT_26,SPY
1998-02-18,73.17073170731707,0,-0.0,RSI_LT_26,SPY
1998-02-19,62.176165803108816,0,0.0,RSI_LT_26,SPY
1998-02-20,65.88785046728972,0,0.0,RSI_LT_26,SPY
1998-02-23,82.67326732673267,0,-0.0,RSI_LT_26,SPY
1998-02-24,60.810810810810814,0,0.0,RSI_LT_26,SPY
1998-02-25,64.34426229508196,0,0.0,RSI_LT_26,SPY
1998-02-26,78.94736842105263,0,0.0,RSI_LT_26,SPY
1998-02-27,73.73737373737373,0,-0.0,RSI_LT_26,SPY
1998-03-02,64.51612903225806,0,0.0,RSI_LT_26,SPY
1998-03-03,91.86046511627907,0,-0.0,RSI_LT_26,SPY
1998-03-04,56.71641791044776,0,-0.0,RSI_LT_26,SPY
1998-03-05,24.0506329113924,1,2.0162503761661066,RSI_LT_26,SPY
1998-03-06,58.9041095890411,0,-0.0,RSI_LT_26,SPY
1998-03-09,56.953642384105954,0,0.0,RSI_LT_26,SPY
1998-03-10,60.36585365853659,0,0.0,RSI_LT_26,SPY
1998-03-11,72.78481012658227,0,0.0,RSI_LT_26,SPY
1998-03-12,91.48936170212767,0,-0.0,RSI_LT_26,SPY
1998-03-13,71.26436781609195,0,0.0,RSI_LT_26,SPY
1998-03-16,88.39285714285714,0,0.0,RSI_LT_26,SPY
1998-03-17,85.55555555555556,0,0.0,RSI_LT_26,SPY
1998-03-18,85.05747126436782,0,0.0,RSI_LT_26,SPY
1998-03-19,84.14634146341463,0,0.0,RSI_LT_26,SPY
1998-03-20,100.0,0,-0.0,RSI_LT_26,SPY
1998-03-23,86.66666666666667,0,0.0,RSI_LT_26,SPY
1998-03-24,90.0,0,-0.0,RSI_LT_26,SPY
1998-03-25,73.75,0,-0.0,RSI_LT_26,SPY
1998-03-26,68.4931506849315,0,-0.0,RSI_LT_26,SPY
1998-03-27,44.11764705882353,0,-0.0,RSI_LT_26,SPY
1998-03-30,48.38709677419355,0,0.0,RSI_LT_26,SPY
1998-03-31,27.272727272727266,0,0.0,RSI_LT_26,SPY
1998-04-01,68.0672268907563,0,0.0,RSI_LT_26,SPY
1998-04-02,82.29166666666667,0,0.0,RSI_LT_26,SPY
1998-04-03,97.97979797979798,0,-0.0,RSI_LT_26,SPY
1998-04-06,76.98412698412699,0,-0.0,RSI_LT_26,SPY
1998-04-07,61.59420289855072,0,-0.0,RSI_LT_26,SPY
1998-04-08,43.62934362934364,0,0.0,RSI_LT_26,SPY
1998-04-09,38.65546218487395,0,-0.0,RSI_LT_26,SPY
1998-04-13,25.22522522522523,1,0.8455467869222133,RSI_LT_26,SPY
1998-04-14,51.785714285714285,0,0.0,RSI_LT_26,SPY
1998-04-15,69.38775510204081,0,-0.0,RSI_LT_26,SPY
1998-04-16,56.666666666666664,0,0.0,RSI_LT_26,SPY
1998-04-17,62.589928057553955,0,-0.0,RSI_LT_26,SPY
1998-04-20,66.92307692307693,0,0.0,RSI_LT_26,SPY
1998-04-21,63.24786324786325,0,0.0,RSI_LT_26,SPY
1998-04-22,63.24786324786325,0,-0.0,RSI_LT_26,SPY
1998-04-23,67.27272727272728,0,-0.0,RSI_LT_26,SPY
1998-04-24,26.73267326732673,0,-0.0,RSI_LT_26,SPY
1998-04-27,16.16766467065868,1,-0.1437194596148328,RSI_LT_26,SPY
1998-04-28,6.451612903225794,1,0.6908462867012188,RSI_LT_26,SPY
1998-04-29,14.201183431952657,1,1.8582046883933723,RSI_LT_26,SPY
1998-04-30,44.72361809045226,0,0.0,RSI_LT_26,SPY
1998-05-01,64.17910447761194,0,-0.0,RSI_LT_26,SPY
1998-05-04,90.20979020979021,0,-0.0,RSI_LT_26,SPY
1998-05-05,79.14110429447854,0,-0.0,RSI_LT_26,SPY
1998-05-06,58.01104972375691,0,-0.0,RSI_LT_26,SPY
1998-05-07,27.77777777777777,0,0.0,RSI_LT_26,SPY
1998-05-08,35.40372670807453,0,-0.0,RSI_LT_26,SPY
1998-05-11,34.75609756097562,0,0.0,RSI_LT_26,SPY
1998-05-12,53.672316384180796,0,0.0,RSI_LT_26,SPY
1998-05-13,72.22222222222223,0,-0.0,RSI_LT_26,SPY
1998-05-14,77.61194029850746,0,-0.0,RSI_LT_26,SPY
1998-05-15,48.45360824742268,0,-0.0,RSI_LT_26,SPY
1998-05-18,47.474747474747474,0,0.0,RSI_LT_26,SPY
1998-05-19,38.8235294117647,0,0.0,RSI_LT_26,SPY
1998-05-20,52.72727272727273,0,-0.0,RSI_LT_26,SPY
1998-05-21,50.43478260869564,0,-0.0,RSI_LT_26,SPY
1998-05-22,53.211009174311926,0,-0.0,RSI_LT_26,SPY
1998-05-26,38.15789473684211,0,0.0,RSI_LT_26,SPY
1998-05-27,29.32330827067669,0,0.0,RSI_LT_26,SPY
1998-05-28,18.26086956521739,1,-0.9931895573212279,RSI_LT_26,SPY
1998-05-29,16.535433070866148,1,0.45858412152479655,RSI_LT_26,SPY
1998-06-01,28.68217054263566,0,0.0,RSI_LT_26,SPY
1998-06-02,53.33333333333333,0,-0.0,RSI_LT_26,SPY
1998-06-03,27.77777777777777,0,0.0,RSI_LT_26,SPY
1998-06-04,47.70114942528736,0,0.0,RSI_LT_26,SPY
1998-06-05,72.94685990338164,0,-0.0,RSI_LT_26,SPY
1998-06-08,69.23076923076923,0,0.0,RSI_LT_26,SPY
1998-06-09,70.44334975369458,0,-0.0,RSI_LT_26,SPY
1998-06-10,84.11764705882354,0,-0.0,RSI_LT_26,SPY
1998-06-11,45.664739884393065,0,0.0,RSI_LT_26,SPY
1998-06-12,31.8840579710145,0,-0.0,RSI_LT_26,SPY
1998-06-15,19.38325991189427,1,1.540249927346693,RSI_LT_26,SPY
1998-06-16,31.970260223048328,0,0.0,RSI_LT_26,SPY
1998-06-17,49.843260188087775,0,-0.0,RSI_LT_26,SPY
1998-06-18,59.32835820895522,0,-0.0,RSI_LT_26,SPY
1998-06-19,47.72727272727273,0,0.0,RSI_LT_26,SPY
1998-06-22,76.06382978723404,0,0.0,RSI_LT_26,SPY
1998-06-23,74.57627118644068,0,0.0,RSI_LT_26,SPY
1998-06-24,70.39473684210526,0,-0.0,RSI_LT_26,SPY
1998-06-25,75.35211267605634,0,0.0,RSI_LT_26,SPY
1998-06-26,95.3125,0,0.0,RSI_LT_26,SPY
1998-06-29,95.16129032258064,0,-0.0,RSI_LT_26,SPY
1998-06-30,71.02803738317756,0,0.0,RSI_LT_26,SPY
1998-07-01,69.3069306930693,0,0.0,RSI_LT_26,SPY
1998-07-02,75.49019607843138,0,0.0,RSI_LT_26,SPY
1998-07-06,79.83870967741936,0,-0.0,RSI_LT_26,SPY
1998-07-07,72.88135593220339,0,0.0,RSI_LT_26,SPY
1998-07-08,94.16666666666667,0,-0.0,RSI_LT_26,SPY
1998-07-09,68.93203883495146,0,0.0,RSI_LT_26,SPY
1998-07-10,72.41379310344828,0,0.0,RSI_LT_26,SPY
1998-07-13,60.0,0,0.0,RSI_LT_26,SPY
1998-07-14,78.26086956521739,0,-0.0,RSI_LT_26,SPY
1998-07-15,66.31578947368422,0,0.0,RSI_LT_26,SPY
1998-07-16,92.70833333333333,0,0.0,RSI_LT_26,SPY
1998-07-17,91.35802469135803,0,0.0,RSI_LT_26,SPY
1998-07-20,91.25,0,-0.0,RSI_LT_26,SPY
1998-07-21,29.807692307692307,0,0.0,RSI_LT_26,SPY
1998-07-22,31.95876288659794,0,-0.0,RSI_LT_26,SPY
1998-07-23,3.448275862068968,1,-0.08210180623974273,RSI_LT_26,SPY
1998-07-24,0.0,1,0.7121336620104168,RSI_LT_26,SPY
1998-07-27,15.384615384615387,1,-1.6861571933641573,RSI_LT_26,SPY
1998-07-28,15.75757575757575,1,-0.3872752420470249,RSI_LT_26,SPY
1998-07-29,14.52513966480447,1,1.4995834490419302,RSI_LT_26,SPY
1998-07-30,50.314465408805034,0,-0.0,RSI_LT_26,SPY
1998-07-31,34.18803418803418,0,-0.0,RSI_LT_26,SPY
1998-08-03,24.21524663677131,1,-3.874227961819199,RSI_LT_26,SPY
1998-08-04,18.060200668896314,1,1.3726635514018648,RSI_LT_26,SPY
1998-08-05,30.421686746987945,0,0.0,RSI_LT_26,SPY
1998-08-06,21.160409556313994,1,0.1721170395869276,RSI_LT_26,SPY
1998-08-07,30.769230769230774,0,-0.0,RSI_LT_26,SPY
1998-08-10,30.088495575221245,0,-0.0,RSI_LT_26,SPY
1998-08-11,48.57142857142857,0,0.0,RSI_LT_26,SPY
1998-08-12,52.31788079470199,0,-0.0,RSI_LT_26,SPY
1998-08-13,35.95505617977528,0,-0.0,RSI_LT_26,SPY
1998-08-14,27.35849056603773,0,0.0,RSI_LT_26,SPY
1998-08-17,49.24242424242424,0,0.0,RSI_LT_26,SPY
1998-08-18,70.28985507246377,0,-0.0,RSI_LT_26,SPY
1998-08-19,59.91189427312776,0,-0.0,RSI_LT_26,SPY
1998-08-20,66.01941747572815,0,-0.0,RSI_LT_26,SPY
1998-08-21,70.10309278350516,0,0.0,RSI_LT_26,SPY
1998-08-24,59.72222222222222,0,0.0,RSI_LT_26,SPY
1998-08-25,34.09090909090909,0,-0.0,RSI_LT_26,SPY
1998-08-26,30.303030303030297,0,-0.0,RSI_LT_26,SPY
1998-08-27,12.396694214876035,1,-0.3614457831325302,RSI_LT_26,SPY
1998-08-28,13.274336283185846,1,-7.13422007255139,RSI_LT_26,SPY
1998-08-31,1.8181818181818272,1,4.231770833333326,RSI_LT_26,SPY
1998-09-01,23.131672597864778,1,-0.7183010618363572,RSI_LT_26,SPY
1998-09-02,23.008849557522126,1,-0.7864108210128951,RSI_LT_26,SPY
1998-09-03,30.516431924882625,0,-0.0,RSI_LT_26,SPY
1998-09-04,29.545454545454547,0,0.0,RSI_LT_26,SPY
1998-09-08,80.10752688172043,0,-0.0,RSI_LT_26,SPY
1998-09-09,52.17391304347826,0,-0.0,RSI_LT_26,SPY
1998-09-10,46.28099173553719,0,0.0,RSI_LT_26,SPY
1998-09-11,61.36363636363636,0,0.0,RSI_LT_26,SPY
1998-09-14,69.36170212765957,0,0.0,RSI_LT_26,SPY
1998-09-15,55.27950310559007,0,0.0,RSI_LT_26,SPY
1998-09-16,76.47058823529412,0,-0.0,RSI_LT_26,SPY
1998-09-17,68.42105263157895,0,0.0,RSI_LT_26,SPY
1998-09-18,53.17073170731708,0,-0.0,RSI_LT_26,SPY
1998-09-21,35.09933774834437,0,0.0,RSI_LT_26,SPY
1998-09-22,37.97468354430379,0,0.0,RSI_LT_26,SPY
1998-09-23,62.30769230769231,0,-0.0,RSI_LT_26,SPY
1998-09-24,65.32258064516128,0,-0.0,RSI_LT_26,SPY
1998-09-25,63.855421686746986,0,0.0,RSI_LT_26,SPY
1998-09-28,68.23104693140795,0,-0.0,RSI_LT_26,SPY
1998-09-29,62.7906976744186,0,-0.0,RSI_LT_26,SPY
1998-09-30,13.15789473684211,1,-2.8869778869778817,RSI_LT_26,SPY
1998-10-01,12.60504201680672,1,1.9291587602783045,RSI_LT_26,SPY
1998-10-02,30.847457627118644,0,-0.0,RSI_LT_26,SPY
1998-10-05,18.484848484848484,1,-0.09499683343888732,RSI_LT_26,SPY
1998-10-06,18.76923076923076,1,-1.48969889064976,RSI_LT_26,SPY
1998-10-07,22.592592592592595,1,-0.5469755469755477,RSI_LT_26,SPY
1998-10-08,31.60621761658031,0,0.0,RSI_LT_26,SPY
1998-10-09,31.95876288659794,0,0.0,RSI_LT_26,SPY
1998-10-12,61.714285714285715,0,-0.0,RSI_LT_26,SPY
1998-10-13,59.016393442622956,0,0.0,RSI_LT_26,SPY
1998-10-14,83.13253012048193,0,0.0,RSI_LT_26,SPY
1998-10-15,96.58385093167702,0,0.0,RSI_LT_26,SPY
1998-10-16,95.78544061302682,0,0.0,RSI_LT_26,SPY
1998-10-19,95.15418502202643,0,0.0,RSI_LT_26,SPY
1998-10-20,100.0,0,-0.0,RSI_LT_26,SPY
1998-10-21,94.4954128440367,0,0.0,RSI_LT_26,SPY
1998-10-22,87.5,0,-0.0,RSI_LT_26,SPY
1998-10-23,59.71223021582735,0,0.0,RSI_LT_26,SPY
1998-10-26,63.15789473684211,0,-0.0,RSI_LT_26,SPY
1998-10-27,50.0,0,-0.0,RSI_LT_26,SPY
1998-10-28,52.05479452054794,0,0.0,RSI_LT_26,SPY
1998-10-29,60.674157303370784,0,0.0,RSI_LT_26,SPY
1998-10-30,83.00653594771242,0,0.0,RSI_LT_26,SPY
1998-11-02,86.17021276595744,0,-0.0,RSI_LT_26,SPY
1998-11-03,83.50515463917526,0,0.0,RSI_LT_26,SPY
1998-11-04,88.49557522123894,0,0.0,RSI_LT_26,SPY
1998-11-05,86.45833333333333,0,0.0,RSI_LT_26,SPY
1998-11-06,85.86956521739131,0,-0.0,RSI_LT_26,SPY
1998-11-09,65.33333333333334,0,-0.0,RSI_LT_26,SPY
1998-11-10,73.13432835820896,0,-0.0,RSI_LT_26,SPY
1998-11-11,50.0,0,-0.0,RSI_LT_26,SPY
1998-11-12,14.666666666666671,1,0.9754738015607556,RSI_LT_26,SPY
1998-11-13,35.35353535353535,0,0.0,RSI_LT_26,SPY
1998-11-16,62.0,0,0.0,RSI_LT_26,SPY
1998-11-17,68.88888888888889,0,0.0,RSI_LT_26,SPY
1998-11-18,95.45454545454545,0,0.0,RSI_LT_26,SPY
1998-11-19,100.0,0,0.0,RSI_LT_26,SPY
1998-11-20,100.0,0,0.0,RSI_LT_26,SPY
1998-11-23,100.0,0,-0.0,RSI_LT_26,SPY
1998-11-24,87.62886597938144,0,0.0,RSI_LT_26,SPY
1998-11-25,86.04651162790698,0,0.0,RSI_LT_26,SPY
1998-11-27,85.71428571428571,0,-0.0,RSI_LT_26,SPY
1998-11-30,46.7741935483871,0,0.0,RSI_LT_26,SPY
1998-12-01,36.53846153846153,0,-0.0,RSI_LT_26,SPY
1998-12-02,38.97435897435897,0,-0.0,RSI_LT_26,SPY
1998-12-03,29.57198443579766,0,0.0,RSI_LT_26,SPY
1998-12-04,44.47852760736197,0,0.0,RSI_LT_26,SPY
1998-12-07,69.0677966101695,0,-0.0,RSI_LT_26,SPY
1998-12-08,56.09756097560975,0,0.0,RSI_LT_26,SPY
1998-12-09,60.69651741293532,0,-0.0,RSI_LT_26,SPY
1998-12-10,62.724935732647815,0,0.0,RSI_LT_26,SPY
1998-12-11,30.95238095238095,0,-0.0,RSI_LT_26,SPY
1998-12-14,7.435897435897431,1,2.5824175824175732,RSI_LT_26,SPY
1998-12-15,39.88970588235294,0,-0.0,RSI_LT_26,SPY
1998-12-16,37.59259259259259,0,0.0,RSI_LT_26,SPY
1998-12-17,58.75912408759124,0,0.0,RSI_LT_26,SPY
1998-12-18,58.148148148148145,0,0.0,RSI_LT_26,SPY
1998-12-21,97.67441860465117,0,0.0,RSI_LT_26,SPY
1998-12-22,96.3768115942029,0,0.0,RSI_LT_26,SPY
1998-12-23,100.0,0,-0.0,RSI_LT_26,SPY
1998-12-24,90.0874635568513,0,-0.0,RSI_LT_26,SPY
1998-12-28,84.8314606741573,0,0.0,RSI_LT_26,SPY
1998-12-29,85.56149732620321,0,-0.0,RSI_LT_26,SPY
1998-12-30,70.79207920792079,0,0.0,RSI_LT_26,SPY
1998-12-31,51.2396694214876,0,-0.0,RSI_LT_26,SPY
1999-01-04,54.86725663716815,0,0.0,RSI_LT_26,SPY
1999-01-05,72.29729729729729,0,0.0,RSI_LT_26,SPY
1999-01-06,77.47252747252747,0,-0.0,RSI_LT_26,SPY
1999-01-07,82.94117647058823,0,0.0,RSI_LT_26,SPY
1999-01-08,85.5,0,-0.0,RSI_LT_26,SPY
1999-01-11,74.34782608695653,0,-0.0,RSI_LT_26,SPY
1999-01-12,48.83720930232558,0,-0.0,RSI_LT_26,SPY
1999-01-13,15.78947368421052,1,-1.747720364741645,RSI_LT_26,SPY
1999-01-14,12.552301255230134,1,2.6037638566640986,RSI_LT_26,SPY
1999-01-15,32.58064516129032,0,0.0,RSI_LT_26,SPY
1999-01-19,42.76094276094276,0,0.0,RSI_LT_26,SPY
1999-01-20,62.10937500000001,0,-0.0,RSI_LT_26,SPY
1999-01-21,47.46268656716418,0,-0.0,RSI_LT_26,SPY
1999-01-22,57.81818181818181,0,0.0,RSI_LT_26,SPY
1999-01-25,45.79439252336449,0,0.0,RSI_LT_26,SPY
1999-01-26,55.38461538461538,0,-0.0,RSI_LT_26,SPY
1999-01-27,40.72727272727273,0,0.0,RSI_LT_26,SPY
1999-01-28,76.17021276595744,0,0.0,RSI_LT_26,SPY
1999-01-29,81.71206225680933,0,-0.0,RSI_LT_26,SPY
1999-02-01,70.53941908713693,0,-0.0,RSI_LT_26,SPY
1999-02-02,50.51546391752578,0,0.0,RSI_LT_26,SPY
1999-02-03,73.93617021276596,0,-0.0,RSI_LT_26,SPY
1999-02-04,39.56043956043956,0,-0.0,RSI_LT_26,SPY
1999-02-05,20.812182741116743,1,0.2015113350126052,RSI_LT_26,SPY
1999-02-08,27.0718232044199,0,-0.0,RSI_LT_26,SPY
1999-02-09,20.0,1,0.6428387760349707,RSI_LT_26,SPY
1999-02-10,14.410480349344965,1,2.2994379151762834,RSI_LT_26,SPY
1999-02-11,47.674418604651166,0,-0.0,RSI_LT_26,SPY
1999-02-12,47.307692307692314,0,-0.0,RSI_LT_26,SPY
1999-02-16,41.666666666666664,0,-0.0,RSI_LT_26,SPY
1999-02-17,60.20942408376964,0,0.0,RSI_LT_26,SPY
1999-02-18,61.421319796954315,0,0.0,RSI_LT_26,SPY
1999-02-19,38.70967741935484,0,0.0,RSI_LT_26,SPY
1999-02-22,84.61538461538461,0,-0.0,RSI_LT_26,SPY
1999-02-23,96.25,0,-0.0,RSI_LT_26,SPY
1999-02-24,67.54385964912281,0,-0.0,RSI_LT_26,SPY
1999-02-25,52.34042553191489,0,-0.0,RSI_LT_26,SPY
1999-02-26,45.2991452991453,0,0.0,RSI_LT_26,SPY
1999-03-01,7.9136690647482055,1,-0.8827238335435084,RSI_LT_26,SPY
1999-03-02,6.395348837209298,1,0.5343511450381699,RSI_LT_26,SPY
1999-03-03,26.446280991735534,0,0.0,RSI_LT_26,SPY
1999-03-04,61.65413533834587,0,0.0,RSI_LT_26,SPY
1999-03-05,82.27848101265823,0,0.0,RSI_LT_26,SPY
1999-03-08,83.5680751173709,0,-0.0,RSI_LT_26,SPY
1999-03-09,94.68085106382979,0,0.0,RSI_LT_26,SPY
1999-03-10,95.07389162561576,0,0.0,RSI_LT_26,SPY
1999-03-11,94.9748743718593,0,-0.0,RSI_LT_26,SPY
1999-03-12,68.45425867507886,0,0.0,RSI_LT_26,SPY
1999-03-15,73.82198952879581,0,-0.0,RSI_LT_26,SPY
1999-03-16,71.57360406091371,0,-0.0,RSI_LT_26,SPY
1999-03-17,58.659217877094974,0,0.0,RSI_LT_26,SPY
1999-03-18,63.0,0,-0.0,RSI_LT_26,SPY
1999-03-19,52.06611570247934,0,0.0,RSI_LT_26,SPY
1999-03-22,39.26701570680628,0,-0.0,RSI_LT_26,SPY
1999-03-23,25.423728813559322,1,0.5695889053987102,RSI_LT_26,SPY
1999-03-24,32.66666666666667,0,0.0,RSI_LT_26,SPY
1999-03-25,36.07594936708861,0,-0.0,RSI_LT_26,SPY
1999-03-26,43.18181818181818,0,0.0,RSI_LT_26,SPY
1999-03-29,55.752212389380524,0,-0.0,RSI_LT_26,SPY
1999-03-30,78.42323651452281,0,-0.0,RSI_LT_26,SPY
1999-03-31,58.245614035087726,0,0.0,RSI_LT_26,SPY
1999-04-01,48.927038626609445,0,0.0,RSI_LT_26,SPY
1999-04-05,70.43189368770764,0,-0.0,RSI_LT_26,SPY
1999-04-06,56.57894736842105,0,0.0,RSI_LT_26,SPY
1999-04-07,67.91666666666667,0,0.0,RSI_LT_26,SPY
1999-04-08,95.59471365638767,0,0.0,RSI_LT_26,SPY
1999-04-09,94.9238578680203,0,0.0,RSI_LT_26,SPY
1999-04-12,93.10344827586206,0,-0.0,RSI_LT_26,SPY
1999-04-13,82.82208588957056,0,-0.0,RSI_LT_26,SPY
1999-04-14,50.0,0,-0.0,RSI_LT_26,SPY
1999-04-15,28.65853658536585,0,-0.0,RSI_LT_26,SPY
1999-04-16,23.115577889447238,1,-1.5443098123069654,RSI_LT_26,SPY
1999-04-19,0.0,1,1.2548262548262468,RSI_LT_26,SPY
1999-04-20,21.487603305785115,1,2.8598665395614953,RSI_LT_26,SPY
1999-04-21,59.515570934256054,0,0.0,RSI_LT_26,SPY
1999-04-22,67.8343949044586,0,-0.0,RSI_LT_26,SPY
1999-04-23,73.70242214532873,0,0.0,RSI_LT_26,SPY
1999-04-26,95.58232931726907,0,0.0,RSI_LT_26,SPY
1999-04-27,94.95412844036697,0,-0.0,RSI_LT_26,SPY
1999-04-28,55.0632911392405,0,-0.0,RSI_LT_26,SPY
1999-04-29,30.66666666666667,0,-0.0,RSI_LT_26,SPY
1999-04-30,26.436781609195407,0,0.0,RSI_LT_26,SPY
1999-05-03,43.61233480176212,0,-0.0,RSI_LT_26,SPY
1999-05-04,29.104477611940297,0,0.0,RSI_LT_26,SPY
1999-05-05,46.28099173553719,0,-0.0,RSI_LT_26,SPY
1999-05-06,47.5583864118896,0,0.0,RSI_LT_26,SPY
1999-05-07,62.01716738197425,0,-0.0,RSI_LT_26,SPY
1999-05-10,37.6770538243626,0,0.0,RSI_LT_26,SPY
1999-05-11,69.62025316455697,0,0.0,RSI_LT_26,SPY
1999-05-12,69.62025316455697,0,0.0,RSI_LT_26,SPY
1999-05-13,85.71428571428571,0,-0.0,RSI_LT_26,SPY
1999-05-14,41.59482758620689,0,0.0,RSI_LT_26,SPY
1999-05-17,48.993288590604024,0,-0.0,RSI_LT_26,SPY
1999-05-18,35.1063829787234,0,0.0,RSI_LT_26,SPY
1999-05-19,34.05405405405405,0,-0.0,RSI_LT_26,SPY
1999-05-20,22.91666666666667,1,-0.5593101841062653,RSI_LT_26,SPY
1999-05-21,43.13725490196079,0,-0.0,RSI_LT_26,SPY
1999-05-24,19.375,1,-1.62059103908484,RSI_LT_26,SPY
1999-05-25,14.09090909090908,1,1.1143410852713087,RSI_LT_26,SPY
1999-05-26,19.574468085106375,1,-1.4374700527072348,RSI_LT_26,SPY
1999-05-27,17.100371747211895,1,1.276130286825472,RSI_LT_26,SPY
1999-05-28,33.109243697479,0,-0.0,RSI_LT_26,SPY
1999-06-01,40.871369294605806,0,0.0,RSI_LT_26,SPY
1999-06-02,57.90960451977401,0,0.0,RSI_LT_26,SPY
1999-06-03,51.62337662337663,0,0.0,RSI_LT_26,SPY
1999-06-04,91.85393258426967,0,0.0,RSI_LT_26,SPY
1999-06-07,89.37728937728937,0,-0.0,RSI_LT_26,SPY
1999-06-08,74.39024390243902,0,-0.0,RSI_LT_26,SPY
1999-06-09,71.95121951219512,0,-0.0,RSI_LT_26,SPY
1999-06-10,52.77777777777778,0,-0.0,RSI_LT_26,SPY
1999-06-11,8.39694656488551,1,0.0962927298988836,RSI_LT_26,SPY
1999-06-14,3.225806451612911,1,0.6734006734006703,RSI_LT_26,SPY
1999-06-15,29.090909090909093,0,0.0,RSI_LT_26,SPY
1999-06-16,60.21505376344086,0,0.0,RSI_LT_26,SPY
1999-06-17,81.28342245989305,0,-0.0,RSI_LT_26,SPY
1999-06-18,95.0,0,0.0,RSI_LT_26,SPY
1999-06-21,95.18072289156626,0,-0.0,RSI_LT_26,SPY
1999-06-22,77.38095238095238,0,-0.0,RSI_LT_26,SPY
1999-06-23,45.87155963302752,0,-0.0,RSI_LT_26,SPY
1999-06-24,9.900990099009903,1,-0.24852071005917464,RSI_LT_26,SPY
1999-06-25,9.66183574879227,1,1.221971764147578,RSI_LT_26,SPY
1999-06-28,35.51724137931035,0,0.0,RSI_LT_26,SPY
1999-06-29,59.03225806451613,0,0.0,RSI_LT_26,SPY
1999-06-30,79.95283018867924,0,0.0,RSI_LT_26,SPY
1999-07-01,95.07042253521126,0,0.0,RSI_LT_26,SPY
1999-07-02,100.0,0,-0.0,RSI_LT_26,SPY
1999-07-06,99.48979591836735,0,0.0,RSI_LT_26,SPY
1999-07-07,99.38271604938272,0,0.0,RSI_LT_26,SPY
1999-07-08,98.85714285714286,0,0.0,RSI_LT_26,SPY
1999-07-09,98.76543209876543,0,-0.0,RSI_LT_26,SPY
1999-07-12,63.15789473684211,0,-0.0,RSI_LT_26,SPY
1999-07-13,50.0,0,0.0,RSI_LT_26,SPY
1999-07-14,60.43956043956044,0,0.0,RSI_LT_26,SPY
1999-07-15,68.9655172413793,0,0.0,RSI_LT_26,SPY
1999-07-16,68.42105263157895,0,-0.0,RSI_LT_26,SPY
1999-07-19,62.903225806451616,0,-0.0,RSI_LT_26,SPY
1999-07-20,38.902743142144644,0,-0.0,RSI_LT_26,SPY
1999-07-21,29.36288088642658,0,-0.0,RSI_LT_26,SPY
1999-07-22,11.666666666666671,1,-0.1952900631820742,RSI_LT_26,SPY
1999-07-23,0.0,1,-0.7366482504604033,RSI_LT_26,SPY
1999-07-26,0.0,1,0.8348794063079756,RSI_LT_26,SPY
1999-07-27,25.80645161290323,1,0.3219871205151881,RSI_LT_26,SPY
1999-07-28,33.670033670033675,0,-0.0,RSI_LT_26,SPY
1999-07-29,33.003300330033,0,-0.0,RSI_LT_26,SPY
1999-07-30,25.51020408163265,1,0.23540489642184248,RSI_LT_26,SPY
1999-08-02,34.48275862068965,0,-0.0,RSI_LT_26,SPY
1999-08-03,15.189873417721529,1,-1.3685700802265166,RSI_LT_26,SPY
1999-08-04,4.950495049504937,1,0.9090909090909038,RSI_LT_26,SPY
1999-08-05,26.815642458100555,0,-0.0,RSI_LT_26,SPY
1999-08-06,27.906976744186053,0,-0.0,RSI_LT_26,SPY
1999-08-09,22.222222222222214,1,-1.104972375690605,RSI_LT_26,SPY
1999-08-10,19.28934010152284,1,1.2144765606023844,RSI_LT_26,SPY
1999-08-11,46.560846560846564,0,-0.0,RSI_LT_26,SPY
1999-08-12,32.57328990228012,0,0.0,RSI_LT_26,SPY
1999-08-13,71.81372549019608,0,0.0,RSI_LT_26,SPY
1999-08-16,77.33644859813084,0,0.0,RSI_LT_26,SPY
1999-08-17,98.72448979591837,0,-0.0,RSI_LT_26,SPY
1999-08-18,81.07344632768361,0,-0.0,RSI_LT_26,SPY
1999-08-19,68.4964200477327,0,0.0,RSI_LT_26,SPY
1999-08-20,57.69230769230769,0,0.0,RSI_LT_26,SPY
1999-08-23,69.86301369863014,0,0.0,RSI_LT_26,SPY
1999-08-24,68.1159420289855,0,0.0,RSI_LT_26,SPY
1999-08-25,84.16289592760181,0,-0.0,RSI_LT_26,SPY
1999-08-26,77.82426778242677,0,-0.0,RSI_LT_26,SPY
1999-08-27,57.42971887550201,0,-0.0,RSI_LT_26,SPY
1999-08-30,24.696356275303643,1,-0.3771805752003754,RSI_LT_26,SPY
1999-08-31,18.21862348178138,1,1.230477993374346,RSI_LT_26,SPY
1999-09-01,20.472440944881896,1,-1.1804581580177609,RSI_LT_26,SPY
1999-09-02,20.67594433399603,1,2.921348314606731,RSI_LT_26,SPY
1999-09-03,54.503105590062106,0,-0.0,RSI_LT_26,SPY
1999-09-07,68.02325581395348,0,-0.0,RSI_LT_26,SPY
1999-09-08,66.73003802281369,0,-0.0,RSI_LT_26,SPY
1999-09-09,57.98122065727699,0,0.0,RSI_LT_26,SPY
1999-09-10,80.35264483627203,0,-0.0,RSI_LT_26,SPY
1999-09-13,34.44976076555024,0,-0.0,RSI_LT_26,SPY
1999-09-14,30.769230769230774,0,-0.0,RSI_LT_26,SPY
1999-09-15,21.951219512195124,1,0.3908100426338157,RSI_LT_26,SPY
1999-09-16,29.411764705882362,0,0.0,RSI_LT_26,SPY
1999-09-17,31.52173913043478,0,-0.0,RSI_LT_26,SPY
1999-09-20,36.137071651090345,0,-0.0,RSI_LT_26,SPY
1999-09-21,26.126126126126138,0,-0.0,RSI_LT_26,SPY
1999-09-22,36.59305993690852,0,-0.0,RSI_LT_26,SPY
1999-09-23,18.082788671023962,1,-0.09775171065493637,RSI_LT_26,SPY
1999-09-24,0.0,1,0.6604696673189858,RSI_LT_26,SPY
1999-09-27,12.676056338028175,1,-0.1944106925880873,RSI_LT_26,SPY
1999-09-28,20.610687022900763,1,-1.1930849768687635,RSI_LT_26,SPY
1999-09-29,15.384615384615387,1,1.5278462296697937,RSI_LT_26,SPY
1999-09-30,59.333333333333336,0,-0.0,RSI_LT_26,SPY
1999-10-01,57.41935483870968,0,0.0,RSI_LT_26,SPY
1999-10-04,67.16417910447761,0,-0.0,RSI_LT_26,SPY
1999-10-05,68.52791878172589,0,0.0,RSI_LT_26,SPY
1999-10-06,93.86792452830188,0,-0.0,RSI_LT_26,SPY
1999-10-07,78.73563218390804,0,0.0,RSI_LT_26,SPY
1999-10-08,87.77292576419214,0,-0.0,RSI_LT_26,SPY
1999-10-11,78.52760736196319,0,-0.0,RSI_LT_26,SPY
1999-10-12,56.88888888888889,0,-0.0,RSI_LT_26,SPY
1999-10-13,23.703703703703695,1,-0.024378352023401995,RSI_LT_26,SPY
1999-10-14,25.91093117408907,1,-2.560351133869787,RSI_LT_26,SPY
1999-10-15,0.0,1,0.7257257257257343,RSI_LT_26,SPY
1999-10-18,9.354838709677423,1,0.9689440993788878,RSI_LT_26,SPY
1999-10-19,24.02826855123675,1,0.9842519685039353,RSI_LT_26,SPY
1999-10-20,50.46728971962617,0,0.0,RSI_LT_26,SPY
1999-10-21,55.69620253164557,0,0.0,RSI_LT_26,SPY
1999-10-22,100.0,0,-0.0,RSI_LT_26,SPY
1999-10-25,86.79245283018868,0,-0.0,RSI_LT_26,SPY
1999-10-26,57.55813953488372,0,0.0,RSI_LT_26,SPY
1999-10-27,64.5631067961165,0,0.0,RSI_LT_26,SPY
1999-10-28,77.46913580246914,0,0.0,RSI_LT_26,SPY
1999-10-29,80.10899182561307,0,-0.0,RSI_LT_26,SPY
1999-11-01,75.0,0,-0.0,RSI_LT_26,SPY
1999-11-02,79.24528301886792,0,0.0,RSI_LT_26,SPY
1999-11-03,76.38036809815951,0,0.0,RSI_LT_26,SPY
1999-11-04,64.51612903225806,0,0.0,RSI_LT_26,SPY
1999-11-05,57.692307692307686,0,0.0,RSI_LT_26,SPY
1999-11-08,77.85714285714286,0,-0.0,RSI_LT_26,SPY
1999-11-09,72.42524916943522,0,0.0,RSI_LT_26,SPY
1999-11-10,73.05194805194805,0,0.0,RSI_LT_26,SPY
1999-11-11,71.57534246575342,0,0.0,RSI_LT_26,SPY
1999-11-12,70.97902097902097,0,0.0,RSI_LT_26,SPY
1999-11-15,72.24080267558529,0,0.0,RSI_LT_26,SPY
1999-11-16,100.0,0,0.0,RSI_LT_26,SPY
1999-11-17,100.0,0,0.0,RSI_LT_26,SPY
1999-11-18,100.0,0,-0.0,RSI_LT_26,SPY
1999-11-19,95.83333333333333,0,-0.0,RSI_LT_26,SPY
1999-11-22,94.21965317919076,0,-0.0,RSI_LT_26,SPY
1999-11-23,49.438202247191015,0,0.0,RSI_LT_26,SPY
1999-11-24,55.445544554455445,0,-0.0,RSI_LT_26,SPY
1999-11-26,27.906976744186053,0,-0.0,RSI_LT_26,SPY
1999-11-29,24.48979591836735,1,-1.1751662971175136,RSI_LT_26,SPY
1999-11-30,16.0,1,0.8077181960960189,RSI_LT_26,SPY
1999-12-01,41.0958904109589,0,0.0,RSI_LT_26,SPY
1999-12-02,42.281879194630875,0,0.0,RSI_LT_26,SPY
1999-12-03,67.90697674418604,0,-0.0,RSI_LT_26,SPY
1999-12-06,62.66094420600858,0,-0.0,RSI_LT_26,SPY
1999-12-07,67.2811059907834,0,-0.0,RSI_LT_26,SPY
1999-12-08,52.38095238095238,0,0.0,RSI_LT_26,SPY
1999-12-09,51.21951219512195,0,0.0,RSI_LT_26,SPY
1999-12-10,27.007299270073005,0,0.0,RSI_LT_26,SPY
1999-12-13,40.54054054054054,0,-0.0,RSI_LT_26,SPY
1999-12-14,38.13559322033898,0,0.0,RSI_LT_26,SPY
1999-12-15,61.06194690265487,0,0.0,RSI_LT_26,SPY
1999-12-16,60.36036036036035,0,0.0,RSI_LT_26,SPY
1999-12-17,61.40350877192982,0,-0.0,RSI_LT_26,SPY
1999-12-20,44.60431654676259,0,0.0,RSI_LT_26,SPY
1999-12-21,79.8780487804878,0,0.0,RSI_LT_26,SPY
1999-12-22,78.28947368421052,0,0.0,RSI_LT_26,SPY
1999-12-23,83.94160583941606,0,-0.0,RSI_LT_26,SPY
1999-12-27,79.63917525773195,0,-0.0,RSI_LT_26,SPY
1999-12-28,94.20731707317073,0,0.0,RSI_LT_26,SPY
1999-12-29,91.73913043478261,0,-0.0,RSI_LT_26,SPY
1999-12-30,86.17511520737327,0,0.0,RSI_LT_26,SPY
1999-12-31,64.70588235294117,0,-0.0,RSI_LT_26,SPY
2000-01-03,33.536585365853654,0,-0.0,RSI_LT_26,SPY
2000-01-04,10.536398467432946,1,0.17889087656528524,RSI_LT_26,SPY
2000-01-05,6.224899598393577,1,-1.6071428571428625,RSI_LT_26,SPY
2000-01-06,4.912836767036453,1,5.807622504537213,RSI_LT_26,SPY
2000-01-07,46.80851063829787,0,0.0,RSI_LT_26,SPY
2000-01-10,52.43445692883895,0,-0.0,RSI_LT_26,SPY
2000-01-11,68.62745098039215,0,-0.0,RSI_LT_26,SPY
2000-01-12,60.98654708520179,0,0.0,RSI_LT_26,SPY
2000-01-13,76.60550458715596,0,0.0,RSI_LT_26,SPY
2000-01-14,58.02469135802469,0,-0.0,RSI_LT_26,SPY
2000-01-18,47.348484848484844,0,0.0,RSI_LT_26,SPY
2000-01-19,66.260162601626,0,-0.0,RSI_LT_26,SPY
2000-01-20,59.9264705882353,0,-0.0,RSI_LT_26,SPY
2000-01-21,45.909090909090914,0,-0.0,RSI_LT_26,SPY
2000-01-24,13.194444444444443,1,1.135604542418167,RSI_LT_26,SPY
2000-01-25,29.47019867549669,0,-0.0,RSI_LT_26,SPY
2000-01-26,16.999999999999986,1,-0.3994673768308976,RSI_LT_26,SPY
2000-01-27,20.731707317073173,1,-3.1194295900178304,RSI_LT_26,SPY
2000-01-28,13.563829787234042,1,2.71389144434222,RSI_LT_26,SPY
2000-01-31,46.5564738292011,0,0.0,RSI_LT_26,SPY
2000-02-01,45.5056179775281,0,0.0,RSI_LT_26,SPY
2000-02-02,51.23456790123458,0,0.0,RSI_LT_26,SPY
2000-02-03,62.56684491978609,0,-0.0,RSI_LT_26,SPY
2000-02-04,92.4901185770751,0,-0.0,RSI_LT_26,SPY
2000-02-07,81.69014084507043,0,0.0,RSI_LT_26,SPY
2000-02-08,83.75,0,-0.0,RSI_LT_26,SPY
2000-02-09,51.38339920948616,0,0.0,RSI_LT_26,SPY
2000-02-10,36.597938144329895,0,-0.0,RSI_LT_26,SPY
2000-02-11,26.591760299625463,0,0.0,RSI_LT_26,SPY
2000-02-14,33.91608391608392,0,0.0,RSI_LT_26,SPY
2000-02-15,31.14754098360656,0,-0.0,RSI_LT_26,SPY
2000-02-16,35.04098360655739,0,-0.0,RSI_LT_26,SPY
2000-02-17,29.651162790697683,0,-0.0,RSI_LT_26,SPY
2000-02-18,29.310344827586206,0,-0.0,RSI_LT_26,SPY
2000-02-22,20.528455284552834,1,1.1808288955776902,RSI_LT_26,SPY
2000-02-23,20.689655172413794,1,-2.013729977116707,RSI_LT_26,SPY
2000-02-24,19.02985074626865,1,-0.3619803829985946,RSI_LT_26,SPY
2000-02-25,19.577735124760068,1,2.0977381928981575,RSI_LT_26,SPY
2000-02-28,55.09803921568628,0,0.0,RSI_LT_26,SPY
2000-02-29,63.811188811188806,0,0.0,RSI_LT_26,SPY
2000-03-01,61.235955056179776,0,0.0,RSI_LT_26,SPY
2000-03-02,91.48351648351648,0,0.0,RSI_LT_26,SPY
2000-03-03,100.0,0,-0.0,RSI_LT_26,SPY
2000-03-06,78.43137254901961,0,-0.0,RSI_LT_26,SPY
2000-03-07,47.484909456740446,0,-0.0,RSI_LT_26,SPY
2000-03-08,38.73873873873874,0,0.0,RSI_LT_26,SPY
2000-03-09,60.80691642651297,0,-0.0,RSI_LT_26,SPY
2000-03-10,44.44444444444444,0,-0.0,RSI_LT_26,SPY
2000-03-13,43.68600682593857,0,-0.0,RSI_LT_26,SPY
2000-03-14,47.49536178107606,0,0.0,RSI_LT_26,SPY
2000-03-15,62.841530054644814,0,0.0,RSI_LT_26,SPY
2000-03-16,69.57494407158836,0,0.0,RSI_LT_26,SPY
2000-03-17,74.6606334841629,0,-0.0,RSI_LT_26,SPY
2000-03-20,79.13669064748203,0,0.0,RSI_LT_26,SPY
2000-03-21,94.66666666666667,0,0.0,RSI_LT_26,SPY
2000-03-22,93.63395225464191,0,0.0,RSI_LT_26,SPY
2000-03-23,90.4,0,0.0,RSI_LT_26,SPY
2000-03-24,90.76923076923077,0,-0.0,RSI_LT_26,SPY
2000-03-27,81.94444444444444,0,-0.0,RSI_LT_26,SPY
2000-03-28,63.63636363636363,0,0.0,RSI_LT_26,SPY
2000-03-29,59.183673469387756,0,-0.0,RSI_LT_26,SPY
2000-03-30,17.43589743589743,1,1.1349306431273742,RSI_LT_26,SPY
2000-03-31,26.818181818181813,0,0.0,RSI_LT_26,SPY
2000-04-03,44.38775510204081,0,-0.0,RSI_LT_26,SPY
2000-04-04,42.64705882352941,0,-0.0,RSI_LT_26,SPY
2000-04-05,35.80786026200873,0,0.0,RSI_LT_26,SPY
2000-04-06,65.17150395778364,0,0.0,RSI_LT_26,SPY
2000-04-07,60.24096385542169,0,-0.0,RSI_LT_26,SPY
2000-04-10,45.85987261146497,0,-0.0,RSI_LT_26,SPY
2000-04-11,53.33333333333334,0,-0.0,RSI_LT_26,SPY
2000-04-12,30.379746835443044,0,-0.0,RSI_LT_26,SPY
2000-04-13,11.708253358925148,1,-5.719237435008662,RSI_LT_26,SPY
2000-04-14,0.0,1,3.492647058823528,RSI_LT_26,SPY
2000-04-17,24.24242424242425,1,2.6420959147424483,RSI_LT_26,SPY
2000-04-18,37.021857923497265,0,-0.0,RSI_LT_26,SPY
2000-04-19,42.14618973561431,0,0.0,RSI_LT_26,SPY
2000-04-20,48.833333333333336,0,-0.0,RSI_LT_26,SPY
2000-04-24,75.90673575129534,0,0.0,RSI_LT_26,SPY
2000-04-25,78.01418439716312,0,-0.0,RSI_LT_26,SPY
2000-04-26,59.02097902097902,0,-0.0,RSI_LT_26,SPY
2000-04-27,63.93939393939394,0,-0.0,RSI_LT_26,SPY
2000-04-28,56.083086053412465,0,0.0,RSI_LT_26,SPY
2000-05-01,72.0,0,-0.0,RSI_LT_26,SPY
2000-05-02,24.705882352941174,1,-2.341717259323506,RSI_LT_26,SPY
2000-05-03,20.355411954765756,1,0.7548845470692678,RSI_LT_26,SPY
2000-05-04,29.573170731707307,0,0.0,RSI_LT_26,SPY
2000-05-05,42.93785310734463,0,-0.0,RSI_LT_26,SPY
2000-05-08,27.342549923195094,0,-0.0,RSI_LT_26,SPY
2000-05-09,33.208955223880594,0,-0.0,RSI_LT_26,SPY
2000-05-10,33.969465648854964,0,0.0,RSI_LT_26,SPY
2000-05-11,47.41641337386018,0,0.0,RSI_LT_26,SPY
2000-05-12,46.43962848297213,0,0.0,RSI_LT_26,SPY
2000-05-15,62.31292517006803,0,0.0,RSI_LT_26,SPY
2000-05-16,72.87234042553192,0,-0.0,RSI_LT_26,SPY
2000-05-17,84.8297213622291,0,-0.0,RSI_LT_26,SPY
2000-05-18,62.007168458781365,0,-0.0,RSI_LT_26,SPY
2000-05-19,41.05960264900662,0,-0.0,RSI_LT_26,SPY
2000-05-22,17.50972762645914,1,-1.4725568942436373,RSI_LT_26,SPY
2000-05-23,0.0,1,1.6304347826086918,RSI_LT_26,SPY
2000-05-24,23.9202657807309,1,-1.715686274509809,RSI_LT_26,SPY
2000-05-25,22.429906542056074,1,0.11335298118340109,RSI_LT_26,SPY
2000-05-26,30.31496062992126,0,0.0,RSI_LT_26,SPY
2000-05-30,60.714285714285715,0,0.0,RSI_LT_26,SPY
2000-05-31,75.0,0,0.0,RSI_LT_26,SPY
2000-06-01,75.63291139240506,0,0.0,RSI_LT_26,SPY
2000-06-02,100.0,0,-0.0,RSI_LT_26,SPY
2000-06-05,93.19526627218934,0,-0.0,RSI_LT_26,SPY
2000-06-06,79.53488372093024,0,0.0,RSI_LT_26,SPY
2000-06-07,81.47368421052632,0,-0.0,RSI_LT_26,SPY
2000-06-08,64.48863636363636,0,-0.0,RSI_LT_26,SPY
2000-06-09,30.95238095238095,0,-0.0,RSI_LT_26,SPY
2000-06-12,23.722627737226276,1,1.8766177739430567,RSI_LT_26,SPY
2000-06-13,58.86699507389162,0,0.0,RSI_LT_26,SPY
2000-06-14,53.22128851540617,0,0.0,RSI_LT_26,SPY
2000-06-15,61.76470588235294,0,-0.0,RSI_LT_26,SPY
2000-06-16,50.0,0,0.0,RSI_LT_26,SPY
2000-06-19,76.74418604651163,0,-0.0,RSI_LT_26,SPY
2000-06-20,53.793103448275865,0,-0.0,RSI_LT_26,SPY
2000-06-21,50.35971223021583,0,-0.0,RSI_LT_26,SPY
2000-06-22,29.85074626865672,0,-0.0,RSI_LT_26,SPY
2000-06-23,31.41361256544502,0,0.0,RSI_LT_26,SPY
2000-06-26,31.233595800524938,0,-0.0,RSI_LT_26,SPY
2000-06-27,28.60576923076924,0,0.0,RSI_LT_26,SPY
2000-06-28,33.105022831050235,0,-0.0,RSI_LT_26,SPY
2000-06-29,37.958115183246065,0,0.0,RSI_LT_26,SPY
2000-06-30,57.79569892473119,0,0.0,RSI_LT_26,SPY
2000-07-03,58.79265091863517,0,-0.0,RSI_LT_26,SPY
2000-07-05,46.473029045643145,0,0.0,RSI_LT_26,SPY
2000-07-06,51.13636363636364,0,0.0,RSI_LT_26,SPY
2000-07-07,71.1864406779661,0,-0.0,RSI_LT_26,SPY
2000-07-10,65.29850746268656,0,0.0,RSI_LT_26,SPY
2000-07-11,56.54205607476635,0,0.0,RSI_LT_26,SPY
2000-07-12,95.0,0,0.0,RSI_LT_26,SPY
2000-07-13,94.48275862068965,0,0.0,RSI_LT_26,SPY
2000-07-14,93.16239316239316,0,-0.0,RSI_LT_26,SPY
2000-07-17,93.16239316239316,0,-0.0,RSI_LT_26,SPY
2000-07-18,67.57679180887372,0,-0.0,RSI_LT_26,SPY
2000-07-19,44.15584415584416,0,0.0,RSI_LT_26,SPY
2000-07-20,56.78391959798995,0,-0.0,RSI_LT_26,SPY
2000-07-21,26.829268292682926,0,-0.0,RSI_LT_26,SPY
2000-07-24,24.905660377358487,1,0.31921685464992855,RSI_LT_26,SPY
2000-07-25,33.67983367983368,0,-0.0,RSI_LT_26,SPY
2000-07-26,32.66129032258064,0,-0.0,RSI_LT_26,SPY
2000-07-27,7.575757575757578,1,-2.2570937231298327,RSI_LT_26,SPY
2000-07-28,7.177033492822957,1,0.6377831537277334,RSI_LT_26,SPY
2000-07-31,20.853080568720387,1,0.6118881118881037,RSI_LT_26,SPY
2000-08-01,25.44642857142857,1,0.4995655951346656,RSI_LT_26,SPY
2000-08-02,39.800995024875625,0,0.0,RSI_LT_26,SPY
2000-08-03,51.61290322580645,0,0.0,RSI_LT_26,SPY
2000-08-04,100.0,0,0.0,RSI_LT_26,SPY
2000-08-07,100.0,0,0.0,RSI_LT_26,SPY
2000-08-08,100.0,0,-0.0,RSI_LT_26,SPY
2000-08-09,76.60818713450293,0,-0.0,RSI_LT_26,SPY
2000-08-10,61.111111111111114,0,0.0,RSI_LT_26,SPY
2000-08-11,60.37735849056604,0,0.0,RSI_LT_26,SPY
2000-08-14,61.34969325153374,0,-0.0,RSI_LT_26,SPY
2000-08-15,55.03355704697986,0,-0.0,RSI_LT_26,SPY
2000-08-16,65.07936507936508,0,0.0,RSI_LT_26,SPY
2000-08-17,86.27450980392156,0,-0.0,RSI_LT_26,SPY
2000-08-18,74.82993197278911,0,0.0,RSI_LT_26,SPY
2000-08-21,67.2566371681416,0,-0.0,RSI_LT_26,SPY
2000-08-22,64.95726495726495,0,0.0,RSI_LT_26,SPY
2000-08-23,79.83193277310924,0,0.0,RSI_LT_26,SPY
2000-08-24,71.42857142857143,0,-0.0,RSI_LT_26,SPY
2000-08-25,85.71428571428571,0,0.0,RSI_LT_26,SPY
2000-08-28,83.47107438016529,0,0.0,RSI_LT_26,SPY
2000-08-29,96.26168224299066,0,-0.0,RSI_LT_26,SPY
2000-08-30,40.123456790123456,0,0.0,RSI_LT_26,SPY
2000-08-31,62.69230769230769,0,0.0,RSI_LT_26,SPY
2000-09-01,65.0375939849624,0,-0.0,RSI_LT_26,SPY
2000-09-05,45.01607717041801,0,-0.0,RSI_LT_26,SPY
2000-09-06,32.93556085918854,0,0.0,RSI_LT_26,SPY
2000-09-07,53.92156862745099,0,-0.0,RSI_LT_26,SPY
2000-09-08,26.58959537572254,0,-0.0,RSI_LT_26,SPY
2000-09-11,23.428571428571416,1,-0.7311468560685208,RSI_LT_26,SPY
2000-09-12,23.976608187134502,1,0.2630471380471455,RSI_LT_26,SPY
2000-09-13,41.63424124513619,0,0.0,RSI_LT_26,SPY
2000-09-14,32.7354260089686,0,-0.0,RSI_LT_26,SPY
2000-09-15,18.717948717948715,1,-0.9203767123287632,RSI_LT_26,SPY
2000-09-18,15.800865800865793,1,0.9073233959818516,RSI_LT_26,SPY
2000-09-19,32.98319327731093,0,-0.0,RSI_LT_26,SPY
2000-09-20,25.384615384615387,1,-1.5205435134260759,RSI_LT_26,SPY
2000-09-21,13.703099510603593,1,1.8177836180464313,RSI_LT_26,SPY
2000-09-22,45.78754578754579,0,-0.0,RSI_LT_26,SPY
2000-09-25,47.52851711026616,0,-0.0,RSI_LT_26,SPY
2000-09-26,29.64285714285714,0,0.0,RSI_LT_26,SPY
2000-09-27,39.70315398886827,0,0.0,RSI_LT_26,SPY
2000-09-28,64.34108527131784,0,-0.0,RSI_LT_26,SPY
2000-09-29,37.89954337899544,0,0.0,RSI_LT_26,SPY
2000-10-02,46.63212435233161,0,-0.0,RSI_LT_26,SPY
2000-10-03,50.847457627118644,0,0.0,RSI_LT_26,SPY
2000-10-04,54.45026178010472,0,0.0,RSI_LT_26,SPY
2000-10-05,41.216216216216225,0,-0.0,RSI_LT_26,SPY
2000-10-06,29.901960784313715,0,-0.0,RSI_LT_26,SPY
2000-10-09,23.376623376623385,1,-1.651785714285714,RSI_LT_26,SPY
2000-10-10,20.610687022900763,1,-0.8397639582387706,RSI_LT_26,SPY
2000-10-11,6.130268199233711,1,-2.494850080109867,RSI_LT_26,SPY
2000-10-12,0.0,1,3.3333333333333437,RSI_LT_26,SPY
2000-10-13,35.858585858585855,0,0.0,RSI_LT_26,SPY
2000-10-16,42.40837696335078,0,-0.0,RSI_LT_26,SPY
2000-10-17,38.75598086124402,0,-0.0,RSI_LT_26,SPY
2000-10-18,40.806045340050375,0,0.0,RSI_LT_26,SPY
2000-10-19,72.0,0,0.0,RSI_LT_26,SPY
2000-10-20,61.46788990825688,0,0.0,RSI_LT_26,SPY
2000-10-23,61.46788990825688,0,-0.0,RSI_LT_26,SPY
2000-10-24,81.37651821862349,0,-0.0,RSI_LT_26,SPY
2000-10-25,59.82142857142857,0,0.0,RSI_LT_26,SPY
2000-10-26,27.41935483870968,0,0.0,RSI_LT_26,SPY
2000-10-27,46.0,0,0.0,RSI_LT_26,SPY
2000-10-30,50.0,0,0.0,RSI_LT_26,SPY
2000-10-31,66.92913385826772,0,-0.0,RSI_LT_26,SPY
2000-11-01,93.20175438596492,0,0.0,RSI_LT_26,SPY
2000-11-02,93.0648769574944,0,0.0,RSI_LT_26,SPY
2000-11-03,89.16083916083916,0,0.0,RSI_LT_26,SPY
2000-11-06,88.51851851851852,0,-0.0,RSI_LT_26,SPY
2000-11-07,71.7948717948718,0,-0.0,RSI_LT_26,SPY
2000-11-08,28.965517241379317,0,-0.0,RSI_LT_26,SPY
2000-11-09,22.330097087378647,1,-2.4324927471546576,RSI_LT_26,SPY
2000-11-10,12.260536398467437,1,-0.7776761207685223,RSI_LT_26,SPY
2000-11-13,0.0,1,2.6279391424619547,RSI_LT_26,SPY
2000-11-14,30.31914893617021,0,0.0,RSI_LT_26,SPY
2000-11-15,44.44444444444444,0,-0.0,RSI_LT_26,SPY
2000-11-16,37.5366568914956,0,-0.0,RSI_LT_26,SPY
2000-11-17,50.09784735812133,0,-0.0,RSI_LT_26,SPY
2000-11-20,45.07042253521127,0,0.0,RSI_LT_26,SPY
2000-11-21,18.75,1,-2.3891966759002736,RSI_LT_26,SPY
2000-11-22,7.815275310834821,1,2.0456426628828295,RSI_LT_26,SPY
2000-11-24,36.40939597315436,0,0.0,RSI_LT_26,SPY
2000-11-27,46.879999999999995,0,-0.0,RSI_LT_26,SPY
2000-11-28,45.07692307692307,0,-0.0,RSI_LT_26,SPY
2000-11-29,40.032154340836016,0,-0.0,RSI_LT_26,SPY
2000-11-30,50.920245398773,0,-0.0,RSI_LT_26,SPY
2000-12-01,23.750000000000014,1,0.8508626802174346,RSI_LT_26,SPY
2000-12-04,22.784810126582286,1,3.2809936723693367,RSI_LT_26,SPY
2000-12-05,78.9237668161435,0,-0.0,RSI_LT_26,SPY
2000-12-06,61.646234676007005,0,-0.0,RSI_LT_26,SPY
2000-12-07,57.142857142857146,0,0.0,RSI_LT_26,SPY
2000-12-08,58.86075949367089,0,0.0,RSI_LT_26,SPY
2000-12-11,69.69696969696969,0,-0.0,RSI_LT_26,SPY
2000-12-12,51.62337662337663,0,-0.0,RSI_LT_26,SPY
2000-12-13,53.355704697986575,0,-0.0,RSI_LT_26,SPY
2000-12-14,54.08163265306123,0,-0.0,RSI_LT_26,SPY
2000-12-15,37.817258883248726,0,0.0,RSI_LT_26,SPY
2000-12-18,18.604651162790702,1,-2.0367318106898957,RSI_LT_26,SPY
2000-12-19,15.196743554952505,1,-2.8962865040259578,RSI_LT_26,SPY
2000-12-20,13.068844807467912,1,0.6930693069306937,RSI_LT_26,SPY
2000-12-21,20.94763092269328,1,2.999016715830871,RSI_LT_26,SPY
2000-12-22,49.87893462469734,0,0.0,RSI_LT_26,SPY
2000-12-26,48.507462686567166,0,0.0,RSI_LT_26,SPY
2000-12-27,65.22366522366522,0,0.0,RSI_LT_26,SPY
2000-12-28,100.0,0,-0.0,RSI_LT_26,SPY
2000-12-29,72.26027397260275,0,-0.0,RSI_LT_26,SPY
2001-01-02,36.17886178861789,0,0.0,RSI_LT_26,SPY
2001-01-03,60.65162907268171,0,-0.0,RSI_LT_26,SPY
2001-01-04,50.90470446320869,0,-0.0,RSI_LT_26,SPY
2001-01-05,36.5988909426987,0,0.0,RSI_LT_26,SPY
2001-01-08,46.7479674796748,0,-0.0,RSI_LT_26,SPY
2001-01-09,53.86416861826697,0,0.0,RSI_LT_26,SPY
2001-01-10,34.768211920529794,0,0.0,RSI_LT_26,SPY
2001-01-11,42.00385356454721,0,-0.0,RSI_LT_26,SPY
2001-01-12,85.15625,0,0.0,RSI_LT_26,SPY
2001-01-16,84.55284552845528,0,0.0,RSI_LT_26,SPY
2001-01-17,93.91634980988593,0,0.0,RSI_LT_26,SPY
2001-01-18,92.07920792079207,0,-0.0,RSI_LT_26,SPY
2001-01-19,73.25102880658436,0,0.0,RSI_LT_26,SPY
2001-01-22,82.74647887323944,0,0.0,RSI_LT_26,SPY
2001-01-23,83.55704697986577,0,0.0,RSI_LT_26,SPY
2001-01-24,82.80701754385964,0,-0.0,RSI_LT_26,SPY
2001-01-25,68.01801801801803,0,-0.0,RSI_LT_26,SPY
2001-01-26,82.51366120218579,0,0.0,RSI_LT_26,SPY
2001-01-29,81.43855713784001,0,0.0,RSI_LT_26,SPY
2001-01-30,82.33997488534027,0,-0.0,RSI_LT_26,SPY
2001-01-31,60.062463400351355,0,0.0,RSI_LT_26,SPY
2001-02-01,75.17398200297792,0,-0.0,RSI_LT_26,SPY
2001-02-02,42.03113299957696,0,0.0,RSI_LT_26,SPY
2001-02-05,44.222418127795734,0,-0.0,RSI_LT_26,SPY
2001-02-06,30.595661660638456,0,-0.0,RSI_LT_26,SPY
2001-02-07,30.994964317096176,0,-0.0,RSI_LT_26,SPY
2001-02-08,14.580168453980775,1,-0.96153757981291,RSI_LT_26,SPY
2001-02-09,20.04034014214804,1,1.1453351088959618,RSI_LT_26,SPY
2001-02-12,27.65582250640672,0,-0.0,RSI_LT_26,SPY
2001-02-13,24.552906849804486,1,-0.15121499814658712,RSI_LT_26,SPY
2001-02-14,26.72572107594253,0,0.0,RSI_LT_26,SPY
2001-02-15,52.05224411712794,0,-0.0,RSI_LT_26,SPY
2001-02-16,39.743600890310915,0,-0.0,RSI_LT_26,SPY
2001-02-20,17.02125069242804,1,-2.157486296623301,RSI_LT_26,SPY
2001-02-21,13.913046362723406,1,0.1512456677739582,RSI_LT_26,SPY
2001-02-22,15.995600016603717,1,-0.6756207699036176,RSI_LT_26,SPY
2001-02-23,2.1688937971013473,1,2.128684124198199,RSI_LT_26,SPY
2001-02-26,33.60851974243559,0,-0.0,RSI_LT_26,SPY
2001-02-27,37.254911738306575,0,-0.0,RSI_LT_26,SPY
2001-02-28,38.670249823757956,0,0.0,RSI_LT_26,SPY
2001-03-01,42.27332297243969,0,-0.0,RSI_LT_26,SPY
2001-03-02,41.530759253143415,0,0.0,RSI_LT_26,SPY
2001-03-05,27.639722119549248,0,0.0,RSI_LT_26,SPY
2001-03-06,47.27272517096764,0,0.0,RSI_LT_26,SPY
2001-03-07,80.23957202312877,0,0.0,RSI_LT_26,SPY
2001-03-08,78.00004747178819,0,-0.0,RSI_LT_26,SPY
2001-03-09,48.2806062374199,0,-0.0,RSI_LT_26,SPY
2001-03-12,20.840662647986463,1,1.6429495104407277,RSI_LT_26,SPY
2001-03-13,24.791984690428663,1,-1.9746668750839524,RSI_LT_26,SPY
2001-03-14,15.418796941453266,1,0.025498324613515422,RSI_LT_26,SPY
2001-03-15,14.723431382723334,1,-2.2688631560344064,RSI_LT_26,SPY
2001-03-16,16.029258669057086,1,2.0346024645046645,RSI_LT_26,SPY
2001-03-19,46.09623172511936,0,-0.0,RSI_LT_26,SPY
2001-03-20,22.443156982889477,1,-1.6987695830595895,RSI_LT_26,SPY
2001-03-21,23.395829661730517,1,-1.0154991697443716,RSI_LT_26,SPY
2001-03-22,20.81849084471861,1,3.023758573885482,RSI_LT_26,SPY
2001-03-23,47.77871288901623,0,0.0,RSI_LT_26,SPY
2001-03-26,43.61992481073225,0,0.0,RSI_LT_26,SPY
2001-03-27,70.0097614753051,0,-0.0,RSI_LT_26,SPY
2001-03-28,61.982762816406364,0,0.0,RSI_LT_26,SPY
2001-03-29,70.00001399889689,0,0.0,RSI_LT_26,SPY
2001-03-30,62.62857720823208,0,-0.0,RSI_LT_26,SPY
2001-04-02,41.104265284534335,0,-0.0,RSI_LT_26,SPY
2001-04-03,14.70589435261671,1,0.41670358457832624,RSI_LT_26,SPY
2001-04-04,25.089175880600493,1,3.7889081059547802,RSI_LT_26,SPY
2001-04-05,48.233360310993284,0,-0.0,RSI_LT_26,SPY
2001-04-06,36.66405350537779,0,0.0,RSI_LT_26,SPY
2001-04-09,51.567947492732806,0,0.0,RSI_LT_26,SPY
2001-04-10,82.06967605566643,0,0.0,RSI_LT_26,SPY
2001-04-11,81.34329329394464,0,0.0,RSI_LT_26,SPY
2001-04-12,76.02738222768008,0,-0.0,RSI_LT_26,SPY
2001-04-16,81.61763468414847,0,0.0,RSI_LT_26,SPY
2001-04-17,82.63889992677905,0,0.0,RSI_LT_26,SPY
2001-04-18,87.30964270416766,0,0.0,RSI_LT_26,SPY
2001-04-19,89.05428896303016,0,-0.0,RSI_LT_26,SPY
2001-04-20,77.0334882817662,0,-0.0,RSI_LT_26,SPY
2001-04-23,70.24431357458894,0,-0.0,RSI_LT_26,SPY
2001-04-24,61.0898656686698,0,0.0,RSI_LT_26,SPY
2001-04-25,44.32283099685222,0,0.0,RSI_LT_26,SPY
2001-04-26,34.460542755944104,0,0.0,RSI_LT_26,SPY
2001-04-27,58.98876163697773,0,0.0,RSI_LT_26,SPY
2001-04-30,88.50180699751314,0,0.0,RSI_LT_26,SPY
2001-05-01,100.0,0,-0.0,RSI_LT_26,SPY
2001-05-02,94.40382248606386,0,-0.0,RSI_LT_26,SPY
2001-05-03,64.41002120585618,0,0.0,RSI_LT_26,SPY
2001-05-04,64.88545728271536,0,-0.0,RSI_LT_26,SPY
2001-05-07,46.153792410567696,0,-0.0,RSI_LT_26,SPY
2001-05-08,41.52043652652666,0,-0.0,RSI_LT_26,SPY
2001-05-09,39.22652166582364,0,0.0,RSI_LT_26,SPY
2001-05-10,59.665871556292,0,-0.0,RSI_LT_26,SPY
2001-05-11,12.627884147182968,1,0.1997602852192637,RSI_LT_26,SPY
2001-05-14,29.80764998459439,0,0.0,RSI_LT_26,SPY
2001-05-15,46.15389129835145,0,0.0,RSI_LT_26,SPY
2001-05-16,82.7381429940312,0,0.0,RSI_LT_26,SPY
2001-05-17,82.13557797903556,0,0.0,RSI_LT_26,SPY
2001-05-18,100.0,0,0.0,RSI_LT_26,SPY
2001-05-21,100.0,0,-0.0,RSI_LT_26,SPY
2001-05-22,97.0890668213451,0,-0.0,RSI_LT_26,SPY
2001-05-23,52.94121166970348,0,0.0,RSI_LT_26,SPY
2001-05-24,54.54555963355779,0,-0.0,RSI_LT_26,SPY
2001-05-25,36.8166954098417,0,-0.0,RSI_LT_26,SPY
2001-05-29,7.129545070668485,1,-1.4006914964191486,RSI_LT_26,SPY
2001-05-30,5.475572754056557,1,0.5187501042724474,RSI_LT_26,SPY
2001-05-31,19.216392947935077,1,0.6192984736728135,RSI_LT_26,SPY
2001-06-01,24.82638497963508,1,0.4813327268989198,RSI_LT_26,SPY
2001-06-04,42.1486535054257,0,0.0,RSI_LT_26,SPY
2001-06-05,66.28789411322717,0,-0.0,RSI_LT_26,SPY
2001-06-06,76.58643837468844,0,0.0,RSI_LT_26,SPY
2001-06-07,75.57081045678771,0,-0.0,RSI_LT_26,SPY
2001-06-08,52.818336027777995,0,-0.0,RSI_LT_26,SPY
2001-06-11,37.79531934513485,0,-0.0,RSI_LT_26,SPY
2001-06-12,11.979130448603968,1,-0.8579553743442991,RSI_LT_26,SPY
2001-06-13,11.948032903510907,1,-2.2435921340455245,RSI_LT_26,SPY
2001-06-14,0.0,1,-0.12295207039254574,RSI_LT_26,SPY
2001-06-15,0.0,1,-0.4841988882059223,RSI_LT_26,SPY
2001-06-18,0.0,1,0.4370763400626032,RSI_LT_26,SPY
2001-06-19,10.291250629610985,1,0.5254941988976025,RSI_LT_26,SPY
2001-06-20,24.84073028384269,1,1.135342143415552,RSI_LT_26,SPY
2001-06-21,77.57579120398948,0,-0.0,RSI_LT_26,SPY
2001-06-22,62.13593671298628,0,-0.0,RSI_LT_26,SPY
2001-06-25,54.935616696272895,0,-0.0,RSI_LT_26,SPY
2001-06-26,47.20932419461009,0,-0.0,RSI_LT_26,SPY
2001-06-27,37.26544187131058,0,0.0,RSI_LT_26,SPY
2001-06-28,22.259116002494125,1,0.36839700582962376,RSI_LT_26,SPY
2001-06-29,44.97989999019512,0,0.0,RSI_LT_26,SPY
2001-07-02,91.69555197110853,0,-0.0,RSI_LT_26,SPY
2001-07-03,96.36368176181242,0,-0.0,RSI_LT_26,SPY
2001-07-05,51.96075791438906,0,-0.0,RSI_LT_26,SPY
2001-07-06,28.045305268072028,0,0.0,RSI_LT_26,SPY
2001-07-09,30.027501599968886,0,-0.0,RSI_LT_26,SPY
2001-07-10,9.065487388591421,1,0.10146720363599648,RSI_LT_26,SPY
2001-07-11,10.605939595199558,1,2.3737162131984624,RSI_LT_26,SPY
2001-07-12,46.79739383404192,0,0.0,RSI_LT_26,SPY
2001-07-13,76.27679564608066,0,-0.0,RSI_LT_26,SPY
2001-07-16,57.26621358605147,0,0.0,RSI_LT_26,SPY
2001-07-17,76.95782111575437,0,-0.0,RSI_LT_26,SPY
2001-07-18,67.89121196456635,0,0.0,RSI_LT_26,SPY
2001-07-19,57.857141884002885,0,-0.0,RSI_LT_26,SPY
2001-07-20,41.47724399220298,0,-0.0,RSI_LT_26,SPY
2001-07-23,35.66771581337035,0,-0.0,RSI_LT_26,SPY
2001-07-24,17.207784969569047,1,1.103561450496815,RSI_LT_26,SPY
2001-07-25,35.595726611784045,0,0.0,RSI_LT_26,SPY
2001-07-26,37.390005705272344,0,0.0,RSI_LT_26,SPY
2001-07-27,45.954200251595765,0,0.0,RSI_LT_26,SPY
2001-07-30,72.61912330767791,0,0.0,RSI_LT_26,SPY
2001-07-31,100.0,0,0.0,RSI_LT_26,SPY
2001-08-01,100.0,0,0.0,RSI_LT_26,SPY
2001-08-02,100.0,0,-0.0,RSI_LT_26,SPY
2001-08-03,72.87458146459592,0,-0.0,RSI_LT_26,SPY
2001-08-06,43.243298972937204,0,0.0,RSI_LT_26,SPY
2001-08-07,42.821747587483245,0,-0.0,RSI_LT_26,SPY
2001-08-08,17.572382642540035,1,0.2952826100781403,RSI_LT_26,SPY
2001-08-09,15.269906443798789,1,0.3448886874007684,RSI_LT_26,SPY
2001-08-10,24.07039955089529,1,0.025147773549027974,RSI_LT_26,SPY
2001-08-13,35.999921526056625,0,-0.0,RSI_LT_26,SPY
2001-08-14,25.64936512576108,1,-0.8635858206480052,RSI_LT_26,SPY
2001-08-15,42.245976214275515,0,0.0,RSI_LT_26,SPY
2001-08-16,44.04158595880935,0,-0.0,RSI_LT_26,SPY
2001-08-17,12.865546649652998,1,0.9250551015457686,RSI_LT_26,SPY
2001-08-20,33.333390226543074,0,-0.0,RSI_LT_26,SPY
2001-08-21,23.172685140141013,1,1.0360878530513595,RSI_LT_26,SPY
2001-08-22,40.75757505698921,0,-0.0,RSI_LT_26,SPY
2001-08-23,34.4931704805941,0,0.0,RSI_LT_26,SPY
2001-08-24,65.91863616762417,0,-0.0,RSI_LT_26,SPY
2001-08-27,53.55026714188654,0,-0.0,RSI_LT_26,SPY
2001-08-28,55.86422478498137,0,-0.0,RSI_LT_26,SPY
2001-08-29,38.29115834152207,0,-0.0,RSI_LT_26,SPY
2001-08-30,29.80295103654595,0,0.0,RSI_LT_26,SPY
2001-08-31,12.710597032363594,1,-0.6395123496937494,RSI_LT_26,SPY
2001-09-04,12.671777776224715,1,0.24686896827470495,RSI_LT_26,SPY
2001-09-05,21.76469180274897,1,-2.576957241704725,RSI_LT_26,SPY
2001-09-06,15.879824578637269,1,-1.8506775160145317,RSI_LT_26,SPY
2001-09-07,16.275669501773663,1,1.2233276454391984,RSI_LT_26,SPY
2001-09-10,21.994544774229325,1,-5.224897628849412,RSI_LT_26,SPY
2001-09-17,13.047010438795411,1,-0.2396931857000406,RSI_LT_26,SPY
2001-09-18,10.804241225264875,1,-2.018266258455581,RSI_LT_26,SPY
2001-09-19,11.585378415864355,1,-3.178026445076221,RSI_LT_26,SPY
2001-09-20,10.497247216958328,1,-1.4486883987832266,RSI_LT_26,SPY
2001-09-21,0.0,1,3.5156231618633127,RSI_LT_26,SPY
2001-09-24,32.758595490181165,0,0.0,RSI_LT_26,SPY
2001-09-25,39.76867469879518,0,-0.0,RSI_LT_26,SPY
2001-09-26,47.05264442845395,0,0.0,RSI_LT_26,SPY
2001-09-27,74.92995702321089,0,0.0,RSI_LT_26,SPY
2001-09-28,95.43146716651434,0,-0.0,RSI_LT_26,SPY
2001-10-01,88.55280828520347,0,0.0,RSI_LT_26,SPY
2001-10-02,89.1614556029856,0,0.0,RSI_LT_26,SPY
2001-10-03,97.30149983954078,0,0.0,RSI_LT_26,SPY
2001-10-04,96.91460505200018,0,-0.0,RSI_LT_26,SPY
2001-10-05,89.2956693107991,0,-0.0,RSI_LT_26,SPY
2001-10-08,77.69604039081857,0,-0.0,RSI_LT_26,SPY
2001-10-09,55.688574881047835,0,0.0,RSI_LT_26,SPY
2001-10-10,62.34095753561347,0,0.0,RSI_LT_26,SPY
2001-10-11,73.1883657351994,0,-0.0,RSI_LT_26,SPY
2001-10-12,69.53523766002345,0,-0.0,RSI_LT_26,SPY
2001-10-15,76.08291474614651,0,0.0,RSI_LT_26,SPY
2001-10-16,87.10869443039398,0,-0.0,RSI_LT_26,SPY
2001-10-17,43.80776705053462,0,-0.0,RSI_LT_26,SPY
2001-10-18,17.424149012415143,1,-0.06516449080005149,RSI_LT_26,SPY
2001-10-19,19.54664424670888,1,1.9748512125904671,RSI_LT_26,SPY
2001-10-22,51.559617102172346,0,-0.0,RSI_LT_26,SPY
2001-10-23,39.849677973563864,0,-0.0,RSI_LT_26,SPY
2001-10-24,64.83180356784553,0,0.0,RSI_LT_26,SPY
2001-10-25,81.56315505413203,0,-0.0,RSI_LT_26,SPY
2001-10-26,78.72342623391113,0,-0.0,RSI_LT_26,SPY
2001-10-29,32.93914782729726,0,-0.0,RSI_LT_26,SPY
2001-10-30,29.323289293138814,0,-0.0,RSI_LT_26,SPY
2001-10-31,29.017839403362615,0,0.0,RSI_LT_26,SPY
2001-11-01,36.22995497838677,0,0.0,RSI_LT_26,SPY
2001-11-02,43.287323994895864,0,0.0,RSI_LT_26,SPY
2001-11-05,74.73206534883205,0,0.0,RSI_LT_26,SPY
2001-11-06,94.82757675709036,0,-0.0,RSI_LT_26,SPY
2001-11-07,97.77775517216435,0,0.0,RSI_LT_26,SPY
2001-11-08,96.58310827485289,0,0.0,RSI_LT_26,SPY
2001-11-09,96.02118419401711,0,-0.0,RSI_LT_26,SPY
2001-11-12,72.27715542529378,0,0.0,RSI_LT_26,SPY
2001-11-13,78.06783570747021,0,0.0,RSI_LT_26,SPY
2001-11-14,81.79417188041002,0,0.0,RSI_LT_26,SPY
2001-11-15,81.09587094023169,0,-0.0,RSI_LT_26,SPY
2001-11-16,70.29697921938617,0,0.0,RSI_LT_26,SPY
2001-11-19,89.28567421538284,0,-0.0,RSI_LT_26,SPY
2001-11-20,53.8940913628369,0,-0.0,RSI_LT_26,SPY
2001-11-21,41.968861735749705,0,0.0,RSI_LT_26,SPY
2001-11-23,57.65594127233656,0,0.0,RSI_LT_26,SPY
2001-11-26,65.60638625432472,0,-0.0,RSI_LT_26,SPY
2001-11-27,45.873825960712274,0,-0.0,RSI_LT_26,SPY
2001-11-28,36.068652830880964,0,0.0,RSI_LT_26,SPY
2001-11-29,56.9051620831133,0,-0.0,RSI_LT_26,SPY
2001-11-30,34.29678140136565,0,-0.0,RSI_LT_26,SPY
2001-12-03,27.224263058865688,0,0.0,RSI_LT_26,SPY
2001-12-04,49.005687359929254,0,0.0,RSI_LT_26,SPY
2001-12-05,78.75355668927747,0,-0.0,RSI_LT_26,SPY
2001-12-06,72.09295025338034,0,-0.0,RSI_LT_26,SPY
2001-12-07,72.61255069076913,0,-0.0,RSI_LT_26,SPY
2001-12-10,57.163078508059016,0,-0.0,RSI_LT_26,SPY
2001-12-11,39.36567854631583,0,0.0,RSI_LT_26,SPY
2001-12-12,3.846075711644758,1,-1.9425982187753599,RSI_LT_26,SPY
2001-12-13,2.3465236635460514,1,0.9548453668890566,RSI_LT_26,SPY
2001-12-14,20.583158520131548,1,1.034213583262944,RSI_LT_26,SPY
2001-12-17,49.17018457754204,0,0.0,RSI_LT_26,SPY
2001-12-18,57.87477379659791,0,0.0,RSI_LT_26,SPY
2001-12-19,62.68908381941301,0,-0.0,RSI_LT_26,SPY
2001-12-20,76.59140150488547,0,0.0,RSI_LT_26,SPY
2001-12-21,72.19512648982592,0,-0.0,RSI_LT_26,SPY
2001-12-24,56.82543142597638,0,0.0,RSI_LT_26,SPY
2001-12-26,56.12902114338172,0,0.0,RSI_LT_26,SPY
2001-12-27,54.51502029839016,0,-0.0,RSI_LT_26,SPY
2001-12-28,85.34062993069564,0,-0.0,RSI_LT_26,SPY
2001-12-31,40.18130857493212,0,0.0,RSI_LT_26,SPY
2002-01-02,59.25923963626025,0,0.0,RSI_LT_26,SPY
2002-01-03,64.80000244141371,0,0.0,RSI_LT_26,SPY
2002-01-04,65.35439929713371,0,-0.0,RSI_LT_26,SPY
2002-01-07,56.75214633834613,0,-0.0,RSI_LT_26,SPY
2002-01-08,75.1130167311367,0,-0.0,RSI_LT_26,SPY
2002-01-09,50.483102025471815,0,0.0,RSI_LT_26,SPY
2002-01-10,38.622876226066865,0,-0.0,RSI_LT_26,SPY
2002-01-11,13.783824466406998,1,-0.6264148298327776,RSI_LT_26,SPY
2002-01-14,14.20617193958546,1,0.8142184339315239,RSI_LT_26,SPY
2002-01-15,33.88241038602942,0,-0.0,RSI_LT_26,SPY
2002-01-16,25.577285835085974,1,0.7534111650596698,RSI_LT_26,SPY
2002-01-17,29.815718849840252,0,-0.0,RSI_LT_26,SPY
2002-01-18,33.271014709762056,0,-0.0,RSI_LT_26,SPY
2002-01-22,32.90203483575635,0,0.0,RSI_LT_26,SPY
2002-01-23,32.022476726044545,0,0.0,RSI_LT_26,SPY
2002-01-24,61.30957922438868,0,-0.0,RSI_LT_26,SPY
2002-01-25,47.637885150275444,0,0.0,RSI_LT_26,SPY
2002-01-28,65.23606977147779,0,-0.0,RSI_LT_26,SPY
2002-01-29,29.629580055889434,0,0.0,RSI_LT_26,SPY
2002-01-30,38.395900437713685,0,0.0,RSI_LT_26,SPY
2002-01-31,47.0674373623325,0,-0.0,RSI_LT_26,SPY
2002-02-01,43.85244833742771,0,-0.0,RSI_LT_26,SPY
2002-02-04,29.561671684228784,0,-0.0,RSI_LT_26,SPY
2002-02-05,41.968161924152156,0,-0.0,RSI_LT_26,SPY
2002-02-06,22.62517014601262,1,-0.6255752753144606,RSI_LT_26,SPY
2002-02-07,0.0,1,1.9163115711474887,RSI_LT_26,SPY
2002-02-08,30.895496724486804,0,0.0,RSI_LT_26,SPY
2002-02-11,65.14287292062971,0,-0.0,RSI_LT_26,SPY
2002-02-12,69.51212326090597,0,0.0,RSI_LT_26,SPY
2002-02-13,81.70507780474485,0,-0.0,RSI_LT_26,SPY
2002-02-14,89.14721002819617,0,-0.0,RSI_LT_26,SPY
2002-02-15,59.38968565533842,0,-0.0,RSI_LT_26,SPY
2002-02-19,23.41270021480375,1,1.6825985341264893,RSI_LT_26,SPY
2002-02-20,46.16563771080334,0,-0.0,RSI_LT_26,SPY
2002-02-21,23.984253212502637,1,1.237300369465566,RSI_LT_26,SPY
2002-02-22,36.18719234132389,0,0.0,RSI_LT_26,SPY
2002-02-25,52.97871718744167,0,-0.0,RSI_LT_26,SPY
2002-02-26,66.40004394544661,0,0.0,RSI_LT_26,SPY
2002-02-27,58.68859102205401,0,-0.0,RSI_LT_26,SPY
2002-02-28,83.06270456472521,0,0.0,RSI_LT_26,SPY
2002-03-01,86.87055665864847,0,0.0,RSI_LT_26,SPY
2002-03-04,87.32645097711975,0,-0.0,RSI_LT_26,SPY
2002-03-05,85.25419454951023,0,0.0,RSI_LT_26,SPY
2002-03-06,87.28066897704825,0,-0.0,RSI_LT_26,SPY
2002-03-07,90.59176975218955,0,0.0,RSI_LT_26,SPY
2002-03-08,86.1914924708673,0,0.0,RSI_LT_26,SPY
2002-03-11,77.28930460809273,0,-0.0,RSI_LT_26,SPY
2002-03-12,86.83128993265412,0,-0.0,RSI_LT_26,SPY
2002-03-13,33.78993683961163,0,-0.0,RSI_LT_26,SPY
2002-03-14,35.238019117096755,0,0.0,RSI_LT_26,SPY
2002-03-15,42.85723444632508,0,0.0,RSI_LT_26,SPY
2002-03-18,36.744202551409664,0,0.0,RSI_LT_26,SPY
2002-03-19,54.89508250948339,0,-0.0,RSI_LT_26,SPY
2002-03-20,39.847683298994625,0,0.0,RSI_LT_26,SPY
2002-03-21,42.29770162109616,0,-0.0,RSI_LT_26,SPY
2002-03-22,25.6797311500802,1,-1.2430461524646663,RSI_LT_26,SPY
2002-03-25,17.58478000840526,1,0.5809312817261825,RSI_LT_26,SPY
2002-03-26,15.43476782583744,1,0.2625387770815335,RSI_LT_26,SPY
2002-03-27,37.546513738570106,0,-0.0,RSI_LT_26,SPY
2002-03-28,35.68766591790893,0,0.0,RSI_LT_26,SPY
2002-04-01,40.5622453044091,0,-0.0,RSI_LT_26,SPY
2002-04-02,59.76335367835602,0,-0.0,RSI_LT_26,SPY
2002-04-03,19.125917711360245,1,-0.41541561184251785,RSI_LT_26,SPY
2002-04-04,2.500143050601764,1,0.01775474641523278,RSI_LT_26,SPY
2002-04-05,3.5536553155728114,1,0.2129717442275414,RSI_LT_26,SPY
2002-04-08,12.03711552861725,1,-0.6995492016226734,RSI_LT_26,SPY
2002-04-09,11.206953250374895,1,1.132516746364609,RSI_LT_26,SPY
2002-04-10,54.83877142513372,0,-0.0,RSI_LT_26,SPY
2002-04-11,29.766576816206324,0,0.0,RSI_LT_26,SPY
2002-04-12,39.32771708467969,0,-0.0,RSI_LT_26,SPY
2002-04-15,32.012225615642095,0,0.0,RSI_LT_26,SPY
2002-04-16,56.309502400531876,0,-0.0,RSI_LT_26,SPY
2002-04-17,46.947052849841775,0,-0.0,RSI_LT_26,SPY
2002-04-18,68.65086693652154,0,0.0,RSI_LT_26,SPY
2002-04-19,65.80089868565983,0,-0.0,RSI_LT_26,SPY
2002-04-22,53.80532168441237,0,-0.0,RSI_LT_26,SPY
2002-04-23,11.714197898206223,1,-1.004336784900428,RSI_LT_26,SPY
2002-04-24,9.38208710803218,1,0.05483736092271041,RSI_LT_26,SPY
2002-04-25,11.92881015913342,1,-1.9000655959263035,RSI_LT_26,SPY
2002-04-26,1.0694765358425542,1,-0.493527127580895,RSI_LT_26,SPY
2002-04-29,1.4083952103100756,1,0.9358038501668497,RSI_LT_26,SPY
2002-04-30,22.175722200142687,1,1.2238083509685582,RSI_LT_26,SPY
2002-05-01,47.69535615833064,0,-0.0,RSI_LT_26,SPY
2002-05-02,43.364492645118965,0,-0.0,RSI_LT_26,SPY
2002-05-03,52.134860356267254,0,-0.0,RSI_LT_26,SPY
2002-05-06,38.47429791842746,0,-0.0,RSI_LT_26,SPY
2002-05-07,24.444431885773866,1,3.7202699513569915,RSI_LT_26,SPY
2002-05-08,48.936182402560576,0,-0.0,RSI_LT_26,SPY
2002-05-09,44.28085473320045,0,-0.0,RSI_LT_26,SPY
2002-05-10,40.39256670591703,0,0.0,RSI_LT_26,SPY
2002-05-13,62.34567562073153,0,0.0,RSI_LT_26,SPY
2002-05-14,71.88034505716502,0,-0.0,RSI_LT_26,SPY
2002-05-15,54.74451741766381,0,0.0,RSI_LT_26,SPY
2002-05-16,67.3306841531472,0,0.0,RSI_LT_26,SPY
2002-05-17,92.88079072851865,0,-0.0,RSI_LT_26,SPY
2002-05-20,67.97635339208013,0,-0.0,RSI_LT_26,SPY
2002-05-21,29.679117113073985,0,0.0,RSI_LT_26,SPY
2002-05-22,38.02822652571313,0,0.0,RSI_LT_26,SPY
2002-05-23,46.85988290557811,0,-0.0,RSI_LT_26,SPY
2002-05-24,27.94413031792176,0,-0.0,RSI_LT_26,SPY
2002-05-28,31.818205462991386,0,-0.0,RSI_LT_26,SPY
2002-05-29,33.333393884127574,0,-0.0,RSI_LT_26,SPY
2002-05-30,27.22998893199083,0,0.0,RSI_LT_26,SPY
2002-05-31,6.626543401377418,1,-2.6580847245605055,RSI_LT_26,SPY
2002-06-03,4.621872310279002,1,0.24910846027974554,RSI_LT_26,SPY
2002-06-04,10.835135917113291,1,0.9366370855960149,RSI_LT_26,SPY
2002-06-05,31.670257943009588,0,-0.0,RSI_LT_26,SPY
2002-06-06,22.600608225811214,1,-0.11598951057795182,RSI_LT_26,SPY
2002-06-07,19.496819886326833,1,0.38707329209788366,RSI_LT_26,SPY
2002-06-10,41.94367912084481,0,-0.0,RSI_LT_26,SPY
2002-06-11,25.414417427029093,1,0.608084299871714,RSI_LT_26,SPY
2002-06-12,20.11839840129052,1,-1.004093157449193,RSI_LT_26,SPY
2002-06-13,25.82286304769815,1,-0.1477119855943787,RSI_LT_26,SPY
2002-06-14,25.628226435638055,1,2.6824469228523107,RSI_LT_26,SPY
2002-06-17,53.015910307428115,0,0.0,RSI_LT_26,SPY
2002-06-18,78.02607631947967,0,-0.0,RSI_LT_26,SPY
2002-06-19,49.58329757056921,0,-0.0,RSI_LT_26,SPY
2002-06-20,47.7272472279709,0,-0.0,RSI_LT_26,SPY
2002-06-21,38.55290357716356,0,0.0,RSI_LT_26,SPY
2002-06-24,19.40512379385953,1,-2.2444944134945133,RSI_LT_26,SPY
2002-06-25,6.153887825490273,1,0.1640053978202216,RSI_LT_26,SPY
2002-06-26,11.039069611904807,1,1.7498967080552763,RSI_LT_26,SPY
2002-06-27,36.43296264162618,0,-0.0,RSI_LT_26,SPY
2002-06-28,46.86275653770033,0,-0.0,RSI_LT_26,SPY
2002-07-01,28.725037502343895,0,-0.0,RSI_LT_26,SPY
2002-07-02,29.54189898347086,0,0.0,RSI_LT_26,SPY
2002-07-03,33.532046303950125,0,0.0,RSI_LT_26,SPY
2002-07-05,49.31816585792153,0,-0.0,RSI_LT_26,SPY
2002-07-08,45.35005158017089,0,-0.0,RSI_LT_26,SPY
2002-07-09,42.927787843822934,0,-0.0,RSI_LT_26,SPY
2002-07-10,37.640933817433016,0,0.0,RSI_LT_26,SPY
2002-07-11,38.756381662403555,0,-0.0,RSI_LT_26,SPY
2002-07-12,8.370536569582043,1,0.5334761806311761,RSI_LT_26,SPY
2002-07-15,15.10350794209836,1,-1.9276574072880637,RSI_LT_26,SPY
2002-07-16,16.489340655661536,1,0.1987635932292564,RSI_LT_26,SPY
2002-07-17,33.64923597601984,0,-0.0,RSI_LT_26,SPY
2002-07-18,10.452396000338027,1,-3.5193665830098086,RSI_LT_26,SPY
2002-07-19,7.90092578430756,1,-2.963052961112067,RSI_LT_26,SPY
2002-07-22,1.7142886207217316,1,-2.7372263789945506,RSI_LT_26,SPY
2002-07-23,1.6408412501912437,1,5.966234464710407,RSI_LT_26,SPY
2002-07-24,30.655544229144567,0,-0.0,RSI_LT_26,SPY
2002-07-25,35.75712238247368,0,0.0,RSI_LT_26,SPY
2002-07-26,53.75526975207378,0,0.0,RSI_LT_26,SPY
2002-07-29,78.01627867446209,0,0.0,RSI_LT_26,SPY
2002-07-30,94.20755622608527,0,0.0,RSI_LT_26,SPY
2002-07-31,90.86293433302868,0,-0.0,RSI_LT_26,SPY
2002-08-01,75.05238206438116,0,-0.0,RSI_LT_26,SPY
2002-08-02,55.99195111044865,0,-0.0,RSI_LT_26,SPY
2002-08-05,15.831489710761247,1,3.366360042772709,RSI_LT_26,SPY
2002-08-06,29.146678838577344,0,0.0,RSI_LT_26,SPY
2002-08-07,36.94538021631791,0,0.0,RSI_LT_26,SPY
2002-08-08,58.90072901697868,0,0.0,RSI_LT_26,SPY
2002-08-09,71.34723127035831,0,-0.0,RSI_LT_26,SPY
2002-08-12,91.81931661512091,0,-0.0,RSI_LT_26,SPY
2002-08-13,66.95159141248047,0,0.0,RSI_LT_26,SPY
2002-08-14,73.51599167734288,0,0.0,RSI_LT_26,SPY
2002-08-15,67.73297764874661,0,-0.0,RSI_LT_26,SPY
2002-08-16,63.534369205055306,0,0.0,RSI_LT_26,SPY
2002-08-19,77.66203192689909,0,-0.0,RSI_LT_26,SPY
2002-08-20,83.8749885559082,0,0.0,RSI_LT_26,SPY
2002-08-21,78.88705750140475,0,0.0,RSI_LT_26,SPY
2002-08-22,77.60415907811517,0,-0.0,RSI_LT_26,SPY
2002-08-23,59.12695969845746,0,0.0,RSI_LT_26,SPY
2002-08-26,48.841066294797365,0,-0.0,RSI_LT_26,SPY
2002-08-27,48.12401676723022,0,-0.0,RSI_LT_26,SPY
2002-08-28,23.279674449829812,1,0.04343204798051836,RSI_LT_26,SPY
2002-08-29,11.784568869297388,1,-0.3907104544565554,RSI_LT_26,SPY
2002-08-30,16.587751412429384,1,-3.8134670369918355,RSI_LT_26,SPY
2002-09-03,0.5665847894191387,1,1.4272792859688632,RSI_LT_26,SPY
2002-09-04,18.005560363547602,1,-0.8487850440692557,RSI_LT_26,SPY
2002-09-05,21.95948950121594,1,1.3741847685039943,RSI_LT_26,SPY
2002-09-06,34.929594718314405,0,0.0,RSI_LT_26,SPY
2002-09-09,42.43247478694427,0,0.0,RSI_LT_26,SPY
2002-09-10,84.6153489751288,0,-0.0,RSI_LT_26,SPY
2002-09-11,68.70583926930148,0,-0.0,RSI_LT_26,SPY
2002-09-12,56.47967510868571,0,0.0,RSI_LT_26,SPY
2002-09-13,46.043141775069984,0,0.0,RSI_LT_26,SPY
2002-09-16,39.678215087809726,0,-0.0,RSI_LT_26,SPY
2002-09-17,9.263209292763165,1,-1.0019410958287733,RSI_LT_26,SPY
2002-09-18,8.695691507406977,1,-2.587694167878274,RSI_LT_26,SPY
2002-09-19,7.815311896966676,1,-0.4132213538743934,RSI_LT_26,SPY
2002-09-20,3.819464220669559,1,-0.8180140183682516,RSI_LT_26,SPY
2002-09-23,0.0,1,-1.6136816213493166,RSI_LT_26,SPY
2002-09-24,0.0,1,2.4784363698652,RSI_LT_26,SPY
2002-09-25,30.53893446601664,0,0.0,RSI_LT_26,SPY
2002-09-26,58.86407477587853,0,-0.0,RSI_LT_26,SPY
2002-09-27,40.52134736392982,0,-0.0,RSI_LT_26,SPY
2002-09-30,39.265214310302994,0,0.0,RSI_LT_26,SPY
2002-10-01,65.10186484156009,0,-0.0,RSI_LT_26,SPY
2002-10-02,44.923873922719835,0,-0.0,RSI_LT_26,SPY
2002-10-03,34.84040844292127,0,-0.0,RSI_LT_26,SPY
2002-10-04,40.06117516036509,0,-0.0,RSI_LT_26,SPY
2002-10-07,37.35740217771261,0,0.0,RSI_LT_26,SPY
2002-10-08,15.836577202461285,1,-2.82444219843887,RSI_LT_26,SPY
2002-10-09,16.467505729634226,1,3.2394351200086158,RSI_LT_26,SPY
2002-10-10,40.88937802289644,0,0.0,RSI_LT_26,SPY
2002-10-11,64.94659433688194,0,0.0,RSI_LT_26,SPY
2002-10-14,77.39041493536297,0,0.0,RSI_LT_26,SPY
2002-10-15,82.36205292913556,0,-0.0,RSI_LT_26,SPY
2002-10-16,83.13729268229926,0,0.0,RSI_LT_26,SPY
2002-10-17,81.99333162087107,0,0.0,RSI_LT_26,SPY
2002-10-18,75.51255202857118,0,0.0,RSI_LT_26,SPY
2002-10-21,78.150443459066,0,-0.0,RSI_LT_26,SPY
2002-10-22,56.38629986892158,0,0.0,RSI_LT_26,SPY
2002-10-23,86.86864794715216,0,-0.0,RSI_LT_26,SPY
2002-10-24,50.88761314302482,0,0.0,RSI_LT_26,SPY
2002-10-25,61.92659908307182,0,-0.0,RSI_LT_26,SPY
2002-10-28,45.00001362394108,0,-0.0,RSI_LT_26,SPY
2002-10-29,42.070129406969635,0,0.0,RSI_LT_26,SPY
2002-10-30,43.760147295765,0,-0.0,RSI_LT_26,SPY
2002-10-31,51.526680323870835,0,0.0,RSI_LT_26,SPY
2002-11-01,50.6796084862545,0,0.0,RSI_LT_26,SPY
2002-11-04,64.02209425248202,0,0.0,RSI_LT_26,SPY
2002-11-05,82.15681229318382,0,0.0,RSI_LT_26,SPY
2002-11-06,83.24120934859397,0,-0.0,RSI_LT_26,SPY
2002-11-07,66.47062123439059,0,-0.0,RSI_LT_26,SPY
2002-11-08,44.967575092518736,0,-0.0,RSI_LT_26,SPY
2002-11-11,28.550119059566285,0,0.0,RSI_LT_26,SPY
2002-11-12,28.335830712038884,0,0.0,RSI_LT_26,SPY
2002-11-13,14.183141091756823,1,1.8865808507601445,RSI_LT_26,SPY
2002-11-14,49.69820148965043,0,0.0,RSI_LT_26,SPY
2002-11-15,69.31567849419626,0,-0.0,RSI_LT_26,SPY
2002-11-18,77.33993295148754,0,-0.0,RSI_LT_26,SPY
2002-11-19,70.1149450486812,0,0.0,RSI_LT_26,SPY
2002-11-20,80.74072922862605,0,0.0,RSI_LT_26,SPY
2002-11-21,80.88231787958728,0,-0.0,RSI_LT_26,SPY
2002-11-22,68.56616332249229,0,0.0,RSI_LT_26,SPY
2002-11-25,82.75107860938516,0,-0.0,RSI_LT_26,SPY
2002-11-26,60.737140691291,0,0.0,RSI_LT_26,SPY
2002-11-27,64.0234550487844,0,-0.0,RSI_LT_26,SPY
2002-11-29,48.97965827717455,0,0.0,RSI_LT_26,SPY
2002-12-02,57.28951420993513,0,-0.0,RSI_LT_26,SPY
2002-12-03,44.975276707314926,0,-0.0,RSI_LT_26,SPY
2002-12-04,57.961797883851574,0,-0.0,RSI_LT_26,SPY
2002-12-05,4.761731759006949,1,0.6562380751595986,RSI_LT_26,SPY
2002-12-06,21.738976596483383,1,-2.7491022632350925,RSI_LT_26,SPY
2002-12-09,10.291579260065774,1,1.3407787131197724,RSI_LT_26,SPY
2002-12-10,31.195779368888722,0,0.0,RSI_LT_26,SPY
2002-12-11,34.62246389029393,0,-0.0,RSI_LT_26,SPY
2002-12-12,42.53389213205417,0,-0.0,RSI_LT_26,SPY
2002-12-13,24.380929129464292,1,2.5856338512167287,RSI_LT_26,SPY
2002-12-16,71.37175732185841,0,-0.0,RSI_LT_26,SPY
2002-12-17,51.61988251093735,0,-0.0,RSI_LT_26,SPY
2002-12-18,41.25004768366385,0,-0.0,RSI_LT_26,SPY
2002-12-19,37.07871498042442,0,0.0,RSI_LT_26,SPY
2002-12-20,55.7726629039143,0,0.0,RSI_LT_26,SPY
2002-12-23,25.671502425470848,1,-0.7442770428018219,RSI_LT_26,SPY
2002-12-24,26.70797298898235,0,0.0,RSI_LT_26,SPY
2002-12-26,40.723863181297205,0,-0.0,RSI_LT_26,SPY
2002-12-27,25.139535032403657,1,0.8354353168682938,RSI_LT_26,SPY
2002-12-30,22.988571265710945,1,0.1361965108963359,RSI_LT_26,SPY
2002-12-31,24.930117453967284,1,3.218855525145403,RSI_LT_26,SPY
2003-01-02,64.98257469223265,0,0.0,RSI_LT_26,SPY
2003-01-03,66.38794301177197,0,0.0,RSI_LT_26,SPY
2003-01-06,100.0,0,-0.0,RSI_LT_26,SPY
2003-01-07,95.47251988075303,0,-0.0,RSI_LT_26,SPY
2003-01-08,75.07935181585778,0,0.0,RSI_LT_26,SPY
2003-01-09,67.82785699880088,0,0.0,RSI_LT_26,SPY
2003-01-10,67.6288620872457,0,-0.0,RSI_LT_26,SPY
2003-01-13,51.070332823928794,0,0.0,RSI_LT_26,SPY
2003-01-14,58.98200241673348,0,-0.0,RSI_LT_26,SPY
2003-01-15,67.23552953981476,0,-0.0,RSI_LT_26,SPY
2003-01-16,29.100582496054116,0,-0.0,RSI_LT_26,SPY
2003-01-17,10.000101725260421,1,-1.5552653928456395,RSI_LT_26,SPY
2003-01-21,6.849377107661439,1,-1.210086085215334,RSI_LT_26,SPY
2003-01-22,0.0,1,0.6124542664644572,RSI_LT_26,SPY
2003-01-23,11.320763770484973,1,-2.6265379947033707,RSI_LT_26,SPY
2003-01-24,8.035726449925306,1,-1.3660573543594179,RSI_LT_26,SPY
2003-01-27,8.256883944695133,1,0.739442377204802,RSI_LT_26,SPY
2003-01-28,20.312566227270807,1,0.7573127251684575,RSI_LT_26,SPY
2003-01-29,34.14641827043508,0,-0.0,RSI_LT_26,SPY
2003-01-30,18.713512259434665,1,1.9305901309087714,RSI_LT_26,SPY
2003-01-31,47.39414227189192,0,0.0,RSI_LT_26,SPY
2003-02-03,60.03902433220652,0,-0.0,RSI_LT_26,SPY
2003-02-04,45.79436053716504,0,-0.0,RSI_LT_26,SPY
2003-02-05,34.41681205762734,0,-0.0,RSI_LT_26,SPY
2003-02-06,50.27928198636516,0,-0.0,RSI_LT_26,SPY
2003-02-07,5.70487152966237,1,0.7072692162978234,RSI_LT_26,SPY
2003-02-10,17.353011134398145,1,-0.6903961627261479,RSI_LT_26,SPY
2003-02-11,18.849937599937604,1,-1.594152973977847,RSI_LT_26,SPY
2003-02-12,15.012793284593315,1,0.3045067048068173,RSI_LT_26,SPY
2003-02-13,22.22228950071954,1,2.185796096066084,RSI_LT_26,SPY
2003-02-14,58.02199607967417,0,0.0,RSI_LT_26,SPY
2003-02-18,64.88965432126469,0,-0.0,RSI_LT_26,SPY
2003-02-19,66.47835032586582,0,-0.0,RSI_LT_26,SPY
2003-02-20,73.08494859235132,0,0.0,RSI_LT_26,SPY
2003-02-21,76.05898387006125,0,-0.0,RSI_LT_26,SPY
2003-02-24,46.50699210713464,0,0.0,RSI_LT_26,SPY
2003-02-25,36.190488300657044,0,-0.0,RSI_LT_26,SPY
2003-02-26,30.52204713070175,0,0.0,RSI_LT_26,SPY
2003-02-27,50.095549856602275,0,0.0,RSI_LT_26,SPY
2003-02-28,47.166005658722206,0,-0.0,RSI_LT_26,SPY
2003-03-03,53.31799310737343,0,-0.0,RSI_LT_26,SPY
2003-03-04,32.93652475613227,0,0.0,RSI_LT_26,SPY
2003-03-05,52.32814839249918,0,-0.0,RSI_LT_26,SPY
2003-03-06,30.656981730294447,0,0.0,RSI_LT_26,SPY
2003-03-07,30.82519777191787,0,-0.0,RSI_LT_26,SPY
2003-03-10,23.91711961792609,1,-0.9837715872602626,RSI_LT_26,SPY
2003-03-11,26.62468630690661,0,0.0,RSI_LT_26,SPY
2003-03-12,24.078101158145245,1,3.4542353023559347,RSI_LT_26,SPY
2003-03-13,58.27123323183558,0,0.0,RSI_LT_26,SPY
2003-03-14,56.318230076698576,0,0.0,RSI_LT_26,SPY
2003-03-17,88.66852034161508,0,0.0,RSI_LT_26,SPY
2003-03-18,100.0,0,0.0,RSI_LT_26,SPY
2003-03-19,100.0,0,0.0,RSI_LT_26,SPY
2003-03-20,100.0,0,0.0,RSI_LT_26,SPY
2003-03-21,100.0,0,-0.0,RSI_LT_26,SPY
2003-03-24,49.233420675026515,0,0.0,RSI_LT_26,SPY
2003-03-25,51.85780455398147,0,-0.0,RSI_LT_26,SPY
2003-03-26,42.61745267138342,0,0.0,RSI_LT_26,SPY
2003-03-27,41.43832842559618,0,-0.0,RSI_LT_26,SPY
2003-03-28,18.90748692500894,1,-2.2719423843886255,RSI_LT_26,SPY
2003-03-31,23.999886067476524,1,1.5341079590864837,RSI_LT_26,SPY
2003-04-01,32.46451067030178,0,0.0,RSI_LT_26,SPY
2003-04-02,58.87371547085406,0,-0.0,RSI_LT_26,SPY
2003-04-03,54.428294299835734,0,0.0,RSI_LT_26,SPY
2003-04-04,62.0031657660608,0,-0.0,RSI_LT_26,SPY
2003-04-07,86.85963824201592,0,0.0,RSI_LT_26,SPY
2003-04-08,82.28221348039159,0,-0.0,RSI_LT_26,SPY
2003-04-09,27.385915760482447,0,0.0,RSI_LT_26,SPY
2003-04-10,46.153964954331904,0,-0.0,RSI_LT_26,SPY
2003-04-11,26.839885460256227,0,0.0,RSI_LT_26,SPY
2003-04-14,61.421235264046594,0,0.0,RSI_LT_26,SPY
2003-04-15,67.17056869413905,0,-0.0,RSI_LT_26,SPY
2003-04-16,62.20001220703125,0,0.0,RSI_LT_26,SPY
2003-04-17,67.58145335530114,0,0.0,RSI_LT_26,SPY
2003-04-21,72.4820242603875,0,0.0,RSI_LT_26,SPY
2003-04-22,71.92661218295999,0,0.0,RSI_LT_26,SPY
2003-04-23,71.97803963652777,0,-0.0,RSI_LT_26,SPY
2003-04-24,82.73684853001645,0,-0.0,RSI_LT_26,SPY
2003-04-25,57.33047968360548,0,0.0,RSI_LT_26,SPY
2003-04-28,67.71524642719099,0,0.0,RSI_LT_26,SPY
2003-04-29,58.24416032517244,0,-0.0,RSI_LT_26,SPY
2003-04-30,46.65015836234592,0,-0.0,RSI_LT_26,SPY
2003-05-01,58.38512407268316,0,0.0,RSI_LT_26,SPY
2003-05-02,93.82354525136657,0,-0.0,RSI_LT_26,SPY
2003-05-05,80.69306743716126,0,0.0,RSI_LT_26,SPY
2003-05-06,84.8837553154368,0,-0.0,RSI_LT_26,SPY
2003-05-07,75.5170871589803,0,-0.0,RSI_LT_26,SPY
2003-05-08,57.18007916224275,0,0.0,RSI_LT_26,SPY
2003-05-09,56.84212851050844,0,0.0,RSI_LT_26,SPY
2003-05-12,69.39196916260806,0,-0.0,RSI_LT_26,SPY
2003-05-13,59.852147784565716,0,-0.0,RSI_LT_26,SPY
2003-05-14,64.97330730361948,0,0.0,RSI_LT_26,SPY
2003-05-15,89.11777113570473,0,-0.0,RSI_LT_26,SPY
2003-05-16,74.15267935654063,0,-0.0,RSI_LT_26,SPY
2003-05-19,17.492704236880968,1,-0.2050754865375537,RSI_LT_26,SPY
2003-05-20,17.391275503208774,1,0.20549691032623052,RSI_LT_26,SPY
2003-05-21,22.965126594631045,1,0.9929823570357321,RSI_LT_26,SPY
2003-05-22,29.521276056092248,0,0.0,RSI_LT_26,SPY
2003-05-23,35.040450112898384,0,0.0,RSI_LT_26,SPY
2003-05-27,93.92964392964393,0,0.0,RSI_LT_26,SPY
2003-05-28,100.0,0,-0.0,RSI_LT_26,SPY
2003-05-29,92.35473221264334,0,0.0,RSI_LT_26,SPY
2003-05-30,93.55669646982946,0,0.0,RSI_LT_26,SPY
2003-06-02,93.88752508935167,0,0.0,RSI_LT_26,SPY
2003-06-03,91.228065478979,0,0.0,RSI_LT_26,SPY
2003-06-04,93.73434446573279,0,0.0,RSI_LT_26,SPY
2003-06-05,100.0,0,-0.0,RSI_LT_26,SPY
2003-06-06,87.37867673383323,0,-0.0,RSI_LT_26,SPY
2003-06-09,62.16216773512425,0,0.0,RSI_LT_26,SPY
2003-06-10,67.44184808644275,0,0.0,RSI_LT_26,SPY
2003-06-11,64.46698836614874,0,0.0,RSI_LT_26,SPY
2003-06-12,62.76593801932103,0,-0.0,RSI_LT_26,SPY
2003-06-13,53.3936089232729,0,0.0,RSI_LT_26,SPY
2003-06-16,80.9437170455049,0,0.0,RSI_LT_26,SPY
2003-06-17,76.71838629350944,0,-0.0,RSI_LT_26,SPY
2003-06-18,67.88722284427271,0,-0.0,RSI_LT_26,SPY
2003-06-19,43.84131550067932,0,-0.0,RSI_LT_26,SPY
2003-06-20,48.611169979796266,0,-0.0,RSI_LT_26,SPY
2003-06-23,0.0,1,0.10160381627872805,RSI_LT_26,SPY
2003-06-24,2.993962734792049,1,-1.0048699731042943,RSI_LT_26,SPY
2003-06-25,2.358455766583589,1,1.3021678338527076,RSI_LT_26,SPY
2003-06-26,34.596036952480034,0,-0.0,RSI_LT_26,SPY
2003-06-27,30.30976662851974,0,-0.0,RSI_LT_26,SPY
2003-06-30,38.810205647470745,0,0.0,RSI_LT_26,SPY
2003-07-01,50.11549785655008,0,0.0,RSI_LT_26,SPY
2003-07-02,74.45407463797932,0,-0.0,RSI_LT_26,SPY
2003-07-03,49.308696622853354,0,0.0,RSI_LT_26,SPY
2003-07-07,79.45727837807468,0,0.0,RSI_LT_26,SPY
2003-07-08,81.54124657155904,0,-0.0,RSI_LT_26,SPY
2003-07-09,69.52383858816964,0,-0.0,RSI_LT_26,SPY
2003-07-10,45.557717297089155,0,0.0,RSI_LT_26,SPY
2003-07-11,64.42308538764684,0,0.0,RSI_LT_26,SPY
2003-07-14,50.402230317509336,0,-0.0,RSI_LT_26,SPY
2003-07-15,40.857151576450896,0,-0.0,RSI_LT_26,SPY
2003-07-16,40.6249593605188,0,-0.0,RSI_LT_26,SPY
2003-07-17,39.07100749597686,0,0.0,RSI_LT_26,SPY
2003-07-18,40.21456330537943,0,-0.0,RSI_LT_26,SPY
2003-07-21,22.59508135444527,1,0.9055752957904284,RSI_LT_26,SPY
2003-07-22,36.96495975277233,0,0.0,RSI_LT_26,SPY
2003-07-23,42.64069371301934,0,-0.0,RSI_LT_26,SPY
2003-07-24,49.87339082735376,0,0.0,RSI_LT_26,SPY
2003-07-25,57.69230769230769,0,-0.0,RSI_LT_26,SPY
2003-07-28,70.68061258727852,0,-0.0,RSI_LT_26,SPY
2003-07-29,53.392372871819674,0,-0.0,RSI_LT_26,SPY
2003-07-30,48.87648756903413,0,0.0,RSI_LT_26,SPY
2003-07-31,64.80265221766857,0,-0.0,RSI_LT_26,SPY
2003-08-01,10.550298177338519,1,0.0,RSI_LT_26,SPY
2003-08-04,12.70701697444349,1,-2.1216160003680318,RSI_LT_26,SPY
2003-08-05,6.685932395478261,1,0.580797758372742,RSI_LT_26,SPY
2003-08-06,21.010650709878234,1,1.0517597522783362,RSI_LT_26,SPY
2003-08-07,34.72529167742606,0,0.0,RSI_LT_26,SPY
2003-08-08,47.08856847615093,0,0.0,RSI_LT_26,SPY
2003-08-11,51.620360558922854,0,0.0,RSI_LT_26,SPY
2003-08-12,100.0,0,-0.0,RSI_LT_26,SPY
2003-08-13,83.44149892742666,0,0.0,RSI_LT_26,SPY
2003-08-14,78.11151350041585,0,0.0,RSI_LT_26,SPY
2003-08-15,78.38981544041819,0,0.0,RSI_LT_26,SPY
2003-08-18,82.10522652560795,0,0.0,RSI_LT_26,SPY
2003-08-19,78.11151350041585,0,-0.0,RSI_LT_26,SPY
2003-08-20,81.61421323270302,0,0.0,RSI_LT_26,SPY
2003-08-21,82.01743378674564,0,-0.0,RSI_LT_26,SPY
2003-08-22,52.52514873459993,0,0.0,RSI_LT_26,SPY
2003-08-25,37.88541813708685,0,0.0,RSI_LT_26,SPY
2003-08-26,31.88412206988059,0,0.0,RSI_LT_26,SPY
2003-08-27,40.82848784715952,0,0.0,RSI_LT_26,SPY
2003-08-28,49.74888243097142,0,0.0,RSI_LT_26,SPY
2003-08-29,100.0,0,0.0,RSI_LT_26,SPY
2003-09-02,100.0,0,0.0,RSI_LT_26,SPY
2003-09-03,100.0,0,0.0,RSI_LT_26,SPY
2003-09-04,100.0,0,-0.0,RSI_LT_26,SPY
2003-09-05,82.04330562661357,0,0.0,RSI_LT_26,SPY
2003-09-08,82.94113027185315,0,-0.0,RSI_LT_26,SPY
2003-09-09,53.67641283981644,0,-0.0,RSI_LT_26,SPY
2003-09-10,28.12500745056994,0,0.0,RSI_LT_26,SPY
2003-09-11,33.33333333333333,0,0.0,RSI_LT_26,SPY
2003-09-12,43.790764934676375,0,-0.0,RSI_LT_26,SPY
2003-09-15,19.066067002122566,1,1.4595019557376965,RSI_LT_26,SPY
2003-09-16,58.57989634873055,0,-0.0,RSI_LT_26,SPY
2003-09-17,77.9526258245125,0,0.0,RSI_LT_26,SPY
2003-09-18,83.81491036581332,0,-0.0,RSI_LT_26,SPY
2003-09-19,64.523781843547,0,-0.0,RSI_LT_26,SPY
2003-09-22,54.63715817743856,0,0.0,RSI_LT_26,SPY
2003-09-23,41.70985377654969,0,-0.0,RSI_LT_26,SPY
2003-09-24,29.326069887504588,0,-0.0,RSI_LT_26,SPY
2003-09-25,7.6470491437872,1,-0.32908040992399856,RSI_LT_26,SPY
2003-09-26,8.666653103298614,1,0.9804936336727188,RSI_LT_26,SPY
2003-09-29,31.422021960715696,0,-0.0,RSI_LT_26,SPY
2003-09-30,19.797998791630192,1,2.131070483089159,RSI_LT_26,SPY
2003-10-01,59.23808001395085,0,0.0,RSI_LT_26,SPY
2003-10-02,72.65129747258838,0,0.0,RSI_LT_26,SPY
2003-10-03,81.85182045521977,0,0.0,RSI_LT_26,SPY
2003-10-06,79.95906032205671,0,0.0,RSI_LT_26,SPY
2003-10-07,100.0,0,-0.0,RSI_LT_26,SPY
2003-10-08,89.3441854066088,0,0.0,RSI_LT_26,SPY
2003-10-09,88.93610804493214,0,0.0,RSI_LT_26,SPY
2003-10-10,84.70579787544374,0,0.0,RSI_LT_26,SPY
2003-10-13,83.33325182297908,0,0.0,RSI_LT_26,SPY
2003-10-14,83.00638276653036,0,-0.0,RSI_LT_26,SPY
2003-10-15,81.93550927589449,0,0.0,RSI_LT_26,SPY
2003-10-16,83.43204882805446,0,-0.0,RSI_LT_26,SPY
2003-10-17,43.92162377256653,0,0.0,RSI_LT_26,SPY
2003-10-20,52.33332316080729,0,-0.0,RSI_LT_26,SPY
2003-10-21,42.70471039577751,0,-0.0,RSI_LT_26,SPY
2003-10-22,31.168900655532397,0,-0.0,RSI_LT_26,SPY
2003-10-23,21.546911256720506,1,0.22254800225389726,RSI_LT_26,SPY
2003-10-24,37.40742310572345,0,0.0,RSI_LT_26,SPY
2003-10-27,14.213127197806458,1,1.3606134319017027,RSI_LT_26,SPY
2003-10-28,52.812500745056994,0,0.0,RSI_LT_26,SPY
2003-10-29,90.59395843877235,0,0.0,RSI_LT_26,SPY
2003-10-30,100.0,0,-0.0,RSI_LT_26,SPY
2003-10-31,94.7917411725437,0,0.0,RSI_LT_26,SPY
2003-11-03,96.09380587940777,0,-0.0,RSI_LT_26,SPY
2003-11-04,76.0871968951448,0,0.0,RSI_LT_26,SPY
2003-11-05,75.0001444978123,0,0.0,RSI_LT_26,SPY
2003-11-06,80.12069234941032,0,-0.0,RSI_LT_26,SPY
2003-11-07,56.59571843203969,0,-0.0,RSI_LT_26,SPY
2003-11-10,30.622034022048624,0,-0.0,RSI_LT_26,SPY
2003-11-11,33.86241250413764,0,0.0,RSI_LT_26,SPY
2003-11-12,58.194056738095355,0,0.0,RSI_LT_26,SPY
2003-11-13,49.18697295905867,0,-0.0,RSI_LT_26,SPY
2003-11-14,47.08168202935982,0,-0.0,RSI_LT_26,SPY
2003-11-17,45.31834884930364,0,-0.0,RSI_LT_26,SPY
2003-11-18,32.43962454412875,0,0.0,RSI_LT_26,SPY
2003-11-19,26.530657638941406,0,-0.0,RSI_LT_26,SPY
2003-11-20,20.276556023162357,1,0.4143383216743235,RSI_LT_26,SPY
2003-11-21,33.85017249876786,0,0.0,RSI_LT_26,SPY
2003-11-24,56.99147028825156,0,0.0,RSI_LT_26,SPY
2003-11-25,76.6749144770844,0,0.0,RSI_LT_26,SPY
2003-11-26,73.3710839988329,0,0.0,RSI_LT_26,SPY
2003-11-28,100.0,0,0.0,RSI_LT_26,SPY
2003-12-01,100.0,0,-0.0,RSI_LT_26,SPY
2003-12-02,88.15803563063002,0,-0.0,RSI_LT_26,SPY
2003-12-03,78.536790511245,0,0.0,RSI_LT_26,SPY
2003-12-04,79.14702053803876,0,-0.0,RSI_LT_26,SPY
2003-12-05,57.19429495113604,0,0.0,RSI_LT_26,SPY
2003-12-08,49.361725613438175,0,-0.0,RSI_LT_26,SPY
2003-12-09,39.862460968121674,0,-0.0,RSI_LT_26,SPY
2003-12-10,42.18179094291255,0,0.0,RSI_LT_26,SPY
2003-12-11,54.70088814116358,0,0.0,RSI_LT_26,SPY
2003-12-12,71.71723399172325,0,-0.0,RSI_LT_26,SPY
2003-12-15,50.537613825918115,0,0.0,RSI_LT_26,SPY
2003-12-16,78.17475575308582,0,0.0,RSI_LT_26,SPY
2003-12-17,81.05258931081099,0,0.0,RSI_LT_26,SPY
2003-12-18,81.18465509587242,0,-0.0,RSI_LT_26,SPY
2003-12-19,60.91956038944952,0,0.0,RSI_LT_26,SPY
2003-12-22,77.83787350479517,0,0.0,RSI_LT_26,SPY
2003-12-23,74.45483088170633,0,-0.0,RSI_LT_26,SPY
2003-12-24,68.79197122338996,0,0.0,RSI_LT_26,SPY
2003-12-26,49.45640455774302,0,0.0,RSI_LT_26,SPY
2003-12-29,95.56449752198832,0,0.0,RSI_LT_26,SPY
2003-12-30,93.67811808037183,0,0.0,RSI_LT_26,SPY
2003-12-31,93.78526446462669,0,-0.0,RSI_LT_26,SPY
2004-01-02,97.07627647993147,0,0.0,RSI_LT_26,SPY
2004-01-05,98.23959553411203,0,0.0,RSI_LT_26,SPY
2004-01-06,96.64458053416352,0,0.0,RSI_LT_26,SPY
2004-01-07,97.29753136315273,0,0.0,RSI_LT_26,SPY
2004-01-08,97.72746976837739,0,-0.0,RSI_LT_26,SPY
2004-01-09,68.47132287730977,0,0.0,RSI_LT_26,SPY
2004-01-12,64.13044079191062,0,-0.0,RSI_LT_26,SPY
2004-01-13,50.15097453486013,0,0.0,RSI_LT_26,SPY
2004-01-14,57.36433191588352,0,0.0,RSI_LT_26,SPY
2004-01-15,55.40541933781061,0,0.0,RSI_LT_26,SPY
2004-01-16,79.11388279263815,0,-0.0,RSI_LT_26,SPY
2004-01-20,70.76248173483506,0,0.0,RSI_LT_26,SPY
2004-01-21,98.84591345377932,0,-0.0,RSI_LT_26,SPY
2004-01-22,83.163229558353,0,-0.0,RSI_LT_26,SPY
2004-01-23,65.85361315077466,0,0.0,RSI_LT_26,SPY
2004-01-26,76.9735983536616,0,-0.0,RSI_LT_26,SPY
2004-01-27,55.71431944966694,0,-0.0,RSI_LT_26,SPY
2004-01-28,31.23649133956262,0,0.0,RSI_LT_26,SPY
2004-01-29,35.067896343936795,0,0.0,RSI_LT_26,SPY
2004-01-30,38.27165145184443,0,0.0,RSI_LT_26,SPY
2004-02-02,19.354799014577083,1,-0.16671267822337965,RSI_LT_26,SPY
2004-02-03,28.571376670747796,0,-0.0,RSI_LT_26,SPY
2004-02-04,34.88360745905857,0,0.0,RSI_LT_26,SPY
2004-02-05,42.26797231398458,0,0.0,RSI_LT_26,SPY
2004-02-06,65.10893875329478,0,0.0,RSI_LT_26,SPY
2004-02-09,59.27274038768314,0,0.0,RSI_LT_26,SPY
2004-02-10,68.25937855593543,0,0.0,RSI_LT_26,SPY
2004-02-11,100.0,0,-0.0,RSI_LT_26,SPY
2004-02-12,87.31122420755656,0,-0.0,RSI_LT_26,SPY
2004-02-13,63.28122904528453,0,0.0,RSI_LT_26,SPY
2004-02-17,73.66939714955538,0,-0.0,RSI_LT_26,SPY
2004-02-18,60.91651466139669,0,-0.0,RSI_LT_26,SPY
2004-02-19,35.616492043999685,0,-0.0,RSI_LT_26,SPY
2004-02-20,36.49118204499459,0,-0.0,RSI_LT_26,SPY
2004-02-23,39.69464981989406,0,-0.0,RSI_LT_26,SPY
2004-02-24,0.0,1,0.4196200362748037,RSI_LT_26,SPY
2004-02-25,27.428643673951612,0,0.0,RSI_LT_26,SPY
2004-02-26,39.56836506742924,0,0.0,RSI_LT_26,SPY
2004-02-27,56.25,0,0.0,RSI_LT_26,SPY
2004-03-01,89.84787693832975,0,-0.0,RSI_LT_26,SPY
2004-03-02,72.24493736123091,0,0.0,RSI_LT_26,SPY
2004-03-03,68.80732981727952,0,0.0,RSI_LT_26,SPY
2004-03-04,71.78417325402127,0,0.0,RSI_LT_26,SPY
2004-03-05,75.0,0,-0.0,RSI_LT_26,SPY
2004-03-08,29.9998728431011,0,-0.0,RSI_LT_26,SPY
2004-03-09,32.373984230704835,0,-0.0,RSI_LT_26,SPY
2004-03-10,15.367401174487526,1,-1.2968547350564408,RSI_LT_26,SPY
2004-03-11,6.9026515212894,1,1.3138940320243764,RSI_LT_26,SPY
2004-03-12,21.72619757198828,1,-1.225799307485742,RSI_LT_26,SPY
2004-03-15,21.85627272114678,1,0.5305791218319644,RSI_LT_26,SPY
2004-03-16,30.102811894676336,0,0.0,RSI_LT_26,SPY
2004-03-17,53.745916601121046,0,0.0,RSI_LT_26,SPY
2004-03-18,70.70057503847089,0,-0.0,RSI_LT_26,SPY
2004-03-19,35.5513170109074,0,-0.0,RSI_LT_26,SPY
2004-03-22,35.349762248493235,0,-0.0,RSI_LT_26,SPY
2004-03-23,26.175847424571955,0,0.0,RSI_LT_26,SPY
2004-03-24,3.2172289164019503,1,1.3235937086712113,RSI_LT_26,SPY
2004-03-25,29.902921538737303,0,0.0,RSI_LT_26,SPY
2004-03-26,49.52683286080799,0,0.0,RSI_LT_26,SPY
2004-03-29,94.27703437134473,0,0.0,RSI_LT_26,SPY
2004-03-30,100.0,0,0.0,RSI_LT_26,SPY
2004-03-31,100.0,0,0.0,RSI_LT_26,SPY
2004-04-01,100.0,0,0.0,RSI_LT_26,SPY
2004-04-02,100.0,0,0.0,RSI_LT_26,SPY
2004-04-05,100.0,0,-0.0,RSI_LT_26,SPY
2004-04-06,86.14245587365448,0,-0.0,RSI_LT_26,SPY
2004-04-07,77.22420122070419,0,-0.0,RSI_LT_26,SPY
2004-04-08,62.34322178630599,0,0.0,RSI_LT_26,SPY
2004-04-12,54.54548957502475,0,-0.0,RSI_LT_26,SPY
2004-04-13,15.202643489736374,1,0.1589968259265495,RSI_LT_26,SPY
2004-04-14,22.743610718623728,1,-0.37922242480851187,RSI_LT_26,SPY
2004-04-15,21.501666493073643,1,0.770186573683862,RSI_LT_26,SPY
2004-04-16,42.372870397310315,0,0.0,RSI_LT_26,SPY
2004-04-19,33.980637658544296,0,-0.0,RSI_LT_26,SPY
2004-04-20,30.97347721876511,0,0.0,RSI_LT_26,SPY
2004-04-21,40.90909090909091,0,0.0,RSI_LT_26,SPY
2004-04-22,62.62229780270806,0,0.0,RSI_LT_26,SPY
2004-04-23,56.09193144428621,0,-0.0,RSI_LT_26,SPY
2004-04-26,54.10193255020841,0,0.0,RSI_LT_26,SPY
2004-04-27,94.07396523272374,0,-0.0,RSI_LT_26,SPY
2004-04-28,52.18660124249576,0,-0.0,RSI_LT_26,SPY
2004-04-29,7.3945724064194,1,-0.7779689996753936,RSI_LT_26,SPY
2004-04-30,2.7779367228908427,1,1.0724607527261343,RSI_LT_26,SPY
2004-05-03,27.861880319346156,0,-0.0,RSI_LT_26,SPY
2004-05-04,25.757570753392756,1,0.6425140428248266,RSI_LT_26,SPY
2004-05-05,49.48185453187044,0,-0.0,RSI_LT_26,SPY
2004-05-06,49.73952848894735,0,-0.0,RSI_LT_26,SPY
2004-05-07,39.626571779514,0,-0.0,RSI_LT_26,SPY
2004-05-10,15.126069276794624,1,0.84535344433192,RSI_LT_26,SPY
2004-05-11,29.338112057999822,0,0.0,RSI_LT_26,SPY
2004-05-12,29.084334378895164,0,-0.0,RSI_LT_26,SPY
2004-05-13,32.01577749866938,0,0.0,RSI_LT_26,SPY
2004-05-14,51.22702401625111,0,-0.0,RSI_LT_26,SPY
2004-05-17,54.397339900743304,0,0.0,RSI_LT_26,SPY
2004-05-18,48.14817954478024,0,-0.0,RSI_LT_26,SPY
2004-05-19,25.21020794799216,1,0.32031309075530867,RSI_LT_26,SPY
2004-05-20,41.8503979350398,0,0.0,RSI_LT_26,SPY
2004-05-21,45.2281684790351,0,0.0,RSI_LT_26,SPY
2004-05-24,80.3107087796972,0,0.0,RSI_LT_26,SPY
2004-05-25,87.16202632135143,0,0.0,RSI_LT_26,SPY
2004-05-26,100.0,0,0.0,RSI_LT_26,SPY
2004-05-27,100.0,0,-0.0,RSI_LT_26,SPY
2004-05-28,99.67419829420068,0,-0.0,RSI_LT_26,SPY
2004-06-01,94.20278637770897,0,0.0,RSI_LT_26,SPY
2004-06-02,89.99980926586431,0,-0.0,RSI_LT_26,SPY
2004-06-03,46.666644061129894,0,0.0,RSI_LT_26,SPY
2004-06-04,52.191238692734174,0,0.0,RSI_LT_26,SPY
2004-06-07,71.80089817111534,0,0.0,RSI_LT_26,SPY
2004-06-08,75.4137094519646,0,-0.0,RSI_LT_26,SPY
2004-06-09,56.762325837356485,0,0.0,RSI_LT_26,SPY
2004-06-10,75.68183355094439,0,-0.0,RSI_LT_26,SPY
2004-06-14,52.58618846939934,0,0.0,RSI_LT_26,SPY
2004-06-15,40.86019520618885,0,-0.0,RSI_LT_26,SPY
2004-06-16,37.988773239904866,0,-0.0,RSI_LT_26,SPY
2004-06-17,50.74628990152902,0,-0.0,RSI_LT_26,SPY
2004-06-18,34.48267924205652,0,-0.0,RSI_LT_26,SPY
2004-06-21,49.382582322357024,0,0.0,RSI_LT_26,SPY
2004-06-22,41.007190295845,0,0.0,RSI_LT_26,SPY
2004-06-23,65.9574053632881,0,-0.0,RSI_LT_26,SPY
2004-06-24,61.02353690331727,0,-0.0,RSI_LT_26,SPY
2004-06-25,53.63319332944385,0,-0.0,RSI_LT_26,SPY
2004-06-28,54.38595551938665,0,0.0,RSI_LT_26,SPY
2004-06-29,52.72729290412791,0,0.0,RSI_LT_26,SPY
2004-06-30,45.378135097707336,0,-0.0,RSI_LT_26,SPY
2004-07-01,29.916943170530686,0,-0.0,RSI_LT_26,SPY
2004-07-02,34.61541283057623,0,-0.0,RSI_LT_26,SPY
2004-07-06,29.032297759583912,0,0.0,RSI_LT_26,SPY
2004-07-07,26.25703800629958,0,-0.0,RSI_LT_26,SPY
2004-07-08,8.800048828125,1,0.26023053587047595,RSI_LT_26,SPY
2004-07-09,25.306187271702484,1,0.04474663999030071,RSI_LT_26,SPY
2004-07-12,27.458999734221337,0,0.0,RSI_LT_26,SPY
2004-07-13,49.019646953226285,0,-0.0,RSI_LT_26,SPY
2004-07-14,27.27259215956323,0,-0.0,RSI_LT_26,SPY
2004-07-15,28.37833658099038,0,-0.0,RSI_LT_26,SPY
2004-07-16,10.156045108838185,1,-0.4245336686747758,RSI_LT_26,SPY
2004-07-19,4.705977390125781,1,1.2699578673876388,RSI_LT_26,SPY
2004-07-20,46.35760083670592,0,-0.0,RSI_LT_26,SPY
2004-07-21,29.535910481730497,0,0.0,RSI_LT_26,SPY
2004-07-22,39.351783989219946,0,-0.0,RSI_LT_26,SPY
2004-07-23,33.00968860181919,0,-0.0,RSI_LT_26,SPY
2004-07-26,34.764822347142726,0,0.0,RSI_LT_26,SPY
2004-07-27,29.26820191056835,0,0.0,RSI_LT_26,SPY
2004-07-28,59.35248738264279,0,0.0,RSI_LT_26,SPY
2004-07-29,61.69496873238125,0,0.0,RSI_LT_26,SPY
2004-07-30,90.8695868508782,0,0.0,RSI_LT_26,SPY
2004-08-02,100.0,0,-0.0,RSI_LT_26,SPY
2004-08-03,60.18522443097529,0,-0.0,RSI_LT_26,SPY
2004-08-04,52.71734398129144,0,-0.0,RSI_LT_26,SPY
2004-08-05,15.772879773187839,1,-1.4298920940400306,RSI_LT_26,SPY
2004-08-06,5.168609445695068,1,0.14038514555079207,RSI_LT_26,SPY
2004-08-09,3.432527038941302,1,1.2897170592691243,RSI_LT_26,SPY
2004-08-10,31.288322500319836,0,-0.0,RSI_LT_26,SPY
2004-08-11,30.00002991924795,0,-0.0,RSI_LT_26,SPY
2004-08-12,34.15179103613407,0,0.0,RSI_LT_26,SPY
2004-08-13,55.414090119422205,0,0.0,RSI_LT_26,SPY
2004-08-16,65.853731154423,0,0.0,RSI_LT_26,SPY
2004-08-17,57.95806804148748,0,0.0,RSI_LT_26,SPY
2004-08-18,72.10398352193408,0,-0.0,RSI_LT_26,SPY
2004-08-19,90.50444633607418,0,0.0,RSI_LT_26,SPY
2004-08-20,91.85751475889757,0,-0.0,RSI_LT_26,SPY
2004-08-23,80.64500251031197,0,0.0,RSI_LT_26,SPY
2004-08-24,77.27255650505302,0,0.0,RSI_LT_26,SPY
2004-08-25,73.56815164602483,0,0.0,RSI_LT_26,SPY
2004-08-26,85.64078687908855,0,0.0,RSI_LT_26,SPY
2004-08-27,81.69900419365615,0,-0.0,RSI_LT_26,SPY
2004-08-30,57.60373524220711,0,0.0,RSI_LT_26,SPY
2004-08-31,64.61543427419473,0,0.0,RSI_LT_26,SPY
2004-09-01,55.339841782465705,0,0.0,RSI_LT_26,SPY
2004-09-02,72.28920923156824,0,-0.0,RSI_LT_26,SPY
2004-09-03,59.76684750331979,0,0.0,RSI_LT_26,SPY
2004-09-07,85.84618201622595,0,-0.0,RSI_LT_26,SPY
2004-09-08,74.91530070190502,0,-0.0,RSI_LT_26,SPY
2004-09-09,70.42262601949258,0,0.0,RSI_LT_26,SPY
2004-09-10,61.11107186504377,0,0.0,RSI_LT_26,SPY
2004-09-13,81.6425743960961,0,0.0,RSI_LT_26,SPY
2004-09-14,75.64116358229978,0,-0.0,RSI_LT_26,SPY
2004-09-15,55.140216903035366,0,0.0,RSI_LT_26,SPY
2004-09-16,63.86547887328459,0,0.0,RSI_LT_26,SPY
2004-09-17,52.48629031238277,0,-0.0,RSI_LT_26,SPY
2004-09-20,27.358541491976553,0,0.0,RSI_LT_26,SPY
2004-09-21,35.2940045071181,0,-0.0,RSI_LT_26,SPY
2004-09-22,28.668888657431523,0,-0.0,RSI_LT_26,SPY
2004-09-23,15.67396919544629,1,0.459668454491613,RSI_LT_26,SPY
2004-09-24,27.100253072431656,0,-0.0,RSI_LT_26,SPY
2004-09-27,26.881711608981362,0,0.0,RSI_LT_26,SPY
2004-09-28,27.659583102523982,0,0.0,RSI_LT_26,SPY
2004-09-29,54.98269624036496,0,-0.0,RSI_LT_26,SPY
2004-09-30,66.94577365200264,0,0.0,RSI_LT_26,SPY
2004-10-01,79.04520985955398,0,0.0,RSI_LT_26,SPY
2004-10-04,97.53862839274899,0,0.0,RSI_LT_26,SPY
2004-10-05,97.12250157116628,0,0.0,RSI_LT_26,SPY
2004-10-06,97.33351983011838,0,-0.0,RSI_LT_26,SPY
2004-10-07,70.36137579074509,0,-0.0,RSI_LT_26,SPY
2004-10-08,32.1874925494123,0,0.0,RSI_LT_26,SPY
2004-10-11,37.46405171276549,0,-0.0,RSI_LT_26,SPY
2004-10-12,32.2077494862542,0,-0.0,RSI_LT_26,SPY
2004-10-13,11.330033524256237,1,-0.8068867836575566,RSI_LT_26,SPY
2004-10-14,12.3324292592729,1,0.5603784797562517,RSI_LT_26,SPY
2004-10-15,31.671573935689423,0,0.0,RSI_LT_26,SPY
2004-10-18,30.8605361399823,0,-0.0,RSI_LT_26,SPY
2004-10-19,26.873389597613794,0,-0.0,RSI_LT_26,SPY
2004-10-20,33.54835057737175,0,0.0,RSI_LT_26,SPY
2004-10-21,60.27392607340404,0,-0.0,RSI_LT_26,SPY
2004-10-22,32.11263125770998,0,-0.0,RSI_LT_26,SPY
2004-10-25,22.085912542856818,1,1.5292192752978107,RSI_LT_26,SPY
2004-10-26,60.000038146972656,0,0.0,RSI_LT_26,SPY
2004-10-27,73.04690293970388,0,0.0,RSI_LT_26,SPY
2004-10-28,70.88612077304794,0,-0.0,RSI_LT_26,SPY
2004-10-29,95.72645485509594,0,0.0,RSI_LT_26,SPY
2004-11-01,99.45788027465746,0,0.0,RSI_LT_26,SPY
2004-11-02,99.02418691547047,0,0.0,RSI_LT_26,SPY
2004-11-03,99.06522731161942,0,0.0,RSI_LT_26,SPY
2004-11-04,99.40640323829446,0,0.0,RSI_LT_26,SPY
2004-11-05,100.0,0,-0.0,RSI_LT_26,SPY
2004-11-08,95.68531997993892,0,-0.0,RSI_LT_26,SPY
2004-11-09,90.31472658854999,0,0.0,RSI_LT_26,SPY
2004-11-10,85.66303245089433,0,0.0,RSI_LT_26,SPY
2004-11-11,81.04258719563786,0,0.0,RSI_LT_26,SPY
2004-11-12,82.68395551841785,0,-0.0,RSI_LT_26,SPY
2004-11-15,86.81816763132068,0,-0.0,RSI_LT_26,SPY
2004-11-16,67.73045040365344,0,0.0,RSI_LT_26,SPY
2004-11-17,73.4693423610586,0,0.0,RSI_LT_26,SPY
2004-11-18,66.2962178047161,0,-0.0,RSI_LT_26,SPY
2004-11-19,27.831699229407462,0,0.0,RSI_LT_26,SPY
2004-11-22,39.554351291042394,0,0.0,RSI_LT_26,SPY
2004-11-23,54.79462076497592,0,0.0,RSI_LT_26,SPY
2004-11-24,47.20001220703125,0,-0.0,RSI_LT_26,SPY
2004-11-26,41.975347403188636,0,-0.0,RSI_LT_26,SPY
2004-11-29,61.81809774818513,0,0.0,RSI_LT_26,SPY
2004-11-30,46.15369567343745,0,0.0,RSI_LT_26,SPY
2004-12-01,72.96127361255276,0,0.0,RSI_LT_26,SPY
2004-12-02,70.69757208859996,0,-0.0,RSI_LT_26,SPY
2004-12-03,71.02800406424356,0,-0.0,RSI_LT_26,SPY
2004-12-06,92.68279067170948,0,-0.0,RSI_LT_26,SPY
2004-12-07,53.93255858476468,0,0.0,RSI_LT_26,SPY
2004-12-08,39.108873495841614,0,0.0,RSI_LT_26,SPY
2004-12-09,47.43584309557268,0,0.0,RSI_LT_26,SPY
2004-12-10,51.68070728830076,0,0.0,RSI_LT_26,SPY
2004-12-13,67.15979269746109,0,0.0,RSI_LT_26,SPY
2004-12-14,100.0,0,0.0,RSI_LT_26,SPY
2004-12-15,100.0,0,-0.0,RSI_LT_26,SPY
2004-12-16,95.97702409400829,0,-0.0,RSI_LT_26,SPY
2004-12-17,51.83948109741161,0,0.0,RSI_LT_26,SPY
2004-12-20,27.272552124876213,0,0.0,RSI_LT_26,SPY
2004-12-21,41.93541440424295,0,0.0,RSI_LT_26,SPY
2004-12-22,46.26870345487258,0,0.0,RSI_LT_26,SPY
2004-12-23,49.25923937461323,0,-0.0,RSI_LT_26,SPY
2004-12-27,84.17715712264538,0,0.0,RSI_LT_26,SPY
2004-12-28,88.6877781191636,0,0.0,RSI_LT_26,SPY
2004-12-29,82.9932114015238,0,-0.0,RSI_LT_26,SPY
2004-12-30,65.95729714520704,0,-0.0,RSI_LT_26,SPY
2004-12-31,53.16474644364395,0,-0.0,RSI_LT_26,SPY
2005-01-03,44.210699614916656,0,-0.0,RSI_LT_26,SPY
2005-01-04,6.642079925676711,1,-0.6900611648479549,RSI_LT_26,SPY
2005-01-05,0.0,1,0.5084301866450813,RSI_LT_26,SPY
2005-01-06,16.129019026348118,1,-0.14332532507421725,RSI_LT_26,SPY
2005-01-07,16.528896090930687,1,0.47281116772248666,RSI_LT_26,SPY
2005-01-10,32.044132524026296,0,-0.0,RSI_LT_26,SPY
2005-01-11,39.05718975655243,0,0.0,RSI_LT_26,SPY
2005-01-12,61.023603126257804,0,-0.0,RSI_LT_26,SPY
2005-01-13,32.87196044319252,0,0.0,RSI_LT_26,SPY
2005-01-14,47.00590937436469,0,0.0,RSI_LT_26,SPY
2005-01-18,55.860372375846175,0,-0.0,RSI_LT_26,SPY
2005-01-19,50.450461286791686,0,-0.0,RSI_LT_26,SPY
2005-01-20,38.78406239153696,0,-0.0,RSI_LT_26,SPY
2005-01-21,40.74885685141337,0,-0.0,RSI_LT_26,SPY
2005-01-24,29.638624209254914,0,0.0,RSI_LT_26,SPY
2005-01-25,10.153691579241425,1,0.2994576589155251,RSI_LT_26,SPY
2005-01-26,28.936201987539732,0,0.0,RSI_LT_26,SPY
2005-01-27,48.087433972175546,0,0.0,RSI_LT_26,SPY
2005-01-28,79.27953316058259,0,0.0,RSI_LT_26,SPY
2005-01-31,100.0,0,0.0,RSI_LT_26,SPY
2005-02-01,100.0,0,0.0,RSI_LT_26,SPY
2005-02-02,100.0,0,-0.0,RSI_LT_26,SPY
2005-02-03,85.58146797064627,0,0.0,RSI_LT_26,SPY
2005-02-04,90.93573904779751,0,-0.0,RSI_LT_26,SPY
2005-02-07,83.508720268769,0,0.0,RSI_LT_26,SPY
2005-02-08,79.01778263698012,0,-0.0,RSI_LT_26,SPY
2005-02-09,50.71943926823846,0,0.0,RSI_LT_26,SPY
2005-02-10,63.44821235958012,0,0.0,RSI_LT_26,SPY
2005-02-11,60.15023576517559,0,-0.0,RSI_LT_26,SPY
2005-02-14,61.77609020961717,0,0.0,RSI_LT_26,SPY
2005-02-15,65.86207077988362,0,0.0,RSI_LT_26,SPY
2005-02-16,95.67324092447979,0,-0.0,RSI_LT_26,SPY
2005-02-17,59.31573053916535,0,0.0,RSI_LT_26,SPY
2005-02-18,39.204542991525244,0,-0.0,RSI_LT_26,SPY
2005-02-22,19.942095839544166,1,0.716693494989018,RSI_LT_26,SPY
2005-02-23,28.238298444272715,0,0.0,RSI_LT_26,SPY
2005-02-24,39.387276752176135,0,0.0,RSI_LT_26,SPY
2005-02-25,62.55227253864177,0,-0.0,RSI_LT_26,SPY
2005-02-28,52.214000064751254,0,0.0,RSI_LT_26,SPY
2005-03-01,81.08744742404895,0,-0.0,RSI_LT_26,SPY
2005-03-02,74.99988910820821,0,0.0,RSI_LT_26,SPY
2005-03-03,68.14807698285094,0,0.0,RSI_LT_26,SPY
2005-03-04,71.52309013742926,0,0.0,RSI_LT_26,SPY
2005-03-07,97.36820971336408,0,-0.0,RSI_LT_26,SPY
2005-03-08,75.70081463127684,0,-0.0,RSI_LT_26,SPY
2005-03-09,47.09306967583968,0,0.0,RSI_LT_26,SPY
2005-03-10,50.27317848008121,0,-0.0,RSI_LT_26,SPY
2005-03-11,10.999834696031428,1,0.622975333335285,RSI_LT_26,SPY
2005-03-14,27.642224312784947,0,-0.0,RSI_LT_26,SPY
2005-03-15,24.11342017264454,1,-0.8490066990580414,RSI_LT_26,SPY
2005-03-16,26.221048936099265,0,0.0,RSI_LT_26,SPY
2005-03-17,25.647659688854546,1,-0.686997059845107,RSI_LT_26,SPY
2005-03-18,25.84854732522585,1,-0.37118477982786,RSI_LT_26,SPY
2005-03-21,6.818127632089443,1,-1.016085490047769,RSI_LT_26,SPY
2005-03-22,6.451566592218413,1,0.08554189291345438,RSI_LT_26,SPY
2005-03-23,12.14274620505121,1,0.11965759799010822,RSI_LT_26,SPY
2005-03-24,8.888819816103123,1,0.1451239284882,RSI_LT_26,SPY
2005-03-28,19.999851133432827,1,-0.6649039259482459,RSI_LT_26,SPY
2005-03-29,17.154704862718305,1,1.4159457162648215,RSI_LT_26,SPY
2005-03-30,72.53521883495772,0,-0.0,RSI_LT_26,SPY
2005-03-31,66.21620576689615,0,-0.0,RSI_LT_26,SPY
2005-04-01,54.32837384505718,0,0.0,RSI_LT_26,SPY
2005-04-04,54.733727142834574,0,0.0,RSI_LT_26,SPY
2005-04-05,76.26585029020639,0,0.0,RSI_LT_26,SPY
2005-04-06,60.93746274706149,0,0.0,RSI_LT_26,SPY
2005-04-07,77.35044407058179,0,-0.0,RSI_LT_26,SPY
2005-04-08,59.344271316685386,0,0.0,RSI_LT_26,SPY
2005-04-11,57.82312748636957,0,0.0,RSI_LT_26,SPY
2005-04-12,58.52836408916469,0,-0.0,RSI_LT_26,SPY
2005-04-13,33.66835037811623,0,-0.0,RSI_LT_26,SPY
2005-04-14,14.37366837949618,1,-1.399322073215692,RSI_LT_26,SPY
2005-04-15,13.333294580796846,1,0.30661276341878985,RSI_LT_26,SPY
2005-04-18,17.422868267502622,1,0.7947630236763148,RSI_LT_26,SPY
2005-04-19,21.686792869073756,1,-1.395026912108266,RSI_LT_26,SPY
2005-04-20,20.930253189262075,1,1.9420026583545136,RSI_LT_26,SPY
2005-04-21,51.79108658569636,0,-0.0,RSI_LT_26,SPY
2005-04-22,62.8622922995696,0,0.0,RSI_LT_26,SPY
2005-04-25,65.43001165636122,0,-0.0,RSI_LT_26,SPY
2005-04-26,48.29263088423931,0,0.0,RSI_LT_26,SPY
2005-04-27,68.53701011083234,0,-0.0,RSI_LT_26,SPY
2005-04-28,28.605233777687985,0,0.0,RSI_LT_26,SPY
2005-04-29,51.685390047819276,0,0.0,RSI_LT_26,SPY
2005-05-02,50.66921076163843,0,0.0,RSI_LT_26,SPY
2005-05-03,66.27904707324733,0,0.0,RSI_LT_26,SPY
2005-05-04,69.47363687031496,0,-0.0,RSI_LT_26,SPY
2005-05-05,98.80236922114025,0,-0.0,RSI_LT_26,SPY
2005-05-06,81.01838115825315,0,0.0,RSI_LT_26,SPY
2005-05-09,81.69630997064053,0,-0.0,RSI_LT_26,SPY
2005-05-10,50.0,0,0.0,RSI_LT_26,SPY
2005-05-11,45.666642083124586,0,-0.0,RSI_LT_26,SPY
2005-05-12,32.235300875852914,0,-0.0,RSI_LT_26,SPY
2005-05-13,33.33339521000323,0,0.0,RSI_LT_26,SPY
2005-05-16,38.5650577079994,0,0.0,RSI_LT_26,SPY
2005-05-17,62.1891066578859,0,0.0,RSI_LT_26,SPY
2005-05-18,66.88457830524251,0,0.0,RSI_LT_26,SPY
2005-05-19,93.94747356311224,0,-0.0,RSI_LT_26,SPY
2005-05-20,95.4545918169597,0,0.0,RSI_LT_26,SPY
2005-05-23,94.87956098704379,0,-0.0,RSI_LT_26,SPY
2005-05-24,84.04261651092197,0,-0.0,RSI_LT_26,SPY
2005-05-25,68.23548947361334,0,0.0,RSI_LT_26,SPY
2005-05-26,70.65235869984367,0,0.0,RSI_LT_26,SPY
2005-05-27,80.21403246798285,0,-0.0,RSI_LT_26,SPY
2005-05-31,42.42431248338285,0,0.0,RSI_LT_26,SPY
2005-06-01,68.38244781411109,0,0.0,RSI_LT_26,SPY
2005-06-02,73.35644157688682,0,-0.0,RSI_LT_26,SPY
2005-06-03,51.74822936257052,0,-0.0,RSI_LT_26,SPY
2005-06-06,46.209398213562714,0,0.0,RSI_LT_26,SPY
2005-06-07,65.55012046433525,0,-0.0,RSI_LT_26,SPY
2005-06-08,27.131805869341505,0,0.0,RSI_LT_26,SPY
2005-06-09,41.24998807900283,0,-0.0,RSI_LT_26,SPY
2005-06-10,51.96832891788467,0,0.0,RSI_LT_26,SPY
2005-06-13,67.5324868343481,0,0.0,RSI_LT_26,SPY
2005-06-14,71.09832197746466,0,0.0,RSI_LT_26,SPY
2005-06-15,83.90772846456727,0,0.0,RSI_LT_26,SPY
2005-06-16,81.0807885023816,0,-0.0,RSI_LT_26,SPY
2005-06-17,96.77413400602966,0,0.0,RSI_LT_26,SPY
2005-06-20,95.55546136565931,0,0.0,RSI_LT_26,SPY
2005-06-21,94.20278637770897,0,0.0,RSI_LT_26,SPY
2005-06-22,92.85704554433863,0,-0.0,RSI_LT_26,SPY
2005-06-23,10.714244008392328,1,-0.7341875929725017,RSI_LT_26,SPY
2005-06-24,7.4999795640883775,1,0.14287961350558653,RSI_LT_26,SPY
2005-06-27,11.603999583376734,1,0.8392782099820639,RSI_LT_26,SPY
2005-06-28,32.9015272652524,0,-0.0,RSI_LT_26,SPY
2005-06-29,28.676466463340518,0,-0.0,RSI_LT_26,SPY
2005-06-30,38.74170428737081,0,0.0,RSI_LT_26,SPY
2005-07-01,61.0440942614035,0,0.0,RSI_LT_26,SPY
2005-07-05,70.4267810455996,0,-0.0,RSI_LT_26,SPY
2005-07-06,39.817636227871226,0,0.0,RSI_LT_26,SPY
2005-07-07,51.744121573967696,0,0.0,RSI_LT_26,SPY
2005-07-08,75.72121821229584,0,0.0,RSI_LT_26,SPY
2005-07-11,77.20098923960816,0,0.0,RSI_LT_26,SPY
2005-07-12,73.35102121337783,0,0.0,RSI_LT_26,SPY
2005-07-13,100.0,0,0.0,RSI_LT_26,SPY
2005-07-14,100.0,0,-0.0,RSI_LT_26,SPY
2005-07-15,95.78271999852929,0,-0.0,RSI_LT_26,SPY
2005-07-18,63.39850703846096,0,0.0,RSI_LT_26,SPY
2005-07-19,70.21256736575548,0,0.0,RSI_LT_26,SPY
2005-07-20,73.70883106184071,0,-0.0,RSI_LT_26,SPY
2005-07-21,45.99152722426459,0,0.0,RSI_LT_26,SPY
2005-07-22,61.21801220212987,0,-0.0,RSI_LT_26,SPY
2005-07-25,64.09401042000025,0,0.0,RSI_LT_26,SPY
2005-07-26,56.504061258478394,0,0.0,RSI_LT_26,SPY
2005-07-27,57.02808783922493,0,0.0,RSI_LT_26,SPY
2005-07-28,86.2745450030368,0,-0.0,RSI_LT_26,SPY
2005-07-29,53.90619412059224,0,-0.0,RSI_LT_26,SPY
2005-08-01,60.0,0,0.0,RSI_LT_26,SPY
2005-08-02,68.16614660056283,0,0.0,RSI_LT_26,SPY
2005-08-03,66.7870294627192,0,-0.0,RSI_LT_26,SPY
2005-08-04,35.785968538293716,0,-0.0,RSI_LT_26,SPY
2005-08-05,35.666656494140625,0,-0.0,RSI_LT_26,SPY
2005-08-08,34.07643002580387,0,0.0,RSI_LT_26,SPY
2005-08-09,34.07643002580387,0,-0.0,RSI_LT_26,SPY
2005-08-10,25.783941559270133,1,0.39730629732801503,RSI_LT_26,SPY
2005-08-11,52.11861804098548,0,-0.0,RSI_LT_26,SPY
2005-08-12,53.94739043578066,0,0.0,RSI_LT_26,SPY
2005-08-15,70.81849084471861,0,-0.0,RSI_LT_26,SPY
2005-08-16,33.967388487493395,0,-0.0,RSI_LT_26,SPY
2005-08-17,34.43521538823687,0,-0.0,RSI_LT_26,SPY
2005-08-18,24.127040256541292,1,0.2291503181130805,RSI_LT_26,SPY
2005-08-19,38.95137186323086,0,0.0,RSI_LT_26,SPY
2005-08-22,14.659652402465383,1,-0.18780383329881634,RSI_LT_26,SPY
2005-08-23,52.8300800368515,0,-0.0,RSI_LT_26,SPY
2005-08-24,17.391304347826093,1,0.3631818460338554,RSI_LT_26,SPY
2005-08-25,35.29391965173943,0,-0.0,RSI_LT_26,SPY
2005-08-26,16.988290743059125,1,0.7701227962273904,RSI_LT_26,SPY
2005-08-29,38.920437304387775,0,-0.0,RSI_LT_26,SPY
2005-08-30,34.86005928819225,0,0.0,RSI_LT_26,SPY
2005-08-31,66.36160640242466,0,-0.0,RSI_LT_26,SPY
2005-09-01,61.19405817702867,0,-0.0,RSI_LT_26,SPY
2005-09-02,72.14065814084609,0,0.0,RSI_LT_26,SPY
2005-09-06,75.70323048945154,0,0.0,RSI_LT_26,SPY
2005-09-07,91.0918330658669,0,-0.0,RSI_LT_26,SPY
2005-09-08,69.49135556618779,0,0.0,RSI_LT_26,SPY
2005-09-09,81.30555065042086,0,-0.0,RSI_LT_26,SPY
2005-09-12,80.58817985575996,0,-0.0,RSI_LT_26,SPY
2005-09-13,49.24824753622523,0,-0.0,RSI_LT_26,SPY
2005-09-14,37.93096190829472,0,-0.0,RSI_LT_26,SPY
2005-09-15,43.137272501518396,0,0.0,RSI_LT_26,SPY
2005-09-16,19.444409123083645,1,-0.3319867709387636,RSI_LT_26,SPY
2005-09-19,17.857073347320565,1,-0.8449047989878555,RSI_LT_26,SPY
2005-09-20,15.151465109519904,1,-0.9340429013877216,RSI_LT_26,SPY
2005-09-21,11.666645473850181,1,0.3556303554359985,RSI_LT_26,SPY
2005-09-22,23.14522391337323,1,0.08241808680886642,RSI_LT_26,SPY
2005-09-23,16.987166947063656,1,0.11528276254439973,RSI_LT_26,SPY
2005-09-26,23.508783201357772,1,-0.024674106633559845,RSI_LT_26,SPY
2005-09-27,36.41301643640223,0,0.0,RSI_LT_26,SPY
2005-09-28,96.34157688085003,0,0.0,RSI_LT_26,SPY
2005-09-29,97.82618310482087,0,0.0,RSI_LT_26,SPY
2005-09-30,98.19284030168353,0,-0.0,RSI_LT_26,SPY
2005-10-03,76.02033468145316,0,-0.0,RSI_LT_26,SPY
2005-10-04,45.015074403938705,0,-0.0,RSI_LT_26,SPY
2005-10-05,28.661106899166043,0,-0.0,RSI_LT_26,SPY
2005-10-06,9.004671646863997,1,0.3439628125891714,RSI_LT_26,SPY
2005-10-07,9.647127672751623,1,-0.8444127841121807,RSI_LT_26,SPY
2005-10-10,8.506287118055994,1,-0.1433374124219844,RSI_LT_26,SPY
2005-10-11,11.357416240640276,1,-0.7852742571808791,RSI_LT_26,SPY
2005-10-12,13.898407657313996,1,-0.05957420836103511,RSI_LT_26,SPY
2005-10-13,15.83023297601899,1,1.0559464025777343,RSI_LT_26,SPY
2005-10-14,36.25726689064082,0,0.0,RSI_LT_26,SPY
2005-10-17,58.94741068918901,0,-0.0,RSI_LT_26,SPY
2005-10-18,42.31737502786554,0,0.0,RSI_LT_26,SPY
2005-10-19,72.79998779296875,0,-0.0,RSI_LT_26,SPY
2005-10-20,51.70453006078589,0,0.0,RSI_LT_26,SPY
2005-10-21,45.68689511779854,0,0.0,RSI_LT_26,SPY
2005-10-24,55.55554447437472,0,-0.0,RSI_LT_26,SPY
2005-10-25,64.39395428142069,0,-0.0,RSI_LT_26,SPY
2005-10-26,45.89182156076991,0,-0.0,RSI_LT_26,SPY
2005-10-27,55.18072466352544,0,0.0,RSI_LT_26,SPY
2005-10-28,65.49168482007249,0,0.0,RSI_LT_26,SPY
2005-10-31,52.18506678172868,0,0.0,RSI_LT_26,SPY
2005-11-01,59.60095053453298,0,0.0,RSI_LT_26,SPY
2005-11-02,74.18693545260709,0,0.0,RSI_LT_26,SPY
2005-11-03,100.0,0,-0.0,RSI_LT_26,SPY
2005-11-04,93.91647665628136,0,0.0,RSI_LT_26,SPY
2005-11-07,93.38858868704956,0,0.0,RSI_LT_26,SPY
2005-11-08,92.2331930905751,0,0.0,RSI_LT_26,SPY
2005-11-09,83.33359824522364,0,0.0,RSI_LT_26,SPY
2005-11-10,88.48942581604817,0,0.0,RSI_LT_26,SPY
2005-11-11,100.0,0,-0.0,RSI_LT_26,SPY
2005-11-14,95.6250149011754,0,-0.0,RSI_LT_26,SPY
2005-11-15,74.63397569018005,0,0.0,RSI_LT_26,SPY
2005-11-16,75.70081463127684,0,0.0,RSI_LT_26,SPY
2005-11-17,77.77770532424766,0,0.0,RSI_LT_26,SPY
2005-11-18,78.42309202112168,0,0.0,RSI_LT_26,SPY
2005-11-21,84.84837586857958,0,0.0,RSI_LT_26,SPY
2005-11-22,100.0,0,0.0,RSI_LT_26,SPY
2005-11-23,100.0,0,0.0,RSI_LT_26,SPY
2005-11-25,100.0,0,-0.0,RSI_LT_26,SPY
2005-11-28,68.96566239068896,0,-0.0,RSI_LT_26,SPY
2005-11-29,56.846364001861446,0,-0.0,RSI_LT_26,SPY
2005-11-30,32.548948036094686,0,0.0,RSI_LT_26,SPY
2005-12-01,44.51617190307195,0,0.0,RSI_LT_26,SPY
2005-12-02,45.56962330933445,0,-0.0,RSI_LT_26,SPY
2005-12-05,56.91699008778358,0,0.0,RSI_LT_26,SPY
2005-12-06,63.87848583040581,0,-0.0,RSI_LT_26,SPY
2005-12-07,62.45355690307503,0,-0.0,RSI_LT_26,SPY
2005-12-08,26.845403899721447,0,0.0,RSI_LT_26,SPY
2005-12-09,34.33741307754886,0,0.0,RSI_LT_26,SPY
2005-12-12,45.69518689558302,0,0.0,RSI_LT_26,SPY
2005-12-13,61.502312103530656,0,0.0,RSI_LT_26,SPY
2005-12-14,95.76709751903313,0,-0.0,RSI_LT_26,SPY
2005-12-15,83.02768989556793,0,-0.0,RSI_LT_26,SPY
2005-12-16,50.511925841058215,0,-0.0,RSI_LT_26,SPY
2005-12-19,39.30638642232017,0,0.0,RSI_LT_26,SPY
2005-12-20,22.794208394574156,1,0.15894218018903672,RSI_LT_26,SPY
2005-12-21,13.223137890376236,1,0.5236877477601043,RSI_LT_26,SPY
2005-12-22,36.16239590547457,0,0.0,RSI_LT_26,SPY
2005-12-23,61.76471908196192,0,-0.0,RSI_LT_26,SPY
2005-12-27,44.871849212119635,0,0.0,RSI_LT_26,SPY
2005-12-28,48.39996337890625,0,-0.0,RSI_LT_26,SPY
2005-12-29,35.31475247154984,0,-0.0,RSI_LT_26,SPY
2005-12-30,12.152736385623882,1,1.7588906709804508,RSI_LT_26,SPY
2006-01-03,49.39994720450929,0,0.0,RSI_LT_26,SPY
2006-01-04,71.22973164341853,0,0.0,RSI_LT_26,SPY
2006-01-05,69.8296841499522,0,0.0,RSI_LT_26,SPY
2006-01-06,85.24945303371828,0,0.0,RSI_LT_26,SPY
2006-01-09,100.0,0,0.0,RSI_LT_26,SPY
2006-01-10,100.0,0,0.0,RSI_LT_26,SPY
2006-01-11,100.0,0,-0.0,RSI_LT_26,SPY
2006-01-12,79.09854134421462,0,-0.0,RSI_LT_26,SPY
2006-01-13,57.99967447916667,0,-0.0,RSI_LT_26,SPY
2006-01-17,35.52613086513945,0,-0.0,RSI_LT_26,SPY
2006-01-18,21.57912278095222,1,0.38334991780584193,RSI_LT_26,SPY
2006-01-19,24.74742025724217,1,-1.823705387276664,RSI_LT_26,SPY
2006-01-20,12.860844560498535,1,0.35722548533898557,RSI_LT_26,SPY
2006-01-23,22.705275728112397,1,0.10283569426947636,RSI_LT_26,SPY
2006-01-24,27.295923332334254,0,0.0,RSI_LT_26,SPY
2006-01-25,33.52276791229656,0,0.0,RSI_LT_26,SPY
2006-01-26,37.26544187131058,0,0.0,RSI_LT_26,SPY
2006-01-27,100.0,0,-0.0,RSI_LT_26,SPY
2006-01-30,95.49587941356391,0,-0.0,RSI_LT_26,SPY
2006-01-31,65.67660255926032,0,0.0,RSI_LT_26,SPY
2006-02-01,72.70346147838728,0,-0.0,RSI_LT_26,SPY
2006-02-02,44.9999917071496,0,-0.0,RSI_LT_26,SPY
2006-02-03,21.975318409844007,1,0.26134619452593544,RSI_LT_26,SPY
2006-02-06,28.504658736624066,0,-0.0,RSI_LT_26,SPY
2006-02-07,27.354293074869005,0,0.0,RSI_LT_26,SPY
2006-02-08,31.21022306669323,0,-0.0,RSI_LT_26,SPY
2006-02-09,42.857174633043954,0,0.0,RSI_LT_26,SPY
2006-02-10,56.10567371779215,0,-0.0,RSI_LT_26,SPY
2006-02-13,46.75775116589721,0,0.0,RSI_LT_26,SPY
2006-02-14,86.03184983348471,0,0.0,RSI_LT_26,SPY
2006-02-15,82.11391443236622,0,0.0,RSI_LT_26,SPY
2006-02-16,92.83500499120598,0,-0.0,RSI_LT_26,SPY
2006-02-17,82.58253717323069,0,-0.0,RSI_LT_26,SPY
2006-02-21,80.40939977602585,0,0.0,RSI_LT_26,SPY
2006-02-22,76.57349559575955,0,-0.0,RSI_LT_26,SPY
2006-02-23,66.92313109616535,0,0.0,RSI_LT_26,SPY
2006-02-24,56.34517373321147,0,0.0,RSI_LT_26,SPY
2006-02-27,69.46137329252136,0,-0.0,RSI_LT_26,SPY
2006-02-28,44.96108443140687,0,0.0,RSI_LT_26,SPY
2006-03-01,51.70051433227629,0,-0.0,RSI_LT_26,SPY
2006-03-02,55.07242370632463,0,-0.0,RSI_LT_26,SPY
2006-03-03,39.27382601032355,0,-0.0,RSI_LT_26,SPY
2006-03-06,31.93269049939306,0,-0.0,RSI_LT_26,SPY
2006-03-07,44.88198436871099,0,0.0,RSI_LT_26,SPY
2006-03-08,16.16793823381606,1,-0.670623988543062,RSI_LT_26,SPY
2006-03-09,10.71440465269768,1,0.9499129459591638,RSI_LT_26,SPY
2006-03-10,47.28437853437854,0,0.0,RSI_LT_26,SPY
2006-03-13,61.870509520228765,0,0.0,RSI_LT_26,SPY
2006-03-14,78.11688286476391,0,0.0,RSI_LT_26,SPY
2006-03-15,79.71681307647738,0,0.0,RSI_LT_26,SPY
2006-03-16,100.0,0,-0.0,RSI_LT_26,SPY
2006-03-17,85.61393740162117,0,-0.0,RSI_LT_26,SPY
2006-03-20,78.01429568586285,0,-0.0,RSI_LT_26,SPY
2006-03-21,37.118031956715846,0,0.0,RSI_LT_26,SPY
2006-03-22,42.40025390470028,0,-0.0,RSI_LT_26,SPY
2006-03-23,31.600148924872286,0,0.0,RSI_LT_26,SPY
2006-03-24,40.63960982407246,0,-0.0,RSI_LT_26,SPY
2006-03-27,41.013957740041484,0,-0.0,RSI_LT_26,SPY
2006-03-28,41.39556009765514,0,0.0,RSI_LT_26,SPY
2006-03-29,41.935393139915895,0,-0.0,RSI_LT_26,SPY
2006-03-30,42.723078686457676,0,0.0,RSI_LT_26,SPY
2006-03-31,40.77656958312347,0,-0.0,RSI_LT_26,SPY
2006-04-03,42.63938159341936,0,0.0,RSI_LT_26,SPY
2006-04-04,83.49990844726562,0,0.0,RSI_LT_26,SPY
2006-04-05,79.87792964206962,0,-0.0,RSI_LT_26,SPY
2006-04-06,84.51580512103641,0,-0.0,RSI_LT_26,SPY
2006-04-07,44.912141686922446,0,0.0,RSI_LT_26,SPY
2006-04-10,50.16965634245754,0,-0.0,RSI_LT_26,SPY
2006-04-11,20.18651641733048,1,0.1865714352478287,RSI_LT_26,SPY
2006-04-12,14.61840671178365,1,-0.13190422292417292,RSI_LT_26,SPY
2006-04-13,14.474153118741555,1,-0.03884938944100913,RSI_LT_26,SPY
2006-04-17,25.000650223243326,1,1.5855691186596799,RSI_LT_26,SPY
2006-04-18,63.33319204848896,0,0.0,RSI_LT_26,SPY
2006-04-19,91.99995561079545,0,0.0,RSI_LT_26,SPY
2006-04-20,91.82152338166225,0,0.0,RSI_LT_26,SPY
2006-04-21,98.03137071145794,0,-0.0,RSI_LT_26,SPY
2006-04-24,91.20908603112144,0,-0.0,RSI_LT_26,SPY
2006-04-25,36.585244823778986,0,0.0,RSI_LT_26,SPY
2006-04-26,22.771978063482948,1,0.48313260145749215,RSI_LT_26,SPY
2006-04-27,46.57511339645911,0,0.0,RSI_LT_26,SPY
2006-04-28,58.51081098629959,0,-0.0,RSI_LT_26,SPY
2006-05-01,40.59030202022477,0,0.0,RSI_LT_26,SPY
2006-05-02,66.0317767874443,0,-0.0,RSI_LT_26,SPY
2006-05-03,56.78672116388474,0,0.0,RSI_LT_26,SPY
2006-05-04,54.782597157907304,0,0.0,RSI_LT_26,SPY
2006-05-05,62.589878040301954,0,-0.0,RSI_LT_26,SPY
2006-05-08,80.061221910704,0,0.0,RSI_LT_26,SPY
2006-05-09,74.40917446624455,0,-0.0,RSI_LT_26,SPY
2006-05-10,89.15111994011632,0,-0.0,RSI_LT_26,SPY
2006-05-11,43.69225135216346,0,-0.0,RSI_LT_26,SPY
2006-05-12,6.841982685234257,1,0.20117184755898965,RSI_LT_26,SPY
2006-05-15,13.333124664989498,1,-0.1467200319739348,RSI_LT_26,SPY
2006-05-16,6.788392124365544,1,-1.9024044009883778,RSI_LT_26,SPY
2006-05-17,4.179980300932087,1,-0.5045324377981775,RSI_LT_26,SPY
2006-05-18,4.942873678088063,1,0.7051734380037145,RSI_LT_26,SPY
2006-05-19,25.90079369852515,1,-0.7631795691174781,RSI_LT_26,SPY
2006-05-22,17.281536426274144,1,-0.7611187706155653,RSI_LT_26,SPY
2006-05-23,15.033778123735402,1,0.7989134893573002,RSI_LT_26,SPY
2006-05-24,42.376676628217474,0,0.0,RSI_LT_26,SPY
2006-05-25,64.12642093798925,0,0.0,RSI_LT_26,SPY
2006-05-26,62.451407205760326,0,-0.0,RSI_LT_26,SPY
2006-05-30,49.76745176339222,0,0.0,RSI_LT_26,SPY
2006-05-31,66.95650923983771,0,0.0,RSI_LT_26,SPY
2006-06-01,67.97748474659089,0,0.0,RSI_LT_26,SPY
2006-06-02,60.891891785785795,0,-0.0,RSI_LT_26,SPY
2006-06-05,41.07647868039669,0,-0.0,RSI_LT_26,SPY
2006-06-06,56.97444529548517,0,-0.0,RSI_LT_26,SPY
2006-06-07,32.18139843753862,0,-0.0,RSI_LT_26,SPY
2006-06-08,7.670566611902714,1,-0.3180926647148308,RSI_LT_26,SPY
2006-06-09,0.0,1,-1.0849626062279794,RSI_LT_26,SPY
2006-06-12,0.0,1,-1.1613798183897628,RSI_LT_26,SPY
2006-06-13,0.0,1,0.7751912889312429,RSI_LT_26,SPY
2006-06-14,22.300426601906267,1,2.121459713831597,RSI_LT_26,SPY
2006-06-15,52.73266565767779,0,-0.0,RSI_LT_26,SPY
2006-06-16,45.535731663169855,0,-0.0,RSI_LT_26,SPY
2006-06-19,47.855229664235004,0,0.0,RSI_LT_26,SPY
2006-06-20,61.956465080132304,0,0.0,RSI_LT_26,SPY
2006-06-21,61.77846705380916,0,-0.0,RSI_LT_26,SPY
2006-06-22,30.875584947983143,0,-0.0,RSI_LT_26,SPY
2006-06-23,46.36680667055615,0,0.0,RSI_LT_26,SPY
2006-06-26,76.82927207485493,0,-0.0,RSI_LT_26,SPY
2006-06-27,47.115497476427095,0,0.0,RSI_LT_26,SPY
2006-06-28,45.72362889847588,0,0.0,RSI_LT_26,SPY
2006-06-29,78.04400397156554,0,0.0,RSI_LT_26,SPY
2006-06-30,78.40005004898086,0,0.0,RSI_LT_26,SPY
2006-07-03,78.26970635236182,0,-0.0,RSI_LT_26,SPY
2006-07-05,84.19907093185898,0,0.0,RSI_LT_26,SPY
2006-07-06,82.4095964702638,0,-0.0,RSI_LT_26,SPY
2006-07-07,36.58552470389749,0,0.0,RSI_LT_26,SPY
2006-07-10,42.007459194236844,0,0.0,RSI_LT_26,SPY
2006-07-11,42.857182780553785,0,-0.0,RSI_LT_26,SPY
2006-07-12,34.821515748076195,0,-0.0,RSI_LT_26,SPY
2006-07-13,15.87304951226453,1,-0.3870994813980566,RSI_LT_26,SPY
2006-07-14,17.057597738190324,1,-0.14572563962734764,RSI_LT_26,SPY
2006-07-17,12.095111762912666,1,0.5107871748970982,RSI_LT_26,SPY
2006-07-18,13.404324394519833,1,1.387433414347572,RSI_LT_26,SPY
2006-07-19,46.44269072684123,0,-0.0,RSI_LT_26,SPY
2006-07-20,60.72350911779201,0,-0.0,RSI_LT_26,SPY
2006-07-21,55.03511834462254,0,0.0,RSI_LT_26,SPY
2006-07-24,72.59839795076108,0,0.0,RSI_LT_26,SPY
2006-07-25,71.79899989613165,0,0.0,RSI_LT_26,SPY
2006-07-26,62.33762802326465,0,-0.0,RSI_LT_26,SPY
2006-07-27,74.2266906034871,0,0.0,RSI_LT_26,SPY
2006-07-28,97.18963906096172,0,-0.0,RSI_LT_26,SPY
2006-07-31,88.3174804631795,0,-0.0,RSI_LT_26,SPY
2006-08-01,62.068874799400184,0,0.0,RSI_LT_26,SPY
2006-08-02,70.76405223456891,0,0.0,RSI_LT_26,SPY
2006-08-03,76.47054655224949,0,-0.0,RSI_LT_26,SPY
2006-08-04,55.045723864952734,0,-0.0,RSI_LT_26,SPY
2006-08-07,51.06389886305345,0,-0.0,RSI_LT_26,SPY
2006-08-08,54.29871439026748,0,-0.0,RSI_LT_26,SPY
2006-08-09,19.101012828590655,1,0.30713449309980323,RSI_LT_26,SPY
2006-08-10,21.311509582633278,1,-0.2826415973844587,RSI_LT_26,SPY
2006-08-11,19.796987734837018,1,0.07873275524696854,RSI_LT_26,SPY
2006-08-14,27.683547632081456,0,0.0,RSI_LT_26,SPY
2006-08-15,71.78571233944228,0,0.0,RSI_LT_26,SPY
2006-08-16,89.53485019528175,0,0.0,RSI_LT_26,SPY
2006-08-17,89.34908571338282,0,0.0,RSI_LT_26,SPY
2006-08-18,100.0,0,-0.0,RSI_LT_26,SPY
2006-08-21,86.47348692867068,0,-0.0,RSI_LT_26,SPY
2006-08-22,78.32675794847992,0,-0.0,RSI_LT_26,SPY
2006-08-23,51.56242549471509,0,-0.0,RSI_LT_26,SPY
2006-08-24,38.82346605392596,0,0.0,RSI_LT_26,SPY
2006-08-25,13.333502873709364,1,0.4776173860627786,RSI_LT_26,SPY
2006-08-28,61.90418523541949,0,0.0,RSI_LT_26,SPY
2006-08-29,66.42870377434579,0,0.0,RSI_LT_26,SPY
2006-08-30,90.17860792087302,0,-0.0,RSI_LT_26,SPY
2006-08-31,98.05786409492912,0,0.0,RSI_LT_26,SPY
2006-09-01,98.78762657788874,0,0.0,RSI_LT_26,SPY
2006-09-05,98.43718335379737,0,-0.0,RSI_LT_26,SPY
2006-09-06,48.47146150668319,0,-0.0,RSI_LT_26,SPY
2006-09-07,36.654792675774885,0,0.0,RSI_LT_26,SPY
2006-09-08,44.30376690665546,0,0.0,RSI_LT_26,SPY
2006-09-11,29.8805434815648,0,0.0,RSI_LT_26,SPY
2006-09-12,50.282546757070136,0,0.0,RSI_LT_26,SPY
2006-09-13,79.38167574681844,0,0.0,RSI_LT_26,SPY
2006-09-14,100.0,0,-0.0,RSI_LT_26,SPY
2006-09-15,87.83825581315426,0,0.0,RSI_LT_26,SPY
2006-09-18,88.10607333714248,0,-0.0,RSI_LT_26,SPY
2006-09-19,54.5453494555291,0,0.0,RSI_LT_26,SPY
2006-09-20,59.73148176595287,0,-0.0,RSI_LT_26,SPY
2006-09-21,41.50933889948538,0,-0.0,RSI_LT_26,SPY
2006-09-22,39.11091519446611,0,0.0,RSI_LT_26,SPY
2006-09-25,55.519445132524154,0,0.0,RSI_LT_26,SPY
2006-09-26,72.98712313673889,0,0.0,RSI_LT_26,SPY
2006-09-27,68.58024008408475,0,-0.0,RSI_LT_26,SPY
2006-09-28,83.45600197466594,0,-0.0,RSI_LT_26,SPY
2006-09-29,93.41550865603787,0,-0.0,RSI_LT_26,SPY
2006-10-02,65.62504967018995,0,0.0,RSI_LT_26,SPY
2006-10-03,40.0,0,0.0,RSI_LT_26,SPY
2006-10-04,73.599853515625,0,0.0,RSI_LT_26,SPY
2006-10-05,77.49068141124536,0,-0.0,RSI_LT_26,SPY
2006-10-06,75.81224453821324,0,0.0,RSI_LT_26,SPY
2006-10-09,92.76600718139849,0,0.0,RSI_LT_26,SPY
2006-10-10,92.44452582465277,0,-0.0,RSI_LT_26,SPY
2006-10-11,61.17653394607403,0,0.0,RSI_LT_26,SPY
2006-10-12,81.25,0,0.0,RSI_LT_26,SPY
2006-10-13,91.75246380003304,0,0.0,RSI_LT_26,SPY
2006-10-16,92.2703818369453,0,-0.0,RSI_LT_26,SPY
2006-10-17,74.56903639102097,0,0.0,RSI_LT_26,SPY
2006-10-18,81.62409603985576,0,0.0,RSI_LT_26,SPY
2006-10-19,69.06492194875622,0,0.0,RSI_LT_26,SPY
2006-10-20,59.812897521462595,0,0.0,RSI_LT_26,SPY
2006-10-23,71.14124201212519,0,0.0,RSI_LT_26,SPY
2006-10-24,100.0,0,0.0,RSI_LT_26,SPY
2006-10-25,100.0,0,0.0,RSI_LT_26,SPY
2006-10-26,100.0,0,-0.0,RSI_LT_26,SPY
2006-10-27,69.0392927735181,0,-0.0,RSI_LT_26,SPY
2006-10-30,57.45606403340874,0,-0.0,RSI_LT_26,SPY
2006-10-31,47.61874005958195,0,-0.0,RSI_LT_26,SPY
2006-11-01,18.297631956573966,1,-0.05845523213350301,RSI_LT_26,SPY
2006-11-02,0.0,1,-0.17546826678316307,RSI_LT_26,SPY
2006-11-03,0.0,1,1.1278809291389358,RSI_LT_26,SPY
2006-11-06,54.80432457088245,0,0.0,RSI_LT_26,SPY
2006-11-07,62.34948065079511,0,0.0,RSI_LT_26,SPY
2006-11-08,88.10389521988962,0,-0.0,RSI_LT_26,SPY
2006-11-09,70.95782394971036,0,0.0,RSI_LT_26,SPY
2006-11-10,76.89863638119519,0,0.0,RSI_LT_26,SPY
2006-11-13,62.75495905085168,0,0.0,RSI_LT_26,SPY
2006-11-14,70.44509652509652,0,0.0,RSI_LT_26,SPY
2006-11-15,71.59515285372471,0,0.0,RSI_LT_26,SPY
2006-11-16,100.0,0,0.0,RSI_LT_26,SPY
2006-11-17,100.0,0,0.0,RSI_LT_26,SPY
2006-11-20,100.0,0,0.0,RSI_LT_26,SPY
2006-11-21,100.0,0,0.0,RSI_LT_26,SPY
2006-11-22,100.0,0,-0.0,RSI_LT_26,SPY
2006-11-24,48.64868580226548,0,-0.0,RSI_LT_26,SPY
2006-11-27,16.666666666666657,1,0.43346778749651094,RSI_LT_26,SPY
2006-11-28,28.97735893223286,0,0.0,RSI_LT_26,SPY
2006-11-29,48.24018525363383,0,0.0,RSI_LT_26,SPY
2006-11-30,45.77007225581803,0,-0.0,RSI_LT_26,SPY
2006-12-01,48.505693098827706,0,0.0,RSI_LT_26,SPY
2006-12-04,91.11752360965373,0,0.0,RSI_LT_26,SPY
2006-12-05,91.14288828337875,0,-0.0,RSI_LT_26,SPY
2006-12-06,80.1845132618907,0,-0.0,RSI_LT_26,SPY
2006-12-07,61.53863351815418,0,0.0,RSI_LT_26,SPY
2006-12-08,72.38819141970563,0,0.0,RSI_LT_26,SPY
2006-12-11,63.3666208396912,0,-0.0,RSI_LT_26,SPY
2006-12-12,44.07914550163631,0,0.0,RSI_LT_26,SPY
2006-12-13,52.90313053750738,0,0.0,RSI_LT_26,SPY
2006-12-14,94.95408348965479,0,-0.0,RSI_LT_26,SPY
2006-12-15,67.037022385234,0,-0.0,RSI_LT_26,SPY
2006-12-18,52.23872099114077,0,0.0,RSI_LT_26,SPY
2006-12-19,58.802828252436576,0,-0.0,RSI_LT_26,SPY
2006-12-20,54.87371581237778,0,-0.0,RSI_LT_26,SPY
2006-12-21,13.235448112854726,1,-0.6143165846514753,RSI_LT_26,SPY
2006-12-22,12.67622786406099,1,0.5896993471081302,RSI_LT_26,SPY
2006-12-26,42.80167193103284,0,0.0,RSI_LT_26,SPY
2006-12-27,54.48906609473689,0,-0.0,RSI_LT_26,SPY
2006-12-28,51.01460428663676,0,-0.0,RSI_LT_26,SPY
2006-12-29,50.0,0,-0.0,RSI_LT_26,SPY
2007-01-03,60.689593483957196,0,0.0,RSI_LT_26,SPY
2007-01-04,51.89866082925573,0,-0.0,RSI_LT_26,SPY
2007-01-05,11.673237228964311,1,0.46250831530214587,RSI_LT_26,SPY
2007-01-08,32.53434500201185,0,-0.0,RSI_LT_26,SPY
2007-01-09,38.775815251239386,0,0.0,RSI_LT_26,SPY
2007-01-10,53.183488493036386,0,0.0,RSI_LT_26,SPY
2007-01-11,58.194056738095355,0,0.0,RSI_LT_26,SPY
2007-01-12,95.91853681828562,0,-0.0,RSI_LT_26,SPY
2007-01-16,84.43598710420538,0,0.0,RSI_LT_26,SPY
2007-01-17,88.84464573391288,0,-0.0,RSI_LT_26,SPY
2007-01-18,69.84111606277853,0,0.0,RSI_LT_26,SPY
2007-01-19,65.13753762161406,0,-0.0,RSI_LT_26,SPY
2007-01-22,22.07833384525449,1,0.29498395458757987,RSI_LT_26,SPY
2007-01-23,45.238051988156435,0,0.0,RSI_LT_26,SPY
2007-01-24,66.78675304071919,0,-0.0,RSI_LT_26,SPY
2007-01-25,46.48243710559206,0,-0.0,RSI_LT_26,SPY
2007-01-26,40.9921036485765,0,-0.0,RSI_LT_26,SPY
2007-01-29,45.2449111512737,0,0.0,RSI_LT_26,SPY
2007-01-30,49.86794427892745,0,0.0,RSI_LT_26,SPY
2007-01-31,47.22225754358303,0,0.0,RSI_LT_26,SPY
2007-02-01,92.41905097667654,0,0.0,RSI_LT_26,SPY
2007-02-02,97.18303048538056,0,0.0,RSI_LT_26,SPY
2007-02-05,100.0,0,0.0,RSI_LT_26,SPY
2007-02-06,100.0,0,0.0,RSI_LT_26,SPY
2007-02-07,100.0,0,-0.0,RSI_LT_26,SPY
2007-02-08,75.9493181905976,0,-0.0,RSI_LT_26,SPY
2007-02-09,23.95245143723845,1,-0.34042342979918594,RSI_LT_26,SPY
2007-02-12,16.981077754665776,1,0.843504175398313,RSI_LT_26,SPY
2007-02-13,46.50464949099089,0,0.0,RSI_LT_26,SPY
2007-02-14,55.101945488941304,0,0.0,RSI_LT_26,SPY
2007-02-15,59.94892994215693,0,-0.0,RSI_LT_26,SPY
2007-02-16,80.75569841278164,0,0.0,RSI_LT_26,SPY
2007-02-20,97.4356394692422,0,-0.0,RSI_LT_26,SPY
2007-02-21,91.77185239553053,0,-0.0,RSI_LT_26,SPY
2007-02-22,67.56706600408273,0,-0.0,RSI_LT_26,SPY
2007-02-23,27.67847411444143,0,-0.0,RSI_LT_26,SPY
2007-02-26,26.271142605906988,0,-0.0,RSI_LT_26,SPY
2007-02-27,0.0,1,1.025084355398742,RSI_LT_26,SPY
2007-02-28,18.078315705001458,1,-0.2980190099857172,RSI_LT_26,SPY
2007-03-01,17.396534281285668,1,-1.3095127818833596,RSI_LT_26,SPY
2007-03-02,15.068431478480107,1,-0.9518944853676992,RSI_LT_26,SPY
2007-03-05,13.389472842012623,1,1.7109506663985696,RSI_LT_26,SPY
2007-03-06,51.3586804410969,0,-0.0,RSI_LT_26,SPY
2007-03-07,38.71498886380662,0,0.0,RSI_LT_26,SPY
2007-03-08,51.68383190724069,0,0.0,RSI_LT_26,SPY
2007-03-09,70.97422985332706,0,0.0,RSI_LT_26,SPY
2007-03-12,96.42858533053588,0,-0.0,RSI_LT_26,SPY
2007-03-13,33.17873971981973,0,0.0,RSI_LT_26,SPY
2007-03-14,47.30771036538845,0,0.0,RSI_LT_26,SPY
2007-03-15,34.91683792002377,0,-0.0,RSI_LT_26,SPY
2007-03-16,27.984412792260144,0,0.0,RSI_LT_26,SPY
2007-03-19,43.98776511245506,0,0.0,RSI_LT_26,SPY
2007-03-20,79.56519143120617,0,0.0,RSI_LT_26,SPY
2007-03-21,84.04070392505835,0,-0.0,RSI_LT_26,SPY
2007-03-22,81.92765072328267,0,0.0,RSI_LT_26,SPY
2007-03-23,97.83463443498947,0,-0.0,RSI_LT_26,SPY
2007-03-26,91.66659602424448,0,-0.0,RSI_LT_26,SPY
2007-03-27,79.8107331443232,0,-0.0,RSI_LT_26,SPY
2007-03-28,11.111469930487715,1,0.10576356560290101,RSI_LT_26,SPY
2007-03-29,18.652952152050858,1,0.021130364893240383,RSI_LT_26,SPY
2007-03-30,10.285385440372494,1,0.11267863528829913,RSI_LT_26,SPY
2007-04-02,19.76739028220119,1,1.076251223890945,RSI_LT_26,SPY
2007-04-03,64.26125667902406,0,0.0,RSI_LT_26,SPY
2007-04-04,100.0,0,0.0,RSI_LT_26,SPY
2007-04-05,100.0,0,0.0,RSI_LT_26,SPY
2007-04-09,100.0,0,0.0,RSI_LT_26,SPY
2007-04-10,100.0,0,-0.0,RSI_LT_26,SPY
2007-04-11,60.92725270061339,0,0.0,RSI_LT_26,SPY
2007-04-12,70.35179732548153,0,0.0,RSI_LT_26,SPY
2007-04-13,73.89390389640202,0,0.0,RSI_LT_26,SPY
2007-04-16,82.84887976118132,0,0.0,RSI_LT_26,SPY
2007-04-17,83.87983040177437,0,0.0,RSI_LT_26,SPY
2007-04-18,100.0,0,-0.0,RSI_LT_26,SPY
2007-04-19,98.49024880377264,0,0.0,RSI_LT_26,SPY
2007-04-20,98.8163169489689,0,-0.0,RSI_LT_26,SPY
2007-04-23,76.56237892867148,0,0.0,RSI_LT_26,SPY
2007-04-24,73.09402925841282,0,0.0,RSI_LT_26,SPY
2007-04-25,82.40453198972605,0,0.0,RSI_LT_26,SPY
2007-04-26,84.18082992452489,0,-0.0,RSI_LT_26,SPY
2007-04-27,70.04423053654733,0,-0.0,RSI_LT_26,SPY
2007-04-30,53.89823670285677,0,0.0,RSI_LT_26,SPY
2007-05-01,58.40982160772365,0,0.0,RSI_LT_26,SPY
2007-05-02,51.07909325429497,0,0.0,RSI_LT_26,SPY
2007-05-03,60.2340564126817,0,0.0,RSI_LT_26,SPY
2007-05-04,67.95860029571217,0,0.0,RSI_LT_26,SPY
2007-05-07,100.0,0,-0.0,RSI_LT_26,SPY
2007-05-08,91.93559303262802,0,0.0,RSI_LT_26,SPY
2007-05-09,90.09918191912858,0,-0.0,RSI_LT_26,SPY
2007-05-10,36.200607071563354,0,0.0,RSI_LT_26,SPY
2007-05-11,49.14289202008929,0,-0.0,RSI_LT_26,SPY
2007-05-14,44.47371274148018,0,0.0,RSI_LT_26,SPY
2007-05-15,47.527583084610484,0,0.0,RSI_LT_26,SPY
2007-05-16,55.16433606510401,0,-0.0,RSI_LT_26,SPY
2007-05-17,78.85897449026615,0,0.0,RSI_LT_26,SPY
2007-05-18,79.138940677752,0,-0.0,RSI_LT_26,SPY
2007-05-21,86.28143333241523,0,-0.0,RSI_LT_26,SPY
2007-05-22,82.45608399321115,0,0.0,RSI_LT_26,SPY
2007-05-23,72.82603287280446,0,-0.0,RSI_LT_26,SPY
2007-05-24,45.89031432080056,0,0.0,RSI_LT_26,SPY
2007-05-25,29.148249011262706,0,0.0,RSI_LT_26,SPY
2007-05-29,44.44469561679138,0,0.0,RSI_LT_26,SPY
2007-05-30,63.874286992506434,0,-0.0,RSI_LT_26,SPY
2007-05-31,61.11119673861946,0,0.0,RSI_LT_26,SPY
2007-06-01,95.20990090867974,0,0.0,RSI_LT_26,SPY
2007-06-04,94.13957699874798,0,-0.0,RSI_LT_26,SPY
2007-06-05,72.40161011572707,0,-0.0,RSI_LT_26,SPY
2007-06-06,24.37498509882458,1,-1.804524697351595,RSI_LT_26,SPY
2007-06-07,13.494791419173282,1,1.3011315246159727,RSI_LT_26,SPY
2007-06-08,28.160831341941986,0,0.0,RSI_LT_26,SPY
2007-06-11,30.555526121150606,0,-0.0,RSI_LT_26,SPY
2007-06-12,26.698974291550073,0,0.0,RSI_LT_26,SPY
2007-06-13,50.28314292972146,0,0.0,RSI_LT_26,SPY
2007-06-14,76.62880793628494,0,0.0,RSI_LT_26,SPY
2007-06-15,69.04316808327297,0,-0.0,RSI_LT_26,SPY
2007-06-18,65.14273424284875,0,0.0,RSI_LT_26,SPY
2007-06-19,95.4772173979719,0,-0.0,RSI_LT_26,SPY
2007-06-20,40.31014170471482,0,0.0,RSI_LT_26,SPY
2007-06-21,38.23529411764706,0,-0.0,RSI_LT_26,SPY
2007-06-22,24.596765510261207,1,-0.47824723089218146,RSI_LT_26,SPY
2007-06-25,22.181840376420453,1,-1.0278372329317276,RSI_LT_26,SPY
2007-06-26,12.612550690769126,1,1.42288806115205,RSI_LT_26,SPY
2007-06-27,44.42766896697529,0,-0.0,RSI_LT_26,SPY
2007-06-28,36.254355446372635,0,0.0,RSI_LT_26,SPY
2007-06-29,48.648527900638875,0,0.0,RSI_LT_26,SPY
2007-07-02,69.29130547095116,0,0.0,RSI_LT_26,SPY
2007-07-03,99.5112687984301,0,-0.0,RSI_LT_26,SPY
2007-07-05,91.58906492876802,0,0.0,RSI_LT_26,SPY
2007-07-06,94.52041909440075,0,0.0,RSI_LT_26,SPY
2007-07-09,94.64874409300143,0,-0.0,RSI_LT_26,SPY
2007-07-10,38.582825378262996,0,0.0,RSI_LT_26,SPY
2007-07-11,45.95856547310702,0,0.0,RSI_LT_26,SPY
2007-07-12,66.81886695171318,0,0.0,RSI_LT_26,SPY
2007-07-13,65.00804573208815,0,-0.0,RSI_LT_26,SPY
2007-07-16,64.11084863978175,0,-0.0,RSI_LT_26,SPY
2007-07-17,97.51846761399563,0,-0.0,RSI_LT_26,SPY
2007-07-18,88.27147411897126,0,0.0,RSI_LT_26,SPY
2007-07-19,73.61109639409577,0,-0.0,RSI_LT_26,SPY
2007-07-20,23.529482162304475,1,0.30618972032776526,RSI_LT_26,SPY
2007-07-23,35.666729396924865,0,-0.0,RSI_LT_26,SPY
2007-07-24,19.141415106442793,1,0.20488932738997878,RSI_LT_26,SPY
2007-07-25,24.555201689867047,1,-2.3679152585172614,RSI_LT_26,SPY
2007-07-26,9.059218629544631,1,-1.9659529645418172,RSI_LT_26,SPY
2007-07-27,7.8391861158778795,1,1.564333445601962,RSI_LT_26,SPY
2007-07-30,21.95746239195479,1,-1.1263425207709177,RSI_LT_26,SPY
2007-07-31,24.02235113098257,1,0.48722992666105913,RSI_LT_26,SPY
2007-08-01,26.75041194623536,0,0.0,RSI_LT_26,SPY
2007-08-02,47.59175816964871,0,-0.0,RSI_LT_26,SPY
2007-08-03,43.18420710000921,0,0.0,RSI_LT_26,SPY
2007-08-06,44.000018780018685,0,0.0,RSI_LT_26,SPY
2007-08-07,60.6217673930265,0,0.0,RSI_LT_26,SPY
2007-08-08,65.45456563142862,0,-0.0,RSI_LT_26,SPY
2007-08-09,42.256460924359416,0,-0.0,RSI_LT_26,SPY
2007-08-10,54.080736144601396,0,0.0,RSI_LT_26,SPY
2007-08-13,44.7083521459574,0,-0.0,RSI_LT_26,SPY
2007-08-14,26.007973961569945,0,-0.0,RSI_LT_26,SPY
2007-08-15,5.289824252038898,1,0.7515689647207502,RSI_LT_26,SPY
2007-08-16,24.49616400958584,1,1.8367350445082087,RSI_LT_26,SPY
2007-08-17,50.0,0,-0.0,RSI_LT_26,SPY
2007-08-20,46.279983529022395,0,0.0,RSI_LT_26,SPY
2007-08-21,65.99994405124906,0,0.0,RSI_LT_26,SPY
2007-08-22,98.78248454885852,0,-0.0,RSI_LT_26,SPY
2007-08-23,95.8506788906019,0,0.0,RSI_LT_26,SPY
2007-08-24,95.0249379398301,0,-0.0,RSI_LT_26,SPY
2007-08-27,71.66982531075905,0,-0.0,RSI_LT_26,SPY
2007-08-28,42.684443394799096,0,0.0,RSI_LT_26,SPY
2007-08-29,49.41301575876405,0,-0.0,RSI_LT_26,SPY
2007-08-30,48.07886409839156,0,0.0,RSI_LT_26,SPY
2007-08-31,46.004287623401,0,0.0,RSI_LT_26,SPY
2007-09-04,61.36609387824229,0,-0.0,RSI_LT_26,SPY
2007-09-05,77.38888101648482,0,0.0,RSI_LT_26,SPY
2007-09-06,66.06063408393828,0,-0.0,RSI_LT_26,SPY
2007-09-07,49.39587415005187,0,-0.0,RSI_LT_26,SPY
2007-09-10,33.51656796961677,0,0.0,RSI_LT_26,SPY
2007-09-11,35.978976942453,0,0.0,RSI_LT_26,SPY
2007-09-12,50.84035095030342,0,0.0,RSI_LT_26,SPY
2007-09-13,57.142817219446215,0,-0.0,RSI_LT_26,SPY
2007-09-14,91.4949883658493,0,-0.0,RSI_LT_26,SPY
2007-09-17,79.38941671164054,0,0.0,RSI_LT_26,SPY
2007-09-18,87.70867968565489,0,0.0,RSI_LT_26,SPY
2007-09-19,88.60763025231725,0,-0.0,RSI_LT_26,SPY
2007-09-20,73.56641953809579,0,-0.0,RSI_LT_26,SPY
2007-09-21,70.604126642116,0,-0.0,RSI_LT_26,SPY
2007-09-24,75.90187685505677,0,-0.0,RSI_LT_26,SPY
2007-09-25,31.358725702862486,0,0.0,RSI_LT_26,SPY
2007-09-26,28.880932051670484,0,0.0,RSI_LT_26,SPY
2007-09-27,65.63704061553688,0,-0.0,RSI_LT_26,SPY
2007-09-28,60.93193688643387,0,0.0,RSI_LT_26,SPY
2007-10-01,80.85110220513172,0,-0.0,RSI_LT_26,SPY
2007-10-02,82.60866360262274,0,-0.0,RSI_LT_26,SPY
2007-10-03,71.78080817370801,0,0.0,RSI_LT_26,SPY
2007-10-04,65.55194357830705,0,0.0,RSI_LT_26,SPY
2007-10-05,87.934971553595,0,-0.0,RSI_LT_26,SPY
2007-10-08,60.526292307280464,0,0.0,RSI_LT_26,SPY
2007-10-09,75.58886859465517,0,-0.0,RSI_LT_26,SPY
2007-10-10,76.40698073823552,0,-0.0,RSI_LT_26,SPY
2007-10-11,64.13255244661644,0,0.0,RSI_LT_26,SPY
2007-10-12,55.76919550011187,0,-0.0,RSI_LT_26,SPY
2007-10-15,49.89236797028306,0,-0.0,RSI_LT_26,SPY
2007-10-16,19.457035443903223,1,0.30563221773571847,RSI_LT_26,SPY
2007-10-17,28.725711197236947,0,-0.0,RSI_LT_26,SPY
2007-10-18,29.954979723692347,0,-0.0,RSI_LT_26,SPY
2007-10-19,6.184221621686731,1,0.5812755581151796,RSI_LT_26,SPY
2007-10-22,18.74122352117665,1,0.8104166833488913,RSI_LT_26,SPY
2007-10-23,35.85431060827864,0,-0.0,RSI_LT_26,SPY
2007-10-24,30.071902958449968,0,0.0,RSI_LT_26,SPY
2007-10-25,36.29625108506944,0,0.0,RSI_LT_26,SPY
2007-10-26,93.79159378415046,0,0.0,RSI_LT_26,SPY
2007-10-29,93.25305634709072,0,-0.0,RSI_LT_26,SPY
2007-10-30,66.24997615823304,0,0.0,RSI_LT_26,SPY
2007-10-31,79.84925157400782,0,-0.0,RSI_LT_26,SPY
2007-11-01,45.27423065144468,0,0.0,RSI_LT_26,SPY
2007-11-02,32.61497245308912,0,-0.0,RSI_LT_26,SPY
2007-11-05,23.15785035526922,1,1.3462207473359245,RSI_LT_26,SPY
2007-11-06,44.21057515901287,0,-0.0,RSI_LT_26,SPY
2007-11-07,19.694275207201272,1,-0.507065094605319,RSI_LT_26,SPY
2007-11-08,26.545484138257578,0,-0.0,RSI_LT_26,SPY
2007-11-09,20.00003021540563,1,-0.992147200952076,RSI_LT_26,SPY
2007-11-12,19.441784644304775,1,3.0480201641132076,RSI_LT_26,SPY
2007-11-13,34.3529383605498,0,-0.0,RSI_LT_26,SPY
2007-11-14,48.66663840969779,0,-0.0,RSI_LT_26,SPY
2007-11-15,42.196496953393165,0,0.0,RSI_LT_26,SPY
2007-11-16,53.77463820254986,0,-0.0,RSI_LT_26,SPY
2007-11-19,50.326073255358814,0,0.0,RSI_LT_26,SPY
2007-11-20,19.824604610821396,1,-2.0464648274044595,RSI_LT_26,SPY
2007-11-21,13.69700354928024,1,1.7292577171695855,RSI_LT_26,SPY
2007-11-23,41.7737182739987,0,-0.0,RSI_LT_26,SPY
2007-11-26,28.956593504284385,0,0.0,RSI_LT_26,SPY
2007-11-27,44.634884293688614,0,0.0,RSI_LT_26,SPY
2007-11-28,58.42924721762783,0,0.0,RSI_LT_26,SPY
2007-11-29,73.18715278581887,0,0.0,RSI_LT_26,SPY
2007-11-30,70.79886448980507,0,-0.0,RSI_LT_26,SPY
2007-12-03,88.72256628077871,0,-0.0,RSI_LT_26,SPY
2007-12-04,72.58637402768406,0,0.0,RSI_LT_26,SPY
2007-12-05,63.37574046446986,0,0.0,RSI_LT_26,SPY
2007-12-06,72.48805399702856,0,-0.0,RSI_LT_26,SPY
2007-12-07,66.28074390421637,0,0.0,RSI_LT_26,SPY
2007-12-10,80.98601992241649,0,-0.0,RSI_LT_26,SPY
2007-12-11,57.788962448031924,0,0.0,RSI_LT_26,SPY
2007-12-12,53.12498935630329,0,-0.0,RSI_LT_26,SPY
2007-12-13,36.83467043934297,0,-0.0,RSI_LT_26,SPY
2007-12-14,29.22215647745172,0,-0.0,RSI_LT_26,SPY
2007-12-17,14.702867829082734,1,0.5583494297229041,RSI_LT_26,SPY
2007-12-18,34.550944097359306,0,0.0,RSI_LT_26,SPY
2007-12-19,15.851269678220774,1,0.6306540568629337,RSI_LT_26,SPY
2007-12-20,30.244754778386877,0,0.0,RSI_LT_26,SPY
2007-12-21,59.302411544660146,0,0.0,RSI_LT_26,SPY
2007-12-24,100.0,0,0.0,RSI_LT_26,SPY
2007-12-26,100.0,0,-0.0,RSI_LT_26,SPY
2007-12-27,66.12605677366142,0,-0.0,RSI_LT_26,SPY
2007-12-28,55.0,0,-0.0,RSI_LT_26,SPY
2007-12-31,29.831928732397074,0,-0.0,RSI_LT_26,SPY
2008-01-02,6.4778578466651595,1,-0.0482937065940936,RSI_LT_26,SPY
2008-01-03,0.0,1,-2.4506440955407105,RSI_LT_26,SPY
2008-01-04,0.0,1,-0.0849162262123393,RSI_LT_26,SPY
2008-01-07,0.0,1,-1.614844351492295,RSI_LT_26,SPY
2008-01-08,0.0,1,1.0510340627658987,RSI_LT_26,SPY
2008-01-09,19.51865330635158,1,0.6554094186419723,RSI_LT_26,SPY
2008-01-10,28.571350066127636,0,-0.0,RSI_LT_26,SPY
2008-01-11,40.202643489736374,0,0.0,RSI_LT_26,SPY
2008-01-14,50.64932491346738,0,-0.0,RSI_LT_26,SPY
2008-01-15,45.231919993550406,0,-0.0,RSI_LT_26,SPY
2008-01-16,27.369847106638275,0,-0.0,RSI_LT_26,SPY
2008-01-17,11.166044705793666,1,-1.0267519990924567,RSI_LT_26,SPY
2008-01-18,10.917915134645838,1,-1.014687537985215,RSI_LT_26,SPY
2008-01-22,0.0,1,2.4020802940071695,RSI_LT_26,SPY
2008-01-23,29.650618276548713,0,0.0,RSI_LT_26,SPY
2008-01-24,40.55085249255899,0,-0.0,RSI_LT_26,SPY
2008-01-25,47.816354741754196,0,0.0,RSI_LT_26,SPY
2008-01-28,66.2909824852689,0,0.0,RSI_LT_26,SPY
2008-01-29,78.54778387306874,0,-0.0,RSI_LT_26,SPY
2008-01-30,57.55394893704841,0,0.0,RSI_LT_26,SPY
2008-01-31,64.37189365305478,0,0.0,RSI_LT_26,SPY
2008-02-01,88.29040984280246,0,-0.0,RSI_LT_26,SPY
2008-02-04,65.92595522953201,0,-0.0,RSI_LT_26,SPY
2008-02-05,41.996404852077504,0,-0.0,RSI_LT_26,SPY
2008-02-06,41.69642358409979,0,0.0,RSI_LT_26,SPY
2008-02-07,32.12056035631353,0,-0.0,RSI_LT_26,SPY
2008-02-08,10.640778920294252,1,0.5110037110950705,RSI_LT_26,SPY
2008-02-11,21.696639657726408,1,0.9271069107768648,RSI_LT_26,SPY
2008-02-12,59.07178428980263,0,0.0,RSI_LT_26,SPY
2008-02-13,82.93667253004097,0,-0.0,RSI_LT_26,SPY
2008-02-14,61.567279963333156,0,-0.0,RSI_LT_26,SPY
2008-02-15,72.84767765775052,0,0.0,RSI_LT_26,SPY
2008-02-19,70.92205744957921,0,0.0,RSI_LT_26,SPY
2008-02-20,63.71677034289675,0,-0.0,RSI_LT_26,SPY
2008-02-21,24.84073028384269,1,0.615774072555042,RSI_LT_26,SPY
2008-02-22,58.122676067975874,0,0.0,RSI_LT_26,SPY
2008-02-25,74.60670150461534,0,0.0,RSI_LT_26,SPY
2008-02-26,77.84306803018245,0,-0.0,RSI_LT_26,SPY
2008-02-27,73.76030517505005,0,-0.0,RSI_LT_26,SPY
2008-02-28,70.55332571401001,0,-0.0,RSI_LT_26,SPY
2008-02-29,37.63744440392201,0,-0.0,RSI_LT_26,SPY
2008-03-03,17.48724764058683,1,-0.3820183571804803,RSI_LT_26,SPY
2008-03-04,0.0,1,0.6316236583160384,RSI_LT_26,SPY
2008-03-05,13.838508005218657,1,-2.069793196265335,RSI_LT_26,SPY
2008-03-06,11.21491899996741,1,-1.0300556003924988,RSI_LT_26,SPY
2008-03-07,14.507725594474152,1,-1.31833060315798,RSI_LT_26,SPY
2008-03-10,11.699125275211031,1,3.593754768371582,RSI_LT_26,SPY
2008-03-11,48.26974604348009,0,-0.0,RSI_LT_26,SPY
2008-03-12,39.417316286744615,0,0.0,RSI_LT_26,SPY
2008-03-13,53.20999010420472,0,-0.0,RSI_LT_26,SPY
2008-03-14,49.49389648739143,0,-0.0,RSI_LT_26,SPY
2008-03-17,51.582295289892976,0,0.0,RSI_LT_26,SPY
2008-03-18,55.044072680318386,0,-0.0,RSI_LT_26,SPY
2008-03-19,45.76549396668162,0,0.0,RSI_LT_26,SPY
2008-03-20,51.56366695186762,0,0.0,RSI_LT_26,SPY
2008-03-24,67.80489153492883,0,0.0,RSI_LT_26,SPY
2008-03-25,74.86713729088677,0,-0.0,RSI_LT_26,SPY
2008-03-26,47.73441683000047,0,-0.0,RSI_LT_26,SPY
2008-03-27,68.63628166773786,0,-0.0,RSI_LT_26,SPY
2008-03-28,45.33546772687088,0,0.0,RSI_LT_26,SPY
2008-03-31,15.012929126643314,1,3.5159500998174664,RSI_LT_26,SPY
2008-04-01,60.42648587570622,0,0.0,RSI_LT_26,SPY
2008-04-02,75.43602845939569,0,0.0,RSI_LT_26,SPY
2008-04-03,81.3234749632555,0,-0.0,RSI_LT_26,SPY
2008-04-04,97.3592589806686,0,0.0,RSI_LT_26,SPY
2008-04-07,97.16457302738797,0,-0.0,RSI_LT_26,SPY
2008-04-08,63.291677129005464,0,-0.0,RSI_LT_26,SPY
2008-04-09,24.260536675213984,1,0.1398825287822536,RSI_LT_26,SPY
2008-04-10,16.88365733309554,1,-1.9408905357481632,RSI_LT_26,SPY
2008-04-11,6.451832752138316,1,-0.3373910560481863,RSI_LT_26,SPY
2008-04-14,4.308426898257878,1,0.23321510153011538,RSI_LT_26,SPY
2008-04-15,10.917286620002201,1,2.709396923986751,RSI_LT_26,SPY
2008-04-16,57.083335982418554,0,0.0,RSI_LT_26,SPY
2008-04-17,57.14282690956497,0,0.0,RSI_LT_26,SPY
2008-04-18,92.49981562343439,0,0.0,RSI_LT_26,SPY
2008-04-21,100.0,0,-0.0,RSI_LT_26,SPY
2008-04-22,89.69593244890753,0,-0.0,RSI_LT_26,SPY
2008-04-23,67.19358768681471,0,0.0,RSI_LT_26,SPY
2008-04-24,71.6723691679556,0,0.0,RSI_LT_26,SPY
2008-04-25,70.14396978994571,0,0.0,RSI_LT_26,SPY
2008-04-28,69.70802309975552,0,-0.0,RSI_LT_26,SPY
2008-04-29,71.26858236020884,0,-0.0,RSI_LT_26,SPY
2008-04-30,58.23156974120646,0,0.0,RSI_LT_26,SPY
2008-05-01,75.27060897347619,0,0.0,RSI_LT_26,SPY
2008-05-02,70.53746927739111,0,-0.0,RSI_LT_26,SPY
2008-05-05,61.32071940830481,0,0.0,RSI_LT_26,SPY
2008-05-06,74.87437699680511,0,-0.0,RSI_LT_26,SPY
2008-05-07,58.203196401465476,0,-0.0,RSI_LT_26,SPY
2008-05-08,31.08113681084967,0,-0.0,RSI_LT_26,SPY
2008-05-09,24.158425414781988,1,1.1231194283171986,RSI_LT_26,SPY
2008-05-12,46.88032318657849,0,0.0,RSI_LT_26,SPY
2008-05-13,33.403766621718404,0,0.0,RSI_LT_26,SPY
2008-05-14,75.10019241846727,0,0.0,RSI_LT_26,SPY
2008-05-15,93.315969498227,0,0.0,RSI_LT_26,SPY
2008-05-16,100.0,0,0.0,RSI_LT_26,SPY
2008-05-19,100.0,0,-0.0,RSI_LT_26,SPY
2008-05-20,68.90079770914298,0,-0.0,RSI_LT_26,SPY
2008-05-21,39.041099469599985,0,0.0,RSI_LT_26,SPY
2008-05-22,13.170597364317445,1,-1.340402258488993,RSI_LT_26,SPY
2008-05-23,7.020372117085472,1,0.741066751659436,RSI_LT_26,SPY
2008-05-27,16.074119669730223,1,0.4615601995857421,RSI_LT_26,SPY
2008-05-28,28.2352579127964,0,0.0,RSI_LT_26,SPY
2008-05-29,55.99995691620561,0,0.0,RSI_LT_26,SPY
2008-05-30,59.17042861188386,0,-0.0,RSI_LT_26,SPY
2008-06-02,65.14409586584065,0,-0.0,RSI_LT_26,SPY
2008-06-03,42.78473971290387,0,-0.0,RSI_LT_26,SPY
2008-06-04,31.065134168803496,0,0.0,RSI_LT_26,SPY
2008-06-05,57.16910320995411,0,-0.0,RSI_LT_26,SPY
2008-06-06,28.809958030374233,0,0.0,RSI_LT_26,SPY
2008-06-09,36.5248162991447,0,-0.0,RSI_LT_26,SPY
2008-06-10,37.09485376817593,0,-0.0,RSI_LT_26,SPY
2008-06-11,30.116939495745825,0,0.0,RSI_LT_26,SPY
2008-06-12,10.486852858310328,1,1.264408320437993,RSI_LT_26,SPY
2008-06-13,48.65900607137741,0,0.0,RSI_LT_26,SPY
2008-06-16,46.07645381056329,0,-0.0,RSI_LT_26,SPY
2008-06-17,46.262661759175344,0,-0.0,RSI_LT_26,SPY
2008-06-18,53.62995733245664,0,0.0,RSI_LT_26,SPY
2008-06-19,49.618335429964745,0,-0.0,RSI_LT_26,SPY
2008-06-20,4.930974186422375,1,-0.09880291913920702,RSI_LT_26,SPY
2008-06-23,3.320279903678795,1,-0.1977896636531029,RSI_LT_26,SPY
2008-06-24,3.6016551902499003,1,0.4725932659879417,RSI_LT_26,SPY
2008-06-25,19.651627988187684,1,-2.716032089647269,RSI_LT_26,SPY
2008-06-26,8.344491633328673,1,-0.5458917348242998,RSI_LT_26,SPY
2008-06-27,11.720149415175172,1,0.35286174385957825,RSI_LT_26,SPY
2008-06-30,19.073102202735427,1,0.31255001983654385,RSI_LT_26,SPY
2008-07-01,25.565238620923907,1,-1.713666064777708,RSI_LT_26,SPY
2008-07-02,11.596248382789028,1,0.10302524417780123,RSI_LT_26,SPY
2008-07-03,25.257786691835776,1,-1.0212975540031421,RSI_LT_26,SPY
2008-07-07,21.92396905236963,1,1.7757169095446779,RSI_LT_26,SPY
2008-07-08,44.07047402462434,0,-0.0,RSI_LT_26,SPY
2008-07-09,28.34738497699678,0,0.0,RSI_LT_26,SPY
2008-07-10,43.33335259948559,0,-0.0,RSI_LT_26,SPY
2008-07-11,34.42623739419396,0,-0.0,RSI_LT_26,SPY
2008-07-14,35.18044594585295,0,-0.0,RSI_LT_26,SPY
2008-07-15,7.015155935497546,1,2.454749378578591,RSI_LT_26,SPY
2008-07-16,44.67265134390805,0,0.0,RSI_LT_26,SPY
2008-07-17,49.413110015455786,0,0.0,RSI_LT_26,SPY
2008-07-18,63.647997041664844,0,0.0,RSI_LT_26,SPY
2008-07-21,74.52133755814738,0,0.0,RSI_LT_26,SPY
2008-07-22,100.0,0,0.0,RSI_LT_26,SPY
2008-07-23,100.0,0,-0.0,RSI_LT_26,SPY
2008-07-24,52.753155765751735,0,-0.0,RSI_LT_26,SPY
2008-07-25,44.87703828776011,0,-0.0,RSI_LT_26,SPY
2008-07-28,31.879655082213972,0,0.0,RSI_LT_26,SPY
2008-07-29,42.366376277026866,0,0.0,RSI_LT_26,SPY
2008-07-30,51.91083163656214,0,-0.0,RSI_LT_26,SPY
2008-07-31,57.80141748033356,0,-0.0,RSI_LT_26,SPY
2008-08-01,53.736266039547104,0,-0.0,RSI_LT_26,SPY
2008-08-04,58.00710809756575,0,0.0,RSI_LT_26,SPY
2008-08-05,61.35371724608952,0,0.0,RSI_LT_26,SPY
2008-08-06,52.67375751975179,0,-0.0,RSI_LT_26,SPY
2008-08-07,51.16883477185602,0,0.0,RSI_LT_26,SPY
2008-08-08,67.09263514369937,0,0.0,RSI_LT_26,SPY
2008-08-11,79.91639579361349,0,-0.0,RSI_LT_26,SPY
2008-08-12,56.55633836975238,0,-0.0,RSI_LT_26,SPY
2008-08-13,47.68050511346766,0,0.0,RSI_LT_26,SPY
2008-08-14,68.57558657359016,0,0.0,RSI_LT_26,SPY
2008-08-15,57.87404294686759,0,-0.0,RSI_LT_26,SPY
2008-08-18,28.98539907894228,0,-0.0,RSI_LT_26,SPY
2008-08-19,28.776865877471153,0,0.0,RSI_LT_26,SPY
2008-08-20,40.78206337659976,0,0.0,RSI_LT_26,SPY
2008-08-21,31.168979149671216,0,0.0,RSI_LT_26,SPY
2008-08-22,45.547905834400225,0,-0.0,RSI_LT_26,SPY
2008-08-25,39.760808602405596,0,0.0,RSI_LT_26,SPY
2008-08-26,53.53358486089825,0,0.0,RSI_LT_26,SPY
2008-08-27,58.32015418395674,0,0.0,RSI_LT_26,SPY
2008-08-28,65.62092350653236,0,-0.0,RSI_LT_26,SPY
2008-08-29,44.02778366464629,0,-0.0,RSI_LT_26,SPY
2008-09-02,59.03165127056878,0,-0.0,RSI_LT_26,SPY
2008-09-03,54.794491914497165,0,-0.0,RSI_LT_26,SPY
2008-09-04,20.207219066367813,1,0.3144395658202237,RSI_LT_26,SPY
2008-09-05,5.954186380779987,1,2.0655840963238914,RSI_LT_26,SPY
2008-09-08,38.341988882025944,0,-0.0,RSI_LT_26,SPY
2008-09-09,27.68943424693414,0,0.0,RSI_LT_26,SPY
2008-09-10,31.227444902040034,0,0.0,RSI_LT_26,SPY
2008-09-11,58.20401279235099,0,0.0,RSI_LT_26,SPY
2008-09-12,59.066230827090095,0,-0.0,RSI_LT_26,SPY
2008-09-15,22.705672374028907,1,1.6737465213797043,RSI_LT_26,SPY
2008-09-16,44.852927254967,0,-0.0,RSI_LT_26,SPY
2008-09-17,27.599235041190084,0,0.0,RSI_LT_26,SPY
2008-09-18,34.492575474053524,0,0.0,RSI_LT_26,SPY
2008-09-19,45.311772034731355,0,-0.0,RSI_LT_26,SPY
2008-09-22,53.42312210793834,0,-0.0,RSI_LT_26,SPY
2008-09-23,40.441584596921864,0,0.0,RSI_LT_26,SPY
2008-09-24,58.61812723858411,0,0.0,RSI_LT_26,SPY
2008-09-25,53.0354181435484,0,0.0,RSI_LT_26,SPY
2008-09-26,29.22486466783515,0,-0.0,RSI_LT_26,SPY
2008-09-29,15.829296787828667,1,4.138984309599714,RSI_LT_26,SPY
2008-09-30,42.18557503892715,0,0.0,RSI_LT_26,SPY
2008-10-01,41.070308646283316,0,-0.0,RSI_LT_26,SPY
2008-10-02,25.732889983457213,1,-1.3500242796872675,RSI_LT_26,SPY
2008-10-03,23.553093398443636,1,-5.093343577769904,RSI_LT_26,SPY
2008-10-06,29.213491172617225,0,-0.0,RSI_LT_26,SPY
2008-10-07,0.4347807544002791,1,-2.519240901548392,RSI_LT_26,SPY
2008-10-08,0.0,1,-6.983904254738993,RSI_LT_26,SPY
2008-10-09,0.0,1,-2.4255755482523456,RSI_LT_26,SPY
2008-10-10,0.0,1,14.519772287142473,RSI_LT_26,SPY
2008-10-13,44.203641585895774,0,-0.0,RSI_LT_26,SPY
2008-10-14,49.65224048632384,0,-0.0,RSI_LT_26,SPY
2008-10-15,38.7164734224004,0,0.0,RSI_LT_26,SPY
2008-10-16,55.094590067504825,0,-0.0,RSI_LT_26,SPY
2008-10-17,58.26605727910973,0,0.0,RSI_LT_26,SPY
2008-10-20,44.020712874317205,0,-0.0,RSI_LT_26,SPY
2008-10-21,41.20758312898051,0,-0.0,RSI_LT_26,SPY
2008-10-22,51.714609915431,0,0.0,RSI_LT_26,SPY
2008-10-23,43.237989034107564,0,-0.0,RSI_LT_26,SPY
2008-10-24,34.155116121963715,0,-0.0,RSI_LT_26,SPY
2008-10-27,6.191053278883942,1,11.685533704112538,RSI_LT_26,SPY
2008-10-28,45.59194551680467,0,-0.0,RSI_LT_26,SPY
2008-10-29,56.327802553945865,0,0.0,RSI_LT_26,SPY
2008-10-30,60.745916053232875,0,0.0,RSI_LT_26,SPY
2008-10-31,78.24580372523806,0,0.0,RSI_LT_26,SPY
2008-11-03,95.31680368396661,0,0.0,RSI_LT_26,SPY
2008-11-04,91.51061018947753,0,-0.0,RSI_LT_26,SPY
2008-11-05,63.463202548151045,0,-0.0,RSI_LT_26,SPY
2008-11-06,30.08784413251685,0,0.0,RSI_LT_26,SPY
2008-11-07,40.79355138984538,0,-0.0,RSI_LT_26,SPY
2008-11-10,36.885243338689094,0,-0.0,RSI_LT_26,SPY
2008-11-11,18.028838548966803,1,-4.400130439959504,RSI_LT_26,SPY
2008-11-12,18.326203400462987,1,6.233976337853275,RSI_LT_26,SPY
2008-11-13,50.94569118406905,0,-0.0,RSI_LT_26,SPY
2008-11-14,29.821627766241065,0,-0.0,RSI_LT_26,SPY
2008-11-17,29.9552103958017,0,0.0,RSI_LT_26,SPY
2008-11-18,41.902480587753004,0,-0.0,RSI_LT_26,SPY
2008-11-19,38.15789418647597,0,-0.0,RSI_LT_26,SPY
2008-11-20,8.500530109921272,1,5.3943006752090294,RSI_LT_26,SPY
2008-11-21,30.769221231696278,0,0.0,RSI_LT_26,SPY
2008-11-24,49.03592835191758,0,0.0,RSI_LT_26,SPY
2008-11-25,46.749090167238755,0,0.0,RSI_LT_26,SPY
2008-11-26,69.08533067194784,0,0.0,RSI_LT_26,SPY
2008-11-28,100.0,0,-0.0,RSI_LT_26,SPY
2008-12-01,56.98114449171974,0,0.0,RSI_LT_26,SPY
2008-12-02,50.74073463582569,0,0.0,RSI_LT_26,SPY
2008-12-03,54.71054827327455,0,-0.0,RSI_LT_26,SPY
2008-12-04,38.7630092262956,0,0.0,RSI_LT_26,SPY
2008-12-05,43.94619562823442,0,0.0,RSI_LT_26,SPY
2008-12-08,84.37743397295192,0,-0.0,RSI_LT_26,SPY
2008-12-09,68.76665757276868,0,0.0,RSI_LT_26,SPY
2008-12-10,64.19126429930216,0,-0.0,RSI_LT_26,SPY
2008-12-11,63.226455510214066,0,0.0,RSI_LT_26,SPY
2008-12-12,56.30951386189332,0,-0.0,RSI_LT_26,SPY
2008-12-15,25.266332381883586,1,4.706549576544683,RSI_LT_26,SPY
2008-12-16,62.93478269883511,0,-0.0,RSI_LT_26,SPY
2008-12-17,54.64134155184333,0,-0.0,RSI_LT_26,SPY
2008-12-18,57.49167835916125,0,-0.0,RSI_LT_26,SPY
2008-12-19,45.58500931780843,0,-0.0,RSI_LT_26,SPY
2008-12-22,46.14523644311538,0,-0.0,RSI_LT_26,SPY
2008-12-23,0.0,1,0.5803156670707965,RSI_LT_26,SPY
2008-12-24,9.380873244557435,1,0.576967434653608,RSI_LT_26,SPY
2008-12-26,24.21309116301238,1,-0.2868288085085102,RSI_LT_26,SPY
2008-12-29,30.487816224564796,0,0.0,RSI_LT_26,SPY
2008-12-30,72.68417504512406,0,0.0,RSI_LT_26,SPY
2008-12-31,94.54147780559678,0,0.0,RSI_LT_26,SPY
2009-01-02,96.3235269368297,0,-0.0,RSI_LT_26,SPY
2009-01-05,94.38376235314001,0,0.0,RSI_LT_26,SPY
2009-01-06,98.37757182659891,0,-0.0,RSI_LT_26,SPY
2009-01-07,61.30316477656641,0,0.0,RSI_LT_26,SPY
2009-01-08,56.04230965151469,0,-0.0,RSI_LT_26,SPY
2009-01-09,16.923131096165363,1,-2.4020647408403595,RSI_LT_26,SPY
2009-01-12,12.563501537978922,1,0.18401801923537686,RSI_LT_26,SPY
2009-01-13,7.142930587030477,1,-3.1454458094033466,RSI_LT_26,SPY
2009-01-14,7.201165969206727,1,0.03555621467381531,RSI_LT_26,SPY
2009-01-15,2.7065858371570783,1,0.7819858066145491,RSI_LT_26,SPY
2009-01-16,14.8341903648531,1,-5.2786244917025655,RSI_LT_26,SPY
2009-01-20,10.519790644731515,1,4.319229701023741,RSI_LT_26,SPY
2009-01-21,36.57895089076575,0,-0.0,RSI_LT_26,SPY
2009-01-22,41.86745534390878,0,0.0,RSI_LT_26,SPY
2009-01-23,43.73177453472931,0,0.0,RSI_LT_26,SPY
2009-01-26,43.2353106171953,0,0.0,RSI_LT_26,SPY
2009-01-27,80.18289598096374,0,0.0,RSI_LT_26,SPY
2009-01-28,78.11443573329497,0,-0.0,RSI_LT_26,SPY
2009-01-29,62.03211283350571,0,-0.0,RSI_LT_26,SPY
2009-01-30,48.4162958411152,0,-0.0,RSI_LT_26,SPY
2009-02-02,43.54460735019024,0,0.0,RSI_LT_26,SPY
2009-02-03,45.52660569483266,0,-0.0,RSI_LT_26,SPY
2009-02-04,18.181785568223404,1,1.48805692610392,RSI_LT_26,SPY
2009-02-05,50.20917029382801,0,0.0,RSI_LT_26,SPY
2009-02-06,87.934244863403,0,0.0,RSI_LT_26,SPY
2009-02-09,92.32215543709808,0,-0.0,RSI_LT_26,SPY
2009-02-10,46.14444318895987,0,0.0,RSI_LT_26,SPY
2009-02-11,51.636344804562476,0,0.0,RSI_LT_26,SPY
2009-02-12,43.56438421503022,0,-0.0,RSI_LT_26,SPY
2009-02-13,12.050332070914962,1,-4.2774297053547405,RSI_LT_26,SPY
2009-02-17,6.1247532979277395,1,-0.23984150274993787,RSI_LT_26,SPY
2009-02-18,10.617803267968085,1,-1.0755390196763637,RSI_LT_26,SPY
2009-02-19,1.0831244663563524,1,-0.9721183592527494,RSI_LT_26,SPY
2009-02-20,0.0,1,-3.577882599560056,RSI_LT_26,SPY
2009-02-23,0.0,1,3.7910271576801158,RSI_LT_26,SPY
2009-02-24,38.24326010147093,0,-0.0,RSI_LT_26,SPY
2009-02-25,36.18928313933011,0,-0.0,RSI_LT_26,SPY
2009-02-26,34.428241007154185,0,-0.0,RSI_LT_26,SPY
2009-02-27,30.928976602360194,0,-0.0,RSI_LT_26,SPY
2009-03-02,29.145209827847665,0,-0.0,RSI_LT_26,SPY
2009-03-03,0.0,1,2.3690647485931082,RSI_LT_26,SPY
2009-03-04,19.62177712446004,1,-4.0847625373665375,RSI_LT_26,SPY
2009-03-05,16.370833461869225,1,0.17441149980361725,RSI_LT_26,SPY
2009-03-06,20.770114850434496,1,-1.1752721707974811,RSI_LT_26,SPY
2009-03-09,29.421489687699008,0,0.0,RSI_LT_26,SPY
2009-03-10,60.960332699142846,0,0.0,RSI_LT_26,SPY
2009-03-11,55.42310444824147,0,0.0,RSI_LT_26,SPY
2009-03-12,90.26444313619766,0,0.0,RSI_LT_26,SPY
2009-03-13,90.78500367148618,0,-0.0,RSI_LT_26,SPY
2009-03-16,97.19858749186878,0,0.0,RSI_LT_26,SPY
2009-03-17,96.44519388940314,0,0.0,RSI_LT_26,SPY
2009-03-18,97.0323102715378,0,-0.0,RSI_LT_26,SPY
2009-03-19,79.25177305884765,0,-0.0,RSI_LT_26,SPY
2009-03-20,54.12236052760533,0,0.0,RSI_LT_26,SPY
2009-03-23,74.84374646097507,0,-0.0,RSI_LT_26,SPY
2009-03-24,59.99998738943688,0,0.0,RSI_LT_26,SPY
2009-03-25,56.785696525970245,0,0.0,RSI_LT_26,SPY
2009-03-26,67.56526758133622,0,-0.0,RSI_LT_26,SPY
2009-03-27,71.99281166296726,0,-0.0,RSI_LT_26,SPY
2009-03-30,29.704151200974394,0,0.0,RSI_LT_26,SPY
2009-03-31,42.857128440292904,0,0.0,RSI_LT_26,SPY
2009-04-01,47.636367335464016,0,0.0,RSI_LT_26,SPY
2009-04-02,51.785712765187476,0,0.0,RSI_LT_26,SPY
2009-04-03,65.98311962134648,0,-0.0,RSI_LT_26,SPY
2009-04-06,89.23322779138539,0,-0.0,RSI_LT_26,SPY
2009-04-07,64.4898171022857,0,0.0,RSI_LT_26,SPY
2009-04-08,60.98655219918072,0,0.0,RSI_LT_26,SPY
2009-04-09,65.65787981091144,0,0.0,RSI_LT_26,SPY
2009-04-13,61.56111548699464,0,-0.0,RSI_LT_26,SPY
2009-04-14,54.92772628020428,0,0.0,RSI_LT_26,SPY
2009-04-15,77.43899105989186,0,0.0,RSI_LT_26,SPY
2009-04-16,78.64355465524645,0,0.0,RSI_LT_26,SPY
2009-04-17,65.01183184353108,0,-0.0,RSI_LT_26,SPY
2009-04-20,34.7328307256556,0,0.0,RSI_LT_26,SPY
2009-04-21,54.43195315305361,0,-0.0,RSI_LT_26,SPY
2009-04-22,45.34731756191261,0,0.0,RSI_LT_26,SPY
2009-04-23,42.163679633111784,0,0.0,RSI_LT_26,SPY
2009-04-24,47.348495795162265,0,-0.0,RSI_LT_26,SPY
2009-04-27,73.67381291060425,0,-0.0,RSI_LT_26,SPY
2009-04-28,56.836483609089,0,0.0,RSI_LT_26,SPY
2009-04-29,78.32996861789826,0,0.0,RSI_LT_26,SPY
2009-04-30,74.23160514758267,0,0.0,RSI_LT_26,SPY
2009-05-01,68.03510860129408,0,0.0,RSI_LT_26,SPY
2009-05-04,95.16134545469461,0,-0.0,RSI_LT_26,SPY
2009-05-05,94.4840244140837,0,0.0,RSI_LT_26,SPY
2009-05-06,94.22722829669705,0,-0.0,RSI_LT_26,SPY
2009-05-07,75.98191071527354,0,0.0,RSI_LT_26,SPY
2009-05-08,80.77391797705646,0,-0.0,RSI_LT_26,SPY
2009-05-11,52.564105350788914,0,-0.0,RSI_LT_26,SPY
2009-05-12,52.86533906521381,0,-0.0,RSI_LT_26,SPY
2009-05-13,27.532486834348106,0,0.0,RSI_LT_26,SPY
2009-05-14,40.11144429166782,0,-0.0,RSI_LT_26,SPY
2009-05-15,13.126096970910837,1,2.8407217883761993,RSI_LT_26,SPY
2009-05-18,49.92393838893379,0,-0.0,RSI_LT_26,SPY
2009-05-19,51.17005664309612,0,-0.0,RSI_LT_26,SPY
2009-05-20,69.34458330376211,0,-0.0,RSI_LT_26,SPY
2009-05-21,47.817809890973734,0,-0.0,RSI_LT_26,SPY
2009-05-22,53.276922183582485,0,0.0,RSI_LT_26,SPY
2009-05-26,50.77950434568363,0,-0.0,RSI_LT_26,SPY
2009-05-27,37.93676887825375,0,0.0,RSI_LT_26,SPY
2009-05-28,53.082669157017136,0,0.0,RSI_LT_26,SPY
2009-05-29,73.85052336880922,0,0.0,RSI_LT_26,SPY
2009-06-01,81.90895542609402,0,0.0,RSI_LT_26,SPY
2009-06-02,76.06455740022697,0,-0.0,RSI_LT_26,SPY
2009-06-03,81.19126230658938,0,0.0,RSI_LT_26,SPY
2009-06-04,80.03331039858227,0,0.0,RSI_LT_26,SPY
2009-06-05,72.85073653031563,0,-0.0,RSI_LT_26,SPY
2009-06-08,38.13243086788084,0,0.0,RSI_LT_26,SPY
2009-06-09,46.46465424896541,0,-0.0,RSI_LT_26,SPY
2009-06-10,68.65676740531555,0,0.0,RSI_LT_26,SPY
2009-06-11,59.3548958707626,0,0.0,RSI_LT_26,SPY
2009-06-12,64.80449070403805,0,-0.0,RSI_LT_26,SPY
2009-06-15,32.40217629897046,0,-0.0,RSI_LT_26,SPY
2009-06-16,15.596335091360231,1,-0.0982063929397925,RSI_LT_26,SPY
2009-06-17,16.15202976370618,1,0.7318384998485694,RSI_LT_26,SPY
2009-06-18,20.85202906013025,1,-0.19518575449267717,RSI_LT_26,SPY
2009-06-19,15.296771440266852,1,-2.998698510187492,RSI_LT_26,SPY
2009-06-22,13.50803009304478,1,0.07840467717439292,RSI_LT_26,SPY
2009-06-23,19.628608028882454,1,0.8617843151770721,RSI_LT_26,SPY
2009-06-24,33.932597368976005,0,0.0,RSI_LT_26,SPY
2009-06-25,48.78049428859288,0,-0.0,RSI_LT_26,SPY
2009-06-26,48.2758257817813,0,0.0,RSI_LT_26,SPY
2009-06-29,93.84602744228083,0,-0.0,RSI_LT_26,SPY
2009-06-30,78.38420418749615,0,0.0,RSI_LT_26,SPY
2009-07-01,76.37224072411702,0,-0.0,RSI_LT_26,SPY
2009-07-02,26.105294943414165,0,-0.0,RSI_LT_26,SPY
2009-07-06,27.433723917454074,0,-0.0,RSI_LT_26,SPY
2009-07-07,7.037115528617235,1,-0.06813259170694863,RSI_LT_26,SPY
2009-07-08,8.068032720498906,1,0.1931797374378652,RSI_LT_26,SPY
2009-07-09,3.7777370876736143,1,-0.2381752170055318,RSI_LT_26,SPY
2009-07-10,7.762491856734272,1,2.432923387815511,RSI_LT_26,SPY
2009-07-13,53.472169485598634,0,0.0,RSI_LT_26,SPY
2009-07-14,91.26223420540626,0,0.0,RSI_LT_26,SPY
2009-07-15,96.30283321848945,0,-0.0,RSI_LT_26,SPY
2009-07-16,93.63956930343403,0,0.0,RSI_LT_26,SPY
2009-07-17,97.6815842723658,0,0.0,RSI_LT_26,SPY
2009-07-20,97.18571342687092,0,0.0,RSI_LT_26,SPY
2009-07-21,97.14826112244883,0,-0.0,RSI_LT_26,SPY
2009-07-22,93.53618454451306,0,0.0,RSI_LT_26,SPY
2009-07-23,99.5643429407267,0,0.0,RSI_LT_26,SPY
2009-07-24,99.49630540688568,0,0.0,RSI_LT_26,SPY
2009-07-27,99.38660500732517,0,-0.0,RSI_LT_26,SPY
2009-07-28,85.36594443087587,0,-0.0,RSI_LT_26,SPY
2009-07-29,80.00004359663521,0,0.0,RSI_LT_26,SPY
2009-07-30,70.95434371062612,0,0.0,RSI_LT_26,SPY
2009-07-31,67.4419099799861,0,0.0,RSI_LT_26,SPY
2009-08-03,79.9427685756196,0,0.0,RSI_LT_26,SPY
2009-08-04,92.70521721788575,0,-0.0,RSI_LT_26,SPY
2009-08-05,91.31753693073446,0,-0.0,RSI_LT_26,SPY
2009-08-06,71.47892242722514,0,0.0,RSI_LT_26,SPY
2009-08-07,79.80053196549454,0,-0.0,RSI_LT_26,SPY
2009-08-10,60.61771853597467,0,-0.0,RSI_LT_26,SPY
2009-08-11,36.49029746231514,0,0.0,RSI_LT_26,SPY
2009-08-12,54.46224056537892,0,0.0,RSI_LT_26,SPY
2009-08-13,68.18187072599996,0,-0.0,RSI_LT_26,SPY
2009-08-14,44.987809723494316,0,-0.0,RSI_LT_26,SPY
2009-08-17,28.93079195841736,0,0.0,RSI_LT_26,SPY
2009-08-18,44.55776090141079,0,0.0,RSI_LT_26,SPY
2009-08-19,42.605599276819405,0,0.0,RSI_LT_26,SPY
2009-08-20,45.11783171155249,0,0.0,RSI_LT_26,SPY
2009-08-21,65.266093572188,0,-0.0,RSI_LT_26,SPY
2009-08-24,99.78582175992106,0,0.0,RSI_LT_26,SPY
2009-08-25,99.75544968531169,0,0.0,RSI_LT_26,SPY
2009-08-26,99.69033666144657,0,0.0,RSI_LT_26,SPY
2009-08-27,99.58839079954538,0,-0.0,RSI_LT_26,SPY
2009-08-28,93.61577794010226,0,-0.0,RSI_LT_26,SPY
2009-08-31,31.88412206988059,0,-0.0,RSI_LT_26,SPY
2009-09-01,6.976677134898239,1,-0.37923878741658035,RSI_LT_26,SPY
2009-09-02,6.036825295112976,1,0.8314985309479273,RSI_LT_26,SPY
2009-09-03,18.82088756946031,1,1.4008902248772603,RSI_LT_26,SPY
2009-09-04,38.62068330489847,0,0.0,RSI_LT_26,SPY
2009-09-08,54.166694261399385,0,0.0,RSI_LT_26,SPY
2009-09-09,91.14225705541003,0,0.0,RSI_LT_26,SPY
2009-09-10,100.0,0,-0.0,RSI_LT_26,SPY
2009-09-11,99.51912848916113,0,0.0,RSI_LT_26,SPY
2009-09-14,99.38637384857336,0,0.0,RSI_LT_26,SPY
2009-09-15,99.29063047854035,0,0.0,RSI_LT_26,SPY
2009-09-16,99.44891885529812,0,-0.0,RSI_LT_26,SPY
2009-09-17,93.40659033555322,0,-0.0,RSI_LT_26,SPY
2009-09-18,80.95243861973421,0,-0.0,RSI_LT_26,SPY
2009-09-21,70.10303602328142,0,0.0,RSI_LT_26,SPY
2009-09-22,71.84460745704459,0,-0.0,RSI_LT_26,SPY
2009-09-23,26.05048212545519,0,-0.0,RSI_LT_26,SPY
2009-09-24,18.289128697941877,1,-0.5332874741415417,RSI_LT_26,SPY
2009-09-25,17.663846769145152,1,1.790332983454923,RSI_LT_26,SPY
2009-09-28,48.72801327004878,0,-0.0,RSI_LT_26,SPY
2009-09-29,38.87735404635051,0,-0.0,RSI_LT_26,SPY
2009-09-30,43.187036048369905,0,-0.0,RSI_LT_26,SPY
2009-10-01,32.35295282320284,0,-0.0,RSI_LT_26,SPY
2009-10-02,32.80703938236755,0,0.0,RSI_LT_26,SPY
2009-10-05,28.544750094655726,0,0.0,RSI_LT_26,SPY
2009-10-06,46.248105797282626,0,0.0,RSI_LT_26,SPY
2009-10-07,51.63811695700404,0,0.0,RSI_LT_26,SPY
2009-10-08,89.56515825996962,0,0.0,RSI_LT_26,SPY
2009-10-09,100.0,0,0.0,RSI_LT_26,SPY
2009-10-12,100.0,0,-0.0,RSI_LT_26,SPY
2009-10-13,90.79492565328702,0,0.0,RSI_LT_26,SPY
2009-10-14,94.43034453986024,0,0.0,RSI_LT_26,SPY
2009-10-15,93.78527785859761,0,-0.0,RSI_LT_26,SPY
2009-10-16,71.96762339160601,0,0.0,RSI_LT_26,SPY
2009-10-19,75.17899022564058,0,-0.0,RSI_LT_26,SPY
2009-10-20,69.23075633239321,0,-0.0,RSI_LT_26,SPY
2009-10-21,35.32616695518769,0,0.0,RSI_LT_26,SPY
2009-10-22,45.66212909013317,0,-0.0,RSI_LT_26,SPY
2009-10-23,41.58006268478689,0,-0.0,RSI_LT_26,SPY
2009-10-26,21.653537985567212,1,-0.45833455839430215,RSI_LT_26,SPY
2009-10-27,22.044067034732876,1,-1.8887375882538526,RSI_LT_26,SPY
2009-10-28,18.272410091590814,1,2.145386251511483,RSI_LT_26,SPY
2009-10-29,31.284903700151844,0,-0.0,RSI_LT_26,SPY
2009-10-30,24.888865152994796,1,0.7338761627533552,RSI_LT_26,SPY
2009-11-02,34.92431448722765,0,0.0,RSI_LT_26,SPY
2009-11-03,39.5017996501158,0,0.0,RSI_LT_26,SPY
2009-11-04,53.811616746799984,0,0.0,RSI_LT_26,SPY
2009-11-05,51.56737300296565,0,0.0,RSI_LT_26,SPY
2009-11-06,100.0,0,0.0,RSI_LT_26,SPY
2009-11-09,100.0,0,0.0,RSI_LT_26,SPY
2009-11-10,100.0,0,0.0,RSI_LT_26,SPY
2009-11-11,100.0,0,-0.0,RSI_LT_26,SPY
2009-11-12,74.6606045855708,0,0.0,RSI_LT_26,SPY
2009-11-13,76.32134999645145,0,0.0,RSI_LT_26,SPY
2009-11-16,71.1339861569923,0,0.0,RSI_LT_26,SPY
2009-11-17,71.92979436993525,0,-0.0,RSI_LT_26,SPY
2009-11-18,65.99993024553572,0,-0.0,RSI_LT_26,SPY
2009-11-19,60.31334349259469,0,-0.0,RSI_LT_26,SPY
2009-11-20,47.38287900124004,0,0.0,RSI_LT_26,SPY
2009-11-23,44.31486556221863,0,0.0,RSI_LT_26,SPY
2009-11-24,44.956785006782916,0,0.0,RSI_LT_26,SPY
2009-11-25,51.45119795797585,0,-0.0,RSI_LT_26,SPY
2009-11-27,46.98794737732283,0,0.0,RSI_LT_26,SPY
2009-11-30,56.1743641089397,0,0.0,RSI_LT_26,SPY
2009-12-01,55.85370165334623,0,-0.0,RSI_LT_26,SPY
2009-12-02,53.26635574034776,0,-0.0,RSI_LT_26,SPY
2009-12-03,38.78925454427266,0,0.0,RSI_LT_26,SPY
2009-12-04,71.95116277987896,0,-0.0,RSI_LT_26,SPY
2009-12-07,64.61020946039673,0,-0.0,RSI_LT_26,SPY
2009-12-08,21.35600935178863,1,0.37404984073698966,RSI_LT_26,SPY
2009-12-09,31.419917989899716,0,0.0,RSI_LT_26,SPY
2009-12-10,54.24839371598255,0,0.0,RSI_LT_26,SPY
2009-12-11,51.72411071561053,0,0.0,RSI_LT_26,SPY
2009-12-14,64.7565478389563,0,-0.0,RSI_LT_26,SPY
2009-12-15,81.29485346381946,0,0.0,RSI_LT_26,SPY
2009-12-16,79.52745972053683,0,-0.0,RSI_LT_26,SPY
2009-12-17,42.94480394107115,0,0.0,RSI_LT_26,SPY
2009-12-18,34.04252441000695,0,0.0,RSI_LT_26,SPY
2009-12-21,41.50942038199751,0,0.0,RSI_LT_26,SPY
2009-12-22,56.20923506532363,0,0.0,RSI_LT_26,SPY
2009-12-23,56.91320378870209,0,0.0,RSI_LT_26,SPY
2009-12-24,100.0,0,0.0,RSI_LT_26,SPY
2009-12-28,100.0,0,-0.0,RSI_LT_26,SPY
2009-12-29,89.67720341402428,0,-0.0,RSI_LT_26,SPY
2009-12-30,83.19292711699237,0,-0.0,RSI_LT_26,SPY
2009-12-31,37.56112810664761,0,0.0,RSI_LT_26,SPY
2010-01-04,62.46333523509078,0,0.0,RSI_LT_26,SPY
2010-01-05,63.11235898236441,0,0.0,RSI_LT_26,SPY
2010-01-06,66.9617156501993,0,0.0,RSI_LT_26,SPY
2010-01-07,71.80167528211871,0,0.0,RSI_LT_26,SPY
2010-01-08,100.0,0,0.0,RSI_LT_26,SPY
2010-01-11,100.0,0,-0.0,RSI_LT_26,SPY
2010-01-12,50.691390057905885,0,0.0,RSI_LT_26,SPY
2010-01-13,64.91807789478949,0,0.0,RSI_LT_26,SPY
2010-01-14,62.84719738692988,0,-0.0,RSI_LT_26,SPY
2010-01-15,37.73086965011484,0,0.0,RSI_LT_26,SPY
2010-01-19,53.26727228502839,0,-0.0,RSI_LT_26,SPY
2010-01-20,52.232970874937045,0,-0.0,RSI_LT_26,SPY
2010-01-21,27.115932167717602,0,-0.0,RSI_LT_26,SPY
2010-01-22,16.588768387202578,1,0.5127713243185728,RSI_LT_26,SPY
2010-01-25,25.287320482552246,1,-0.41905720920117906,RSI_LT_26,SPY
2010-01-26,8.151353080189764,1,0.47571519904408,RSI_LT_26,SPY
2010-01-27,17.36337008198531,1,-1.147229459368182,RSI_LT_26,SPY
2010-01-28,20.415910097191826,1,-1.086856690147009,RSI_LT_26,SPY
2010-01-29,27.135701510733853,0,0.0,RSI_LT_26,SPY
2010-02-01,43.02555470451483,0,0.0,RSI_LT_26,SPY
2010-02-02,58.99158715646915,0,-0.0,RSI_LT_26,SPY
2010-02-03,50.0,0,-0.0,RSI_LT_26,SPY
2010-02-04,36.86806968625381,0,0.0,RSI_LT_26,SPY
2010-02-05,44.89513041474064,0,-0.0,RSI_LT_26,SPY
2010-02-08,24.6400146484375,1,1.2560221349710465,RSI_LT_26,SPY
2010-02-09,24.760423687190055,1,-0.19585812542605163,RSI_LT_26,SPY
2010-02-10,26.18245833800505,0,0.0,RSI_LT_26,SPY
2010-02-11,73.15060418508693,0,-0.0,RSI_LT_26,SPY
2010-02-12,69.60225240748808,0,0.0,RSI_LT_26,SPY
2010-02-16,93.25851365322004,0,0.0,RSI_LT_26,SPY
2010-02-17,91.75834886114261,0,0.0,RSI_LT_26,SPY
2010-02-18,97.79420426984908,0,0.0,RSI_LT_26,SPY
2010-02-19,97.17879359703817,0,0.0,RSI_LT_26,SPY
2010-02-22,100.0,0,-0.0,RSI_LT_26,SPY
2010-02-23,51.26352696855436,0,0.0,RSI_LT_26,SPY
2010-02-24,58.58889388152475,0,-0.0,RSI_LT_26,SPY
2010-02-25,45.65208978328173,0,0.0,RSI_LT_26,SPY
2010-02-26,42.30770359371928,0,0.0,RSI_LT_26,SPY
2010-03-01,59.78543669462057,0,0.0,RSI_LT_26,SPY
2010-03-02,94.4237401583736,0,0.0,RSI_LT_26,SPY
2010-03-03,91.57297832488246,0,0.0,RSI_LT_26,SPY
2010-03-04,100.0,0,0.0,RSI_LT_26,SPY
2010-03-05,100.0,0,0.0,RSI_LT_26,SPY
2010-03-08,100.0,0,0.0,RSI_LT_26,SPY
2010-03-09,100.0,0,0.0,RSI_LT_26,SPY
2010-03-10,100.0,0,0.0,RSI_LT_26,SPY
2010-03-11,100.0,0,0.0,RSI_LT_26,SPY
2010-03-12,100.0,0,0.0,RSI_LT_26,SPY
2010-03-15,100.0,0,0.0,RSI_LT_26,SPY
2010-03-16,100.0,0,0.0,RSI_LT_26,SPY
2010-03-17,100.0,0,-0.0,RSI_LT_26,SPY
2010-03-18,96.49136896396337,0,-0.0,RSI_LT_26,SPY
2010-03-19,59.205825889844625,0,0.0,RSI_LT_26,SPY
2010-03-22,66.36905910749522,0,0.0,RSI_LT_26,SPY
2010-03-23,65.33744915678666,0,-0.0,RSI_LT_26,SPY
2010-03-24,45.859847849803316,0,-0.0,RSI_LT_26,SPY
2010-03-25,44.036714371707355,0,-0.0,RSI_LT_26,SPY
2010-03-26,63.43611150322316,0,0.0,RSI_LT_26,SPY
2010-03-29,65.27199190456581,0,0.0,RSI_LT_26,SPY
2010-03-30,49.69690524300755,0,-0.0,RSI_LT_26,SPY
2010-03-31,55.40554473003207,0,0.0,RSI_LT_26,SPY
2010-04-01,77.51194600297144,0,0.0,RSI_LT_26,SPY
2010-04-05,86.57714512474558,0,0.0,RSI_LT_26,SPY
2010-04-06,84.12695048773547,0,-0.0,RSI_LT_26,SPY
2010-04-07,65.38458716942377,0,0.0,RSI_LT_26,SPY
2010-04-08,78.27473156938977,0,0.0,RSI_LT_26,SPY
2010-04-09,78.1350427098819,0,0.0,RSI_LT_26,SPY
2010-04-12,70.9401124196304,0,0.0,RSI_LT_26,SPY
2010-04-13,68.37210127570484,0,0.0,RSI_LT_26,SPY
2010-04-14,100.0,0,0.0,RSI_LT_26,SPY
2010-04-15,100.0,0,-0.0,RSI_LT_26,SPY
2010-04-16,47.41140958851141,0,0.0,RSI_LT_26,SPY
2010-04-19,50.89058128993056,0,0.0,RSI_LT_26,SPY
2010-04-20,60.69242638249868,0,-0.0,RSI_LT_26,SPY
2010-04-21,42.97081798680536,0,0.0,RSI_LT_26,SPY
2010-04-22,46.6500573626798,0,0.0,RSI_LT_26,SPY
2010-04-23,92.38772320721444,0,-0.0,RSI_LT_26,SPY
2010-04-26,76.55186565888027,0,-0.0,RSI_LT_26,SPY
2010-04-27,24.468050568473274,1,0.7596167040720303,RSI_LT_26,SPY
2010-04-28,38.103989846348014,0,0.0,RSI_LT_26,SPY
2010-04-29,48.76925984222394,0,-0.0,RSI_LT_26,SPY
2010-04-30,30.67008940948837,0,0.0,RSI_LT_26,SPY
2010-05-03,44.34388905958179,0,-0.0,RSI_LT_26,SPY
2010-05-04,44.54541829007988,0,-0.0,RSI_LT_26,SPY
2010-05-05,35.11630382711449,0,-0.0,RSI_LT_26,SPY
2010-05-06,14.000008322975845,1,-1.4875157330082156,RSI_LT_26,SPY
2010-05-07,14.487312449983676,1,4.404099794892313,RSI_LT_26,SPY
2010-05-10,35.02503412504902,0,-0.0,RSI_LT_26,SPY
2010-05-11,42.64580014701029,0,0.0,RSI_LT_26,SPY
2010-05-12,52.538265329647125,0,-0.0,RSI_LT_26,SPY
2010-05-13,65.26524561844313,0,-0.0,RSI_LT_26,SPY
2010-05-14,62.63207615619084,0,0.0,RSI_LT_26,SPY
2010-05-17,30.16149136384182,0,-0.0,RSI_LT_26,SPY
2010-05-18,24.74221243919787,1,-0.5693944670464135,RSI_LT_26,SPY
2010-05-19,1.0326620067312149,1,-3.7759494810666983,RSI_LT_26,SPY
2010-05-20,0.7000888464736477,1,1.459921593321778,RSI_LT_26,SPY
2010-05-21,20.273614608974214,1,-1.2831101805952039,RSI_LT_26,SPY
2010-05-24,16.737741519616407,1,0.10212664681696904,RSI_LT_26,SPY
2010-05-25,21.158687513932776,1,-0.6028580297891661,RSI_LT_26,SPY
2010-05-26,21.132067142471897,1,3.3498218051901008,RSI_LT_26,SPY
2010-05-27,71.99452185006379,0,-0.0,RSI_LT_26,SPY
2010-05-28,51.82074146101692,0,-0.0,RSI_LT_26,SPY
2010-06-01,48.81266437650914,0,0.0,RSI_LT_26,SPY
2010-06-02,62.220054661168355,0,0.0,RSI_LT_26,SPY
2010-06-03,67.69999107361521,0,-0.0,RSI_LT_26,SPY
2010-06-04,30.873780223133807,0,-0.0,RSI_LT_26,SPY
2010-06-07,31.054673821207018,0,0.0,RSI_LT_26,SPY
2010-06-08,45.22562738318348,0,-0.0,RSI_LT_26,SPY
2010-06-09,20.684952122956517,1,2.923147934854975,RSI_LT_26,SPY
2010-06-10,42.215584364164094,0,0.0,RSI_LT_26,SPY
2010-06-11,71.47146424725639,0,-0.0,RSI_LT_26,SPY
2010-06-14,86.54549338600853,0,0.0,RSI_LT_26,SPY
2010-06-15,89.21284809148165,0,-0.0,RSI_LT_26,SPY
2010-06-16,96.68247587940002,0,0.0,RSI_LT_26,SPY
2010-06-17,93.84166191227305,0,-0.0,RSI_LT_26,SPY
2010-06-18,81.15512515479122,0,-0.0,RSI_LT_26,SPY
2010-06-21,77.61634289744437,0,-0.0,RSI_LT_26,SPY
2010-06-22,6.4516217243519804,1,-0.310300573914013,RSI_LT_26,SPY
2010-06-23,5.825259498483987,1,-1.6570586215892358,RSI_LT_26,SPY
2010-06-24,0.0,1,0.4189206714833249,RSI_LT_26,SPY
2010-06-25,9.453858285890135,1,-0.3151978850727599,RSI_LT_26,SPY
2010-06-28,9.414294059624027,1,-3.0875102134414134,RSI_LT_26,SPY
2010-06-29,7.188560313560316,1,-0.9500027564217084,RSI_LT_26,SPY
2010-06-30,6.512356617854081,1,-0.4456491755789549,RSI_LT_26,SPY
2010-07-01,8.093599959383127,1,-0.5449641653820447,RSI_LT_26,SPY
2010-07-02,0.0,1,0.6555829925114054,RSI_LT_26,SPY
2010-07-06,11.16674910640829,1,3.14960413848846,RSI_LT_26,SPY
2010-07-07,66.04729446727676,0,0.0,RSI_LT_26,SPY
2010-07-08,82.94310370343909,0,0.0,RSI_LT_26,SPY
2010-07-09,91.13916868668335,0,0.0,RSI_LT_26,SPY
2010-07-12,100.0,0,0.0,RSI_LT_26,SPY
2010-07-13,100.0,0,-0.0,RSI_LT_26,SPY
2010-07-14,99.71904152656246,0,0.0,RSI_LT_26,SPY
2010-07-15,99.60621525097395,0,-0.0,RSI_LT_26,SPY
2010-07-16,36.34459202792741,0,0.0,RSI_LT_26,SPY
2010-07-19,43.04513246035081,0,0.0,RSI_LT_26,SPY
2010-07-20,37.909826134130455,0,-0.0,RSI_LT_26,SPY
2010-07-21,29.45858015482328,0,0.0,RSI_LT_26,SPY
2010-07-22,48.72684469765873,0,0.0,RSI_LT_26,SPY
2010-07-23,78.53878097043003,0,0.0,RSI_LT_26,SPY
2010-07-26,80.11279445518728,0,-0.0,RSI_LT_26,SPY
2010-07-27,75.9729420953094,0,-0.0,RSI_LT_26,SPY
2010-07-28,86.01539034924254,0,-0.0,RSI_LT_26,SPY
2010-07-29,62.31458506900424,0,-0.0,RSI_LT_26,SPY
2010-07-30,47.13099760799213,0,0.0,RSI_LT_26,SPY
2010-08-02,65.87304951226453,0,-0.0,RSI_LT_26,SPY
2010-08-03,57.77257745317053,0,0.0,RSI_LT_26,SPY
2010-08-04,74.65430497104705,0,-0.0,RSI_LT_26,SPY
2010-08-05,82.65291823341197,0,-0.0,RSI_LT_26,SPY
2010-08-06,74.31191215713723,0,0.0,RSI_LT_26,SPY
2010-08-09,54.65578165733842,0,-0.0,RSI_LT_26,SPY
2010-08-10,53.149527067820486,0,-0.0,RSI_LT_26,SPY
2010-08-11,12.320309562601835,1,-0.6129970536437823,RSI_LT_26,SPY
2010-08-12,11.07008628819976,1,-0.2945776515833942,RSI_LT_26,SPY
2010-08-13,11.363610091610553,1,-0.04615956374316443,RSI_LT_26,SPY
2010-08-16,0.0,1,1.2285185437060475,RSI_LT_26,SPY
2010-08-17,24.403611160496183,1,0.18250258629450844,RSI_LT_26,SPY
2010-08-18,59.53303350106128,0,-0.0,RSI_LT_26,SPY
2010-08-19,40.157474007977825,0,-0.0,RSI_LT_26,SPY
2010-08-20,39.84375620882309,0,-0.0,RSI_LT_26,SPY
2010-08-23,36.42856883353739,0,-0.0,RSI_LT_26,SPY
2010-08-24,4.484400819731036,1,0.3885185888865994,RSI_LT_26,SPY
2010-08-25,8.779510771809498,1,-0.670189794327547,RSI_LT_26,SPY
2010-08-26,11.815663339343033,1,1.548985271709169,RSI_LT_26,SPY
2010-08-27,42.9473876953125,0,-0.0,RSI_LT_26,SPY
2010-08-30,34.634948802808225,0,0.0,RSI_LT_26,SPY
2010-08-31,47.441848086442754,0,0.0,RSI_LT_26,SPY
2010-09-01,67.89770110333602,0,0.0,RSI_LT_26,SPY
2010-09-02,78.88280362427227,0,0.0,RSI_LT_26,SPY
2010-09-03,78.26084165111541,0,-0.0,RSI_LT_26,SPY
2010-09-07,81.69839436474975,0,0.0,RSI_LT_26,SPY
2010-09-08,83.5526447877223,0,0.0,RSI_LT_26,SPY
2010-09-09,74.79838244500606,0,0.0,RSI_LT_26,SPY
2010-09-10,72.28382687541763,0,0.0,RSI_LT_26,SPY
2010-09-13,71.13165193060601,0,-0.0,RSI_LT_26,SPY
2010-09-14,97.77778854235038,0,0.0,RSI_LT_26,SPY
2010-09-15,97.50890549316884,0,-0.0,RSI_LT_26,SPY
2010-09-16,95.70822336754006,0,-0.0,RSI_LT_26,SPY
2010-09-17,71.67368483094192,0,0.0,RSI_LT_26,SPY
2010-09-20,76.51236855609224,0,-0.0,RSI_LT_26,SPY
2010-09-21,72.39059401362502,0,-0.0,RSI_LT_26,SPY
2010-09-22,55.483801104537264,0,-0.0,RSI_LT_26,SPY
2010-09-23,43.10774066977961,0,0.0,RSI_LT_26,SPY
2010-09-24,70.26088548743206,0,-0.0,RSI_LT_26,SPY
2010-09-27,50.654994919291696,0,0.0,RSI_LT_26,SPY
2010-09-28,57.26309161844093,0,-0.0,RSI_LT_26,SPY
2010-09-29,61.9590341428487,0,-0.0,RSI_LT_26,SPY
2010-09-30,71.39101094346046,0,0.0,RSI_LT_26,SPY
2010-10-01,44.670097942396396,0,-0.0,RSI_LT_26,SPY
2010-10-04,38.59659689805752,0,0.0,RSI_LT_26,SPY
2010-10-05,66.4268686044448,0,-0.0,RSI_LT_26,SPY
2010-10-06,69.59790518107302,0,-0.0,RSI_LT_26,SPY
2010-10-07,73.2804120673404,0,0.0,RSI_LT_26,SPY
2010-10-08,74.43035529759433,0,0.0,RSI_LT_26,SPY
2010-10-11,95.31245902186534,0,0.0,RSI_LT_26,SPY
2010-10-12,88.1888959642441,0,0.0,RSI_LT_26,SPY
2010-10-13,93.54840977969666,0,-0.0,RSI_LT_26,SPY
2010-10-14,81.52612533665881,0,0.0,RSI_LT_26,SPY
2010-10-15,77.88459775005593,0,0.0,RSI_LT_26,SPY
2010-10-18,81.96078783363701,0,-0.0,RSI_LT_26,SPY
2010-10-19,46.256691037273974,0,0.0,RSI_LT_26,SPY
2010-10-20,49.37033371448338,0,0.0,RSI_LT_26,SPY
2010-10-21,58.88594325494799,0,0.0,RSI_LT_26,SPY
2010-10-22,58.66670464417449,0,0.0,RSI_LT_26,SPY
2010-10-25,55.96590170188048,0,0.0,RSI_LT_26,SPY
2010-10-26,100.0,0,-0.0,RSI_LT_26,SPY
2010-10-27,71.42829666102477,0,0.0,RSI_LT_26,SPY
2010-10-28,64.2105685833601,0,0.0,RSI_LT_26,SPY
2010-10-29,58.53647190174917,0,0.0,RSI_LT_26,SPY
2010-11-01,33.3338319770225,0,0.0,RSI_LT_26,SPY
2010-11-02,76.22363071801274,0,0.0,RSI_LT_26,SPY
2010-11-03,100.0,0,0.0,RSI_LT_26,SPY
2010-11-04,100.0,0,0.0,RSI_LT_26,SPY
2010-11-05,100.0,0,-0.0,RSI_LT_26,SPY
2010-11-08,94.79631096818962,0,-0.0,RSI_LT_26,SPY
2010-11-09,74.54127396871948,0,0.0,RSI_LT_26,SPY
2010-11-10,74.59954433164276,0,-0.0,RSI_LT_26,SPY
2010-11-11,37.69834181549556,0,-0.0,RSI_LT_26,SPY
2010-11-12,13.99993896484375,1,-0.14142942867004793,RSI_LT_26,SPY
2010-11-15,14.244145428899046,1,-1.5579397952222962,RSI_LT_26,SPY
2010-11-16,11.060918146622399,1,0.05077653752052491,RSI_LT_26,SPY
2010-11-17,1.4999418257557267,1,1.4718303551030765,RSI_LT_26,SPY
2010-11-18,34.09087953483734,0,0.0,RSI_LT_26,SPY
2010-11-19,51.07918670835705,0,-0.0,RSI_LT_26,SPY
2010-11-22,51.951268529235534,0,-0.0,RSI_LT_26,SPY
2010-11-23,53.65230726656367,0,0.0,RSI_LT_26,SPY
2010-11-24,67.49111701812183,0,-0.0,RSI_LT_26,SPY
2010-11-26,39.097781022023426,0,0.0,RSI_LT_26,SPY
2010-11-29,39.439274993404496,0,-0.0,RSI_LT_26,SPY
2010-11-30,35.641867292482615,0,0.0,RSI_LT_26,SPY
2010-12-01,69.1045032755132,0,0.0,RSI_LT_26,SPY
2010-12-02,68.15385084885817,0,0.0,RSI_LT_26,SPY
2010-12-03,87.66105305161285,0,-0.0,RSI_LT_26,SPY
2010-12-06,84.61533947107802,0,0.0,RSI_LT_26,SPY
2010-12-07,97.17397181435355,0,0.0,RSI_LT_26,SPY
2010-12-08,94.86175066568961,0,0.0,RSI_LT_26,SPY
2010-12-09,91.09607294959893,0,0.0,RSI_LT_26,SPY
2010-12-10,92.97311564109648,0,0.0,RSI_LT_26,SPY
2010-12-13,100.0,0,0.0,RSI_LT_26,SPY
2010-12-14,100.0,0,-0.0,RSI_LT_26,SPY
2010-12-15,70.9183693329337,0,0.0,RSI_LT_26,SPY
2010-12-16,74.0908870223819,0,-0.0,RSI_LT_26,SPY
2010-12-17,45.499975204373186,0,0.0,RSI_LT_26,SPY
2010-12-20,50.90092412167201,0,0.0,RSI_LT_26,SPY
2010-12-21,62.413840276973914,0,0.0,RSI_LT_26,SPY
2010-12-22,80.88243131425045,0,-0.0,RSI_LT_26,SPY
2010-12-23,67.8899403645323,0,0.0,RSI_LT_26,SPY
2010-12-27,89.47366072822832,0,0.0,RSI_LT_26,SPY
2010-12-28,88.67925433650824,0,0.0,RSI_LT_26,SPY
2010-12-29,79.77523273955458,0,-0.0,RSI_LT_26,SPY
2010-12-30,45.714441416893735,0,0.0,RSI_LT_26,SPY
2010-12-31,63.63661584985227,0,0.0,RSI_LT_26,SPY
2011-01-03,88.8890301743321,0,-0.0,RSI_LT_26,SPY
2011-01-04,84.02381823024591,0,0.0,RSI_LT_26,SPY
2011-01-05,88.05321684412367,0,-0.0,RSI_LT_26,SPY
2011-01-06,86.14718471741486,0,-0.0,RSI_LT_26,SPY
2011-01-07,77.47035692315114,0,-0.0,RSI_LT_26,SPY
2011-01-10,47.48201043970822,0,0.0,RSI_LT_26,SPY
2011-01-11,62.711857100984496,0,0.0,RSI_LT_26,SPY
2011-01-12,70.7965647386082,0,-0.0,RSI_LT_26,SPY
2011-01-13,72.07196370884597,0,0.0,RSI_LT_26,SPY
2011-01-14,87.2413248796401,0,0.0,RSI_LT_26,SPY
2011-01-18,92.90521296475288,0,-0.0,RSI_LT_26,SPY
2011-01-19,60.846494636243456,0,-0.0,RSI_LT_26,SPY
2011-01-20,41.071486959270196,0,0.0,RSI_LT_26,SPY
2011-01-21,50.0,0,0.0,RSI_LT_26,SPY
2011-01-24,46.26872469923763,0,0.0,RSI_LT_26,SPY
2011-01-25,43.082879992280134,0,0.0,RSI_LT_26,SPY
2011-01-26,90.34098298119522,0,0.0,RSI_LT_26,SPY
2011-01-27,100.0,0,-0.0,RSI_LT_26,SPY
2011-01-28,41.645354128094894,0,0.0,RSI_LT_26,SPY
2011-01-31,44.902743622411194,0,0.0,RSI_LT_26,SPY
2011-02-01,62.84781707481532,0,-0.0,RSI_LT_26,SPY
2011-02-02,56.99663057686399,0,0.0,RSI_LT_26,SPY
2011-02-03,56.77524046325984,0,0.0,RSI_LT_26,SPY
2011-02-04,93.63866498936153,0,0.0,RSI_LT_26,SPY
2011-02-07,93.40370880337545,0,0.0,RSI_LT_26,SPY
2011-02-08,89.27039469806613,0,-0.0,RSI_LT_26,SPY
2011-02-09,87.39485561881315,0,0.0,RSI_LT_26,SPY
2011-02-10,85.98126176487365,0,0.0,RSI_LT_26,SPY
2011-02-11,88.28118946433574,0,0.0,RSI_LT_26,SPY
2011-02-14,85.43672780065776,0,-0.0,RSI_LT_26,SPY
2011-02-15,61.70185135584829,0,0.0,RSI_LT_26,SPY
2011-02-16,82.64469063097032,0,0.0,RSI_LT_26,SPY
2011-02-17,84.83755109235736,0,0.0,RSI_LT_26,SPY
2011-02-18,81.4159650532371,0,-0.0,RSI_LT_26,SPY
2011-02-22,32.758717077678426,0,-0.0,RSI_LT_26,SPY
2011-02-23,30.218780145974776,0,-0.0,RSI_LT_26,SPY
2011-02-24,15.88768387202579,1,1.0692807099899948,RSI_LT_26,SPY
2011-02-25,31.818247498056536,0,0.0,RSI_LT_26,SPY
2011-02-28,38.14430286822925,0,-0.0,RSI_LT_26,SPY
2011-03-01,41.57296628500727,0,0.0,RSI_LT_26,SPY
2011-03-02,51.97506582495321,0,0.0,RSI_LT_26,SPY
2011-03-03,68.19487497868582,0,-0.0,RSI_LT_26,SPY
2011-03-04,51.06382485326753,0,-0.0,RSI_LT_26,SPY
2011-03-07,37.35296625572764,0,0.0,RSI_LT_26,SPY
2011-03-08,64.39791970132322,0,-0.0,RSI_LT_26,SPY
2011-03-09,60.460900807306885,0,-0.0,RSI_LT_26,SPY
2011-03-10,19.725656675635207,1,0.6926226562834037,RSI_LT_26,SPY
2011-03-11,35.77659897422788,0,-0.0,RSI_LT_26,SPY
2011-03-14,37.408843978760196,0,-0.0,RSI_LT_26,SPY
2011-03-15,15.463833736651821,1,-1.8512735676844083,RSI_LT_26,SPY
2011-03-16,11.235897264938544,1,1.3235046480474688,RSI_LT_26,SPY
2011-03-17,35.54628348681844,0,-0.0,RSI_LT_26,SPY
2011-03-18,26.01247086981168,0,0.0,RSI_LT_26,SPY
2011-03-21,47.96322251162455,0,-0.0,RSI_LT_26,SPY
2011-03-22,55.55551684735654,0,0.0,RSI_LT_26,SPY
2011-03-23,88.15776044812453,0,0.0,RSI_LT_26,SPY
2011-03-24,86.9247721810581,0,0.0,RSI_LT_26,SPY
2011-03-25,89.86464775252036,0,-0.0,RSI_LT_26,SPY
2011-03-28,72.30174760692017,0,0.0,RSI_LT_26,SPY
2011-03-29,90.03099271766204,0,0.0,RSI_LT_26,SPY
2011-03-30,91.46650607704233,0,-0.0,RSI_LT_26,SPY
2011-03-31,81.41229990810805,0,0.0,RSI_LT_26,SPY
2011-04-01,82.45573645859545,0,0.0,RSI_LT_26,SPY
2011-04-04,93.18155546307855,0,-0.0,RSI_LT_26,SPY
2011-04-05,88.76420868551443,0,0.0,RSI_LT_26,SPY
2011-04-06,84.49627991152222,0,-0.0,RSI_LT_26,SPY
2011-04-07,75.17311051712163,0,-0.0,RSI_LT_26,SPY
2011-04-08,39.259435081889386,0,-0.0,RSI_LT_26,SPY
2011-04-11,25.609892257020036,1,-0.7473995492863095,RSI_LT_26,SPY
2011-04-12,16.091880104531455,1,-0.007602119679883668,RSI_LT_26,SPY
2011-04-13,0.0,1,0.07606179797647883,RSI_LT_26,SPY
2011-04-14,5.101595951732193,1,0.3648492979982709,RSI_LT_26,SPY
2011-04-15,29.292540073982735,0,-0.0,RSI_LT_26,SPY
2011-04-18,18.953919187788912,1,0.5744485401536714,RSI_LT_26,SPY
2011-04-19,47.16303230344678,0,0.0,RSI_LT_26,SPY
2011-04-20,67.82611580117094,0,0.0,RSI_LT_26,SPY
2011-04-21,71.42861351023342,0,-0.0,RSI_LT_26,SPY
2011-04-25,66.52900117908914,0,0.0,RSI_LT_26,SPY
2011-04-26,96.89579689207523,0,0.0,RSI_LT_26,SPY
2011-04-27,96.98277137792803,0,0.0,RSI_LT_26,SPY
2011-04-28,95.74469071901973,0,0.0,RSI_LT_26,SPY
2011-04-29,95.22185189042808,0,-0.0,RSI_LT_26,SPY
2011-05-02,93.00024922815567,0,-0.0,RSI_LT_26,SPY
2011-05-03,70.08555368624229,0,-0.0,RSI_LT_26,SPY
2011-05-04,32.20335695443025,0,-0.0,RSI_LT_26,SPY
2011-05-05,10.190881612580299,1,0.4415809708819829,RSI_LT_26,SPY
2011-05-06,17.30200423309782,1,0.38748456355144345,RSI_LT_26,SPY
2011-05-09,29.838716293263985,0,0.0,RSI_LT_26,SPY
2011-05-10,51.59817033447484,0,-0.0,RSI_LT_26,SPY
2011-05-11,46.028510073621504,0,0.0,RSI_LT_26,SPY
2011-05-12,66.97466257884906,0,-0.0,RSI_LT_26,SPY
2011-05-13,48.326321098633095,0,-0.0,RSI_LT_26,SPY
2011-05-16,35.02932323642531,0,-0.0,RSI_LT_26,SPY
2011-05-17,16.080403936618453,1,0.8935964990376855,RSI_LT_26,SPY
2011-05-18,48.93045837498215,0,0.0,RSI_LT_26,SPY
2011-05-19,44.15190980355414,0,-0.0,RSI_LT_26,SPY
2011-05-20,43.7681890153827,0,-0.0,RSI_LT_26,SPY
2011-05-23,36.38546331634642,0,-0.0,RSI_LT_26,SPY
2011-05-24,35.613160016122535,0,0.0,RSI_LT_26,SPY
2011-05-25,21.776407834907317,1,0.46076033927322513,RSI_LT_26,SPY
2011-05-26,27.77786748262193,0,0.0,RSI_LT_26,SPY
2011-05-27,48.4471107825576,0,0.0,RSI_LT_26,SPY
2011-05-31,96.40520594395133,0,-0.0,RSI_LT_26,SPY
2011-06-01,49.331087891198116,0,-0.0,RSI_LT_26,SPY
2011-06-02,44.19010111647199,0,-0.0,RSI_LT_26,SPY
2011-06-03,29.780517029840794,0,-0.0,RSI_LT_26,SPY
2011-06-06,19.172405374461206,1,-0.06198587757848539,RSI_LT_26,SPY
2011-06-07,0.0,1,-0.41874109553982075,RSI_LT_26,SPY
2011-06-08,0.0,1,0.7631176931258032,RSI_LT_26,SPY
2011-06-09,22.84375900323316,1,-1.3910320767118511,RSI_LT_26,SPY
2011-06-10,20.502040627399154,1,0.07836871106341459,RSI_LT_26,SPY
2011-06-13,30.857111716621247,0,0.0,RSI_LT_26,SPY
2011-06-14,53.57142857142857,0,-0.0,RSI_LT_26,SPY
2011-06-15,39.70588730280009,0,0.0,RSI_LT_26,SPY
2011-06-16,32.78702056927591,0,-0.0,RSI_LT_26,SPY
2011-06-17,43.956128716374266,0,0.0,RSI_LT_26,SPY
2011-06-20,50.0,0,0.0,RSI_LT_26,SPY
2011-06-21,51.242728020679564,0,-0.0,RSI_LT_26,SPY
2011-06-22,72.23722281744767,0,-0.0,RSI_LT_26,SPY
2011-06-23,63.15793700509163,0,-0.0,RSI_LT_26,SPY
2011-06-24,47.61898995158961,0,0.0,RSI_LT_26,SPY
2011-06-27,52.17396111776072,0,0.0,RSI_LT_26,SPY
2011-06-28,51.47062123439059,0,0.0,RSI_LT_26,SPY
2011-06-29,67.76431138484648,0,0.0,RSI_LT_26,SPY
2011-06-30,77.59393320560329,0,0.0,RSI_LT_26,SPY
2011-07-01,100.0,0,-0.0,RSI_LT_26,SPY
2011-07-05,98.19374915437695,0,0.0,RSI_LT_26,SPY
2011-07-06,97.59824090886376,0,0.0,RSI_LT_26,SPY
2011-07-07,97.73661323998053,0,-0.0,RSI_LT_26,SPY
2011-07-08,76.58631051752921,0,-0.0,RSI_LT_26,SPY
2011-07-11,30.69311118967117,0,-0.0,RSI_LT_26,SPY
2011-07-12,28.130677034870843,0,0.0,RSI_LT_26,SPY
2011-07-13,31.606202596362138,0,-0.0,RSI_LT_26,SPY
2011-07-14,8.286278329985606,1,0.5804703338730066,RSI_LT_26,SPY
2011-07-15,23.483531905998987,1,-0.8201092042163349,RSI_LT_26,SPY
2011-07-18,31.915005864043465,0,0.0,RSI_LT_26,SPY
2011-07-19,62.52352750167387,0,-0.0,RSI_LT_26,SPY
2011-07-20,58.181773344348414,0,0.0,RSI_LT_26,SPY
2011-07-21,80.27211413950326,0,0.0,RSI_LT_26,SPY
2011-07-22,77.7350831617576,0,-0.0,RSI_LT_26,SPY
2011-07-25,82.99178277509569,0,-0.0,RSI_LT_26,SPY
2011-07-26,59.202520032951405,0,-0.0,RSI_LT_26,SPY
2011-07-27,32.65662840353406,0,-0.0,RSI_LT_26,SPY
2011-07-28,2.0223910024516982,1,-0.6834582869800654,RSI_LT_26,SPY
2011-07-29,0.0,1,-0.42527104613845346,RSI_LT_26,SPY
2011-08-01,0.0,1,-2.5547452606873744,RSI_LT_26,SPY
2011-08-02,0.0,1,0.5418760990927529,RSI_LT_26,SPY
2011-08-03,11.744374812230205,1,-4.684153220642184,RSI_LT_26,SPY
2011-08-04,6.00706999565287,1,-0.14967595374884013,RSI_LT_26,SPY
2011-08-05,6.409050575476357,1,-6.512324763141231,RSI_LT_26,SPY
2011-08-08,3.8031342820580676,1,4.649920827872878,RSI_LT_26,SPY
2011-08-09,29.782949283198846,0,-0.0,RSI_LT_26,SPY
2011-08-10,21.46382107814766,1,4.488379084900718,RSI_LT_26,SPY
2011-08-11,43.752665814039965,0,0.0,RSI_LT_26,SPY
2011-08-12,45.92685232368286,0,0.0,RSI_LT_26,SPY
2011-08-15,72.3052245459616,0,-0.0,RSI_LT_26,SPY
2011-08-16,57.250829663273905,0,0.0,RSI_LT_26,SPY
2011-08-17,89.08892680234152,0,-0.0,RSI_LT_26,SPY
2011-08-18,35.25105562511921,0,-0.0,RSI_LT_26,SPY
2011-08-19,24.248121513802815,1,0.07990409070743887,RSI_LT_26,SPY
2011-08-22,2.0656813049491944,1,3.291048499950633,RSI_LT_26,SPY
2011-08-23,35.56373584261773,0,0.0,RSI_LT_26,SPY
2011-08-24,43.624714586030436,0,-0.0,RSI_LT_26,SPY
2011-08-25,59.7145721303746,0,0.0,RSI_LT_26,SPY
2011-08-26,79.84320881967477,0,0.0,RSI_LT_26,SPY
2011-08-29,85.28207230019008,0,0.0,RSI_LT_26,SPY
2011-08-30,79.63798366585338,0,0.0,RSI_LT_26,SPY
2011-08-31,76.74416312304214,0,-0.0,RSI_LT_26,SPY
2011-09-01,82.27148804869286,0,-0.0,RSI_LT_26,SPY
2011-09-02,49.30392860588348,0,-0.0,RSI_LT_26,SPY
2011-09-06,14.121511496074433,1,2.8207565706604543,RSI_LT_26,SPY
2011-09-07,42.337385517116076,0,-0.0,RSI_LT_26,SPY
2011-09-08,33.74234038154749,0,-0.0,RSI_LT_26,SPY
2011-09-09,28.399312435901976,0,0.0,RSI_LT_26,SPY
2011-09-12,43.64224412565802,0,0.0,RSI_LT_26,SPY
2011-09-13,53.951525636841026,0,0.0,RSI_LT_26,SPY
2011-09-14,44.11766427573504,0,0.0,RSI_LT_26,SPY
2011-09-15,63.84703382038842,0,0.0,RSI_LT_26,SPY
2011-09-16,100.0,0,-0.0,RSI_LT_26,SPY
2011-09-19,80.03301036389456,0,-0.0,RSI_LT_26,SPY
2011-09-20,73.68422618118112,0,-0.0,RSI_LT_26,SPY
2011-09-21,30.539715154549583,0,-0.0,RSI_LT_26,SPY
2011-09-22,1.028530472700254,1,0.6025166591337117,RSI_LT_26,SPY
2011-09-23,7.28052004064655,1,2.378013851039995,RSI_LT_26,SPY
2011-09-26,31.209594303382374,0,0.0,RSI_LT_26,SPY
2011-09-27,39.0325366055106,0,-0.0,RSI_LT_26,SPY
2011-09-28,43.13364943173308,0,0.0,RSI_LT_26,SPY
2011-09-29,69.96245461993419,0,-0.0,RSI_LT_26,SPY
2011-09-30,48.09011198240084,0,-0.0,RSI_LT_26,SPY
2011-10-03,20.596500009954468,1,2.1923005785722482,RSI_LT_26,SPY
2011-10-04,28.04052856736901,0,0.0,RSI_LT_26,SPY
2011-10-05,46.87499586079009,0,0.0,RSI_LT_26,SPY
2011-10-06,51.734995273746634,0,-0.0,RSI_LT_26,SPY
2011-10-07,62.12120336387019,0,0.0,RSI_LT_26,SPY
2011-10-10,93.04193717216911,0,0.0,RSI_LT_26,SPY
2011-10-11,91.25561727117372,0,0.0,RSI_LT_26,SPY
2011-10-12,90.11408314783621,0,-0.0,RSI_LT_26,SPY
2011-10-13,83.16836544562733,0,0.0,RSI_LT_26,SPY
2011-10-14,96.73027270421633,0,-0.0,RSI_LT_26,SPY
2011-10-17,55.59382661415813,0,0.0,RSI_LT_26,SPY
2011-10-18,67.91049308324588,0,-0.0,RSI_LT_26,SPY
2011-10-19,52.25116994667556,0,0.0,RSI_LT_26,SPY
2011-10-20,56.58648959719783,0,0.0,RSI_LT_26,SPY
2011-10-21,57.795105804709664,0,0.0,RSI_LT_26,SPY
2011-10-24,82.23034403318037,0,-0.0,RSI_LT_26,SPY
2011-10-25,52.84849224668561,0,0.0,RSI_LT_26,SPY
2011-10-26,69.6894882047598,0,0.0,RSI_LT_26,SPY
2011-10-27,79.40931057261065,0,-0.0,RSI_LT_26,SPY
2011-10-28,74.19022320581524,0,-0.0,RSI_LT_26,SPY
2011-10-31,50.04485262269809,0,-0.0,RSI_LT_26,SPY
2011-11-01,45.7002355675804,0,0.0,RSI_LT_26,SPY
2011-11-02,48.80306919534365,0,0.0,RSI_LT_26,SPY
2011-11-03,39.06248246922999,0,-0.0,RSI_LT_26,SPY
2011-11-04,36.57486226713773,0,0.0,RSI_LT_26,SPY
2011-11-07,54.08603500171046,0,0.0,RSI_LT_26,SPY
2011-11-08,89.62267352010636,0,-0.0,RSI_LT_26,SPY
2011-11-09,45.91135308058831,0,0.0,RSI_LT_26,SPY
2011-11-10,39.336991516600506,0,0.0,RSI_LT_26,SPY
2011-11-11,55.55556353777309,0,-0.0,RSI_LT_26,SPY
2011-11-14,46.37679556941993,0,0.0,RSI_LT_26,SPY
2011-11-15,41.035880188120785,0,-0.0,RSI_LT_26,SPY
2011-11-16,56.28413421050437,0,-0.0,RSI_LT_26,SPY
2011-11-17,36.408390631906215,0,-0.0,RSI_LT_26,SPY
2011-11-18,10.473009110158287,1,-1.9019508370035965,RSI_LT_26,SPY
2011-11-21,8.806856050466706,1,-0.3927805501580117,RSI_LT_26,SPY
2011-11-22,0.0,1,-2.2065650045652196,RSI_LT_26,SPY
2011-11-23,0.0,1,-0.18874504573709316,RSI_LT_26,SPY
2011-11-25,0.0,1,2.8966845905636918,RSI_LT_26,SPY
2011-11-28,37.40287562660886,0,0.0,RSI_LT_26,SPY
2011-11-29,52.773816578000904,0,0.0,RSI_LT_26,SPY
2011-11-30,75.21735467174054,0,-0.0,RSI_LT_26,SPY
2011-12-01,97.30036130206054,0,-0.0,RSI_LT_26,SPY
2011-12-02,98.51939326319156,0,0.0,RSI_LT_26,SPY
2011-12-05,98.07980328097936,0,0.0,RSI_LT_26,SPY
2011-12-06,97.99076689051749,0,0.0,RSI_LT_26,SPY
2011-12-07,93.50013732910156,0,-0.0,RSI_LT_26,SPY
2011-12-08,39.28569138841873,0,0.0,RSI_LT_26,SPY
2011-12-09,58.814812972880105,0,-0.0,RSI_LT_26,SPY
2011-12-12,36.09960607944048,0,-0.0,RSI_LT_26,SPY
2011-12-13,30.77848020883492,0,-0.0,RSI_LT_26,SPY
2011-12-14,22.850947321581273,1,0.3614280015830307,RSI_LT_26,SPY
2011-12-15,37.08034237535433,0,-0.0,RSI_LT_26,SPY
2011-12-16,8.239728199838254,1,-1.0691631396637868,RSI_LT_26,SPY
2011-12-19,9.166711701258535,1,3.0260199201466387,RSI_LT_26,SPY
2011-12-20,56.04393185950609,0,0.0,RSI_LT_26,SPY
2011-12-21,69.56522273289622,0,0.0,RSI_LT_26,SPY
2011-12-22,72.48907230050285,0,0.0,RSI_LT_26,SPY
2011-12-23,82.43247980270782,0,0.0,RSI_LT_26,SPY
2011-12-27,100.0,0,-0.0,RSI_LT_26,SPY
2011-12-28,60.66354138229652,0,0.0,RSI_LT_26,SPY
2011-12-29,68.50100398263334,0,-0.0,RSI_LT_26,SPY
2011-12-30,52.40086965524381,0,0.0,RSI_LT_26,SPY
2012-01-03,59.78836833167828,0,0.0,RSI_LT_26,SPY
2012-01-04,60.48526679756969,0,0.0,RSI_LT_26,SPY
2012-01-05,86.06734445454077,0,-0.0,RSI_LT_26,SPY
2012-01-06,72.77938090241344,0,0.0,RSI_LT_26,SPY
2012-01-09,89.62279994625823,0,0.0,RSI_LT_26,SPY
2012-01-10,85.58973060495612,0,0.0,RSI_LT_26,SPY
2012-01-11,84.72240864104212,0,0.0,RSI_LT_26,SPY
2012-01-12,84.50723900538,0,-0.0,RSI_LT_26,SPY
2012-01-13,72.87449767874297,0,0.0,RSI_LT_26,SPY
2012-01-17,74.81198910081744,0,0.0,RSI_LT_26,SPY
2012-01-18,77.51680773386177,0,0.0,RSI_LT_26,SPY
2012-01-19,81.3889713050481,0,0.0,RSI_LT_26,SPY
2012-01-20,82.27517499172473,0,-0.0,RSI_LT_26,SPY
2012-01-23,90.14502496693926,0,-0.0,RSI_LT_26,SPY
2012-01-24,84.19381672663553,0,0.0,RSI_LT_26,SPY
2012-01-25,82.31065426120871,0,-0.0,RSI_LT_26,SPY
2012-01-26,57.60876175522593,0,-0.0,RSI_LT_26,SPY
2012-01-27,47.21048874568589,0,-0.0,RSI_LT_26,SPY
2012-01-30,45.08182881299756,0,-0.0,RSI_LT_26,SPY
2012-01-31,47.008535861704694,0,0.0,RSI_LT_26,SPY
2012-02-01,48.11721892357786,0,0.0,RSI_LT_26,SPY
2012-02-02,70.83320087738818,0,0.0,RSI_LT_26,SPY
2012-02-03,86.55908906326269,0,-0.0,RSI_LT_26,SPY
2012-02-06,95.83376854572455,0,0.0,RSI_LT_26,SPY
2012-02-07,97.53433247632783,0,0.0,RSI_LT_26,SPY
2012-02-08,96.89667147231839,0,0.0,RSI_LT_26,SPY
2012-02-09,96.85327557047052,0,-0.0,RSI_LT_26,SPY
2012-02-10,45.50018310546875,0,0.0,RSI_LT_26,SPY
2012-02-13,65.63578207749987,0,-0.0,RSI_LT_26,SPY
2012-02-14,57.29942250611186,0,-0.0,RSI_LT_26,SPY
2012-02-15,39.39386155094995,0,0.0,RSI_LT_26,SPY
2012-02-16,58.041970478392315,0,0.0,RSI_LT_26,SPY
2012-02-17,78.08216314739954,0,0.0,RSI_LT_26,SPY
2012-02-21,70.47966532096868,0,-0.0,RSI_LT_26,SPY
2012-02-22,64.09384632715133,0,0.0,RSI_LT_26,SPY
2012-02-23,85.08472472223946,0,0.0,RSI_LT_26,SPY
2012-02-24,74.9997832551607,0,0.0,RSI_LT_26,SPY
2012-02-27,73.00606605257246,0,0.0,RSI_LT_26,SPY
2012-02-28,77.66486452992115,0,-0.0,RSI_LT_26,SPY
2012-02-29,73.91326782594594,0,0.0,RSI_LT_26,SPY
2012-03-01,75.22940917076721,0,-0.0,RSI_LT_26,SPY
2012-03-02,58.26101955789082,0,-0.0,RSI_LT_26,SPY
2012-03-05,42.20517759546989,0,-0.0,RSI_LT_26,SPY
2012-03-06,16.78474546923698,1,0.6975899379638273,RSI_LT_26,SPY
2012-03-07,35.63709706654889,0,0.0,RSI_LT_26,SPY
2012-03-08,43.45347362569272,0,0.0,RSI_LT_26,SPY
2012-03-09,52.4164454427881,0,0.0,RSI_LT_26,SPY
2012-03-12,58.59214820290707,0,0.0,RSI_LT_26,SPY
2012-03-13,100.0,0,-0.0,RSI_LT_26,SPY
2012-03-14,96.6815428968814,0,0.0,RSI_LT_26,SPY
2012-03-15,96.23130508792983,0,-0.0,RSI_LT_26,SPY
2012-03-16,85.27144620164574,0,0.0,RSI_LT_26,SPY
2012-03-19,87.0749758661375,0,-0.0,RSI_LT_26,SPY
2012-03-20,58.1197751607392,0,-0.0,RSI_LT_26,SPY
2012-03-21,56.198414850217844,0,-0.0,RSI_LT_26,SPY
2012-03-22,20.99239975539443,1,0.32327367680151653,RSI_LT_26,SPY
2012-03-23,37.73571868648192,0,0.0,RSI_LT_26,SPY
2012-03-26,59.35950871364305,0,-0.0,RSI_LT_26,SPY
2012-03-27,58.92412784515918,0,-0.0,RSI_LT_26,SPY
2012-03-28,52.850808947782305,0,-0.0,RSI_LT_26,SPY
2012-03-29,63.58834376082003,0,0.0,RSI_LT_26,SPY
2012-03-30,64.79591439537256,0,0.0,RSI_LT_26,SPY
2012-04-02,53.8460753343914,0,-0.0,RSI_LT_26,SPY
2012-04-03,51.43763893763893,0,-0.0,RSI_LT_26,SPY
2012-04-04,42.03654936395183,0,-0.0,RSI_LT_26,SPY
2012-04-05,43.989043700127574,0,-0.0,RSI_LT_26,SPY
2012-04-09,22.150540457173605,1,-1.6784888610399284,RSI_LT_26,SPY
2012-04-10,0.0,1,0.8094232177475291,RSI_LT_26,SPY
2012-04-11,17.02794056164568,1,1.3065644424327116,RSI_LT_26,SPY
2012-04-12,42.189734519582466,0,-0.0,RSI_LT_26,SPY
2012-04-13,34.282347574882166,0,-0.0,RSI_LT_26,SPY
2012-04-16,41.58274328997201,0,0.0,RSI_LT_26,SPY
2012-04-17,73.87397501311662,0,-0.0,RSI_LT_26,SPY
2012-04-18,63.3499586265534,0,-0.0,RSI_LT_26,SPY
2012-04-19,39.57120633910274,0,0.0,RSI_LT_26,SPY
2012-04-20,60.91643428834653,0,-0.0,RSI_LT_26,SPY
2012-04-23,47.280231882577525,0,0.0,RSI_LT_26,SPY
2012-04-24,22.93574984951215,1,1.3691682442935393,RSI_LT_26,SPY
2012-04-25,56.19659025330199,0,0.0,RSI_LT_26,SPY
2012-04-26,75.63022516284556,0,0.0,RSI_LT_26,SPY
2012-04-27,75.63022516284556,0,-0.0,RSI_LT_26,SPY
2012-04-30,87.3785688625194,0,0.0,RSI_LT_26,SPY
2012-05-01,88.36683768736324,0,-0.0,RSI_LT_26,SPY
2012-05-02,68.77078432962932,0,-0.0,RSI_LT_26,SPY
2012-05-03,35.36979069562061,0,-0.0,RSI_LT_26,SPY
2012-05-04,16.959200002379532,1,0.07299715585082911,RSI_LT_26,SPY
2012-05-07,20.5947336365639,1,-0.4011692394401023,RSI_LT_26,SPY
2012-05-08,2.2780357589744966,1,-0.5931875067675563,RSI_LT_26,SPY
2012-05-09,2.0921717534467916,1,0.2062757978236407,RSI_LT_26,SPY
2012-05-10,9.523918788170818,1,-0.3014289437075046,RSI_LT_26,SPY
2012-05-11,17.67457044917427,1,-1.1061131135232105,RSI_LT_26,SPY
2012-05-14,7.887282777355111,1,-0.5741587271318682,RSI_LT_26,SPY
2012-05-15,7.427014906646264,1,-0.38247676679364906,RSI_LT_26,SPY
2012-05-16,8.069126247746354,1,-1.4830995961354843,RSI_LT_26,SPY
2012-05-17,0.0,1,-0.8558727739291339,RSI_LT_26,SPY
2012-05-18,0.0,1,1.718818894035401,RSI_LT_26,SPY
2012-05-21,33.78786092288058,0,0.0,RSI_LT_26,SPY
2012-05-22,40.5940369686791,0,0.0,RSI_LT_26,SPY
2012-05-23,45.01781098633767,0,0.0,RSI_LT_26,SPY
2012-05-24,71.35553864465648,0,-0.0,RSI_LT_26,SPY
2012-05-25,86.6461319748845,0,0.0,RSI_LT_26,SPY
2012-05-29,83.39784490122955,0,-0.0,RSI_LT_26,SPY
2012-05-30,44.88367801734539,0,-0.0,RSI_LT_26,SPY
2012-05-31,41.15035733455764,0,-0.0,RSI_LT_26,SPY
2012-06-01,21.136007224262556,1,-0.04681457309562154,RSI_LT_26,SPY
2012-06-04,22.22215157950062,1,0.7572218380062168,RSI_LT_26,SPY
2012-06-05,14.764115558177394,1,2.2468379421407336,RSI_LT_26,SPY
2012-06-06,51.39446994336201,0,0.0,RSI_LT_26,SPY
2012-06-07,53.961765435470056,0,0.0,RSI_LT_26,SPY
2012-06-08,98.8142769260461,0,-0.0,RSI_LT_26,SPY
2012-06-11,74.73838827103614,0,0.0,RSI_LT_26,SPY
2012-06-12,76.6251253099773,0,-0.0,RSI_LT_26,SPY
2012-06-13,50.96531124438842,0,0.0,RSI_LT_26,SPY
2012-06-14,60.92308848005672,0,0.0,RSI_LT_26,SPY
2012-06-15,58.496705137890544,0,0.0,RSI_LT_26,SPY
2012-06-18,81.87641933615737,0,0.0,RSI_LT_26,SPY
2012-06-19,81.02690735694823,0,-0.0,RSI_LT_26,SPY
2012-06-20,94.2856689904999,0,-0.0,RSI_LT_26,SPY
2012-06-21,40.61930226353004,0,0.0,RSI_LT_26,SPY
2012-06-22,44.178141248399655,0,-0.0,RSI_LT_26,SPY
2012-06-25,30.051903592930344,0,0.0,RSI_LT_26,SPY
2012-06-26,23.72875511321267,1,0.9016536444378387,RSI_LT_26,SPY
2012-06-27,35.65216731998393,0,-0.0,RSI_LT_26,SPY
2012-06-28,53.24666868607373,0,0.0,RSI_LT_26,SPY
2012-06-29,67.18747826916237,0,0.0,RSI_LT_26,SPY
2012-07-02,93.61336003836497,0,0.0,RSI_LT_26,SPY
2012-07-03,93.86100490794219,0,-0.0,RSI_LT_26,SPY
2012-07-05,82.20621534885994,0,-0.0,RSI_LT_26,SPY
2012-07-06,70.64226819036598,0,-0.0,RSI_LT_26,SPY
2012-07-09,38.52940912477225,0,-0.0,RSI_LT_26,SPY
2012-07-10,21.582883865254715,1,0.014912980879655535,RSI_LT_26,SPY
2012-07-11,0.6080310183939872,1,-0.4845029349511143,RSI_LT_26,SPY
2012-07-12,0.602536997885835,1,1.677781128999567,RSI_LT_26,SPY
2012-07-13,53.051560793022546,0,-0.0,RSI_LT_26,SPY
2012-07-16,51.24698978603261,0,0.0,RSI_LT_26,SPY
2012-07-17,76.68248774905366,0,0.0,RSI_LT_26,SPY
2012-07-18,81.1648178435137,0,0.0,RSI_LT_26,SPY
2012-07-19,93.41550865603787,0,-0.0,RSI_LT_26,SPY
2012-07-20,59.27835456976561,0,-0.0,RSI_LT_26,SPY
2012-07-23,46.55874322003533,0,-0.0,RSI_LT_26,SPY
2012-07-24,26.498947822006315,0,0.0,RSI_LT_26,SPY
2012-07-25,9.30818617829037,1,1.6497397314995554,RSI_LT_26,SPY
2012-07-26,37.08613119508486,0,0.0,RSI_LT_26,SPY
2012-07-27,65.15767396882941,0,0.0,RSI_LT_26,SPY
2012-07-30,80.37220062067861,0,-0.0,RSI_LT_26,SPY
2012-07-31,83.04216184493085,0,-0.0,RSI_LT_26,SPY
2012-08-01,81.23924856144112,0,-0.0,RSI_LT_26,SPY
2012-08-02,55.16486243577877,0,0.0,RSI_LT_26,SPY
2012-08-03,57.05277292351974,0,0.0,RSI_LT_26,SPY
2012-08-06,59.362594607738835,0,0.0,RSI_LT_26,SPY
2012-08-07,77.47360237972097,0,0.0,RSI_LT_26,SPY
2012-08-08,80.20840949477545,0,0.0,RSI_LT_26,SPY
2012-08-09,100.0,0,0.0,RSI_LT_26,SPY
2012-08-10,100.0,0,-0.0,RSI_LT_26,SPY
2012-08-13,94.57423025514248,0,0.0,RSI_LT_26,SPY
2012-08-14,88.52532833020638,0,0.0,RSI_LT_26,SPY
2012-08-15,88.33418107833164,0,0.0,RSI_LT_26,SPY
2012-08-16,95.39522557070292,0,0.0,RSI_LT_26,SPY
2012-08-17,95.27074397888485,0,0.0,RSI_LT_26,SPY
2012-08-20,100.0,0,-0.0,RSI_LT_26,SPY
2012-08-21,76.50251809358636,0,0.0,RSI_LT_26,SPY
2012-08-22,75.14442709849266,0,-0.0,RSI_LT_26,SPY
2012-08-23,14.054419636597572,1,0.604287517842228,RSI_LT_26,SPY
2012-08-24,36.653555991902586,0,0.0,RSI_LT_26,SPY
2012-08-27,37.15404054111105,0,-0.0,RSI_LT_26,SPY
2012-08-28,41.96429179637741,0,0.0,RSI_LT_26,SPY
2012-08-29,43.23114134744164,0,-0.0,RSI_LT_26,SPY
2012-08-30,46.046514928921724,0,0.0,RSI_LT_26,SPY
2012-08-31,41.11692033616048,0,-0.0,RSI_LT_26,SPY
2012-09-04,37.681244886074644,0,-0.0,RSI_LT_26,SPY
2012-09-05,38.048947509453065,0,0.0,RSI_LT_26,SPY
2012-09-06,73.54182826189235,0,0.0,RSI_LT_26,SPY
2012-09-07,94.23962647577929,0,-0.0,RSI_LT_26,SPY
2012-09-10,76.16913106570107,0,0.0,RSI_LT_26,SPY
2012-09-11,80.25209006513822,0,0.0,RSI_LT_26,SPY
2012-09-12,83.9842644056684,0,0.0,RSI_LT_26,SPY
2012-09-13,81.61421323270302,0,0.0,RSI_LT_26,SPY
2012-09-14,81.97793353231161,0,-0.0,RSI_LT_26,SPY
2012-09-17,88.17969973089771,0,-0.0,RSI_LT_26,SPY
2012-09-18,84.30358329341595,0,0.0,RSI_LT_26,SPY
2012-09-19,82.53500906926165,0,0.0,RSI_LT_26,SPY
2012-09-20,54.41204519190854,0,-0.0,RSI_LT_26,SPY
2012-09-21,5.807074018290464,1,-0.1508200644871338,RSI_LT_26,SPY
2012-09-24,7.0873331491115295,1,-1.0641866515081033,RSI_LT_26,SPY
2012-09-25,3.3337477677057734,1,-0.5621185170533116,RSI_LT_26,SPY
2012-09-26,0.291827928288626,1,0.9421496034407895,RSI_LT_26,SPY
2012-09-27,28.301898863752683,0,-0.0,RSI_LT_26,SPY
2012-09-28,29.34791983175549,0,0.0,RSI_LT_26,SPY
2012-10-01,36.344694055495715,0,0.0,RSI_LT_26,SPY
2012-10-02,55.95226201396899,0,0.0,RSI_LT_26,SPY
2012-10-03,78.66247454843209,0,0.0,RSI_LT_26,SPY
2012-10-04,76.32516835879159,0,0.0,RSI_LT_26,SPY
2012-10-05,100.0,0,-0.0,RSI_LT_26,SPY
2012-10-08,78.16587485090986,0,-0.0,RSI_LT_26,SPY
2012-10-09,45.81001538664814,0,-0.0,RSI_LT_26,SPY
2012-10-10,26.85427284718591,0,0.0,RSI_LT_26,SPY
2012-10-11,3.050726474285028,1,-0.32784683224198474,RSI_LT_26,SPY
2012-10-12,2.3460922327924862,1,0.8328101662042897,RSI_LT_26,SPY
2012-10-15,30.975667850151467,0,0.0,RSI_LT_26,SPY
2012-10-16,66.26211075227401,0,0.0,RSI_LT_26,SPY
2012-10-17,87.82380449778431,0,-0.0,RSI_LT_26,SPY
2012-10-18,79.56747081198259,0,-0.0,RSI_LT_26,SPY
2012-10-19,54.084970579435534,0,0.0,RSI_LT_26,SPY
2012-10-22,43.23233755544801,0,-0.0,RSI_LT_26,SPY
2012-10-23,12.408879038141336,1,-0.2828411127587027,RSI_LT_26,SPY
2012-10-24,0.383223520745517,1,0.2907306700460577,RSI_LT_26,SPY
2012-10-25,8.19033668154762,1,-0.05655559386825715,RSI_LT_26,SPY
2012-10-26,14.827442871199096,1,0.0,RSI_LT_26,SPY
2012-10-31,14.235835161225381,1,1.047043271052428,RSI_LT_26,SPY
2012-11-01,79.74735703524382,0,-0.0,RSI_LT_26,SPY
2012-11-02,58.33329408717357,0,0.0,RSI_LT_26,SPY
2012-11-05,56.73099495285418,0,0.0,RSI_LT_26,SPY
2012-11-06,69.39755492232742,0,-0.0,RSI_LT_26,SPY
2012-11-07,38.9715720444672,0,-0.0,RSI_LT_26,SPY
2012-11-08,18.4453781512605,1,0.08693884512716021,RSI_LT_26,SPY
2012-11-09,23.602666957308784,1,0.07961827405607025,RSI_LT_26,SPY
2012-11-12,21.405850479089935,1,-0.34715482136115083,RSI_LT_26,SPY
2012-11-13,4.085426999485065,1,-1.349880761289468,RSI_LT_26,SPY
2012-11-14,5.411984346389971,1,-0.1692016037164401,RSI_LT_26,SPY
2012-11-15,8.214624363767157,1,0.4937348445194667,RSI_LT_26,SPY
2012-11-16,23.28350322939157,1,2.0239127846658933,RSI_LT_26,SPY
2012-11-19,57.16665352718728,0,0.0,RSI_LT_26,SPY
2012-11-20,62.54488078733138,0,0.0,RSI_LT_26,SPY
2012-11-21,94.2212066724686,0,0.0,RSI_LT_26,SPY
2012-11-23,100.0,0,-0.0,RSI_LT_26,SPY
2012-11-26,94.31813912626325,0,-0.0,RSI_LT_26,SPY
2012-11-27,68.51844002693831,0,0.0,RSI_LT_26,SPY
2012-11-28,76.33407797890683,0,0.0,RSI_LT_26,SPY
2012-11-29,78.34388920385518,0,0.0,RSI_LT_26,SPY
2012-11-30,64.08431029109938,0,-0.0,RSI_LT_26,SPY
2012-12-03,56.172763921332226,0,-0.0,RSI_LT_26,SPY
2012-12-04,66.91181832971496,0,0.0,RSI_LT_26,SPY
2012-12-05,51.086785255214174,0,0.0,RSI_LT_26,SPY
2012-12-06,45.78312145529419,0,0.0,RSI_LT_26,SPY
2012-12-07,56.31092412076679,0,0.0,RSI_LT_26,SPY
2012-12-10,85.91568970890062,0,0.0,RSI_LT_26,SPY
2012-12-11,100.0,0,0.0,RSI_LT_26,SPY
2012-12-12,100.0,0,-0.0,RSI_LT_26,SPY
2012-12-13,63.48573201385327,0,-0.0,RSI_LT_26,SPY
2012-12-14,43.82469877320754,0,0.0,RSI_LT_26,SPY
2012-12-17,65.77681319373201,0,0.0,RSI_LT_26,SPY
2012-12-18,70.31584290092324,0,-0.0,RSI_LT_26,SPY
2012-12-19,56.77084713075452,0,0.0,RSI_LT_26,SPY
2012-12-20,71.80380000534458,0,-0.0,RSI_LT_26,SPY
2012-12-21,54.593792858231325,0,-0.0,RSI_LT_26,SPY
2012-12-24,38.69425242671267,0,-0.0,RSI_LT_26,SPY
2012-12-26,15.719735283067934,1,-0.13404052303791492,RSI_LT_26,SPY
2012-12-27,18.90665026085928,1,-1.0808129455241011,RSI_LT_26,SPY
2012-12-28,0.0,1,1.6996392941227345,RSI_LT_26,SPY
2012-12-31,46.30360244021909,0,0.0,RSI_LT_26,SPY
2013-01-02,72.21550145643664,0,-0.0,RSI_LT_26,SPY
2013-01-03,74.628680851546,0,0.0,RSI_LT_26,SPY
2013-01-04,78.19459699260494,0,-0.0,RSI_LT_26,SPY
2013-01-07,90.13518473459995,0,-0.0,RSI_LT_26,SPY
2013-01-08,78.86035650673884,0,0.0,RSI_LT_26,SPY
2013-01-09,46.75925598875365,0,0.0,RSI_LT_26,SPY
2013-01-10,72.57542663509432,0,-0.0,RSI_LT_26,SPY
2013-01-11,64.83085915274401,0,-0.0,RSI_LT_26,SPY
2013-01-14,74.27187342597256,0,0.0,RSI_LT_26,SPY
2013-01-15,93.67814579990002,0,-0.0,RSI_LT_26,SPY
2013-01-16,90.64722929656625,0,0.0,RSI_LT_26,SPY
2013-01-17,88.98271113237557,0,0.0,RSI_LT_26,SPY
2013-01-18,91.99938965464625,0,0.0,RSI_LT_26,SPY
2013-01-22,99.09071993341657,0,0.0,RSI_LT_26,SPY
2013-01-23,99.1451152236003,0,0.0,RSI_LT_26,SPY
2013-01-24,100.0,0,0.0,RSI_LT_26,SPY
2013-01-25,100.0,0,-0.0,RSI_LT_26,SPY
2013-01-28,91.42888283378747,0,0.0,RSI_LT_26,SPY
2013-01-29,90.47649803813923,0,-0.0,RSI_LT_26,SPY
2013-01-30,65.62534059945503,0,-0.0,RSI_LT_26,SPY
2013-01-31,55.641910145048,0,0.0,RSI_LT_26,SPY
2013-02-01,65.13767889390255,0,-0.0,RSI_LT_26,SPY
2013-02-04,44.46752187666245,0,0.0,RSI_LT_26,SPY
2013-02-05,53.41503368402488,0,0.0,RSI_LT_26,SPY
2013-02-06,60.420532390388495,0,-0.0,RSI_LT_26,SPY
2013-02-07,62.45062029950485,0,0.0,RSI_LT_26,SPY
2013-02-08,56.42196697674093,0,-0.0,RSI_LT_26,SPY
2013-02-11,91.44998071381572,0,0.0,RSI_LT_26,SPY
2013-02-12,83.91630031157968,0,0.0,RSI_LT_26,SPY
2013-02-13,84.13802538252689,0,0.0,RSI_LT_26,SPY
2013-02-14,97.84178979954773,0,-0.0,RSI_LT_26,SPY
2013-02-15,71.23327759197325,0,0.0,RSI_LT_26,SPY
2013-02-19,90.2176887672596,0,-0.0,RSI_LT_26,SPY
2013-02-20,40.28555858310627,0,-0.0,RSI_LT_26,SPY
2013-02-21,29.836848076998308,0,0.0,RSI_LT_26,SPY
2013-02-22,46.44133234866092,0,-0.0,RSI_LT_26,SPY
2013-02-25,31.332533453010086,0,0.0,RSI_LT_26,SPY
2013-02-26,30.328909341307792,0,0.0,RSI_LT_26,SPY
2013-02-27,53.47989715691024,0,-0.0,RSI_LT_26,SPY
2013-02-28,57.85998210067163,0,0.0,RSI_LT_26,SPY
2013-03-01,51.66667437311866,0,0.0,RSI_LT_26,SPY
2013-03-04,93.36277061538098,0,0.0,RSI_LT_26,SPY
2013-03-05,93.83976688808121,0,0.0,RSI_LT_26,SPY
2013-03-06,90.59552281641635,0,0.0,RSI_LT_26,SPY
2013-03-07,100.0,0,0.0,RSI_LT_26,SPY
2013-03-08,100.0,0,0.0,RSI_LT_26,SPY
2013-03-11,100.0,0,-0.0,RSI_LT_26,SPY
2013-03-12,83.25338940359637,0,0.0,RSI_LT_26,SPY
2013-03-13,83.33309113103628,0,0.0,RSI_LT_26,SPY
2013-03-14,86.79226813918271,0,-0.0,RSI_LT_26,SPY
2013-03-15,56.74739570958664,0,-0.0,RSI_LT_26,SPY
2013-03-18,33.227906168213465,0,-0.0,RSI_LT_26,SPY
2013-03-19,33.1231437937126,0,0.0,RSI_LT_26,SPY
2013-03-20,47.39464617015638,0,-0.0,RSI_LT_26,SPY
2013-03-21,23.84110644776642,1,0.8033204769765323,RSI_LT_26,SPY
2013-03-22,47.638652592265345,0,-0.0,RSI_LT_26,SPY
2013-03-25,49.78536275495336,0,0.0,RSI_LT_26,SPY
2013-03-26,64.25988305317694,0,0.0,RSI_LT_26,SPY
2013-03-27,55.60535355055904,0,0.0,RSI_LT_26,SPY
2013-03-28,81.9942853761423,0,-0.0,RSI_LT_26,SPY
2013-04-01,57.52501875449725,0,0.0,RSI_LT_26,SPY
2013-04-02,80.06446959772737,0,-0.0,RSI_LT_26,SPY
2013-04-03,36.127097528169166,0,0.0,RSI_LT_26,SPY
2013-04-04,45.965759225198944,0,-0.0,RSI_LT_26,SPY
2013-04-05,32.48271442783252,0,0.0,RSI_LT_26,SPY
2013-04-08,51.68779495367657,0,0.0,RSI_LT_26,SPY
2013-04-09,49.223867265739194,0,0.0,RSI_LT_26,SPY
2013-04-10,85.53724219247528,0,0.0,RSI_LT_26,SPY
2013-04-11,85.20089681758795,0,-0.0,RSI_LT_26,SPY
2013-04-12,91.17648074181221,0,-0.0,RSI_LT_26,SPY
2013-04-15,42.26942464650487,0,0.0,RSI_LT_26,SPY
2013-04-16,53.7500130046227,0,-0.0,RSI_LT_26,SPY
2013-04-17,30.61008407272341,0,-0.0,RSI_LT_26,SPY
2013-04-18,23.77989361651558,1,0.8693371890467372,RSI_LT_26,SPY
2013-04-19,34.3100096340781,0,0.0,RSI_LT_26,SPY
2013-04-22,56.917005582818504,0,0.0,RSI_LT_26,SPY
2013-04-23,52.67724255499566,0,0.0,RSI_LT_26,SPY
2013-04-24,79.40552360897384,0,0.0,RSI_LT_26,SPY
2013-04-25,100.0,0,-0.0,RSI_LT_26,SPY
2013-04-26,91.56632043386341,0,0.0,RSI_LT_26,SPY
2013-04-29,92.41196222108275,0,0.0,RSI_LT_26,SPY
2013-04-30,88.61789626468509,0,-0.0,RSI_LT_26,SPY
2013-05-01,55.31909712922155,0,0.0,RSI_LT_26,SPY
2013-05-02,63.39870150161731,0,0.0,RSI_LT_26,SPY
2013-05-03,76.39124404634778,0,0.0,RSI_LT_26,SPY
2013-05-06,73.48488132497565,0,0.0,RSI_LT_26,SPY
2013-05-07,75.52458745258306,0,0.0,RSI_LT_26,SPY
2013-05-08,100.0,0,-0.0,RSI_LT_26,SPY
2013-05-09,88.64215206088464,0,0.0,RSI_LT_26,SPY
2013-05-10,84.45970327755612,0,0.0,RSI_LT_26,SPY
2013-05-13,82.83599510348165,0,0.0,RSI_LT_26,SPY
2013-05-14,87.04239397208694,0,0.0,RSI_LT_26,SPY
2013-05-15,87.56773698666292,0,-0.0,RSI_LT_26,SPY
2013-05-16,80.5969922643042,0,0.0,RSI_LT_26,SPY
2013-05-17,84.67584792762112,0,-0.0,RSI_LT_26,SPY
2013-05-20,84.10450854274443,0,0.0,RSI_LT_26,SPY
2013-05-21,77.55669995838537,0,-0.0,RSI_LT_26,SPY
2013-05-22,47.545204356020285,0,-0.0,RSI_LT_26,SPY
2013-05-23,51.54061504925951,0,-0.0,RSI_LT_26,SPY
2013-05-24,11.374582375146431,1,0.5988781729992843,RSI_LT_26,SPY
2013-05-28,39.80603139644555,0,-0.0,RSI_LT_26,SPY
2013-05-29,25.190928609977604,1,0.3692050634576116,RSI_LT_26,SPY
2013-05-30,48.48498860215749,0,-0.0,RSI_LT_26,SPY
2013-05-31,30.769275913471134,0,0.0,RSI_LT_26,SPY
2013-06-03,41.94641010148594,0,-0.0,RSI_LT_26,SPY
2013-06-04,26.215333426934293,0,-0.0,RSI_LT_26,SPY
2013-06-05,21.664364353626524,1,0.9053087470696219,RSI_LT_26,SPY
2013-06-06,30.179007672314896,0,0.0,RSI_LT_26,SPY
2013-06-07,58.98804492701798,0,0.0,RSI_LT_26,SPY
2013-06-10,53.40391003548073,0,-0.0,RSI_LT_26,SPY
2013-06-11,46.94154170809407,0,-0.0,RSI_LT_26,SPY
2013-06-12,53.647382932886856,0,0.0,RSI_LT_26,SPY
2013-06-13,59.76258344002384,0,-0.0,RSI_LT_26,SPY
2013-06-14,37.614644651160624,0,0.0,RSI_LT_26,SPY
2013-06-17,47.692313711527966,0,0.0,RSI_LT_26,SPY
2013-06-18,67.83773808222793,0,-0.0,RSI_LT_26,SPY
2013-06-19,60.191776761750035,0,-0.0,RSI_LT_26,SPY
2013-06-20,25.780492489723798,1,-0.20701793281115988,RSI_LT_26,SPY
2013-06-21,27.735750490165273,0,-0.0,RSI_LT_26,SPY
2013-06-24,13.026068343398833,1,0.9614222520675009,RSI_LT_26,SPY
2013-06-25,14.818519555624093,1,0.9900939603411985,RSI_LT_26,SPY
2013-06-26,32.52377438263946,0,0.0,RSI_LT_26,SPY
2013-06-27,63.207608281011204,0,-0.0,RSI_LT_26,SPY
2013-06-28,60.08959097886355,0,0.0,RSI_LT_26,SPY
2013-07-01,88.25618427804612,0,-0.0,RSI_LT_26,SPY
2013-07-02,80.98594828481677,0,0.0,RSI_LT_26,SPY
2013-07-03,70.65220395955308,0,0.0,RSI_LT_26,SPY
2013-07-05,77.24724398648996,0,0.0,RSI_LT_26,SPY
2013-07-08,96.08369654425064,0,0.0,RSI_LT_26,SPY
2013-07-09,96.31463909331873,0,0.0,RSI_LT_26,SPY
2013-07-10,100.0,0,0.0,RSI_LT_26,SPY
2013-07-11,100.0,0,0.0,RSI_LT_26,SPY
2013-07-12,100.0,0,0.0,RSI_LT_26,SPY
2013-07-15,100.0,0,-0.0,RSI_LT_26,SPY
2013-07-16,82.73990928283271,0,0.0,RSI_LT_26,SPY
2013-07-17,84.32851400439547,0,0.0,RSI_LT_26,SPY
2013-07-18,76.58006693516366,0,0.0,RSI_LT_26,SPY
2013-07-19,78.4248866035409,0,0.0,RSI_LT_26,SPY
2013-07-22,75.86233104157897,0,-0.0,RSI_LT_26,SPY
2013-07-23,84.6153344549213,0,-0.0,RSI_LT_26,SPY
2013-07-24,61.26497231704523,0,0.0,RSI_LT_26,SPY
2013-07-25,51.48509616110952,0,0.0,RSI_LT_26,SPY
2013-07-26,48.42111180712829,0,-0.0,RSI_LT_26,SPY
2013-07-29,28.2295393151785,0,0.0,RSI_LT_26,SPY
2013-07-30,34.10391878423313,0,0.0,RSI_LT_26,SPY
2013-07-31,57.72360749286689,0,0.0,RSI_LT_26,SPY
2013-08-01,81.22741494799929,0,0.0,RSI_LT_26,SPY
2013-08-02,81.94432670707414,0,-0.0,RSI_LT_26,SPY
2013-08-05,90.42145817865057,0,-0.0,RSI_LT_26,SPY
2013-08-06,65.921771041561,0,-0.0,RSI_LT_26,SPY
2013-08-07,55.860182116370304,0,0.0,RSI_LT_26,SPY
2013-08-08,33.95525999646999,0,-0.0,RSI_LT_26,SPY
2013-08-09,21.52798749635751,1,-0.11812471273172642,RSI_LT_26,SPY
2013-08-12,21.90836155024047,1,0.2956655420704779,RSI_LT_26,SPY
2013-08-13,47.457747662705444,0,-0.0,RSI_LT_26,SPY
2013-08-14,41.791308209545825,0,-0.0,RSI_LT_26,SPY
2013-08-15,11.31222188083639,1,-0.330570402462238,RSI_LT_26,SPY
2013-08-16,11.160724929411003,1,-0.6392073490258166,RSI_LT_26,SPY
2013-08-19,9.363302301392721,1,0.49159284917803525,RSI_LT_26,SPY
2013-08-20,14.336255462112248,1,-0.616019000592638,RSI_LT_26,SPY
2013-08-21,13.965467800025792,1,0.9115216469700593,RSI_LT_26,SPY
2013-08-22,46.76106107219196,0,0.0,RSI_LT_26,SPY
2013-08-23,57.97973508259788,0,-0.0,RSI_LT_26,SPY
2013-08-26,63.63633287883966,0,-0.0,RSI_LT_26,SPY
2013-08-27,32.339075944273034,0,0.0,RSI_LT_26,SPY
2013-08-28,44.51943761128895,0,0.0,RSI_LT_26,SPY
2013-08-29,29.850697709223297,0,-0.0,RSI_LT_26,SPY
2013-08-30,18.06446108511463,1,0.452187913695945,RSI_LT_26,SPY
2013-09-03,33.12369844565221,0,0.0,RSI_LT_26,SPY
2013-09-04,84.97100394699125,0,0.0,RSI_LT_26,SPY
2013-09-05,83.17144592532604,0,0.0,RSI_LT_26,SPY
2013-09-06,82.13045986052121,0,0.0,RSI_LT_26,SPY
2013-09-09,100.0,0,0.0,RSI_LT_26,SPY
2013-09-10,100.0,0,0.0,RSI_LT_26,SPY
2013-09-11,100.0,0,-0.0,RSI_LT_26,SPY
2013-09-12,88.43190786634972,0,0.0,RSI_LT_26,SPY
2013-09-13,89.26022229020087,0,0.0,RSI_LT_26,SPY
2013-09-16,87.43020569606765,0,0.0,RSI_LT_26,SPY
2013-09-17,85.48399799175043,0,0.0,RSI_LT_26,SPY
2013-09-18,90.10996381489592,0,-0.0,RSI_LT_26,SPY
2013-09-19,93.39390484664794,0,-0.0,RSI_LT_26,SPY
2013-09-20,61.48759246695402,0,-0.0,RSI_LT_26,SPY
2013-09-23,46.7576462991027,0,-0.0,RSI_LT_26,SPY
2013-09-24,35.99992231889205,0,-0.0,RSI_LT_26,SPY
2013-09-25,0.0,1,0.3845298042417511,RSI_LT_26,SPY
2013-09-26,14.874316062194254,1,-0.4596610101212151,RSI_LT_26,SPY
2013-09-27,20.900509277885178,1,-0.5328335419812258,RSI_LT_26,SPY
2013-09-30,20.18651641733048,1,0.7916206621866095,RSI_LT_26,SPY
2013-10-01,47.71082742594935,0,-0.0,RSI_LT_26,SPY
2013-10-02,51.83244191109212,0,-0.0,RSI_LT_26,SPY
2013-10-03,28.118366635912594,0,0.0,RSI_LT_26,SPY
2013-10-04,49.80838879973341,0,-0.0,RSI_LT_26,SPY
2013-10-07,44.98269530806576,0,-0.0,RSI_LT_26,SPY
2013-10-08,19.843788370435178,1,0.07252258827354918,RSI_LT_26,SPY
2013-10-09,21.85552170053502,1,2.1557922305860844,RSI_LT_26,SPY
2013-10-10,59.259266011226224,0,0.0,RSI_LT_26,SPY
2013-10-11,58.36382606103514,0,0.0,RSI_LT_26,SPY
2013-10-14,73.68426471617843,0,-0.0,RSI_LT_26,SPY
2013-10-15,81.49248904557587,0,0.0,RSI_LT_26,SPY
2013-10-16,86.14520891725826,0,0.0,RSI_LT_26,SPY
2013-10-17,81.0106764559494,0,0.0,RSI_LT_26,SPY
2013-10-18,81.24050656287945,0,0.0,RSI_LT_26,SPY
2013-10-21,79.12449522713494,0,0.0,RSI_LT_26,SPY
2013-10-22,100.0,0,-0.0,RSI_LT_26,SPY
2013-10-23,79.90435861867562,0,0.0,RSI_LT_26,SPY
2013-10-24,76.73130896425795,0,0.0,RSI_LT_26,SPY
2013-10-25,74.07410895938513,0,0.0,RSI_LT_26,SPY
2013-10-28,76.06844294899383,0,0.0,RSI_LT_26,SPY
2013-10-29,75.58141082224775,0,-0.0,RSI_LT_26,SPY
2013-10-30,74.7124723214873,0,-0.0,RSI_LT_26,SPY
2013-10-31,59.41173038689901,0,0.0,RSI_LT_26,SPY
2013-11-01,54.30476960388035,0,0.0,RSI_LT_26,SPY
2013-11-04,58.9286200851945,0,-0.0,RSI_LT_26,SPY
2013-11-05,34.89948693791027,0,0.0,RSI_LT_26,SPY
2013-11-06,64.666748046875,0,-0.0,RSI_LT_26,SPY
2013-11-07,40.928274117067616,0,0.0,RSI_LT_26,SPY
2013-11-08,58.083740691671615,0,0.0,RSI_LT_26,SPY
2013-11-11,54.023025944903104,0,-0.0,RSI_LT_26,SPY
2013-11-12,55.85739155665167,0,0.0,RSI_LT_26,SPY
2013-11-13,59.43840204529061,0,0.0,RSI_LT_26,SPY
2013-11-14,92.88538145368246,0,0.0,RSI_LT_26,SPY
2013-11-15,89.6551875334333,0,-0.0,RSI_LT_26,SPY
2013-11-18,75.73517037103524,0,-0.0,RSI_LT_26,SPY
2013-11-19,75.18238148452032,0,-0.0,RSI_LT_26,SPY
2013-11-20,51.38455904447115,0,0.0,RSI_LT_26,SPY
2013-11-21,58.421037837751015,0,0.0,RSI_LT_26,SPY
2013-11-22,59.69381201318796,0,-0.0,RSI_LT_26,SPY
2013-11-25,67.43532577866311,0,0.0,RSI_LT_26,SPY
2013-11-26,76.35794584791786,0,0.0,RSI_LT_26,SPY
2013-11-27,94.02013565714634,0,-0.0,RSI_LT_26,SPY
2013-11-29,82.24894811925529,0,-0.0,RSI_LT_26,SPY
2013-12-02,38.88875432944995,0,-0.0,RSI_LT_26,SPY
2013-12-03,26.343768458357943,0,-0.0,RSI_LT_26,SPY
2013-12-04,24.043825199489703,1,-0.4395444861248432,RSI_LT_26,SPY
2013-12-05,0.0,1,1.1176930662303297,RSI_LT_26,SPY
2013-12-06,49.26111336610593,0,0.0,RSI_LT_26,SPY
2013-12-09,60.740712832491894,0,-0.0,RSI_LT_26,SPY
2013-12-10,62.755157648890616,0,-0.0,RSI_LT_26,SPY
2013-12-11,41.48399364943763,0,-0.0,RSI_LT_26,SPY
2013-12-12,42.93193438432041,0,-0.0,RSI_LT_26,SPY
2013-12-13,12.266488714553674,1,0.6232107161573186,RSI_LT_26,SPY
2013-12-16,25.22732159329722,1,-0.3180489456178548,RSI_LT_26,SPY
2013-12-17,25.694415010101864,1,1.707250577083741,RSI_LT_26,SPY
2013-12-18,77.90252112366164,0,-0.0,RSI_LT_26,SPY
2013-12-19,83.8709280469084,0,0.0,RSI_LT_26,SPY
2013-12-20,84.43114501956843,0,0.0,RSI_LT_26,SPY
2013-12-23,83.98358190249405,0,0.0,RSI_LT_26,SPY
2013-12-24,95.53207929406723,0,0.0,RSI_LT_26,SPY
2013-12-26,91.86075395370294,0,-0.0,RSI_LT_26,SPY
2013-12-27,99.58006090719667,0,-0.0,RSI_LT_26,SPY
2013-12-30,98.29088253322378,0,0.0,RSI_LT_26,SPY
2013-12-31,98.21457765667574,0,-0.0,RSI_LT_26,SPY
2014-01-02,49.86157195088446,0,-0.0,RSI_LT_26,SPY
2014-01-03,32.1032420806072,0,-0.0,RSI_LT_26,SPY
2014-01-06,26.93486897737634,0,0.0,RSI_LT_26,SPY
2014-01-07,46.0646733659467,0,0.0,RSI_LT_26,SPY
2014-01-08,33.237874965569404,0,0.0,RSI_LT_26,SPY
2014-01-09,69.56528950292737,0,0.0,RSI_LT_26,SPY
2014-01-10,77.0563056517029,0,-0.0,RSI_LT_26,SPY
2014-01-13,42.080391895157945,0,0.0,RSI_LT_26,SPY
2014-01-14,51.86643004035037,0,0.0,RSI_LT_26,SPY
2014-01-15,59.437091530099515,0,-0.0,RSI_LT_26,SPY
2014-01-16,56.33115515900343,0,-0.0,RSI_LT_26,SPY
2014-01-17,46.11801389402254,0,0.0,RSI_LT_26,SPY
2014-01-21,77.48334332621481,0,0.0,RSI_LT_26,SPY
2014-01-22,61.797784915019825,0,-0.0,RSI_LT_26,SPY
2014-01-23,20.689655172413794,1,-2.133592669036022,RSI_LT_26,SPY
2014-01-24,9.635081372710616,1,-0.4919251416037662,RSI_LT_26,SPY
2014-01-27,9.496438890303764,1,0.5954793832332328,RSI_LT_26,SPY
2014-01-28,15.79676278096889,1,-0.960518875497085,RSI_LT_26,SPY
2014-01-29,11.68699204088739,1,1.060044860063969,RSI_LT_26,SPY
2014-01-30,31.14408560437073,0,-0.0,RSI_LT_26,SPY
2014-01-31,44.61300861575936,0,-0.0,RSI_LT_26,SPY
2014-02-03,30.246934898981166,0,0.0,RSI_LT_26,SPY
2014-02-04,31.376458505471078,0,-0.0,RSI_LT_26,SPY
2014-02-05,36.9927766478329,0,0.0,RSI_LT_26,SPY
2014-02-06,40.06810167448369,0,0.0,RSI_LT_26,SPY
2014-02-07,57.53012694220345,0,0.0,RSI_LT_26,SPY
2014-02-10,96.49679516772522,0,0.0,RSI_LT_26,SPY
2014-02-11,96.87053685768736,0,0.0,RSI_LT_26,SPY
2014-02-12,100.0,0,0.0,RSI_LT_26,SPY
2014-02-13,100.0,0,0.0,RSI_LT_26,SPY
2014-02-14,100.0,0,0.0,RSI_LT_26,SPY
2014-02-18,100.0,0,-0.0,RSI_LT_26,SPY
2014-02-19,64.94260433383319,0,0.0,RSI_LT_26,SPY
2014-02-20,72.70691526766025,0,-0.0,RSI_LT_26,SPY
2014-02-21,61.764705882352935,0,0.0,RSI_LT_26,SPY
2014-02-24,61.86661024328514,0,-0.0,RSI_LT_26,SPY
2014-02-25,58.33315672802641,0,0.0,RSI_LT_26,SPY
2014-02-26,88.28407806784011,0,0.0,RSI_LT_26,SPY
2014-02-27,87.71884034693223,0,0.0,RSI_LT_26,SPY
2014-02-28,97.24381540531773,0,-0.0,RSI_LT_26,SPY
2014-03-03,51.23660812974815,0,0.0,RSI_LT_26,SPY
2014-03-04,75.5597498242108,0,0.0,RSI_LT_26,SPY
2014-03-05,76.26811293737802,0,0.0,RSI_LT_26,SPY
2014-03-06,73.69472497303657,0,0.0,RSI_LT_26,SPY
2014-03-07,71.45972540806488,0,-0.0,RSI_LT_26,SPY
2014-03-10,97.04168190293034,0,-0.0,RSI_LT_26,SPY
2014-03-11,39.765852265629185,0,0.0,RSI_LT_26,SPY
2014-03-12,35.220053357900994,0,-0.0,RSI_LT_26,SPY
2014-03-13,3.9878678948550856,1,-0.2808019409430984,RSI_LT_26,SPY
2014-03-14,1.3514349459549777,1,0.9043637689951867,RSI_LT_26,SPY
2014-03-17,32.63756786102064,0,0.0,RSI_LT_26,SPY
2014-03-18,53.791958319541216,0,-0.0,RSI_LT_26,SPY
2014-03-19,45.31725396913204,0,0.0,RSI_LT_26,SPY
2014-03-20,72.90565093456928,0,-0.0,RSI_LT_26,SPY
2014-03-21,61.59633605187989,0,-0.0,RSI_LT_26,SPY
2014-03-24,42.160206498536596,0,0.0,RSI_LT_26,SPY
2014-03-25,37.2400385363124,0,-0.0,RSI_LT_26,SPY
2014-03-26,34.99111034019211,0,-0.0,RSI_LT_26,SPY
2014-03-27,17.84996889440501,1,0.49301313960452564,RSI_LT_26,SPY
2014-03-28,41.725057798328294,0,0.0,RSI_LT_26,SPY
2014-03-31,65.67464222027786,0,0.0,RSI_LT_26,SPY
2014-04-01,67.96300587181472,0,0.0,RSI_LT_26,SPY
2014-04-02,91.68445231061543,0,-0.0,RSI_LT_26,SPY
2014-04-03,94.5054981907448,0,-0.0,RSI_LT_26,SPY
2014-04-04,57.75116520274398,0,-0.0,RSI_LT_26,SPY
2014-04-07,29.173242685443725,0,0.0,RSI_LT_26,SPY
2014-04-08,23.440290250366672,1,1.0750892321754524,RSI_LT_26,SPY
2014-04-09,37.72286387669072,0,-0.0,RSI_LT_26,SPY
2014-04-10,25.068365487599635,1,-0.9008566948477181,RSI_LT_26,SPY
2014-04-11,26.467759013920897,0,0.0,RSI_LT_26,SPY
2014-04-14,42.8279072966956,0,0.0,RSI_LT_26,SPY
2014-04-15,45.61398812312332,0,0.0,RSI_LT_26,SPY
2014-04-16,45.29416516572222,0,0.0,RSI_LT_26,SPY
2014-04-17,74.73192024320541,0,0.0,RSI_LT_26,SPY
2014-04-21,100.0,0,0.0,RSI_LT_26,SPY
2014-04-22,100.0,0,-0.0,RSI_LT_26,SPY
2014-04-23,89.3462004551769,0,0.0,RSI_LT_26,SPY
2014-04-24,82.94565390961836,0,-0.0,RSI_LT_26,SPY
2014-04-25,48.70458947701308,0,0.0,RSI_LT_26,SPY
2014-04-28,47.894908026453685,0,0.0,RSI_LT_26,SPY
2014-04-29,48.16755808890789,0,0.0,RSI_LT_26,SPY
2014-04-30,60.91366430040315,0,0.0,RSI_LT_26,SPY
2014-05-01,56.98320688773335,0,-0.0,RSI_LT_26,SPY
2014-05-02,88.31156821169306,0,0.0,RSI_LT_26,SPY
2014-05-05,87.01903678978836,0,-0.0,RSI_LT_26,SPY
2014-05-06,32.98247116898135,0,0.0,RSI_LT_26,SPY
2014-05-07,43.65795254041986,0,-0.0,RSI_LT_26,SPY
2014-05-08,40.896287906310775,0,0.0,RSI_LT_26,SPY
2014-05-09,48.60349244100059,0,0.0,RSI_LT_26,SPY
2014-05-12,63.56425890898542,0,0.0,RSI_LT_26,SPY
2014-05-13,94.41311732538861,0,-0.0,RSI_LT_26,SPY
2014-05-14,67.45533013714709,0,-0.0,RSI_LT_26,SPY
2014-05-15,47.10746667675507,0,0.0,RSI_LT_26,SPY
2014-05-16,50.86368482093696,0,0.0,RSI_LT_26,SPY
2014-05-19,37.10100699573358,0,-0.0,RSI_LT_26,SPY
2014-05-20,26.326218598237304,0,0.0,RSI_LT_26,SPY
2014-05-21,50.60664720318186,0,0.0,RSI_LT_26,SPY
2014-05-22,73.96060100166945,0,0.0,RSI_LT_26,SPY
2014-05-23,74.57264051592878,0,0.0,RSI_LT_26,SPY
2014-05-27,76.93795354944021,0,-0.0,RSI_LT_26,SPY
2014-05-28,96.59368932219058,0,0.0,RSI_LT_26,SPY
2014-05-29,96.02273219874635,0,0.0,RSI_LT_26,SPY
2014-05-30,95.84570942152352,0,0.0,RSI_LT_26,SPY
2014-06-02,95.0530016283308,0,-0.0,RSI_LT_26,SPY
2014-06-03,86.364030448579,0,0.0,RSI_LT_26,SPY
2014-06-04,95.02527974735436,0,0.0,RSI_LT_26,SPY
2014-06-05,95.61440493638779,0,0.0,RSI_LT_26,SPY
2014-06-06,96.55203258021405,0,0.0,RSI_LT_26,SPY
2014-06-09,96.52808316069999,0,0.0,RSI_LT_26,SPY
2014-06-10,100.0,0,-0.0,RSI_LT_26,SPY
2014-06-11,77.99335331618167,0,-0.0,RSI_LT_26,SPY
2014-06-12,35.82558515391783,0,0.0,RSI_LT_26,SPY
2014-06-13,28.22319102557286,0,0.0,RSI_LT_26,SPY
2014-06-16,27.208467228848107,0,0.0,RSI_LT_26,SPY
2014-06-17,38.507472204129414,0,0.0,RSI_LT_26,SPY
2014-06-18,66.34139442794512,0,0.0,RSI_LT_26,SPY
2014-06-19,100.0,0,-0.0,RSI_LT_26,SPY
2014-06-20,81.31500860621549,0,-0.0,RSI_LT_26,SPY
2014-06-23,78.49490005195658,0,-0.0,RSI_LT_26,SPY
2014-06-24,48.104881043472076,0,0.0,RSI_LT_26,SPY
2014-06-25,38.19459161615733,0,-0.0,RSI_LT_26,SPY
2014-06-26,31.42871156015498,0,0.0,RSI_LT_26,SPY
2014-06-27,47.72737781476857,0,-0.0,RSI_LT_26,SPY
2014-06-30,47.014882884113916,0,0.0,RSI_LT_26,SPY
2014-07-01,91.45891820566148,0,0.0,RSI_LT_26,SPY
2014-07-02,88.73216230156456,0,0.0,RSI_LT_26,SPY
2014-07-03,96.62142308505209,0,-0.0,RSI_LT_26,SPY
2014-07-07,75.84074884625974,0,-0.0,RSI_LT_26,SPY
2014-07-08,55.85592087401496,0,0.0,RSI_LT_26,SPY
2014-07-09,51.12215465871126,0,-0.0,RSI_LT_26,SPY
2014-07-10,40.30497757713367,0,0.0,RSI_LT_26,SPY
2014-07-11,29.56294570359387,0,0.0,RSI_LT_26,SPY
2014-07-14,51.07412735118994,0,-0.0,RSI_LT_26,SPY
2014-07-15,65.04540521487473,0,0.0,RSI_LT_26,SPY
2014-07-16,63.37585343926914,0,-0.0,RSI_LT_26,SPY
2014-07-17,43.1671868742201,0,0.0,RSI_LT_26,SPY
2014-07-18,58.67509025270758,0,-0.0,RSI_LT_26,SPY
2014-07-21,47.727199974390984,0,0.0,RSI_LT_26,SPY
2014-07-22,57.80996609169984,0,0.0,RSI_LT_26,SPY
2014-07-23,55.74316835664245,0,0.0,RSI_LT_26,SPY
2014-07-24,89.94539189710291,0,-0.0,RSI_LT_26,SPY
2014-07-25,50.19146560342357,0,0.0,RSI_LT_26,SPY
2014-07-28,59.913971705372816,0,-0.0,RSI_LT_26,SPY
2014-07-29,22.943694348297086,1,0.015231672892457304,RSI_LT_26,SPY
2014-07-30,6.31555277148685,1,-1.9748195116366274,RSI_LT_26,SPY
2014-07-31,1.9031251484960308,1,-0.3055551033613324,RSI_LT_26,SPY
2014-08-01,2.02206913574706,1,0.7220776050121724,RSI_LT_26,SPY
2014-08-04,21.037009910300924,1,-0.9696244719844316,RSI_LT_26,SPY
2014-08-05,18.25190734893208,1,0.031255048747302894,RSI_LT_26,SPY
2014-08-06,18.566066931464505,1,-0.541473684210525,RSI_LT_26,SPY
2014-08-07,29.233987571525248,0,0.0,RSI_LT_26,SPY
2014-08-08,55.62311440093315,0,0.0,RSI_LT_26,SPY
2014-08-11,49.21742730220734,0,-0.0,RSI_LT_26,SPY
2014-08-12,68.35740690915927,0,0.0,RSI_LT_26,SPY
2014-08-13,75.69556109160911,0,0.0,RSI_LT_26,SPY
2014-08-14,94.8765834238147,0,-0.0,RSI_LT_26,SPY
2014-08-15,90.00004922204558,0,0.0,RSI_LT_26,SPY
2014-08-18,92.58377746951888,0,0.0,RSI_LT_26,SPY
2014-08-19,99.19041720849923,0,0.0,RSI_LT_26,SPY
2014-08-20,99.03862024949657,0,0.0,RSI_LT_26,SPY
2014-08-21,98.95305316221085,0,-0.0,RSI_LT_26,SPY
2014-08-22,92.42059080293387,0,0.0,RSI_LT_26,SPY
2014-08-25,91.04051086199141,0,0.0,RSI_LT_26,SPY
2014-08-26,87.89070881911165,0,-0.0,RSI_LT_26,SPY
2014-08-27,81.51662195095494,0,-0.0,RSI_LT_26,SPY
2014-08-28,69.5121837754352,0,0.0,RSI_LT_26,SPY
2014-08-29,89.99991969097086,0,-0.0,RSI_LT_26,SPY
2014-09-02,70.70682161462346,0,-0.0,RSI_LT_26,SPY
2014-09-03,58.762643343662994,0,-0.0,RSI_LT_26,SPY
2014-09-04,48.305380626640634,0,0.0,RSI_LT_26,SPY
2014-09-05,74.61930506715412,0,-0.0,RSI_LT_26,SPY
2014-09-08,46.87472681178424,0,-0.0,RSI_LT_26,SPY
2014-09-09,29.12619441495272,0,0.0,RSI_LT_26,SPY
2014-09-10,44.23599293101191,0,0.0,RSI_LT_26,SPY
2014-09-11,51.226113855211295,0,-0.0,RSI_LT_26,SPY
2014-09-12,24.873068924251882,1,-0.07533227117717534,RSI_LT_26,SPY
2014-09-15,27.450921726939725,0,0.0,RSI_LT_26,SPY
2014-09-16,65.26299304922563,0,0.0,RSI_LT_26,SPY
2014-09-17,60.24083095872783,0,0.0,RSI_LT_26,SPY
2014-09-18,68.26919902725662,0,-0.0,RSI_LT_26,SPY
2014-09-19,69.09951550927215,0,-0.0,RSI_LT_26,SPY
2014-09-22,51.542626105980254,0,-0.0,RSI_LT_26,SPY
2014-09-23,26.019519305980225,0,0.0,RSI_LT_26,SPY
2014-09-24,40.74651517093104,0,-0.0,RSI_LT_26,SPY
2014-09-25,18.065267650720244,1,0.7945388548898036,RSI_LT_26,SPY
2014-09-26,34.4789261336243,0,-0.0,RSI_LT_26,SPY
2014-09-29,39.719027880899624,0,-0.0,RSI_LT_26,SPY
2014-09-30,43.13459495380031,0,-0.0,RSI_LT_26,SPY
2014-10-01,18.727491876009765,1,0.015435440367772557,RSI_LT_26,SPY
2014-10-02,30.933876397489712,0,0.0,RSI_LT_26,SPY
2014-10-03,37.937124031317936,0,-0.0,RSI_LT_26,SPY
2014-10-06,38.81931289000016,0,-0.0,RSI_LT_26,SPY
2014-10-07,26.79008066430312,0,0.0,RSI_LT_26,SPY
2014-10-08,62.996537766746975,0,-0.0,RSI_LT_26,SPY
2014-10-09,43.533129481815216,0,-0.0,RSI_LT_26,SPY
2014-10-10,26.530607356305325,0,-0.0,RSI_LT_26,SPY
2014-10-13,21.611285260340892,1,0.1547373568465682,RSI_LT_26,SPY
2014-10-14,28.449611669548887,0,-0.0,RSI_LT_26,SPY
2014-10-15,2.6876132212751997,1,-0.08581688011893851,RSI_LT_26,SPY
2014-10-16,4.1133870674504465,1,1.1810795607349656,RSI_LT_26,SPY
2014-10-17,35.319148015159286,0,0.0,RSI_LT_26,SPY
2014-10-20,75.13049616406293,0,0.0,RSI_LT_26,SPY
2014-10-21,84.50711443435824,0,-0.0,RSI_LT_26,SPY
2014-10-22,83.51184272005176,0,0.0,RSI_LT_26,SPY
2014-10-23,87.91589225850157,0,0.0,RSI_LT_26,SPY
2014-10-24,87.12682158890664,0,-0.0,RSI_LT_26,SPY
2014-10-27,81.98694339082039,0,0.0,RSI_LT_26,SPY
2014-10-28,78.40317639116907,0,-0.0,RSI_LT_26,SPY
2014-10-29,91.31107311910495,0,0.0,RSI_LT_26,SPY
2014-10-30,89.80335529799697,0,0.0,RSI_LT_26,SPY
2014-10-31,91.05192304007052,0,0.0,RSI_LT_26,SPY
2014-11-03,95.16903820590252,0,-0.0,RSI_LT_26,SPY
2014-11-04,78.54078939613225,0,0.0,RSI_LT_26,SPY
2014-11-05,87.566638750891,0,0.0,RSI_LT_26,SPY
2014-11-06,86.46036243433092,0,0.0,RSI_LT_26,SPY
2014-11-07,77.27272727272728,0,0.0,RSI_LT_26,SPY
2014-11-10,80.60942413688161,0,0.0,RSI_LT_26,SPY
2014-11-11,100.0,0,-0.0,RSI_LT_26,SPY
2014-11-12,89.32097805233957,0,0.0,RSI_LT_26,SPY
2014-11-13,85.13588749587595,0,0.0,RSI_LT_26,SPY
2014-11-14,83.58290536001002,0,0.0,RSI_LT_26,SPY
2014-11-17,73.49475116283345,0,0.0,RSI_LT_26,SPY
2014-11-18,87.84596059653175,0,-0.0,RSI_LT_26,SPY
2014-11-19,82.81238824118446,0,0.0,RSI_LT_26,SPY
2014-11-20,83.9023736685796,0,0.0,RSI_LT_26,SPY
2014-11-21,89.35474820462589,0,0.0,RSI_LT_26,SPY
2014-11-24,90.70418176425835,0,-0.0,RSI_LT_26,SPY
2014-11-25,80.95246745382985,0,0.0,RSI_LT_26,SPY
2014-11-26,94.4854900508816,0,-0.0,RSI_LT_26,SPY
2014-11-28,78.92861035422344,0,-0.0,RSI_LT_26,SPY
2014-12-01,35.350344780667015,0,0.0,RSI_LT_26,SPY
2014-12-02,47.81493321827133,0,0.0,RSI_LT_26,SPY
2014-12-03,58.5902787580579,0,-0.0,RSI_LT_26,SPY
2014-12-04,50.23589913377694,0,0.0,RSI_LT_26,SPY
2014-12-05,59.66187403020061,0,-0.0,RSI_LT_26,SPY
2014-12-08,60.391281963274416,0,-0.0,RSI_LT_26,SPY
2014-12-09,39.31040651604282,0,-0.0,RSI_LT_26,SPY
2014-12-10,6.284603820628476,1,0.5069889548781292,RSI_LT_26,SPY
2014-12-11,22.061143354186214,1,-1.616143303933193,RSI_LT_26,SPY
2014-12-12,11.232268102135734,1,-0.6869455358680332,RSI_LT_26,SPY
2014-12-15,11.244523662774242,1,-0.801960246994915,RSI_LT_26,SPY
2014-12-16,9.698674697410326,1,1.9604818110395827,RSI_LT_26,SPY
2014-12-17,43.87840953873132,0,0.0,RSI_LT_26,SPY
2014-12-18,58.54784614299959,0,-0.0,RSI_LT_26,SPY
2014-12-19,73.24530013608185,0,0.0,RSI_LT_26,SPY
2014-12-22,84.07543709068676,0,0.0,RSI_LT_26,SPY
2014-12-23,97.49039696473389,0,0.0,RSI_LT_26,SPY
2014-12-24,96.00008451021634,0,0.0,RSI_LT_26,SPY
2014-12-26,88.07360640591315,0,0.0,RSI_LT_26,SPY
2014-12-29,100.0,0,-0.0,RSI_LT_26,SPY
2014-12-30,52.74272469739892,0,-0.0,RSI_LT_26,SPY
2014-12-31,23.373471826454633,1,-0.053517862189689236,RSI_LT_26,SPY
2015-01-02,22.405559374246508,1,-1.8059638744832185,RSI_LT_26,SPY
2015-01-05,3.846137723170301,1,-0.9418966314627242,RSI_LT_26,SPY
2015-01-06,0.0,1,1.2461165764721782,RSI_LT_26,SPY
2015-01-07,24.245305725840723,1,1.7745026845995993,RSI_LT_26,SPY
2015-01-08,51.52542986565769,0,-0.0,RSI_LT_26,SPY
2015-01-09,45.577227514389506,0,-0.0,RSI_LT_26,SPY
2015-01-12,54.14066915952868,0,-0.0,RSI_LT_26,SPY
2015-01-13,61.41413830041384,0,-0.0,RSI_LT_26,SPY
2015-01-14,41.59908058170888,0,-0.0,RSI_LT_26,SPY
2015-01-15,0.0,1,1.3114262658634246,RSI_LT_26,SPY
2015-01-16,33.29083966197095,0,0.0,RSI_LT_26,SPY
2015-01-20,45.577227514389506,0,0.0,RSI_LT_26,SPY
2015-01-21,57.02247672604454,0,0.0,RSI_LT_26,SPY
2015-01-22,79.37223413008634,0,-0.0,RSI_LT_26,SPY
2015-01-23,86.23624898011526,0,0.0,RSI_LT_26,SPY
2015-01-26,81.41439897203978,0,-0.0,RSI_LT_26,SPY
2015-01-27,54.06703280456887,0,-0.0,RSI_LT_26,SPY
2015-01-28,35.211258957244695,0,0.0,RSI_LT_26,SPY
2015-01-29,26.56785286150003,0,-0.0,RSI_LT_26,SPY
2015-01-30,22.888015864331777,1,1.238406246425816,RSI_LT_26,SPY
2015-02-02,35.497145092492985,0,0.0,RSI_LT_26,SPY
2015-02-03,58.48137087301578,0,-0.0,RSI_LT_26,SPY
2015-02-04,68.56057486262048,0,0.0,RSI_LT_26,SPY
2015-02-05,69.17357467807085,0,-0.0,RSI_LT_26,SPY
2015-02-06,84.65917366606787,0,-0.0,RSI_LT_26,SPY
2015-02-09,68.68974081050649,0,0.0,RSI_LT_26,SPY
2015-02-10,65.13062596393195,0,0.0,RSI_LT_26,SPY
2015-02-11,74.52997516849948,0,0.0,RSI_LT_26,SPY
2015-02-12,74.22154874510622,0,0.0,RSI_LT_26,SPY
2015-02-13,84.84350293989739,0,0.0,RSI_LT_26,SPY
2015-02-17,100.0,0,0.0,RSI_LT_26,SPY
2015-02-18,100.0,0,-0.0,RSI_LT_26,SPY
2015-02-19,95.52214332238655,0,0.0,RSI_LT_26,SPY
2015-02-20,94.27451574202416,0,-0.0,RSI_LT_26,SPY
2015-02-23,89.9438245347836,0,0.0,RSI_LT_26,SPY
2015-02-24,91.26180511832895,0,-0.0,RSI_LT_26,SPY
2015-02-25,83.78376520723074,0,-0.0,RSI_LT_26,SPY
2015-02-26,80.17271429792888,0,-0.0,RSI_LT_26,SPY
2015-02-27,33.707662897653734,0,0.0,RSI_LT_26,SPY
2015-03-02,62.66237304929403,0,-0.0,RSI_LT_26,SPY
2015-03-03,39.701474861760175,0,-0.0,RSI_LT_26,SPY
2015-03-04,32.75856237104297,0,0.0,RSI_LT_26,SPY
2015-03-05,38.61395113439364,0,-0.0,RSI_LT_26,SPY
2015-03-06,24.84085254441551,1,0.4144581254706292,RSI_LT_26,SPY
2015-03-09,18.760866253814683,1,-1.6221946980761182,RSI_LT_26,SPY
2015-03-10,13.101065361359062,1,-0.23416710778796368,RSI_LT_26,SPY
2015-03-11,13.780138929881119,1,1.2713966276360011,RSI_LT_26,SPY
2015-03-12,33.65760689672574,0,-0.0,RSI_LT_26,SPY
2015-03-13,40.27941842598432,0,0.0,RSI_LT_26,SPY
2015-03-16,51.04962304424171,0,-0.0,RSI_LT_26,SPY
2015-03-17,69.30058623783943,0,0.0,RSI_LT_26,SPY
2015-03-18,80.59549975639216,0,-0.0,RSI_LT_26,SPY
2015-03-19,64.81476597556335,0,0.0,RSI_LT_26,SPY
2015-03-20,79.58655413810574,0,-0.0,RSI_LT_26,SPY
2015-03-23,63.14810890235804,0,-0.0,RSI_LT_26,SPY
2015-03-24,57.214762093728794,0,-0.0,RSI_LT_26,SPY
2015-03-25,13.957069572380732,1,-0.2381367843391491,RSI_LT_26,SPY
2015-03-26,15.04137525757075,1,0.228967316666151,RSI_LT_26,SPY
2015-03-27,8.37791746111185,1,1.219983688062709,RSI_LT_26,SPY
2015-03-30,38.65108988643966,0,-0.0,RSI_LT_26,SPY
2015-03-31,35.68854550039654,0,-0.0,RSI_LT_26,SPY
2015-04-01,49.50168049760979,0,0.0,RSI_LT_26,SPY
2015-04-02,59.33012258128889,0,0.0,RSI_LT_26,SPY
2015-04-06,64.53404470250678,0,-0.0,RSI_LT_26,SPY
2015-04-07,40.72658524772869,0,0.0,RSI_LT_26,SPY
2015-04-08,68.85648201430837,0,0.0,RSI_LT_26,SPY
2015-04-09,87.20924043221376,0,0.0,RSI_LT_26,SPY
2015-04-10,88.29779981105062,0,-0.0,RSI_LT_26,SPY
2015-04-13,64.7886869902537,0,0.0,RSI_LT_26,SPY
2015-04-14,76.88572245343471,0,0.0,RSI_LT_26,SPY
2015-04-15,78.16094373178149,0,-0.0,RSI_LT_26,SPY
2015-04-16,71.06024833857992,0,-0.0,RSI_LT_26,SPY
2015-04-17,28.09223111520572,0,0.0,RSI_LT_26,SPY
2015-04-20,56.64344058943729,0,-0.0,RSI_LT_26,SPY
2015-04-21,50.98743956059008,0,0.0,RSI_LT_26,SPY
2015-04-22,51.766891145055446,0,0.0,RSI_LT_26,SPY
2015-04-23,56.44378397753749,0,0.0,RSI_LT_26,SPY
2015-04-24,94.04761472256232,0,-0.0,RSI_LT_26,SPY
2015-04-27,64.46548274257088,0,0.0,RSI_LT_26,SPY
2015-04-28,75.55567800345868,0,-0.0,RSI_LT_26,SPY
2015-04-29,49.12793534478934,0,-0.0,RSI_LT_26,SPY
2015-04-30,23.107459519923154,1,1.0841381723344146,RSI_LT_26,SPY
2015-05-01,43.151725439787135,0,0.0,RSI_LT_26,SPY
2015-05-04,54.22429735678173,0,-0.0,RSI_LT_26,SPY
2015-05-05,34.62466378979103,0,-0.0,RSI_LT_26,SPY
2015-05-06,34.66660994723243,0,0.0,RSI_LT_26,SPY
2015-05-07,52.941086326887586,0,0.0,RSI_LT_26,SPY
2015-05-08,56.032112906524844,0,-0.0,RSI_LT_26,SPY
2015-05-11,45.4891627841146,0,-0.0,RSI_LT_26,SPY
2015-05-12,58.88159133060114,0,0.0,RSI_LT_26,SPY
2015-05-13,68.82136226502669,0,0.0,RSI_LT_26,SPY
2015-05-14,75.22663415151355,0,0.0,RSI_LT_26,SPY
2015-05-15,60.000074433006574,0,0.0,RSI_LT_26,SPY
2015-05-18,83.19993815129332,0,-0.0,RSI_LT_26,SPY
2015-05-19,97.80542521082363,0,-0.0,RSI_LT_26,SPY
2015-05-20,93.33330250752535,0,0.0,RSI_LT_26,SPY
2015-05-21,87.2831350273865,0,-0.0,RSI_LT_26,SPY
2015-05-22,63.681705345145645,0,-0.0,RSI_LT_26,SPY
2015-05-26,17.032835745815362,1,0.9492169098091141,RSI_LT_26,SPY
2015-05-27,47.037681318229765,0,-0.0,RSI_LT_26,SPY
2015-05-28,46.28976122372504,0,-0.0,RSI_LT_26,SPY
2015-05-29,31.446537862666105,0,0.0,RSI_LT_26,SPY
2015-06-01,38.69430736672279,0,-0.0,RSI_LT_26,SPY
2015-06-02,57.857163617339744,0,0.0,RSI_LT_26,SPY
2015-06-03,35.86963732861565,0,-0.0,RSI_LT_26,SPY
2015-06-04,22.969896729105955,1,-0.17132280111654685,RSI_LT_26,SPY
2015-06-05,29.552348938263506,0,-0.0,RSI_LT_26,SPY
2015-06-08,13.301583504586702,1,-0.014389284301441485,RSI_LT_26,SPY
2015-06-09,13.89572526598765,1,1.1993283936678312,RSI_LT_26,SPY
2015-06-10,41.87603833865814,0,0.0,RSI_LT_26,SPY
2015-06-11,65.43204837585478,0,-0.0,RSI_LT_26,SPY
2015-06-12,51.96069631646397,0,-0.0,RSI_LT_26,SPY
2015-06-15,55.49741426600838,0,0.0,RSI_LT_26,SPY
2015-06-16,63.15789473684211,0,0.0,RSI_LT_26,SPY
2015-06-17,46.15384615384615,0,0.0,RSI_LT_26,SPY
2015-06-18,59.28912312531429,0,-0.0,RSI_LT_26,SPY
2015-06-19,56.116237561391024,0,0.0,RSI_LT_26,SPY
2015-06-22,70.6845109695233,0,0.0,RSI_LT_26,SPY
2015-06-23,65.61949930896009,0,-0.0,RSI_LT_26,SPY
2015-06-24,49.35067508653262,0,-0.0,RSI_LT_26,SPY
2015-06-25,22.862418210747535,1,-0.019057126663724056,RSI_LT_26,SPY
2015-06-26,35.65223929446523,0,-0.0,RSI_LT_26,SPY
2015-06-29,2.2155707517614047,1,0.20933109648684223,RSI_LT_26,SPY
2015-06-30,6.099400686969872,1,0.8015515412006513,RSI_LT_26,SPY
2015-07-01,29.050290044710778,0,-0.0,RSI_LT_26,SPY
2015-07-02,30.9985059591083,0,-0.0,RSI_LT_26,SPY
2015-07-06,28.650124424118104,0,0.0,RSI_LT_26,SPY
2015-07-07,81.25004584968639,0,-0.0,RSI_LT_26,SPY
2015-07-08,40.858676585582344,0,0.0,RSI_LT_26,SPY
2015-07-09,28.114435733294968,0,0.0,RSI_LT_26,SPY
2015-07-10,51.020396948242855,0,0.0,RSI_LT_26,SPY
2015-07-13,65.20438077243138,0,0.0,RSI_LT_26,SPY
2015-07-14,63.7966212226976,0,-0.0,RSI_LT_26,SPY
2015-07-15,98.87472309651083,0,0.0,RSI_LT_26,SPY
2015-07-16,99.07172244359404,0,0.0,RSI_LT_26,SPY
2015-07-17,98.63828246065061,0,0.0,RSI_LT_26,SPY
2015-07-20,97.63538417918912,0,-0.0,RSI_LT_26,SPY
2015-07-21,68.51233909544979,0,-0.0,RSI_LT_26,SPY
2015-07-22,61.87492549412298,0,-0.0,RSI_LT_26,SPY
2015-07-23,10.740504218777374,1,-1.0372027556133978,RSI_LT_26,SPY
2015-07-24,2.3404400377898895,1,-0.5817339970515367,RSI_LT_26,SPY
2015-07-27,0.0,1,1.2283034128287351,RSI_LT_26,SPY
2015-07-28,33.866711696957,0,0.0,RSI_LT_26,SPY
2015-07-29,46.4953858275296,0,0.0,RSI_LT_26,SPY
2015-07-30,54.312759368098085,0,-0.0,RSI_LT_26,SPY
2015-07-31,72.48190086228189,0,-0.0,RSI_LT_26,SPY
2015-08-03,79.64410428992744,0,-0.0,RSI_LT_26,SPY
2015-08-04,50.85329208784456,0,0.0,RSI_LT_26,SPY
2015-08-05,33.94508255814766,0,-0.0,RSI_LT_26,SPY
2015-08-06,17.922112922786695,1,-0.19198902978418975,RSI_LT_26,SPY
2015-08-07,17.55727858299329,1,1.2599232577188646,RSI_LT_26,SPY
2015-08-10,56.67818911977343,0,-0.0,RSI_LT_26,SPY
2015-08-11,45.15686507168269,0,0.0,RSI_LT_26,SPY
2015-08-12,41.65454162929498,0,-0.0,RSI_LT_26,SPY
2015-08-13,52.854477297379326,0,0.0,RSI_LT_26,SPY
2015-08-14,62.694292325288444,0,0.0,RSI_LT_26,SPY
2015-08-17,50.23028837026151,0,-0.0,RSI_LT_26,SPY
2015-08-18,71.47545576434331,0,-0.0,RSI_LT_26,SPY
2015-08-19,43.27360933870244,0,-0.0,RSI_LT_26,SPY
2015-08-20,22.57304597988336,1,-3.0102462876414493,RSI_LT_26,SPY
2015-08-21,8.39912982136363,1,-4.210686829072796,RSI_LT_26,SPY
2015-08-24,0.0,1,-1.176778748041718,RSI_LT_26,SPY
2015-08-25,0.0,1,3.8393775176858824,RSI_LT_26,SPY
2015-08-26,25.46034363607579,1,2.4735150635221803,RSI_LT_26,SPY
2015-08-27,41.811851135876076,0,0.0,RSI_LT_26,SPY
2015-08-28,53.212222990683145,0,-0.0,RSI_LT_26,SPY
2015-08-31,75.77287977318784,0,-0.0,RSI_LT_26,SPY
2015-09-01,61.52664583173736,0,0.0,RSI_LT_26,SPY
2015-09-02,52.974319922721854,0,0.0,RSI_LT_26,SPY
2015-09-03,33.53979982607663,0,-0.0,RSI_LT_26,SPY
2015-09-04,26.52630722313596,0,0.0,RSI_LT_26,SPY
2015-09-08,49.313485263655004,0,-0.0,RSI_LT_26,SPY
2015-09-09,60.61880715338838,0,0.0,RSI_LT_26,SPY
2015-09-10,51.89004247286457,0,0.0,RSI_LT_26,SPY
2015-09-11,54.8022640617149,0,-0.0,RSI_LT_26,SPY
2015-09-14,66.83066830668307,0,0.0,RSI_LT_26,SPY
2015-09-15,56.62811728595078,0,0.0,RSI_LT_26,SPY
2015-09-16,89.34293854402648,0,-0.0,RSI_LT_26,SPY
2015-09-17,81.08963308024306,0,-0.0,RSI_LT_26,SPY
2015-09-18,43.30213971529618,0,0.0,RSI_LT_26,SPY
2015-09-21,52.27049465557645,0,-0.0,RSI_LT_26,SPY
2015-09-22,27.27269955717476,0,-0.0,RSI_LT_26,SPY
2015-09-23,11.744291265236598,1,-0.36157654181940835,RSI_LT_26,SPY
2015-09-24,11.412512176829111,1,-0.025913838543500933,RSI_LT_26,SPY
2015-09-25,21.86163413997761,1,-2.50972851620328,RSI_LT_26,SPY
2015-09-28,0.0,1,0.05850785254268853,RSI_LT_26,SPY
2015-09-29,1.8302900434658937,1,1.8658355606688604,RSI_LT_26,SPY
2015-09-30,39.30512203688609,0,0.0,RSI_LT_26,SPY
2015-10-01,45.72703563202818,0,0.0,RSI_LT_26,SPY
2015-10-02,59.08702785531129,0,0.0,RSI_LT_26,SPY
2015-10-05,100.0,0,-0.0,RSI_LT_26,SPY
2015-10-06,93.83493137703825,0,0.0,RSI_LT_26,SPY
2015-10-07,92.5601001669449,0,0.0,RSI_LT_26,SPY
2015-10-08,93.48652507976504,0,0.0,RSI_LT_26,SPY
2015-10-09,91.1572643772583,0,0.0,RSI_LT_26,SPY
2015-10-12,84.58038510111932,0,-0.0,RSI_LT_26,SPY
2015-10-13,74.5999920654539,0,-0.0,RSI_LT_26,SPY
2015-10-14,48.6173956762192,0,0.0,RSI_LT_26,SPY
2015-10-15,60.17852715100422,0,0.0,RSI_LT_26,SPY
2015-10-16,65.15621125712869,0,0.0,RSI_LT_26,SPY
2015-10-19,64.65916867577678,0,-0.0,RSI_LT_26,SPY
2015-10-20,76.98112229768441,0,-0.0,RSI_LT_26,SPY
2015-10-21,72.85729466677202,0,0.0,RSI_LT_26,SPY
2015-10-22,74.45382202766088,0,0.0,RSI_LT_26,SPY
2015-10-23,79.1209390064976,0,-0.0,RSI_LT_26,SPY
2015-10-26,73.6021985435641,0,-0.0,RSI_LT_26,SPY
2015-10-27,72.28619590953824,0,0.0,RSI_LT_26,SPY
2015-10-28,89.79829928888995,0,-0.0,RSI_LT_26,SPY
2015-10-29,81.70536038550978,0,-0.0,RSI_LT_26,SPY
2015-10-30,54.906539557136895,0,0.0,RSI_LT_26,SPY
2015-11-02,77.20707636012726,0,0.0,RSI_LT_26,SPY
2015-11-03,84.16143034507596,0,-0.0,RSI_LT_26,SPY
2015-11-04,64.90486667139805,0,-0.0,RSI_LT_26,SPY
2015-11-05,63.69279959478924,0,-0.0,RSI_LT_26,SPY
2015-11-06,76.17857643187902,0,-0.0,RSI_LT_26,SPY
2015-11-09,17.28047652393427,1,0.23067845218915917,RSI_LT_26,SPY
2015-11-10,14.117546741345109,1,-0.393168428763202,RSI_LT_26,SPY
2015-11-11,13.407752175877377,1,-1.3959801090738244,RSI_LT_26,SPY
2015-11-12,7.655447664938791,1,-1.1228290826386655,RSI_LT_26,SPY
2015-11-13,5.673714094012993,1,1.5206882261043164,RSI_LT_26,SPY
2015-11-16,37.160718978712566,0,-0.0,RSI_LT_26,SPY
2015-11-17,33.29731709248311,0,0.0,RSI_LT_26,SPY
2015-11-18,54.234345712659696,0,-0.0,RSI_LT_26,SPY
2015-11-19,70.68011438155878,0,0.0,RSI_LT_26,SPY
2015-11-20,95.55871365758188,0,-0.0,RSI_LT_26,SPY
2015-11-23,87.58211217786761,0,0.0,RSI_LT_26,SPY
2015-11-24,91.10200175865101,0,-0.0,RSI_LT_26,SPY
2015-11-25,69.7993793972165,0,0.0,RSI_LT_26,SPY
2015-11-27,82.58104529479519,0,-0.0,RSI_LT_26,SPY
2015-11-30,31.325146155826005,0,0.0,RSI_LT_26,SPY
2015-12-01,73.60700925379012,0,-0.0,RSI_LT_26,SPY
2015-12-02,42.23473244939716,0,-0.0,RSI_LT_26,SPY
2015-12-03,27.2948506519096,0,0.0,RSI_LT_26,SPY
2015-12-04,50.25124664855373,0,-0.0,RSI_LT_26,SPY
2015-12-07,48.62237731108231,0,-0.0,RSI_LT_26,SPY
2015-12-08,34.127657143005564,0,-0.0,RSI_LT_26,SPY
2015-12-09,35.77161073587983,0,0.0,RSI_LT_26,SPY
2015-12-10,51.47389308803914,0,-0.0,RSI_LT_26,SPY
2015-12-11,6.022721755595484,1,0.505245189717507,RSI_LT_26,SPY
2015-12-14,18.128538080994844,1,1.0497806539605747,RSI_LT_26,SPY
2015-12-15,39.65516390895354,0,0.0,RSI_LT_26,SPY
2015-12-16,62.605467431657104,0,-0.0,RSI_LT_26,SPY
2015-12-17,46.205875845339186,0,-0.0,RSI_LT_26,SPY
2015-12-18,43.43219585576984,0,0.0,RSI_LT_26,SPY
2015-12-21,45.841797546005935,0,0.0,RSI_LT_26,SPY
2015-12-22,44.720497548482754,0,0.0,RSI_LT_26,SPY
2015-12-23,42.82656925434484,0,-0.0,RSI_LT_26,SPY
2015-12-24,53.66722488136232,0,-0.0,RSI_LT_26,SPY
2015-12-28,88.10575845843603,0,0.0,RSI_LT_26,SPY
2015-12-29,88.97961132598004,0,-0.0,RSI_LT_26,SPY
2015-12-30,67.38194614229332,0,-0.0,RSI_LT_26,SPY
2015-12-31,33.53740749481831,0,-0.0,RSI_LT_26,SPY
2016-01-04,24.22562170537924,1,0.1691355739052769,RSI_LT_26,SPY
2016-01-05,28.394962358115095,0,-0.0,RSI_LT_26,SPY
2016-01-06,3.6716749442212517,1,-2.399157075113889,RSI_LT_26,SPY
2016-01-07,2.706981027321291,1,-1.0976577424965939,RSI_LT_26,SPY
2016-01-08,2.691976383289486,1,0.09900085619998222,RSI_LT_26,SPY
2016-01-11,5.315934948897606,1,0.8068310066281281,RSI_LT_26,SPY
2016-01-12,15.56354434940691,1,-2.4940626560566947,RSI_LT_26,SPY
2016-01-13,12.91761963181844,1,1.641683426715268,RSI_LT_26,SPY
2016-01-14,41.01690750977921,0,-0.0,RSI_LT_26,SPY
2016-01-15,35.097887558492985,0,0.0,RSI_LT_26,SPY
2016-01-19,35.379040689763826,0,-0.0,RSI_LT_26,SPY
2016-01-20,22.77357437600749,1,0.560198534400036,RSI_LT_26,SPY
2016-01-21,40.20146635310688,0,0.0,RSI_LT_26,SPY
2016-01-22,43.94855238082764,0,-0.0,RSI_LT_26,SPY
2016-01-25,49.1834877043113,0,0.0,RSI_LT_26,SPY
2016-01-26,58.41193638820613,0,-0.0,RSI_LT_26,SPY
2016-01-27,60.01619550962857,0,0.0,RSI_LT_26,SPY
2016-01-28,59.8214274655903,0,0.0,RSI_LT_26,SPY
2016-01-29,62.21373734597057,0,-0.0,RSI_LT_26,SPY
2016-02-01,79.20310217760412,0,-0.0,RSI_LT_26,SPY
2016-02-02,49.82177657677751,0,0.0,RSI_LT_26,SPY
2016-02-03,65.40330533168239,0,0.0,RSI_LT_26,SPY
2016-02-04,62.955282700408546,0,-0.0,RSI_LT_26,SPY
2016-02-05,16.647409448443867,1,-1.3461020592586581,RSI_LT_26,SPY
2016-02-08,12.961317392409057,1,0.005390198972410332,RSI_LT_26,SPY
2016-02-09,19.00387968962484,1,-0.08627967946913673,RSI_LT_26,SPY
2016-02-10,4.661621701000897,1,-1.3008061782981306,RSI_LT_26,SPY
2016-02-11,0.1140926153337034,1,2.0616888657319254,RSI_LT_26,SPY
2016-02-12,42.56760355970094,0,0.0,RSI_LT_26,SPY
2016-02-16,72.94740849128883,0,0.0,RSI_LT_26,SPY
2016-02-17,79.5870308739083,0,-0.0,RSI_LT_26,SPY
2016-02-18,75.79418897097949,0,-0.0,RSI_LT_26,SPY
2016-02-19,91.92656748928736,0,0.0,RSI_LT_26,SPY
2016-02-22,91.1200347364434,0,-0.0,RSI_LT_26,SPY
2016-02-23,63.774447986071806,0,0.0,RSI_LT_26,SPY
2016-02-24,52.28566259256111,0,0.0,RSI_LT_26,SPY
2016-02-25,70.17548556121292,0,-0.0,RSI_LT_26,SPY
2016-02-26,67.34009905398648,0,-0.0,RSI_LT_26,SPY
2016-02-29,42.036517637309665,0,0.0,RSI_LT_26,SPY
2016-03-01,79.6923197308189,0,0.0,RSI_LT_26,SPY
2016-03-02,79.7131471113814,0,0.0,RSI_LT_26,SPY
2016-03-03,75.85370165334623,0,0.0,RSI_LT_26,SPY
2016-03-04,81.78571558323131,0,0.0,RSI_LT_26,SPY
2016-03-07,100.0,0,-0.0,RSI_LT_26,SPY
2016-03-08,53.10485438796549,0,0.0,RSI_LT_26,SPY
2016-03-09,53.991639739447095,0,0.0,RSI_LT_26,SPY
2016-03-10,47.10138250546405,0,0.0,RSI_LT_26,SPY
2016-03-11,67.36214232274466,0,-0.0,RSI_LT_26,SPY
2016-03-14,64.02352677571142,0,-0.0,RSI_LT_26,SPY
2016-03-15,88.08087471447551,0,0.0,RSI_LT_26,SPY
2016-03-16,88.52143658677053,0,0.0,RSI_LT_26,SPY
2016-03-17,90.59017646156954,0,-0.0,RSI_LT_26,SPY
2016-03-18,74.5455890580712,0,0.0,RSI_LT_26,SPY
2016-03-21,82.58253717323069,0,-0.0,RSI_LT_26,SPY
2016-03-22,88.42441994534313,0,-0.0,RSI_LT_26,SPY
2016-03-23,48.02446976759286,0,-0.0,RSI_LT_26,SPY
2016-03-24,13.875301160838134,1,0.059083487033029236,RSI_LT_26,SPY
2016-03-28,20.918482534195917,1,0.9250096305900124,RSI_LT_26,SPY
2016-03-29,56.337979738064845,0,0.0,RSI_LT_26,SPY
2016-03-30,66.82030890175686,0,-0.0,RSI_LT_26,SPY
2016-03-31,83.09432411398991,0,0.0,RSI_LT_26,SPY
2016-04-01,89.58333995606743,0,-0.0,RSI_LT_26,SPY
2016-04-04,78.1308379228617,0,-0.0,RSI_LT_26,SPY
2016-04-05,41.591384438790996,0,0.0,RSI_LT_26,SPY
2016-04-06,52.91541363417977,0,-0.0,RSI_LT_26,SPY
2016-04-07,41.10979778185602,0,0.0,RSI_LT_26,SPY
2016-04-08,34.83709608644358,0,-0.0,RSI_LT_26,SPY
2016-04-11,35.686793007198474,0,0.0,RSI_LT_26,SPY
2016-04-12,61.33681572837318,0,0.0,RSI_LT_26,SPY
2016-04-13,60.56151559844883,0,0.0,RSI_LT_26,SPY
2016-04-14,90.43831119486914,0,-0.0,RSI_LT_26,SPY
2016-04-15,84.89373997623515,0,0.0,RSI_LT_26,SPY
2016-04-18,95.95077422335888,0,0.0,RSI_LT_26,SPY
2016-04-19,94.8199010925187,0,0.0,RSI_LT_26,SPY
2016-04-20,91.01578332498867,0,-0.0,RSI_LT_26,SPY
2016-04-21,63.043541358278084,0,0.0,RSI_LT_26,SPY
2016-04-22,67.24635117204775,0,-0.0,RSI_LT_26,SPY
2016-04-25,36.59567560548016,0,0.0,RSI_LT_26,SPY
2016-04-26,25.500293729448472,1,0.20582420942900637,RSI_LT_26,SPY
2016-04-27,33.18393934832291,0,-0.0,RSI_LT_26,SPY
2016-04-28,24.666724310687698,1,-0.539886784123178,RSI_LT_26,SPY
2016-04-29,17.961253143413728,1,0.794842909462723,RSI_LT_26,SPY
2016-05-02,44.07408977239011,0,-0.0,RSI_LT_26,SPY
2016-05-03,30.000066342473104,0,-0.0,RSI_LT_26,SPY
2016-05-04,21.522272395045903,1,-0.019507968979282087,RSI_LT_26,SPY
2016-05-05,28.47223877908378,0,0.0,RSI_LT_26,SPY
2016-05-06,44.341366610142146,0,0.0,RSI_LT_26,SPY
2016-05-09,23.469352007193436,1,1.243381206558225,RSI_LT_26,SPY
2016-05-10,74.5181390151379,0,-0.0,RSI_LT_26,SPY
2016-05-11,63.61982922386403,0,0.0,RSI_LT_26,SPY
2016-05-12,64.4808667229955,0,-0.0,RSI_LT_26,SPY
2016-05-13,42.66049159482507,0,0.0,RSI_LT_26,SPY
2016-05-16,55.30393000234611,0,-0.0,RSI_LT_26,SPY
2016-05-17,26.80416628159172,0,0.0,RSI_LT_26,SPY
2016-05-18,36.45657870110425,0,-0.0,RSI_LT_26,SPY
2016-05-19,31.901847669642763,0,0.0,RSI_LT_26,SPY
2016-05-20,56.07329284640695,0,-0.0,RSI_LT_26,SPY
2016-05-23,31.616036363766312,0,0.0,RSI_LT_26,SPY
2016-05-24,80.19989013671875,0,0.0,RSI_LT_26,SPY
2016-05-25,84.40937729782725,0,0.0,RSI_LT_26,SPY
2016-05-26,95.08773808408401,0,0.0,RSI_LT_26,SPY
2016-05-27,94.72695088449292,0,-0.0,RSI_LT_26,SPY
2016-05-31,92.63335965447183,0,0.0,RSI_LT_26,SPY
2016-06-01,87.49982118760043,0,0.0,RSI_LT_26,SPY
2016-06-02,83.53887500470945,0,-0.0,RSI_LT_26,SPY
2016-06-03,65.66654798840344,0,0.0,RSI_LT_26,SPY
2016-06-06,67.5077376282184,0,0.0,RSI_LT_26,SPY
2016-06-07,79.67730185763085,0,0.0,RSI_LT_26,SPY
2016-06-08,81.24985808420489,0,-0.0,RSI_LT_26,SPY
2016-06-09,69.43522099937647,0,-0.0,RSI_LT_26,SPY
2016-06-10,47.60828913250516,0,-0.0,RSI_LT_26,SPY
2016-06-13,20.6476044565664,1,-0.1966916133902208,RSI_LT_26,SPY
2016-06-14,13.745056855658675,1,-0.13939304724642776,RSI_LT_26,SPY
2016-06-15,0.0,1,0.2984332694043301,RSI_LT_26,SPY
2016-06-16,12.52516160454742,1,-0.8878393665489703,RSI_LT_26,SPY
2016-06-17,12.94354877244622,1,0.6440062965038518,RSI_LT_26,SPY
2016-06-20,43.333412453248606,0,0.0,RSI_LT_26,SPY
2016-06-21,54.27362270831771,0,-0.0,RSI_LT_26,SPY
2016-06-22,53.6998683803035,0,0.0,RSI_LT_26,SPY
2016-06-23,67.88864178416571,0,-0.0,RSI_LT_26,SPY
2016-06-24,36.92183203134506,0,-0.0,RSI_LT_26,SPY
2016-06-27,22.22217655424123,1,1.8036025724666338,RSI_LT_26,SPY
2016-06-28,35.330307201118174,0,0.0,RSI_LT_26,SPY
2016-06-29,46.568151139246396,0,0.0,RSI_LT_26,SPY
2016-06-30,46.8468396769388,0,0.0,RSI_LT_26,SPY
2016-07-01,73.92548984459198,0,-0.0,RSI_LT_26,SPY
2016-07-05,87.2358730281572,0,0.0,RSI_LT_26,SPY
2016-07-06,84.07178072402021,0,-0.0,RSI_LT_26,SPY
2016-07-07,73.33331679262417,0,0.0,RSI_LT_26,SPY
2016-07-08,74.57364084342109,0,0.0,RSI_LT_26,SPY
2016-07-11,75.73963428535313,0,0.0,RSI_LT_26,SPY
2016-07-12,98.08816434606021,0,-0.0,RSI_LT_26,SPY
2016-07-13,97.13255179919659,0,0.0,RSI_LT_26,SPY
2016-07-14,99.54889012285058,0,-0.0,RSI_LT_26,SPY
2016-07-15,91.62322696097816,0,0.0,RSI_LT_26,SPY
2016-07-18,91.23307943780675,0,-0.0,RSI_LT_26,SPY
2016-07-19,76.72434771742205,0,0.0,RSI_LT_26,SPY
2016-07-20,84.01264714745598,0,-0.0,RSI_LT_26,SPY
2016-07-21,52.669218864543446,0,0.0,RSI_LT_26,SPY
2016-07-22,70.20068205666317,0,-0.0,RSI_LT_26,SPY
2016-07-25,53.42843191964286,0,0.0,RSI_LT_26,SPY
2016-07-26,58.28397558597277,0,-0.0,RSI_LT_26,SPY
2016-07-27,39.483567282084195,0,0.0,RSI_LT_26,SPY
2016-07-28,61.68216302549769,0,0.0,RSI_LT_26,SPY
2016-07-29,46.05230136023691,0,-0.0,RSI_LT_26,SPY
2016-08-01,63.063620367315515,0,-0.0,RSI_LT_26,SPY
2016-08-02,24.99984105286582,1,0.2922707562533322,RSI_LT_26,SPY
2016-08-03,43.9283047864021,0,0.0,RSI_LT_26,SPY
2016-08-04,43.525130496352695,0,0.0,RSI_LT_26,SPY
2016-08-05,62.61907356948229,0,-0.0,RSI_LT_26,SPY
2016-08-08,63.37357017056841,0,0.0,RSI_LT_26,SPY
2016-08-09,95.5020406870225,0,-0.0,RSI_LT_26,SPY
2016-08-10,76.07180420601748,0,0.0,RSI_LT_26,SPY
2016-08-11,81.2851638421932,0,-0.0,RSI_LT_26,SPY
2016-08-12,57.000511181133604,0,0.0,RSI_LT_26,SPY
2016-08-15,70.8002465865464,0,-0.0,RSI_LT_26,SPY
2016-08-16,46.85730229800369,0,0.0,RSI_LT_26,SPY
2016-08-17,60.83095995979226,0,0.0,RSI_LT_26,SPY
2016-08-18,53.68437960112434,0,-0.0,RSI_LT_26,SPY
2016-08-19,51.3420653776831,0,-0.0,RSI_LT_26,SPY
2016-08-22,38.135571302953494,0,0.0,RSI_LT_26,SPY
2016-08-23,80.23938964776829,0,-0.0,RSI_LT_26,SPY
2016-08-24,39.075883469251686,0,-0.0,RSI_LT_26,SPY
2016-08-25,21.568656783400897,1,-0.18833425257550607,RSI_LT_26,SPY
2016-08-26,20.65734426041608,1,0.49243285806066517,RSI_LT_26,SPY
2016-08-29,47.3354666819732,0,-0.0,RSI_LT_26,SPY
2016-08-30,34.40520464335829,0,-0.0,RSI_LT_26,SPY
2016-08-31,40.99619994153756,0,0.0,RSI_LT_26,SPY
2016-09-01,43.72474887875755,0,0.0,RSI_LT_26,SPY
2016-09-02,67.7632272410141,0,0.0,RSI_LT_26,SPY
2016-09-06,62.7376580277212,0,-0.0,RSI_LT_26,SPY
2016-09-07,72.05234646214943,0,-0.0,RSI_LT_26,SPY
2016-09-08,76.0366492514749,0,-0.0,RSI_LT_26,SPY
2016-09-09,22.192145129885546,1,1.4347325469371563,RSI_LT_26,SPY
2016-09-12,39.28195080451029,0,-0.0,RSI_LT_26,SPY
2016-09-13,25.671124401393257,1,-0.03751903233957243,RSI_LT_26,SPY
2016-09-14,25.542559681883432,1,0.9992985896339901,RSI_LT_26,SPY
2016-09-15,38.13374143024513,0,-0.0,RSI_LT_26,SPY
2016-09-16,50.43729962661225,0,0.0,RSI_LT_26,SPY
2016-09-19,29.848797770165888,0,0.0,RSI_LT_26,SPY
2016-09-20,52.27819939550507,0,0.0,RSI_LT_26,SPY
2016-09-21,70.57014553405591,0,0.0,RSI_LT_26,SPY
2016-09-22,66.60833471160362,0,-0.0,RSI_LT_26,SPY
2016-09-23,76.20018371638098,0,-0.0,RSI_LT_26,SPY
2016-09-26,56.18483439265938,0,0.0,RSI_LT_26,SPY
2016-09-27,63.38738211468628,0,0.0,RSI_LT_26,SPY
2016-09-28,56.11937443206275,0,-0.0,RSI_LT_26,SPY
2016-09-29,32.87668369522504,0,0.0,RSI_LT_26,SPY
2016-09-30,52.00515600263722,0,-0.0,RSI_LT_26,SPY
2016-10-03,61.84607439229081,0,-0.0,RSI_LT_26,SPY
2016-10-04,42.902616618643414,0,0.0,RSI_LT_26,SPY
2016-10-05,41.788715515979455,0,0.0,RSI_LT_26,SPY
2016-10-06,62.67280295892107,0,-0.0,RSI_LT_26,SPY
2016-10-07,31.791882022967414,0,0.0,RSI_LT_26,SPY
2016-10-10,54.679830726328376,0,-0.0,RSI_LT_26,SPY
2016-10-11,39.01588084805123,0,0.0,RSI_LT_26,SPY
2016-10-12,30.87664479183448,0,-0.0,RSI_LT_26,SPY
2016-10-13,25.134848605217528,1,0.051641055907380995,RSI_LT_26,SPY
2016-10-14,30.56700983162986,0,-0.0,RSI_LT_26,SPY
2016-10-17,8.552900155933145,1,0.6262368398515461,RSI_LT_26,SPY
2016-10-18,54.43057533981989,0,0.0,RSI_LT_26,SPY
2016-10-19,58.26076187864607,0,-0.0,RSI_LT_26,SPY
2016-10-20,63.809782161143595,0,0.0,RSI_LT_26,SPY
2016-10-21,63.69441299245314,0,0.0,RSI_LT_26,SPY
2016-10-24,87.91552762961973,0,-0.0,RSI_LT_26,SPY
2016-10-25,58.518418048444154,0,-0.0,RSI_LT_26,SPY
2016-10-26,39.45318320806338,0,-0.0,RSI_LT_26,SPY
2016-10-27,36.9961936807275,0,-0.0,RSI_LT_26,SPY
2016-10-28,27.914139144761478,0,0.0,RSI_LT_26,SPY
2016-10-31,0.4241397592230953,1,-0.7245394132254446,RSI_LT_26,SPY
2016-11-01,0.314770208151387,1,-0.6018620192091095,RSI_LT_26,SPY
2016-11-02,0.24899793513907298,1,-0.45771273420629477,RSI_LT_26,SPY
2016-11-03,0.22697783852048303,1,-0.11016176304425862,RSI_LT_26,SPY
2016-11-04,0.24961948249620036,1,2.205701643449487,RSI_LT_26,SPY
2016-11-07,53.488322578241295,0,0.0,RSI_LT_26,SPY
2016-11-08,69.3267478186751,0,0.0,RSI_LT_26,SPY
2016-11-09,86.80707452612347,0,0.0,RSI_LT_26,SPY
2016-11-10,97.3256282280801,0,-0.0,RSI_LT_26,SPY
2016-11-11,94.36301831743803,0,0.0,RSI_LT_26,SPY
2016-11-14,88.73874493092309,0,0.0,RSI_LT_26,SPY
2016-11-15,90.32881669081905,0,-0.0,RSI_LT_26,SPY
2016-11-16,72.50742195423283,0,0.0,RSI_LT_26,SPY
2016-11-17,76.6066777544168,0,-0.0,RSI_LT_26,SPY
2016-11-18,76.8040081641963,0,0.0,RSI_LT_26,SPY
2016-11-21,83.20883412948297,0,0.0,RSI_LT_26,SPY
2016-11-22,78.04867156185918,0,0.0,RSI_LT_26,SPY
2016-11-23,87.13900670022788,0,0.0,RSI_LT_26,SPY
2016-11-25,86.03976838005147,0,-0.0,RSI_LT_26,SPY
2016-11-28,74.38410685628597,0,0.0,RSI_LT_26,SPY
2016-11-29,63.380327093765445,0,-0.0,RSI_LT_26,SPY
2016-11-30,46.598711833794376,0,-0.0,RSI_LT_26,SPY
2016-12-01,34.43549098979811,0,0.0,RSI_LT_26,SPY
2016-12-02,18.492932354401276,1,0.6008773526166689,RSI_LT_26,SPY
2016-12-05,58.12507450587702,0,0.0,RSI_LT_26,SPY
2016-12-06,61.38323461252633,0,0.0,RSI_LT_26,SPY
2016-12-07,86.1301700937998,0,0.0,RSI_LT_26,SPY
2016-12-08,100.0,0,0.0,RSI_LT_26,SPY
2016-12-09,100.0,0,-0.0,RSI_LT_26,SPY
2016-12-12,95.49402076468628,0,0.0,RSI_LT_26,SPY
2016-12-13,96.04870763822218,0,-0.0,RSI_LT_26,SPY
2016-12-14,61.51084862423088,0,0.0,RSI_LT_26,SPY
2016-12-15,63.973160844837416,0,-0.0,RSI_LT_26,SPY
2016-12-16,38.42514273630788,0,0.0,RSI_LT_26,SPY
2016-12-19,44.52885493917343,0,0.0,RSI_LT_26,SPY
2016-12-20,38.55215871229928,0,-0.0,RSI_LT_26,SPY
2016-12-21,48.82728239898751,0,-0.0,RSI_LT_26,SPY
2016-12-22,32.771147242015786,0,0.0,RSI_LT_26,SPY
2016-12-23,62.36191033884754,0,0.0,RSI_LT_26,SPY
2016-12-27,63.309530213130316,0,-0.0,RSI_LT_26,SPY
2016-12-28,23.544965001655058,1,-0.022276200681092817,RSI_LT_26,SPY
2016-12-29,27.812507450587702,0,-0.0,RSI_LT_26,SPY
2016-12-30,24.51785654235465,1,0.7650009945893599,RSI_LT_26,SPY
2017-01-03,45.309378197943566,0,0.0,RSI_LT_26,SPY
2017-01-04,52.67700432727024,0,-0.0,RSI_LT_26,SPY
2017-01-05,74.39020759365533,0,0.0,RSI_LT_26,SPY
2017-01-06,79.42368613562653,0,-0.0,RSI_LT_26,SPY
2017-01-09,80.58448198420612,0,0.0,RSI_LT_26,SPY
2017-01-10,69.80510473019837,0,0.0,RSI_LT_26,SPY
2017-01-11,60.92436705411695,0,-0.0,RSI_LT_26,SPY
2017-01-12,52.346641988365946,0,0.0,RSI_LT_26,SPY
2017-01-13,46.77413400602966,0,-0.0,RSI_LT_26,SPY
2017-01-17,45.8496927150241,0,0.0,RSI_LT_26,SPY
2017-01-18,54.785345587309585,0,-0.0,RSI_LT_26,SPY
2017-01-19,31.57897223193281,0,0.0,RSI_LT_26,SPY
2017-01-20,53.00868744015635,0,-0.0,RSI_LT_26,SPY
2017-01-23,37.359467487323684,0,0.0,RSI_LT_26,SPY
2017-01-24,66.03324296504631,0,0.0,RSI_LT_26,SPY
2017-01-25,74.82390677132864,0,-0.0,RSI_LT_26,SPY
2017-01-26,83.66118495156567,0,-0.0,RSI_LT_26,SPY
2017-01-27,74.18634132455986,0,-0.0,RSI_LT_26,SPY
2017-01-30,62.86768933879731,0,-0.0,RSI_LT_26,SPY
2017-01-31,49.127092846270926,0,0.0,RSI_LT_26,SPY
2017-02-01,4.225170496876615,1,0.06590332944880206,RSI_LT_26,SPY
2017-02-02,11.764925875506762,1,0.6892883329587374,RSI_LT_26,SPY
2017-02-03,55.69223257211538,0,-0.0,RSI_LT_26,SPY
2017-02-06,80.80326428294086,0,0.0,RSI_LT_26,SPY
2017-02-07,81.61427613482408,0,0.0,RSI_LT_26,SPY
2017-02-08,83.19669311921155,0,0.0,RSI_LT_26,SPY
2017-02-09,88.76705113144682,0,0.0,RSI_LT_26,SPY
2017-02-10,86.28752813174587,0,0.0,RSI_LT_26,SPY
2017-02-13,100.0,0,0.0,RSI_LT_26,SPY
2017-02-14,100.0,0,0.0,RSI_LT_26,SPY
2017-02-15,100.0,0,-0.0,RSI_LT_26,SPY
2017-02-16,95.57527800095875,0,0.0,RSI_LT_26,SPY
2017-02-17,94.97494565488263,0,0.0,RSI_LT_26,SPY
2017-02-21,95.14569938668484,0,-0.0,RSI_LT_26,SPY
2017-02-22,87.94110123281708,0,0.0,RSI_LT_26,SPY
2017-02-23,82.4785628117766,0,0.0,RSI_LT_26,SPY
2017-02-24,91.39322989950534,0,0.0,RSI_LT_26,SPY
2017-02-27,91.39322989950534,0,-0.0,RSI_LT_26,SPY
2017-02-28,49.4046375600585,0,0.0,RSI_LT_26,SPY
2017-03-01,86.61088801067477,0,-0.0,RSI_LT_26,SPY
2017-03-02,64.92663073916884,0,0.0,RSI_LT_26,SPY
2017-03-03,64.04680738139953,0,-0.0,RSI_LT_26,SPY
2017-03-06,54.74690115069075,0,-0.0,RSI_LT_26,SPY
2017-03-07,54.1471055987239,0,-0.0,RSI_LT_26,SPY
2017-03-08,4.2612035407436935,1,0.1268190120282231,RSI_LT_26,SPY
2017-03-09,19.480407958358654,1,0.35041874057075706,RSI_LT_26,SPY
2017-03-10,37.79273601322767,0,0.0,RSI_LT_26,SPY
2017-03-13,52.083134651942,0,-0.0,RSI_LT_26,SPY
2017-03-14,48.07681021632217,0,0.0,RSI_LT_26,SPY
2017-03-15,78.38474558456292,0,-0.0,RSI_LT_26,SPY
2017-03-16,68.49307432903208,0,-0.0,RSI_LT_26,SPY
2017-03-17,43.39996337890624,0,-0.0,RSI_LT_26,SPY
2017-03-20,39.883332591174245,0,-0.0,RSI_LT_26,SPY
2017-03-21,28.19809968370039,0,0.0,RSI_LT_26,SPY
2017-03-22,9.532108223608532,1,-0.10670992031014404,RSI_LT_26,SPY
2017-03-23,9.909959447384693,1,-0.0726394777729511,RSI_LT_26,SPY
2017-03-24,12.880620642583779,1,-0.10262785108084982,RSI_LT_26,SPY
2017-03-27,12.941201813814715,1,0.7276826652523827,RSI_LT_26,SPY
2017-03-28,77.31960925169497,0,0.0,RSI_LT_26,SPY
2017-03-29,74.41848086442752,0,0.0,RSI_LT_26,SPY
2017-03-30,86.68820070249838,0,-0.0,RSI_LT_26,SPY
2017-03-31,77.16776771302821,0,-0.0,RSI_LT_26,SPY
2017-04-03,73.55387881208097,0,0.0,RSI_LT_26,SPY
2017-04-04,53.84592812130904,0,-0.0,RSI_LT_26,SPY
2017-04-05,35.156254656645075,0,0.0,RSI_LT_26,SPY
2017-04-06,32.79360980521767,0,-0.0,RSI_LT_26,SPY
2017-04-07,37.49982339394453,0,0.0,RSI_LT_26,SPY
2017-04-10,50.264405028135926,0,-0.0,RSI_LT_26,SPY
2017-04-11,39.604027707485095,0,-0.0,RSI_LT_26,SPY
2017-04-12,34.0425946367119,0,-0.0,RSI_LT_26,SPY
2017-04-13,4.361342580488753,1,0.8859889321111591,RSI_LT_26,SPY
2017-04-17,43.73769517089492,0,-0.0,RSI_LT_26,SPY
2017-04-18,36.85157282147029,0,-0.0,RSI_LT_26,SPY
2017-04-19,35.888595292654,0,0.0,RSI_LT_26,SPY
2017-04-20,59.90918618448086,0,-0.0,RSI_LT_26,SPY
2017-04-21,67.80819949259401,0,0.0,RSI_LT_26,SPY
2017-04-24,70.44017763531977,0,0.0,RSI_LT_26,SPY
2017-04-25,83.23872441603649,0,-0.0,RSI_LT_26,SPY
2017-04-26,86.68627433276752,0,0.0,RSI_LT_26,SPY
2017-04-27,82.21335649278981,0,-0.0,RSI_LT_26,SPY
2017-04-28,86.12817928799113,0,0.0,RSI_LT_26,SPY
2017-05-01,76.49093313488133,0,0.0,RSI_LT_26,SPY
2017-05-02,57.051194272188425,0,-0.0,RSI_LT_26,SPY
2017-05-03,52.35295701578811,0,0.0,RSI_LT_26,SPY
2017-05-04,54.49402083065449,0,0.0,RSI_LT_26,SPY
2017-05-05,86.81786655569427,0,-0.0,RSI_LT_26,SPY
2017-05-08,79.8781168589505,0,-0.0,RSI_LT_26,SPY
2017-05-09,68.92645626255398,0,0.0,RSI_LT_26,SPY
2017-05-10,86.38763950692243,0,-0.0,RSI_LT_26,SPY
2017-05-11,64.62302515564832,0,-0.0,RSI_LT_26,SPY
2017-05-12,27.214957603383994,0,0.0,RSI_LT_26,SPY
2017-05-15,61.18879813053197,0,-0.0,RSI_LT_26,SPY
2017-05-16,61.18879813053197,0,-0.0,RSI_LT_26,SPY
2017-05-17,19.73104398361447,1,0.4028483244579384,RSI_LT_26,SPY
2017-05-18,31.748270850628387,0,0.0,RSI_LT_26,SPY
2017-05-19,45.95899450204586,0,0.0,RSI_LT_26,SPY
2017-05-22,45.23227703121153,0,0.0,RSI_LT_26,SPY
2017-05-23,49.82332854061826,0,0.0,RSI_LT_26,SPY
2017-05-24,100.0,0,0.0,RSI_LT_26,SPY
2017-05-25,100.0,0,-0.0,RSI_LT_26,SPY
2017-05-26,98.57177111716621,0,-0.0,RSI_LT_26,SPY
2017-05-30,89.60015625095369,0,-0.0,RSI_LT_26,SPY
2017-05-31,84.23671610153566,0,0.0,RSI_LT_26,SPY
2017-06-01,90.5606618474474,0,0.0,RSI_LT_26,SPY
2017-06-02,89.50841488063077,0,-0.0,RSI_LT_26,SPY
2017-06-05,85.8491199785033,0,-0.0,RSI_LT_26,SPY
2017-06-06,72.80018229240841,0,0.0,RSI_LT_26,SPY
2017-06-07,76.81171171835264,0,0.0,RSI_LT_26,SPY
2017-06-08,58.97439241488592,0,-0.0,RSI_LT_26,SPY
2017-06-09,29.999919689680922,0,-0.0,RSI_LT_26,SPY
2017-06-12,32.20314143347299,0,0.0,RSI_LT_26,SPY
2017-06-13,80.73396421871938,0,-0.0,RSI_LT_26,SPY
2017-06-14,64.21577793900951,0,-0.0,RSI_LT_26,SPY
2017-06-15,49.79090984543289,0,-0.0,RSI_LT_26,SPY
2017-06-16,37.77774548413817,0,0.0,RSI_LT_26,SPY
2017-06-19,62.69531657452801,0,-0.0,RSI_LT_26,SPY
2017-06-20,36.20068254159237,0,-0.0,RSI_LT_26,SPY
2017-06-21,37.89864532160729,0,-0.0,RSI_LT_26,SPY
2017-06-22,40.64381437760005,0,0.0,RSI_LT_26,SPY
2017-06-23,55.932240962074886,0,0.0,RSI_LT_26,SPY
2017-06-26,19.823616796735834,1,-0.8056194291447882,RSI_LT_26,SPY
2017-06-27,17.441832956790194,1,0.8950414974187471,RSI_LT_26,SPY
2017-06-28,55.76933109015742,0,-0.0,RSI_LT_26,SPY
2017-06-29,38.89722703560692,0,0.0,RSI_LT_26,SPY
2017-06-30,40.32019119074431,0,0.0,RSI_LT_26,SPY
2017-07-03,42.415819431824026,0,0.0,RSI_LT_26,SPY
2017-07-05,62.587431242097175,0,-0.0,RSI_LT_26,SPY
2017-07-06,24.56744755780126,1,0.6485127993359763,RSI_LT_26,SPY
2017-07-07,57.30764377749151,0,0.0,RSI_LT_26,SPY
2017-07-10,55.68854980431572,0,-0.0,RSI_LT_26,SPY
2017-07-11,49.79074956665528,0,0.0,RSI_LT_26,SPY
2017-07-12,60.26485716306753,0,0.0,RSI_LT_26,SPY
2017-07-13,95.7448343529955,0,0.0,RSI_LT_26,SPY
2017-07-14,95.27576084039873,0,-0.0,RSI_LT_26,SPY
2017-07-17,94.13429489638476,0,0.0,RSI_LT_26,SPY
2017-07-18,99.15017593000839,0,0.0,RSI_LT_26,SPY
2017-07-19,99.0132008231692,0,0.0,RSI_LT_26,SPY
2017-07-20,98.90515623520764,0,-0.0,RSI_LT_26,SPY
2017-07-21,86.26379154230524,0,-0.0,RSI_LT_26,SPY
2017-07-24,84.86498078223718,0,0.0,RSI_LT_26,SPY
2017-07-25,87.93104582256335,0,0.0,RSI_LT_26,SPY
2017-07-26,71.99969481956207,0,-0.0,RSI_LT_26,SPY
2017-07-27,54.46395727462227,0,-0.0,RSI_LT_26,SPY
2017-07-28,51.260482650732186,0,-0.0,RSI_LT_26,SPY
2017-07-31,48.0313352317101,0,0.0,RSI_LT_26,SPY
2017-08-01,45.90196740585093,0,0.0,RSI_LT_26,SPY
2017-08-02,50.37631077763245,0,-0.0,RSI_LT_26,SPY
2017-08-03,42.405307785911575,0,0.0,RSI_LT_26,SPY
2017-08-04,64.36789673074225,0,0.0,RSI_LT_26,SPY
2017-08-07,76.69903631771146,0,-0.0,RSI_LT_26,SPY
2017-08-08,48.58458991614784,0,-0.0,RSI_LT_26,SPY
2017-08-09,45.27352231146471,0,-0.0,RSI_LT_26,SPY
2017-08-10,18.127298702088197,1,0.14768650248777604,RSI_LT_26,SPY
2017-08-11,16.632723806222373,1,0.9913150161188655,RSI_LT_26,SPY
2017-08-14,40.348316771603145,0,-0.0,RSI_LT_26,SPY
2017-08-15,44.05704999854908,0,0.0,RSI_LT_26,SPY
2017-08-16,47.69690154129388,0,-0.0,RSI_LT_26,SPY
2017-08-17,45.27505590217174,0,-0.0,RSI_LT_26,SPY
2017-08-18,40.08447058874026,0,0.0,RSI_LT_26,SPY
2017-08-21,12.704844988508981,1,1.0457013621846034,RSI_LT_26,SPY
2017-08-22,42.76054023138025,0,-0.0,RSI_LT_26,SPY
2017-08-23,34.821390341026316,0,-0.0,RSI_LT_26,SPY
2017-08-24,59.86855974541816,0,0.0,RSI_LT_26,SPY
2017-08-25,69.47365039592668,0,0.0,RSI_LT_26,SPY
2017-08-28,68.27145242070117,0,0.0,RSI_LT_26,SPY
2017-08-29,37.229502998916686,0,0.0,RSI_LT_26,SPY
2017-08-30,77.99242357293932,0,0.0,RSI_LT_26,SPY
2017-08-31,100.0,0,0.0,RSI_LT_26,SPY
2017-09-01,100.0,0,-0.0,RSI_LT_26,SPY
2017-09-05,64.75241421820422,0,0.0,RSI_LT_26,SPY
2017-09-06,68.27088365210957,0,-0.0,RSI_LT_26,SPY
2017-09-07,59.598230251259366,0,-0.0,RSI_LT_26,SPY
2017-09-08,36.17006474593251,0,0.0,RSI_LT_26,SPY
2017-09-11,62.29813579519772,0,0.0,RSI_LT_26,SPY
2017-09-12,93.08870880035329,0,0.0,RSI_LT_26,SPY
2017-09-13,91.81603543483776,0,-0.0,RSI_LT_26,SPY
2017-09-14,90.65666879879163,0,-0.0,RSI_LT_26,SPY
2017-09-15,78.55585494442386,0,0.0,RSI_LT_26,SPY
2017-09-18,60.32383411686939,0,0.0,RSI_LT_26,SPY
2017-09-19,47.87227998409181,0,0.0,RSI_LT_26,SPY
2017-09-20,47.026995818246306,0,-0.0,RSI_LT_26,SPY
2017-09-21,35.65572489009237,0,0.0,RSI_LT_26,SPY
2017-09-22,57.86165332719142,0,-0.0,RSI_LT_26,SPY
2017-09-25,24.840609571200872,1,0.060261583452025924,RSI_LT_26,SPY
2017-09-26,19.728251279336504,1,0.38943360108092406,RSI_LT_26,SPY
2017-09-27,49.787352851419705,0,0.0,RSI_LT_26,SPY
2017-09-28,74.24227245054445,0,0.0,RSI_LT_26,SPY
2017-09-29,81.85026906389656,0,0.0,RSI_LT_26,SPY
2017-10-02,100.0,0,0.0,RSI_LT_26,SPY
2017-10-03,100.0,0,0.0,RSI_LT_26,SPY
2017-10-04,100.0,0,0.0,RSI_LT_26,SPY
2017-10-05,100.0,0,-0.0,RSI_LT_26,SPY
2017-10-06,92.20410590865276,0,-0.0,RSI_LT_26,SPY
2017-10-09,76.72111464091853,0,0.0,RSI_LT_26,SPY
2017-10-10,77.67280055660852,0,0.0,RSI_LT_26,SPY
2017-10-11,78.35354649026092,0,-0.0,RSI_LT_26,SPY
2017-10-12,49.53694219371428,0,0.0,RSI_LT_26,SPY
2017-10-13,63.302745872092615,0,0.0,RSI_LT_26,SPY
2017-10-16,81.90458198305552,0,0.0,RSI_LT_26,SPY
2017-10-17,76.39744488882991,0,0.0,RSI_LT_26,SPY
2017-10-18,73.97238798950701,0,0.0,RSI_LT_26,SPY
2017-10-19,100.0,0,0.0,RSI_LT_26,SPY
2017-10-20,100.0,0,-0.0,RSI_LT_26,SPY
2017-10-23,64.53890731612296,0,0.0,RSI_LT_26,SPY
2017-10-24,67.63750209870325,0,-0.0,RSI_LT_26,SPY
2017-10-25,44.76876069692931,0,0.0,RSI_LT_26,SPY
2017-10-26,48.05494547701934,0,0.0,RSI_LT_26,SPY
2017-10-27,55.836618614482155,0,-0.0,RSI_LT_26,SPY
2017-10-30,56.27464590675994,0,0.0,RSI_LT_26,SPY
2017-10-31,55.841562020328986,0,0.0,RSI_LT_26,SPY
2017-11-01,76.6991226153396,0,0.0,RSI_LT_26,SPY
2017-11-02,75.3214557493312,0,0.0,RSI_LT_26,SPY
2017-11-03,63.91014535984306,0,0.0,RSI_LT_26,SPY
2017-11-06,100.0,0,-0.0,RSI_LT_26,SPY
2017-11-07,90.42594636711902,0,0.0,RSI_LT_26,SPY
2017-11-08,90.90937114673243,0,-0.0,RSI_LT_26,SPY
2017-11-09,60.284186831738886,0,-0.0,RSI_LT_26,SPY
2017-11-10,41.1758545889745,0,0.0,RSI_LT_26,SPY
2017-11-13,36.169280218174734,0,-0.0,RSI_LT_26,SPY
2017-11-14,29.564513560851324,0,-0.0,RSI_LT_26,SPY
2017-11-15,7.6188261737293885,1,0.850098524031706,RSI_LT_26,SPY
2017-11-16,55.12509471606037,0,-0.0,RSI_LT_26,SPY
2017-11-17,47.73163670071569,0,0.0,RSI_LT_26,SPY
2017-11-20,49.71538100725591,0,0.0,RSI_LT_26,SPY
2017-11-21,67.76708812168614,0,-0.0,RSI_LT_26,SPY
2017-11-22,81.32089595209305,0,0.0,RSI_LT_26,SPY
2017-11-24,73.38714970138479,0,-0.0,RSI_LT_26,SPY
2017-11-27,88.35073233844604,0,0.0,RSI_LT_26,SPY
2017-11-28,93.1954540209992,0,-0.0,RSI_LT_26,SPY
2017-11-29,86.17101578669697,0,0.0,RSI_LT_26,SPY
2017-11-30,95.02606838501643,0,-0.0,RSI_LT_26,SPY
2017-12-01,85.46718831672817,0,-0.0,RSI_LT_26,SPY
2017-12-04,82.74709265175719,0,-0.0,RSI_LT_26,SPY
2017-12-05,53.73837773087673,0,0.0,RSI_LT_26,SPY
2017-12-06,56.35488096719188,0,0.0,RSI_LT_26,SPY
2017-12-07,32.59262608223885,0,0.0,RSI_LT_26,SPY
2017-12-08,64.62422537126923,0,0.0,RSI_LT_26,SPY
2017-12-11,76.65821873640958,0,0.0,RSI_LT_26,SPY
2017-12-12,100.0,0,-0.0,RSI_LT_26,SPY
2017-12-13,99.15969978287258,0,-0.0,RSI_LT_26,SPY
2017-12-14,70.75720512187154,0,0.0,RSI_LT_26,SPY
2017-12-15,65.43214527918016,0,0.0,RSI_LT_26,SPY
2017-12-18,72.88150622173617,0,-0.0,RSI_LT_26,SPY
2017-12-19,54.157936518265,0,-0.0,RSI_LT_26,SPY
2017-12-20,52.916642824899704,0,0.0,RSI_LT_26,SPY
2017-12-21,72.53495902343974,0,-0.0,RSI_LT_26,SPY
2017-12-22,64.36789673074225,0,-0.0,RSI_LT_26,SPY
2017-12-26,26.065953138559436,0,0.0,RSI_LT_26,SPY
2017-12-27,56.19813866680117,0,0.0,RSI_LT_26,SPY
2017-12-28,75.92637944351299,0,-0.0,RSI_LT_26,SPY
2017-12-29,32.69216661531463,0,0.0,RSI_LT_26,SPY
2018-01-02,66.07110882749063,0,0.0,RSI_LT_26,SPY
2018-01-03,80.94327780688774,0,0.0,RSI_LT_26,SPY
2018-01-04,83.99349989843591,0,0.0,RSI_LT_26,SPY
2018-01-05,86.65779766584023,0,0.0,RSI_LT_26,SPY
2018-01-08,100.0,0,0.0,RSI_LT_26,SPY
2018-01-09,100.0,0,-0.0,RSI_LT_26,SPY
2018-01-10,90.64562390827098,0,0.0,RSI_LT_26,SPY
2018-01-11,92.1493354628943,0,0.0,RSI_LT_26,SPY
2018-01-12,92.13461956086911,0,-0.0,RSI_LT_26,SPY
2018-01-16,76.33823157362119,0,0.0,RSI_LT_26,SPY
2018-01-17,82.4581215150106,0,-0.0,RSI_LT_26,SPY
2018-01-18,81.93402599822952,0,0.0,RSI_LT_26,SPY
2018-01-19,80.08431955828536,0,0.0,RSI_LT_26,SPY
2018-01-22,81.34045548056447,0,0.0,RSI_LT_26,SPY
2018-01-23,93.5265286219913,0,-0.0,RSI_LT_26,SPY
2018-01-24,87.73807680396408,0,0.0,RSI_LT_26,SPY
2018-01-25,97.48822496585937,0,0.0,RSI_LT_26,SPY
2018-01-26,98.27831585382161,0,-0.0,RSI_LT_26,SPY
2018-01-29,66.5556322866312,0,-0.0,RSI_LT_26,SPY
2018-01-30,40.81631905391692,0,0.0,RSI_LT_26,SPY
2018-01-31,42.344463548454215,0,-0.0,RSI_LT_26,SPY
2018-02-01,39.95322521417647,0,-0.0,RSI_LT_26,SPY
2018-02-02,1.2268609530840138,1,-4.1822541371286714,RSI_LT_26,SPY
2018-02-05,0.665641189360187,1,1.970224056126546,RSI_LT_26,SPY
2018-02-06,22.90860959752402,1,-0.5424855752199975,RSI_LT_26,SPY
2018-02-07,21.112509850373456,1,-3.750890290754394,RSI_LT_26,SPY
2018-02-08,15.138315234532215,1,1.5021523284711513,RSI_LT_26,SPY
2018-02-09,28.26425594802221,0,0.0,RSI_LT_26,SPY
2018-02-12,52.888167657873126,0,0.0,RSI_LT_26,SPY
2018-02-13,42.12379050837045,0,0.0,RSI_LT_26,SPY
2018-02-14,54.36359752308238,0,0.0,RSI_LT_26,SPY
2018-02-15,100.0,0,0.0,RSI_LT_26,SPY
2018-02-16,100.0,0,-0.0,RSI_LT_26,SPY
2018-02-20,81.96207828998197,0,-0.0,RSI_LT_26,SPY
2018-02-21,69.91147786946738,0,0.0,RSI_LT_26,SPY
2018-02-22,55.8441444059855,0,0.0,RSI_LT_26,SPY
2018-02-23,60.76920067295277,0,0.0,RSI_LT_26,SPY
2018-02-26,71.95236909753594,0,-0.0,RSI_LT_26,SPY
2018-02-27,61.95736214716346,0,-0.0,RSI_LT_26,SPY
2018-02-28,55.673778052892786,0,-0.0,RSI_LT_26,SPY
2018-03-01,42.37292519047644,0,0.0,RSI_LT_26,SPY
2018-03-02,30.941026732399138,0,0.0,RSI_LT_26,SPY
2018-03-05,30.56500215015342,0,0.0,RSI_LT_26,SPY
2018-03-06,43.49289971455366,0,-0.0,RSI_LT_26,SPY
2018-03-07,56.12138284928318,0,0.0,RSI_LT_26,SPY
2018-03-08,98.48475740859763,0,0.0,RSI_LT_26,SPY
2018-03-09,98.99893998222103,0,-0.0,RSI_LT_26,SPY
2018-03-12,93.77577422935846,0,-0.0,RSI_LT_26,SPY
2018-03-13,73.02157088753499,0,-0.0,RSI_LT_26,SPY
2018-03-14,63.043416451053425,0,-0.0,RSI_LT_26,SPY
2018-03-15,55.20830757819261,0,-0.0,RSI_LT_26,SPY
2018-03-16,0.0,1,-1.3530349407333553,RSI_LT_26,SPY
2018-03-19,0.0,1,0.17006986922423195,RSI_LT_26,SPY
2018-03-20,6.876228794037019,1,-0.19192452770685486,RSI_LT_26,SPY
2018-03-21,7.945058188564687,1,-2.499715057919416,RSI_LT_26,SPY
2018-03-22,3.7552720541891205,1,-2.1314618077743375,RSI_LT_26,SPY
2018-03-23,2.6949041033195584,1,2.7359030779175786,RSI_LT_26,SPY
2018-03-26,36.826656942509906,0,-0.0,RSI_LT_26,SPY
2018-03-27,28.851643671437813,0,-0.0,RSI_LT_26,SPY
2018-03-28,28.559859263602974,0,0.0,RSI_LT_26,SPY
2018-03-29,48.77815127978615,0,-0.0,RSI_LT_26,SPY
2018-04-02,48.6410809001972,0,0.0,RSI_LT_26,SPY
2018-04-03,37.65642874626125,0,0.0,RSI_LT_26,SPY
2018-04-04,59.33161567901543,0,0.0,RSI_LT_26,SPY
2018-04-05,66.91911337351388,0,-0.0,RSI_LT_26,SPY
2018-04-06,41.32526735656598,0,0.0,RSI_LT_26,SPY
2018-04-09,61.48338611522004,0,0.0,RSI_LT_26,SPY
2018-04-10,63.50183820070819,0,-0.0,RSI_LT_26,SPY
2018-04-11,50.67480468347809,0,0.0,RSI_LT_26,SPY
2018-04-12,50.97242974394662,0,-0.0,RSI_LT_26,SPY
2018-04-13,77.789231028731,0,0.0,RSI_LT_26,SPY
2018-04-16,79.66267486192665,0,0.0,RSI_LT_26,SPY
2018-04-17,76.86579061240292,0,0.0,RSI_LT_26,SPY
2018-04-18,90.47620821999479,0,-0.0,RSI_LT_26,SPY
2018-04-19,69.68094604246477,0,-0.0,RSI_LT_26,SPY
2018-04-20,58.09303411386174,0,-0.0,RSI_LT_26,SPY
2018-04-23,44.47692341812859,0,-0.0,RSI_LT_26,SPY
2018-04-24,2.6282758205842924,1,0.24716475371893143,RSI_LT_26,SPY
2018-04-25,8.064442845783958,1,1.0165734651382152,RSI_LT_26,SPY
2018-04-26,36.03885380611409,0,0.0,RSI_LT_26,SPY
2018-04-27,49.65334213734254,0,-0.0,RSI_LT_26,SPY
2018-04-30,38.82861114788825,0,0.0,RSI_LT_26,SPY
2018-05-01,66.39350823477616,0,-0.0,RSI_LT_26,SPY
2018-05-02,47.0263220098602,0,-0.0,RSI_LT_26,SPY
2018-05-03,14.0350981558596,1,1.2946439569337498,RSI_LT_26,SPY
2018-05-04,46.73907835426196,0,0.0,RSI_LT_26,SPY
2018-05-07,66.90036252819544,0,0.0,RSI_LT_26,SPY
2018-05-08,64.56450814714346,0,0.0,RSI_LT_26,SPY
2018-05-09,92.22499488647985,0,0.0,RSI_LT_26,SPY
2018-05-10,100.0,0,0.0,RSI_LT_26,SPY
2018-05-11,100.0,0,0.0,RSI_LT_26,SPY
2018-05-14,100.0,0,-0.0,RSI_LT_26,SPY
2018-05-15,76.32236392008548,0,0.0,RSI_LT_26,SPY
2018-05-16,71.07684795673077,0,-0.0,RSI_LT_26,SPY
2018-05-17,49.88148137409117,0,-0.0,RSI_LT_26,SPY
2018-05-18,31.280536388099634,0,0.0,RSI_LT_26,SPY
2018-05-21,53.2661980830671,0,-0.0,RSI_LT_26,SPY
2018-05-22,65.5667767815007,0,0.0,RSI_LT_26,SPY
2018-05-23,62.55593721347146,0,-0.0,RSI_LT_26,SPY
2018-05-24,58.246049949031594,0,-0.0,RSI_LT_26,SPY
2018-05-25,58.61350464173975,0,-0.0,RSI_LT_26,SPY
2018-05-29,12.820499444424144,1,1.3344719665824512,RSI_LT_26,SPY
2018-05-30,50.0,0,-0.0,RSI_LT_26,SPY
2018-05-31,37.39589028902763,0,0.0,RSI_LT_26,SPY
2018-06-01,53.41888701957562,0,0.0,RSI_LT_26,SPY
2018-06-04,61.133625248341914,0,0.0,RSI_LT_26,SPY
2018-06-05,82.27191146646624,0,0.0,RSI_LT_26,SPY
2018-06-06,79.45894002695165,0,-0.0,RSI_LT_26,SPY
2018-06-07,99.53776849866456,0,0.0,RSI_LT_26,SPY
2018-06-08,99.35486411456249,0,0.0,RSI_LT_26,SPY
2018-06-11,99.19358146631993,0,0.0,RSI_LT_26,SPY
2018-06-12,99.2268365581249,0,-0.0,RSI_LT_26,SPY
2018-06-13,62.75297141021523,0,0.0,RSI_LT_26,SPY
2018-06-14,71.65599214718202,0,-0.0,RSI_LT_26,SPY
2018-06-15,36.47977454613396,0,-0.0,RSI_LT_26,SPY
2018-06-18,25.728486141356683,1,-0.38327942144603666,RSI_LT_26,SPY
2018-06-19,14.522960814977566,1,0.17059935415721927,RSI_LT_26,SPY
2018-06-20,26.59106672215286,0,-0.0,RSI_LT_26,SPY
2018-06-21,8.655602452636145,1,0.18232206016806085,RSI_LT_26,SPY
2018-06-22,22.40178735040807,1,-1.361283528904722,RSI_LT_26,SPY
2018-06-25,12.933349609375,1,0.22140446624192567,RSI_LT_26,SPY
2018-06-26,22.30121333235077,1,-0.8284241345497101,RSI_LT_26,SPY
2018-06-27,12.47171417301584,1,0.5717499573139051,RSI_LT_26,SPY
2018-06-28,30.59111419154985,0,0.0,RSI_LT_26,SPY
2018-06-29,29.694859644032775,0,0.0,RSI_LT_26,SPY
2018-07-02,58.02227333804004,0,-0.0,RSI_LT_26,SPY
2018-07-03,43.88098083571642,0,0.0,RSI_LT_26,SPY
2018-07-05,83.09862938625947,0,0.0,RSI_LT_26,SPY
2018-07-06,85.11636929686354,0,0.0,RSI_LT_26,SPY
2018-07-09,88.75885333657331,0,0.0,RSI_LT_26,SPY
2018-07-10,89.28579943528803,0,-0.0,RSI_LT_26,SPY
2018-07-11,79.68120708469229,0,0.0,RSI_LT_26,SPY
2018-07-12,80.27076163885462,0,0.0,RSI_LT_26,SPY
2018-07-13,75.27262369791667,0,-0.0,RSI_LT_26,SPY
2018-07-16,61.96011436450645,0,0.0,RSI_LT_26,SPY
2018-07-17,62.76423651773486,0,0.0,RSI_LT_26,SPY
2018-07-18,94.68086487890396,0,-0.0,RSI_LT_26,SPY
2018-07-19,59.6923828125,0,-0.0,RSI_LT_26,SPY
2018-07-20,51.34322647645596,0,0.0,RSI_LT_26,SPY
2018-07-23,61.87858810834506,0,0.0,RSI_LT_26,SPY
2018-07-24,64.61520403771667,0,0.0,RSI_LT_26,SPY
2018-07-25,75.83188139343474,0,-0.0,RSI_LT_26,SPY
2018-07-26,81.39071973934044,0,-0.0,RSI_LT_26,SPY
2018-07-27,62.57237988136976,0,-0.0,RSI_LT_26,SPY
2018-07-30,48.411688976439024,0,0.0,RSI_LT_26,SPY
2018-07-31,48.21429266526794,0,-0.0,RSI_LT_26,SPY
2018-08-01,23.349926158485573,1,0.5447658536903432,RSI_LT_26,SPY
2018-08-02,42.98387569363367,0,0.0,RSI_LT_26,SPY
2018-08-03,67.98674549538208,0,0.0,RSI_LT_26,SPY
2018-08-06,91.65185056698684,0,0.0,RSI_LT_26,SPY
2018-08-07,90.94410405372032,0,-0.0,RSI_LT_26,SPY
2018-08-08,97.52076016570301,0,-0.0,RSI_LT_26,SPY
2018-08-09,86.21659518310788,0,-0.0,RSI_LT_26,SPY
2018-08-10,44.999930641290625,0,-0.0,RSI_LT_26,SPY
2018-08-13,21.266562178509048,1,0.6380672648083063,RSI_LT_26,SPY
2018-08-14,34.09088281873143,0,-0.0,RSI_LT_26,SPY
2018-08-15,24.725214839656246,1,0.8091414540329689,RSI_LT_26,SPY
2018-08-16,44.49284815729394,0,0.0,RSI_LT_26,SPY
2018-08-17,61.50120260249831,0,0.0,RSI_LT_26,SPY
2018-08-20,72.8553677349776,0,0.0,RSI_LT_26,SPY
2018-08-21,68.26351135273426,0,-0.0,RSI_LT_26,SPY
2018-08-22,96.40626612986476,0,-0.0,RSI_LT_26,SPY
2018-08-23,80.56571015711775,0,0.0,RSI_LT_26,SPY
2018-08-24,84.5073328404656,0,0.0,RSI_LT_26,SPY
2018-08-27,89.44353327085285,0,0.0,RSI_LT_26,SPY
2018-08-28,88.24810569010263,0,0.0,RSI_LT_26,SPY
2018-08-29,93.7396305718394,0,-0.0,RSI_LT_26,SPY
2018-08-30,82.82359839550101,0,0.0,RSI_LT_26,SPY
2018-08-31,77.1314849423955,0,-0.0,RSI_LT_26,SPY
2018-09-04,50.44245397668452,0,-0.0,RSI_LT_26,SPY
2018-09-05,38.95771490882656,0,-0.0,RSI_LT_26,SPY
2018-09-06,0.2996911719021256,1,-0.19433563002393406,RSI_LT_26,SPY
2018-09-07,0.3680059239978135,1,0.17385256932853643,RSI_LT_26,SPY
2018-09-10,15.576365451347627,1,0.3297402531507787,RSI_LT_26,SPY
2018-09-11,39.617276744767786,0,0.0,RSI_LT_26,SPY
2018-09-12,51.52537112708839,0,0.0,RSI_LT_26,SPY
2018-09-13,85.2242531604799,0,0.0,RSI_LT_26,SPY
2018-09-14,100.0,0,-0.0,RSI_LT_26,SPY
2018-09-17,64.35171449158648,0,0.0,RSI_LT_26,SPY
2018-09-18,68.82594594594595,0,0.0,RSI_LT_26,SPY
2018-09-19,70.27023842487584,0,0.0,RSI_LT_26,SPY
2018-09-20,73.58483652467048,0,-0.0,RSI_LT_26,SPY
2018-09-21,57.5304347826087,0,-0.0,RSI_LT_26,SPY
2018-09-24,62.35290949726688,0,-0.0,RSI_LT_26,SPY
2018-09-25,48.54541318255716,0,-0.0,RSI_LT_26,SPY
2018-09-26,38.94386447301497,0,0.0,RSI_LT_26,SPY
2018-09-27,17.960117198865902,1,0.010319852435558552,RSI_LT_26,SPY
2018-09-28,28.474628872911595,0,0.0,RSI_LT_26,SPY
2018-10-01,61.87331591410141,0,-0.0,RSI_LT_26,SPY
2018-10-02,64.01372756071805,0,0.0,RSI_LT_26,SPY
2018-10-03,92.20130188283055,0,-0.0,RSI_LT_26,SPY
2018-10-04,32.87682686197786,0,-0.0,RSI_LT_26,SPY
2018-10-05,22.328412102151958,1,0.0,RSI_LT_26,SPY
2018-10-08,3.782582660577603,1,-0.1459291977785382,RSI_LT_26,SPY
2018-10-09,3.571501556528901,1,-3.1663209104984436,RSI_LT_26,SPY
2018-10-10,0.0,1,-2.2026498864939015,RSI_LT_26,SPY
2018-10-11,0.0,1,1.3888373416642175,RSI_LT_26,SPY
2018-10-12,19.45445292940589,1,-0.5617025700234368,RSI_LT_26,SPY
2018-10-15,18.017143946016787,1,2.1865889699193897,RSI_LT_26,SPY
2018-10-16,36.822287945325726,0,0.0,RSI_LT_26,SPY
2018-10-17,56.13941523403188,0,-0.0,RSI_LT_26,SPY
2018-10-18,63.70695315775733,0,-0.0,RSI_LT_26,SPY
2018-10-19,51.27112945606522,0,-0.0,RSI_LT_26,SPY
2018-10-22,52.65454642036626,0,-0.0,RSI_LT_26,SPY
2018-10-23,0.7259504015094791,1,-3.029852151299206,RSI_LT_26,SPY
2018-10-24,0.0,1,1.7940521320091163,RSI_LT_26,SPY
2018-10-25,30.050438883794044,0,-0.0,RSI_LT_26,SPY
2018-10-26,23.287601694295276,1,-0.5540275487492807,RSI_LT_26,SPY
2018-10-29,23.02846242658501,1,1.481847903879685,RSI_LT_26,SPY
2018-10-30,37.40292089772908,0,0.0,RSI_LT_26,SPY
2018-10-31,64.95773960167253,0,0.0,RSI_LT_26,SPY
2018-11-01,60.80660886219806,0,-0.0,RSI_LT_26,SPY
2018-11-02,75.7457511408142,0,0.0,RSI_LT_26,SPY
2018-11-05,87.31407486712806,0,0.0,RSI_LT_26,SPY
2018-11-06,84.70259039286712,0,0.0,RSI_LT_26,SPY
2018-11-07,88.10575845843603,0,-0.0,RSI_LT_26,SPY
2018-11-08,81.06662326388889,0,-0.0,RSI_LT_26,SPY
2018-11-09,73.72674791533034,0,-0.0,RSI_LT_26,SPY
2018-11-12,47.447050283703305,0,-0.0,RSI_LT_26,SPY
2018-11-13,39.690053837516814,0,-0.0,RSI_LT_26,SPY
2018-11-14,0.0,1,1.0436627236270812,RSI_LT_26,SPY
2018-11-15,21.493783654908526,1,0.26006226695023393,RSI_LT_26,SPY
2018-11-16,31.83047741175629,0,-0.0,RSI_LT_26,SPY
2018-11-19,33.52325915020273,0,-0.0,RSI_LT_26,SPY
2018-11-20,23.533325195312514,1,0.3407518980473423,RSI_LT_26,SPY
2018-11-21,31.55263518257283,0,-0.0,RSI_LT_26,SPY
2018-11-23,12.39425170970992,1,1.614434947768273,RSI_LT_26,SPY
2018-11-26,31.15544027102122,0,0.0,RSI_LT_26,SPY
2018-11-27,47.26557470853301,0,0.0,RSI_LT_26,SPY
2018-11-28,87.3571937717847,0,-0.0,RSI_LT_26,SPY
2018-11-29,82.70092666844872,0,0.0,RSI_LT_26,SPY
2018-11-30,95.5883969904161,0,0.0,RSI_LT_26,SPY
2018-12-03,95.3847815165899,0,-0.0,RSI_LT_26,SPY
2018-12-04,54.37355077116649,0,-0.0,RSI_LT_26,SPY
2018-12-06,34.5903526003532,0,-0.0,RSI_LT_26,SPY
2018-12-07,25.273100258783785,1,0.18970291994755417,RSI_LT_26,SPY
2018-12-10,20.875247725378287,1,0.022720322993774467,RSI_LT_26,SPY
2018-12-11,3.4376814852282678,1,0.5035348304543108,RSI_LT_26,SPY
2018-12-12,22.053550126237,1,-0.03390203450144291,RSI_LT_26,SPY
2018-12-13,22.908983298500004,1,-1.8464762356876663,RSI_LT_26,SPY
2018-12-14,27.470801932195727,0,-0.0,RSI_LT_26,SPY
2018-12-17,12.097364300730263,1,-0.1096486445127054,RSI_LT_26,SPY
2018-12-18,11.357722252988893,1,-1.4975722505870204,RSI_LT_26,SPY
2018-12-19,0.0,1,-1.627794486710199,RSI_LT_26,SPY
2018-12-20,0.0,1,-2.6176321028577143,RSI_LT_26,SPY
2018-12-21,0.0,1,-2.6422935982500895,RSI_LT_26,SPY
2018-12-24,0.0,1,5.0524863544073595,RSI_LT_26,SPY
2018-12-26,36.341300406573176,0,0.0,RSI_LT_26,SPY
2018-12-27,44.796107292404606,0,-0.0,RSI_LT_26,SPY
2018-12-28,51.078871645183476,0,0.0,RSI_LT_26,SPY
2018-12-31,70.41628485934623,0,0.0,RSI_LT_26,SPY
2019-01-02,98.05820927859679,0,-0.0,RSI_LT_26,SPY
2019-01-03,40.71637206131703,0,0.0,RSI_LT_26,SPY
2019-01-04,62.78105776948726,0,0.0,RSI_LT_26,SPY
2019-01-07,67.8514086254583,0,0.0,RSI_LT_26,SPY
2019-01-08,68.22779248980241,0,0.0,RSI_LT_26,SPY
2019-01-09,69.7415515875962,0,0.0,RSI_LT_26,SPY
2019-01-10,100.0,0,0.0,RSI_LT_26,SPY
2019-01-11,100.0,0,-0.0,RSI_LT_26,SPY
2019-01-14,74.43347637365622,0,0.0,RSI_LT_26,SPY
2019-01-15,76.55778826214129,0,0.0,RSI_LT_26,SPY
2019-01-16,74.39212582846969,0,0.0,RSI_LT_26,SPY
2019-01-17,78.17662208471555,0,0.0,RSI_LT_26,SPY
2019-01-18,85.1502357651756,0,-0.0,RSI_LT_26,SPY
2019-01-22,71.56394105721924,0,0.0,RSI_LT_26,SPY
2019-01-23,64.91225461035097,0,0.0,RSI_LT_26,SPY
2019-01-24,63.152403769565474,0,0.0,RSI_LT_26,SPY
2019-01-25,64.07186540616928,0,-0.0,RSI_LT_26,SPY
2019-01-28,34.192160492283065,0,-0.0,RSI_LT_26,SPY
2019-01-29,55.198652382847875,0,0.0,RSI_LT_26,SPY
2019-01-30,73.40064802953809,0,0.0,RSI_LT_26,SPY
2019-01-31,78.68708491135628,0,0.0,RSI_LT_26,SPY
2019-02-01,73.72507756278611,0,0.0,RSI_LT_26,SPY
2019-02-04,96.06734445454077,0,0.0,RSI_LT_26,SPY
2019-02-05,100.0,0,-0.0,RSI_LT_26,SPY
2019-02-06,93.87731799851565,0,-0.0,RSI_LT_26,SPY
2019-02-07,51.7130652966127,0,0.0,RSI_LT_26,SPY
2019-02-08,53.23858240004628,0,0.0,RSI_LT_26,SPY
2019-02-11,35.371176129586814,0,0.0,RSI_LT_26,SPY
2019-02-12,57.22545137020737,0,0.0,RSI_LT_26,SPY
2019-02-13,65.10077011305916,0,-0.0,RSI_LT_26,SPY
2019-02-14,88.82802718654982,0,0.0,RSI_LT_26,SPY
2019-02-15,92.48783237808888,0,0.0,RSI_LT_26,SPY
2019-02-19,92.78122280047239,0,0.0,RSI_LT_26,SPY
2019-02-20,88.96946017240047,0,-0.0,RSI_LT_26,SPY
2019-02-21,71.58112129572915,0,0.0,RSI_LT_26,SPY
2019-02-22,85.31169630890716,0,0.0,RSI_LT_26,SPY
2019-02-25,76.02914335961458,0,-0.0,RSI_LT_26,SPY
2019-02-26,69.09119733660972,0,-0.0,RSI_LT_26,SPY
2019-02-27,61.58389790311177,0,-0.0,RSI_LT_26,SPY
2019-02-28,71.42842313960368,0,0.0,RSI_LT_26,SPY
2019-03-01,71.62166341900962,0,-0.0,RSI_LT_26,SPY
2019-03-04,48.33341810352135,0,-0.0,RSI_LT_26,SPY
2019-03-05,46.03156662495459,0,-0.0,RSI_LT_26,SPY
2019-03-06,32.523344228257216,0,-0.0,RSI_LT_26,SPY
2019-03-07,24.33587147661892,1,-0.19999937857375638,RSI_LT_26,SPY
2019-03-08,0.0,1,1.4501242841361561,RSI_LT_26,SPY
2019-03-11,44.61889007872292,0,0.0,RSI_LT_26,SPY
2019-03-12,52.45047653900619,0,0.0,RSI_LT_26,SPY
2019-03-13,70.56415264423077,0,-0.0,RSI_LT_26,SPY
2019-03-14,90.4072343753133,0,0.0,RSI_LT_26,SPY
2019-03-15,97.50356603190593,0,0.0,RSI_LT_26,SPY
2019-03-18,95.7648478059499,0,0.0,RSI_LT_26,SPY
2019-03-19,94.49561833300669,0,-0.0,RSI_LT_26,SPY
2019-03-20,54.625384832555824,0,0.0,RSI_LT_26,SPY
2019-03-21,83.87091170202909,0,-0.0,RSI_LT_26,SPY
2019-03-22,40.28306395425834,0,-0.0,RSI_LT_26,SPY
2019-03-25,33.197319201995015,0,0.0,RSI_LT_26,SPY
2019-03-26,44.576284775114246,0,-0.0,RSI_LT_26,SPY
2019-03-27,42.35107953973055,0,0.0,RSI_LT_26,SPY
2019-03-28,30.48531895351249,0,0.0,RSI_LT_26,SPY
2019-03-29,74.50692550279938,0,0.0,RSI_LT_26,SPY
2019-04-01,84.89204345862397,0,0.0,RSI_LT_26,SPY
2019-04-02,81.12965843071656,0,0.0,RSI_LT_26,SPY
2019-04-03,100.0,0,0.0,RSI_LT_26,SPY
2019-04-04,100.0,0,0.0,RSI_LT_26,SPY
2019-04-05,100.0,0,0.0,RSI_LT_26,SPY
2019-04-08,100.0,0,-0.0,RSI_LT_26,SPY
2019-04-09,65.58128641689673,0,0.0,RSI_LT_26,SPY
2019-04-10,69.35805901307891,0,-0.0,RSI_LT_26,SPY
2019-04-11,62.4094595886432,0,0.0,RSI_LT_26,SPY
2019-04-12,66.8787539118434,0,-0.0,RSI_LT_26,SPY
2019-04-15,62.606614674352485,0,0.0,RSI_LT_26,SPY
2019-04-16,92.03492820812892,0,-0.0,RSI_LT_26,SPY
2019-04-17,68.58964953979479,0,0.0,RSI_LT_26,SPY
2019-04-18,75.06931998782673,0,0.0,RSI_LT_26,SPY
2019-04-22,52.879238168280445,0,0.0,RSI_LT_26,SPY
2019-04-23,83.60291785601015,0,-0.0,RSI_LT_26,SPY
2019-04-24,71.60769122950089,0,-0.0,RSI_LT_26,SPY
2019-04-25,80.51607541979483,0,0.0,RSI_LT_26,SPY
2019-04-26,83.56417693981146,0,0.0,RSI_LT_26,SPY
2019-04-29,84.22032826451459,0,0.0,RSI_LT_26,SPY
2019-04-30,70.35672635720591,0,-0.0,RSI_LT_26,SPY
2019-05-01,45.1833497819681,0,-0.0,RSI_LT_26,SPY
2019-05-02,40.95638712297131,0,0.0,RSI_LT_26,SPY
2019-05-03,54.92060570243851,0,-0.0,RSI_LT_26,SPY
2019-05-06,42.55326517007627,0,-0.0,RSI_LT_26,SPY
2019-05-07,24.173062238730637,1,-0.13892053855424358,RSI_LT_26,SPY
2019-05-08,28.55714394923936,0,-0.0,RSI_LT_26,SPY
2019-05-09,27.886553455025407,0,0.0,RSI_LT_26,SPY
2019-05-10,16.345094670333864,1,-2.513023463578734,RSI_LT_26,SPY
2019-05-13,9.703502934535393,1,0.9043682537198894,RSI_LT_26,SPY
2019-05-14,31.865527410799146,0,0.0,RSI_LT_26,SPY
2019-05-15,41.0181973140152,0,0.0,RSI_LT_26,SPY
2019-05-16,53.35053218787913,0,-0.0,RSI_LT_26,SPY
2019-05-17,42.910913532596624,0,-0.0,RSI_LT_26,SPY
2019-05-20,64.58932492637186,0,0.0,RSI_LT_26,SPY
2019-05-21,64.65603778306378,0,-0.0,RSI_LT_26,SPY
2019-05-22,52.89932010803762,0,-0.0,RSI_LT_26,SPY
2019-05-23,23.970031031940607,1,0.22683210378962038,RSI_LT_26,SPY
2019-05-24,33.82658459791473,0,-0.0,RSI_LT_26,SPY
2019-05-28,31.37242582270453,0,-0.0,RSI_LT_26,SPY
2019-05-29,6.722530140951619,1,0.27311955856930137,RSI_LT_26,SPY
2019-05-30,14.893561760800466,1,-1.3475288614393843,RSI_LT_26,SPY
2019-05-31,14.477683065765774,1,-0.25428914062199937,RSI_LT_26,SPY
2019-06-03,7.81098568843251,1,2.1706636908962906,RSI_LT_26,SPY
2019-06-04,51.454842855473764,0,0.0,RSI_LT_26,SPY
2019-06-05,67.2300054711955,0,0.0,RSI_LT_26,SPY
2019-06-06,69.63921048859379,0,0.0,RSI_LT_26,SPY
2019-06-07,94.92029534351178,0,0.0,RSI_LT_26,SPY
2019-06-10,100.0,0,-0.0,RSI_LT_26,SPY
2019-06-11,99.17735318587371,0,-0.0,RSI_LT_26,SPY
2019-06-12,91.19898490791466,0,0.0,RSI_LT_26,SPY
2019-06-13,90.23587014041235,0,-0.0,RSI_LT_26,SPY
2019-06-14,73.60766800612151,0,0.0,RSI_LT_26,SPY
2019-06-17,59.09109825627367,0,0.0,RSI_LT_26,SPY
2019-06-18,83.91530636385143,0,0.0,RSI_LT_26,SPY
2019-06-19,93.97399940228512,0,0.0,RSI_LT_26,SPY
2019-06-20,95.37602589601902,0,-0.0,RSI_LT_26,SPY
2019-06-21,78.0142560313979,0,-0.0,RSI_LT_26,SPY
2019-06-24,74.51227716111671,0,-0.0,RSI_LT_26,SPY
2019-06-25,40.42061655727594,0,-0.0,RSI_LT_26,SPY
2019-06-26,34.18800234006163,0,0.0,RSI_LT_26,SPY
2019-06-27,16.04363740077008,1,0.5145797598627766,RSI_LT_26,SPY
2019-06-28,41.74917159346138,0,0.0,RSI_LT_26,SPY
2019-07-01,62.0812510723112,0,0.0,RSI_LT_26,SPY
2019-07-02,95.35986328125,0,0.0,RSI_LT_26,SPY
2019-07-03,100.0,0,-0.0,RSI_LT_26,SPY
2019-07-05,95.54977690964941,0,-0.0,RSI_LT_26,SPY
2019-07-08,74.55027575764709,0,0.0,RSI_LT_26,SPY
2019-07-09,63.93451735734734,0,0.0,RSI_LT_26,SPY
2019-07-10,67.75251747069993,0,0.0,RSI_LT_26,SPY
2019-07-11,55.70484461193948,0,0.0,RSI_LT_26,SPY
2019-07-12,70.01841106895782,0,0.0,RSI_LT_26,SPY
2019-07-15,100.0,0,-0.0,RSI_LT_26,SPY
2019-07-16,78.58716375076631,0,-0.0,RSI_LT_26,SPY
2019-07-17,41.55348550570053,0,0.0,RSI_LT_26,SPY
2019-07-18,45.667777563555234,0,-0.0,RSI_LT_26,SPY
2019-07-19,20.307259660452033,1,0.24564405416616086,RSI_LT_26,SPY
2019-07-22,28.042959988338353,0,0.0,RSI_LT_26,SPY
2019-07-23,51.633994750153576,0,0.0,RSI_LT_26,SPY
2019-07-24,76.35351910620354,0,-0.0,RSI_LT_26,SPY
2019-07-25,57.937714027801356,0,0.0,RSI_LT_26,SPY
2019-07-26,81.34712158406761,0,-0.0,RSI_LT_26,SPY
2019-07-29,73.60728856365756,0,-0.0,RSI_LT_26,SPY
2019-07-30,55.609753676981406,0,-0.0,RSI_LT_26,SPY
2019-07-31,25.03116354017817,1,-0.8707919179872015,RSI_LT_26,SPY
2019-08-01,21.895475896825587,1,-0.752951176325134,RSI_LT_26,SPY
2019-08-02,0.0,1,-3.0073091175620292,RSI_LT_26,SPY
2019-08-05,0.0,1,1.4022903128895647,RSI_LT_26,SPY
2019-08-06,19.061232543353867,1,0.05907346592963769,RSI_LT_26,SPY
2019-08-07,23.367110054144717,1,1.9620078037761113,RSI_LT_26,SPY
2019-08-08,47.07011868448864,0,-0.0,RSI_LT_26,SPY
2019-08-09,47.57281265740274,0,-0.0,RSI_LT_26,SPY
2019-08-12,63.84367022672509,0,0.0,RSI_LT_26,SPY
2019-08-13,64.98425020986883,0,-0.0,RSI_LT_26,SPY
2019-08-14,41.63581036671333,0,0.0,RSI_LT_26,SPY
2019-08-15,26.91709034822776,0,0.0,RSI_LT_26,SPY
2019-08-16,43.59687402560206,0,0.0,RSI_LT_26,SPY
2019-08-19,59.87937328462215,0,-0.0,RSI_LT_26,SPY
2019-08-20,43.63355484403951,0,0.0,RSI_LT_26,SPY
2019-08-21,82.80897586932949,0,-0.0,RSI_LT_26,SPY
2019-08-22,81.16400758867225,0,-0.0,RSI_LT_26,SPY
2019-08-23,37.24489200119891,0,0.0,RSI_LT_26,SPY
2019-08-26,35.895814819011946,0,-0.0,RSI_LT_26,SPY
2019-08-27,38.69383241502131,0,0.0,RSI_LT_26,SPY
2019-08-28,37.19427587842169,0,0.0,RSI_LT_26,SPY
2019-08-29,50.62857601244421,0,-0.0,RSI_LT_26,SPY
2019-08-30,87.54956862106505,0,-0.0,RSI_LT_26,SPY
2019-09-03,65.78336720271705,0,0.0,RSI_LT_26,SPY
2019-09-04,83.04151794629472,0,0.0,RSI_LT_26,SPY
2019-09-05,85.40841811792723,0,0.0,RSI_LT_26,SPY
2019-09-06,79.8907369916652,0,0.0,RSI_LT_26,SPY
2019-09-09,81.35208530237882,0,-0.0,RSI_LT_26,SPY
2019-09-10,99.07029147618584,0,0.0,RSI_LT_26,SPY
2019-09-11,98.8975235129303,0,0.0,RSI_LT_26,SPY
2019-09-12,98.06074746603772,0,-0.0,RSI_LT_26,SPY
2019-09-13,92.45765529234258,0,-0.0,RSI_LT_26,SPY
2019-09-16,72.47688441859326,0,0.0,RSI_LT_26,SPY
2019-09-17,77.62374681983816,0,0.0,RSI_LT_26,SPY
2019-09-18,63.665623252117086,0,-0.0,RSI_LT_26,SPY
2019-09-19,44.97561545425343,0,-0.0,RSI_LT_26,SPY
2019-09-20,20.042685545477028,1,-0.023470338106901245,RSI_LT_26,SPY
2019-09-23,24.54303517075425,1,-0.7846807300026737,RSI_LT_26,SPY
2019-09-24,3.3270342687914365,1,0.5914759958362437,RSI_LT_26,SPY
2019-09-25,25.071593775822947,1,-0.20831769617608575,RSI_LT_26,SPY
2019-09-26,23.08711213820702,1,-0.5387225937763085,RSI_LT_26,SPY
2019-09-27,27.429446092031,0,0.0,RSI_LT_26,SPY
2019-09-30,40.62497516470766,0,-0.0,RSI_LT_26,SPY
2019-10-01,35.17471065053742,0,-0.0,RSI_LT_26,SPY
2019-10-02,11.13818273844673,1,0.8192792783248581,RSI_LT_26,SPY
2019-10-03,26.567013648130796,0,0.0,RSI_LT_26,SPY
2019-10-04,46.792950194999364,0,-0.0,RSI_LT_26,SPY
2019-10-07,38.66011674319498,0,-0.0,RSI_LT_26,SPY
2019-10-08,36.379441505650775,0,0.0,RSI_LT_26,SPY
2019-10-09,60.80804759507198,0,0.0,RSI_LT_26,SPY
2019-10-10,59.75096290824672,0,0.0,RSI_LT_26,SPY
2019-10-11,57.11124404603947,0,-0.0,RSI_LT_26,SPY
2019-10-14,61.361961440973865,0,0.0,RSI_LT_26,SPY
2019-10-15,97.00284110595246,0,-0.0,RSI_LT_26,SPY
2019-10-16,90.74288504464286,0,0.0,RSI_LT_26,SPY
2019-10-17,89.42562439492755,0,-0.0,RSI_LT_26,SPY
2019-10-18,64.24961659993619,0,0.0,RSI_LT_26,SPY
2019-10-21,76.50905916088621,0,-0.0,RSI_LT_26,SPY
2019-10-22,51.146430993465884,0,0.0,RSI_LT_26,SPY
2019-10-23,62.21137818333812,0,0.0,RSI_LT_26,SPY
2019-10-24,59.61204135785525,0,0.0,RSI_LT_26,SPY
2019-10-25,82.46893630030792,0,0.0,RSI_LT_26,SPY
2019-10-28,81.40439873527674,0,-0.0,RSI_LT_26,SPY
2019-10-29,97.94527706360653,0,0.0,RSI_LT_26,SPY
2019-10-30,97.97305656746168,0,-0.0,RSI_LT_26,SPY
2019-10-31,81.09208408932086,0,0.0,RSI_LT_26,SPY
2019-11-01,85.80415978743784,0,0.0,RSI_LT_26,SPY
2019-11-04,84.6675331427086,0,-0.0,RSI_LT_26,SPY
2019-11-05,81.2089238164574,0,0.0,RSI_LT_26,SPY
2019-11-06,78.13658542245636,0,0.0,RSI_LT_26,SPY
2019-11-07,93.85178276777387,0,0.0,RSI_LT_26,SPY
2019-11-08,90.2299354567139,0,-0.0,RSI_LT_26,SPY
2019-11-11,67.2537367962949,0,0.0,RSI_LT_26,SPY
2019-11-12,81.26992123543147,0,0.0,RSI_LT_26,SPY
2019-11-13,81.44661330876566,0,0.0,RSI_LT_26,SPY
2019-11-14,76.86277795064507,0,0.0,RSI_LT_26,SPY
2019-11-15,85.3598879254856,0,0.0,RSI_LT_26,SPY
2019-11-18,100.0,0,-0.0,RSI_LT_26,SPY
2019-11-19,97.10621344742317,0,-0.0,RSI_LT_26,SPY
2019-11-20,70.02385796460825,0,-0.0,RSI_LT_26,SPY
2019-11-21,58.53081768283423,0,0.0,RSI_LT_26,SPY
2019-11-22,34.45650931535032,0,0.0,RSI_LT_26,SPY
2019-11-25,63.91757118137486,0,0.0,RSI_LT_26,SPY
2019-11-26,69.65259064611334,0,0.0,RSI_LT_26,SPY
2019-11-27,91.24346627045632,0,-0.0,RSI_LT_26,SPY
2019-11-29,81.661333295067,0,-0.0,RSI_LT_26,SPY
2019-12-02,54.06711664190465,0,-0.0,RSI_LT_26,SPY
2019-12-03,26.243850965626137,0,0.0,RSI_LT_26,SPY
2019-12-04,35.82261591000666,0,0.0,RSI_LT_26,SPY
2019-12-05,29.404690974089192,0,0.0,RSI_LT_26,SPY
2019-12-06,52.77776095815345,0,-0.0,RSI_LT_26,SPY
2019-12-09,63.33323645241451,0,-0.0,RSI_LT_26,SPY
2019-12-10,79.87994592984626,0,0.0,RSI_LT_26,SPY
2019-12-11,76.24126138995302,0,0.0,RSI_LT_26,SPY
2019-12-12,82.79852544238688,0,0.0,RSI_LT_26,SPY
2019-12-13,73.87923854848304,0,0.0,RSI_LT_26,SPY
2019-12-16,94.46193515987909,0,0.0,RSI_LT_26,SPY
2019-12-17,100.0,0,0.0,RSI_LT_26,SPY
2019-12-18,100.0,0,0.0,RSI_LT_26,SPY
2019-12-19,100.0,0,-0.0,RSI_LT_26,SPY
2019-12-20,95.46708550688075,0,0.0,RSI_LT_26,SPY
2019-12-23,91.74827039599413,0,0.0,RSI_LT_26,SPY
2019-12-24,91.5007248035401,0,0.0,RSI_LT_26,SPY
2019-12-26,95.39338201847609,0,-0.0,RSI_LT_26,SPY
2019-12-27,89.8373630736022,0,-0.0,RSI_LT_26,SPY
2019-12-30,54.299446635574284,0,0.0,RSI_LT_26,SPY
2019-12-31,57.33924084301003,0,0.0,RSI_LT_26,SPY
2020-01-02,74.72809974582562,0,-0.0,RSI_LT_26,SPY
2020-01-03,46.732443019540995,0,0.0,RSI_LT_26,SPY
2020-01-06,54.21181681562919,0,-0.0,RSI_LT_26,SPY
2020-01-07,59.83326301086846,0,0.0,RSI_LT_26,SPY
2020-01-08,63.880075623270514,0,0.0,RSI_LT_26,SPY
2020-01-09,60.4460156957981,0,-0.0,RSI_LT_26,SPY
2020-01-10,73.57134137834821,0,0.0,RSI_LT_26,SPY
2020-01-13,76.90382212197872,0,-0.0,RSI_LT_26,SPY
2020-01-14,81.05261467171545,0,0.0,RSI_LT_26,SPY
2020-01-15,78.24768121554092,0,0.0,RSI_LT_26,SPY
2020-01-16,79.86017448312361,0,0.0,RSI_LT_26,SPY
2020-01-17,93.0939424467103,0,-0.0,RSI_LT_26,SPY
2020-01-21,79.64567354434482,0,0.0,RSI_LT_26,SPY
2020-01-22,87.47552435216708,0,0.0,RSI_LT_26,SPY
2020-01-23,86.54207024660235,0,-0.0,RSI_LT_26,SPY
2020-01-24,28.712835387962286,0,-0.0,RSI_LT_26,SPY
2020-01-27,4.521115841480082,1,1.0479179747874712,RSI_LT_26,SPY
2020-01-28,31.670979198376457,0,-0.0,RSI_LT_26,SPY
2020-01-29,30.7504661009566,0,0.0,RSI_LT_26,SPY
2020-01-30,34.38949669708197,0,-0.0,RSI_LT_26,SPY
2020-01-31,27.917261765730714,0,0.0,RSI_LT_26,SPY
2020-02-03,52.37364178058184,0,0.0,RSI_LT_26,SPY
2020-02-04,57.426369219200396,0,0.0,RSI_LT_26,SPY
2020-02-05,67.19957605020105,0,0.0,RSI_LT_26,SPY
2020-02-06,67.30776002427994,0,-0.0,RSI_LT_26,SPY
2020-02-07,87.31290852338847,0,0.0,RSI_LT_26,SPY
2020-02-10,87.39377199125104,0,0.0,RSI_LT_26,SPY
2020-02-11,81.76232583735649,0,0.0,RSI_LT_26,SPY
2020-02-12,78.07890197198556,0,-0.0,RSI_LT_26,SPY
2020-02-13,70.92377670800629,0,0.0,RSI_LT_26,SPY
2020-02-14,94.11741239945947,0,-0.0,RSI_LT_26,SPY
2020-02-18,72.72727272727272,0,0.0,RSI_LT_26,SPY
2020-02-19,77.79766987082381,0,-0.0,RSI_LT_26,SPY
2020-02-20,45.07335111930033,0,-0.0,RSI_LT_26,SPY
2020-02-21,27.284275263253704,0,-0.0,RSI_LT_26,SPY
2020-02-24,8.749937803725146,1,-3.0302149756096908,RSI_LT_26,SPY
2020-02-25,5.897384877135963,1,-0.36782149973914047,RSI_LT_26,SPY
2020-02-26,0.0,1,-4.491168614566609,RSI_LT_26,SPY
2020-02-27,0.0,1,-0.42015393061387574,RSI_LT_26,SPY
2020-02-28,0.0,1,4.3306508301324875,RSI_LT_26,SPY
2020-03-02,32.90584710368621,0,-0.0,RSI_LT_26,SPY
2020-03-03,33.70106222399292,0,0.0,RSI_LT_26,SPY
2020-03-04,51.37261400359508,0,-0.0,RSI_LT_26,SPY
2020-03-05,55.386271666990986,0,-0.0,RSI_LT_26,SPY
2020-03-06,51.207225484459066,0,-0.0,RSI_LT_26,SPY
2020-03-09,20.99833651203744,1,5.174489250964487,RSI_LT_26,SPY
2020-03-10,40.96884025225512,0,-0.0,RSI_LT_26,SPY
2020-03-11,21.217107364555446,1,-9.567716191402486,RSI_LT_26,SPY
2020-03-12,17.152185633055325,1,8.548630309818428,RSI_LT_26,SPY
2020-03-13,35.779268528154574,0,-0.0,RSI_LT_26,SPY
2020-03-16,33.65658998781096,0,0.0,RSI_LT_26,SPY
2020-03-17,32.86511241574013,0,-0.0,RSI_LT_26,SPY
2020-03-18,33.268412640008464,0,0.0,RSI_LT_26,SPY
2020-03-19,45.06108275126231,0,-0.0,RSI_LT_26,SPY
2020-03-20,19.9584727361091,1,-2.5568208153355143,RSI_LT_26,SPY
2020-03-23,30.716553839125254,0,0.0,RSI_LT_26,SPY
2020-03-24,40.55217284652201,0,0.0,RSI_LT_26,SPY
2020-03-25,58.10068619059183,0,0.0,RSI_LT_26,SPY
2020-03-26,68.53611624126981,0,-0.0,RSI_LT_26,SPY
2020-03-27,73.72781256525715,0,0.0,RSI_LT_26,SPY
2020-03-30,85.6616099336752,0,-0.0,RSI_LT_26,SPY
2020-03-31,69.2307661386925,0,-0.0,RSI_LT_26,SPY
2020-04-01,49.30313698841802,0,0.0,RSI_LT_26,SPY
2020-04-02,37.40251960685764,0,-0.0,RSI_LT_26,SPY
2020-04-03,42.087753033867116,0,0.0,RSI_LT_26,SPY
2020-04-06,53.868392637531414,0,0.0,RSI_LT_26,SPY
2020-04-07,59.74643659463952,0,0.0,RSI_LT_26,SPY
2020-04-08,89.6473293216089,0,0.0,RSI_LT_26,SPY
2020-04-09,89.18276850133338,0,-0.0,RSI_LT_26,SPY
2020-04-13,92.1965987217314,0,0.0,RSI_LT_26,SPY
2020-04-14,89.42105671226713,0,-0.0,RSI_LT_26,SPY
2020-04-15,71.21262444849022,0,0.0,RSI_LT_26,SPY
2020-04-16,61.41378277441747,0,0.0,RSI_LT_26,SPY
2020-04-17,66.497257237481,0,-0.0,RSI_LT_26,SPY
2020-04-20,60.555334650074855,0,-0.0,RSI_LT_26,SPY
2020-04-21,31.146972434640375,0,0.0,RSI_LT_26,SPY
2020-04-22,52.3475752219581,0,-0.0,RSI_LT_26,SPY
2020-04-23,49.96322647335153,0,0.0,RSI_LT_26,SPY
2020-04-24,42.21466369216786,0,0.0,RSI_LT_26,SPY
2020-04-27,62.07962385069616,0,-0.0,RSI_LT_26,SPY
2020-04-28,91.28173868843867,0,0.0,RSI_LT_26,SPY
2020-04-29,92.01907033047726,0,-0.0,RSI_LT_26,SPY
2020-04-30,79.23092332395372,0,-0.0,RSI_LT_26,SPY
2020-05-01,49.61374840862772,0,0.0,RSI_LT_26,SPY
2020-05-04,41.30002227790002,0,0.0,RSI_LT_26,SPY
2020-05-05,51.07979431397636,0,-0.0,RSI_LT_26,SPY
2020-05-06,21.573593740015454,1,1.206681680134114,RSI_LT_26,SPY
2020-05-07,41.49447216242925,0,0.0,RSI_LT_26,SPY
2020-05-08,85.6614736405241,0,0.0,RSI_LT_26,SPY
2020-05-11,84.85555963197842,0,-0.0,RSI_LT_26,SPY
2020-05-12,51.498162657659975,0,-0.0,RSI_LT_26,SPY
2020-05-13,43.08095367860439,0,0.0,RSI_LT_26,SPY
2020-05-14,42.9020639734246,0,0.0,RSI_LT_26,SPY
2020-05-15,30.306873681684166,0,0.0,RSI_LT_26,SPY
2020-05-18,55.14403550590132,0,-0.0,RSI_LT_26,SPY
2020-05-19,62.32555300690407,0,0.0,RSI_LT_26,SPY
2020-05-20,85.83449730135382,0,-0.0,RSI_LT_26,SPY
2020-05-21,74.68862758932141,0,0.0,RSI_LT_26,SPY
2020-05-22,73.70604207703013,0,0.0,RSI_LT_26,SPY
2020-05-26,64.32583607470828,0,0.0,RSI_LT_26,SPY
2020-05-27,86.90937861739154,0,-0.0,RSI_LT_26,SPY
2020-05-28,76.8206912813341,0,0.0,RSI_LT_26,SPY
2020-05-29,94.69699159032454,0,0.0,RSI_LT_26,SPY
2020-06-01,95.0133701465281,0,0.0,RSI_LT_26,SPY
2020-06-02,94.46642461672074,0,0.0,RSI_LT_26,SPY
2020-06-03,94.26818640420062,0,-0.0,RSI_LT_26,SPY
2020-06-04,91.824452402613,0,0.0,RSI_LT_26,SPY
2020-06-05,95.0779883315168,0,0.0,RSI_LT_26,SPY
2020-06-08,95.74906343340253,0,-0.0,RSI_LT_26,SPY
2020-06-09,83.15073770543998,0,-0.0,RSI_LT_26,SPY
2020-06-10,70.22535160280196,0,-0.0,RSI_LT_26,SPY
2020-06-11,34.38863893409348,0,0.0,RSI_LT_26,SPY
2020-06-12,24.825323963114926,1,0.9335644514194108,RSI_LT_26,SPY
2020-06-15,22.183933662442072,1,1.9247692222981838,RSI_LT_26,SPY
2020-06-16,37.96493999684787,0,-0.0,RSI_LT_26,SPY
2020-06-17,38.545576809694765,0,0.0,RSI_LT_26,SPY
2020-06-18,90.55926775483971,0,-0.0,RSI_LT_26,SPY
2020-06-19,66.64175117679832,0,0.0,RSI_LT_26,SPY
2020-06-22,64.33743504265124,0,0.0,RSI_LT_26,SPY
2020-06-23,44.291025773570894,0,-0.0,RSI_LT_26,SPY
2020-06-24,24.12837874483202,1,1.0720542618582574,RSI_LT_26,SPY
2020-06-25,37.53516313289345,0,-0.0,RSI_LT_26,SPY
2020-06-26,30.41488890929888,0,0.0,RSI_LT_26,SPY
2020-06-29,37.35632255906513,0,0.0,RSI_LT_26,SPY
2020-06-30,43.12336919307616,0,0.0,RSI_LT_26,SPY
2020-07-01,65.28764554963489,0,0.0,RSI_LT_26,SPY
2020-07-02,62.52565319697582,0,0.0,RSI_LT_26,SPY
2020-07-06,100.0,0,-0.0,RSI_LT_26,SPY
2020-07-07,79.38214354435252,0,0.0,RSI_LT_26,SPY
2020-07-08,77.22846553380313,0,-0.0,RSI_LT_26,SPY
2020-07-09,63.7858010118779,0,0.0,RSI_LT_26,SPY
2020-07-10,67.2903434127056,0,-0.0,RSI_LT_26,SPY
2020-07-13,41.77216052791241,0,0.0,RSI_LT_26,SPY
2020-07-14,68.04781662009019,0,0.0,RSI_LT_26,SPY
2020-07-15,69.19437252961364,0,-0.0,RSI_LT_26,SPY
2020-07-16,72.8439209544629,0,0.0,RSI_LT_26,SPY
2020-07-17,67.57448886303192,0,0.0,RSI_LT_26,SPY
2020-07-20,90.86209482017,0,0.0,RSI_LT_26,SPY
2020-07-21,87.0889322553666,0,0.0,RSI_LT_26,SPY
2020-07-22,85.13322062191024,0,-0.0,RSI_LT_26,SPY
2020-07-23,60.88259421602958,0,-0.0,RSI_LT_26,SPY
2020-07-24,46.22302602510024,0,0.0,RSI_LT_26,SPY
2020-07-27,44.93549411424188,0,-0.0,RSI_LT_26,SPY
2020-07-28,34.28799045009902,0,0.0,RSI_LT_26,SPY
2020-07-29,43.92459231602009,0,-0.0,RSI_LT_26,SPY
2020-07-30,54.317805677661475,0,0.0,RSI_LT_26,SPY
2020-07-31,73.38308268869201,0,0.0,RSI_LT_26,SPY
2020-08-03,73.22773920302987,0,0.0,RSI_LT_26,SPY
2020-08-04,89.65205578650202,0,0.0,RSI_LT_26,SPY
2020-08-05,87.54023666699446,0,0.0,RSI_LT_26,SPY
2020-08-06,100.0,0,0.0,RSI_LT_26,SPY
2020-08-07,100.0,0,0.0,RSI_LT_26,SPY
2020-08-10,100.0,0,-0.0,RSI_LT_26,SPY
2020-08-11,66.54577620521894,0,0.0,RSI_LT_26,SPY
2020-08-12,74.51697127937337,0,-0.0,RSI_LT_26,SPY
2020-08-13,63.49881687615758,0,0.0,RSI_LT_26,SPY
2020-08-14,62.56906964247694,0,0.0,RSI_LT_26,SPY
2020-08-17,62.85702787810497,0,0.0,RSI_LT_26,SPY
2020-08-18,91.35962030569196,0,-0.0,RSI_LT_26,SPY
2020-08-19,47.25863126777846,0,0.0,RSI_LT_26,SPY
2020-08-20,66.97898799313893,0,0.0,RSI_LT_26,SPY
2020-08-21,74.1758610282035,0,0.0,RSI_LT_26,SPY
2020-08-24,81.9923296982547,0,0.0,RSI_LT_26,SPY
2020-08-25,83.01197908623618,0,0.0,RSI_LT_26,SPY
2020-08-26,100.0,0,0.0,RSI_LT_26,SPY
2020-08-27,100.0,0,0.0,RSI_LT_26,SPY
2020-08-28,100.0,0,-0.0,RSI_LT_26,SPY
2020-08-31,85.77833823735463,0,0.0,RSI_LT_26,SPY
2020-09-01,88.475587297807,0,0.0,RSI_LT_26,SPY
2020-09-02,89.97639521160006,0,-0.0,RSI_LT_26,SPY
2020-09-03,43.930694104765244,0,-0.0,RSI_LT_26,SPY
2020-09-04,33.844339477471294,0,-0.0,RSI_LT_26,SPY
2020-09-08,25.517048708341193,1,1.9747358298320528,RSI_LT_26,SPY
2020-09-09,32.29197954810077,0,-0.0,RSI_LT_26,SPY
2020-09-10,17.798245715408356,1,0.05090985135784987,RSI_LT_26,SPY
2020-09-11,27.1848383171712,0,0.0,RSI_LT_26,SPY
2020-09-14,42.21882752890849,0,0.0,RSI_LT_26,SPY
2020-09-15,68.5501555159355,0,-0.0,RSI_LT_26,SPY
2020-09-16,46.41536841013103,0,-0.0,RSI_LT_26,SPY
2020-09-17,59.18934388743316,0,-0.0,RSI_LT_26,SPY
2020-09-18,39.091503714623215,0,-0.0,RSI_LT_26,SPY
2020-09-21,11.46893395446321,1,1.0184379483847206,RSI_LT_26,SPY
2020-09-22,20.145110817771467,1,-2.3190958000678163,RSI_LT_26,SPY
2020-09-23,14.5796477913471,1,0.2665464023424269,RSI_LT_26,SPY
2020-09-24,20.221930595875108,1,1.6166958226671246,RSI_LT_26,SPY
2020-09-25,45.375752283678935,0,0.0,RSI_LT_26,SPY
2020-09-28,66.01601161132916,0,-0.0,RSI_LT_26,SPY
2020-09-29,54.92156549752579,0,0.0,RSI_LT_26,SPY
2020-09-30,88.54621997219043,0,0.0,RSI_LT_26,SPY
2020-10-01,89.40625804904477,0,-0.0,RSI_LT_26,SPY
2020-10-02,66.864610946829,0,0.0,RSI_LT_26,SPY
2020-10-05,67.84109792574925,0,-0.0,RSI_LT_26,SPY
2020-10-06,56.87430139213495,0,0.0,RSI_LT_26,SPY
2020-10-07,63.383449020601056,0,0.0,RSI_LT_26,SPY
2020-10-08,64.78064868453458,0,0.0,RSI_LT_26,SPY
2020-10-09,78.69427557575398,0,0.0,RSI_LT_26,SPY
2020-10-12,78.36984597723142,0,-0.0,RSI_LT_26,SPY
2020-10-13,88.38389287398698,0,-0.0,RSI_LT_26,SPY
2020-10-14,72.17065704396272,0,-0.0,RSI_LT_26,SPY
2020-10-15,63.696630703230866,0,-0.0,RSI_LT_26,SPY
2020-10-16,52.05225580177184,0,-0.0,RSI_LT_26,SPY
2020-10-19,0.0,1,0.40057164353941577,RSI_LT_26,SPY
2020-10-20,14.436212086131036,1,-0.18929287880528056,RSI_LT_26,SPY
2020-10-21,17.254407576380686,1,0.5485292518808249,RSI_LT_26,SPY
2020-10-22,34.61113458350938,0,0.0,RSI_LT_26,SPY
2020-10-23,42.70524962553222,0,-0.0,RSI_LT_26,SPY
2020-10-26,38.56891776736259,0,-0.0,RSI_LT_26,SPY
2020-10-27,27.086975257949902,0,-0.0,RSI_LT_26,SPY
2020-10-28,13.7572852686843,1,1.0163495031527914,RSI_LT_26,SPY
2020-10-29,19.01744063553039,1,-1.0424881286366094,RSI_LT_26,SPY
2020-10-30,12.82846482932328,1,1.1208438679286337,RSI_LT_26,SPY
2020-11-02,30.151203564554834,0,0.0,RSI_LT_26,SPY
2020-11-03,46.062562686688366,0,0.0,RSI_LT_26,SPY
2020-11-04,85.521881197275,0,0.0,RSI_LT_26,SPY
2020-11-05,87.32496517013503,0,-0.0,RSI_LT_26,SPY
2020-11-06,99.66363886029912,0,0.0,RSI_LT_26,SPY
2020-11-09,99.67378993615193,0,-0.0,RSI_LT_26,SPY
2020-11-10,96.87674749631437,0,0.0,RSI_LT_26,SPY
2020-11-11,95.8131372933189,0,-0.0,RSI_LT_26,SPY
2020-11-12,63.39045176487423,0,0.0,RSI_LT_26,SPY
2020-11-13,74.96852279793939,0,0.0,RSI_LT_26,SPY
2020-11-16,75.07825249471628,0,-0.0,RSI_LT_26,SPY
2020-11-17,68.90794769935019,0,-0.0,RSI_LT_26,SPY
2020-11-18,48.979555987083955,0,0.0,RSI_LT_26,SPY
2020-11-19,63.32361754678169,0,-0.0,RSI_LT_26,SPY
2020-11-20,40.58458397819169,0,0.0,RSI_LT_26,SPY
2020-11-23,29.345168635790614,0,0.0,RSI_LT_26,SPY
2020-11-24,58.034617974412804,0,-0.0,RSI_LT_26,SPY
2020-11-25,75.72577548951084,0,0.0,RSI_LT_26,SPY
2020-11-27,74.72711060092038,0,-0.0,RSI_LT_26,SPY
2020-11-30,80.3974163526243,0,0.0,RSI_LT_26,SPY
2020-12-01,83.17822231895303,0,0.0,RSI_LT_26,SPY
2020-12-02,72.56632046790845,0,-0.0,RSI_LT_26,SPY
2020-12-03,77.04681656378138,0,0.0,RSI_LT_26,SPY
2020-12-04,82.18733906807302,0,-0.0,RSI_LT_26,SPY
2020-12-07,90.17128148967114,0,0.0,RSI_LT_26,SPY
2020-12-08,85.3491031972966,0,-0.0,RSI_LT_26,SPY
2020-12-09,50.35627817968307,0,-0.0,RSI_LT_26,SPY
2020-12-10,50.2370165206481,0,-0.0,RSI_LT_26,SPY
2020-12-11,18.914311062653994,1,-0.44771613036096447,RSI_LT_26,SPY
2020-12-14,16.388659917940927,1,1.351942254777505,RSI_LT_26,SPY
2020-12-15,47.222141023917125,0,0.0,RSI_LT_26,SPY
2020-12-16,71.55845494106549,0,0.0,RSI_LT_26,SPY
2020-12-17,78.54913333185752,0,-0.0,RSI_LT_26,SPY
2020-12-18,61.72643455354259,0,-0.0,RSI_LT_26,SPY
2020-12-21,63.377859430219054,0,-0.0,RSI_LT_26,SPY
2020-12-22,34.64047072903162,0,0.0,RSI_LT_26,SPY
2020-12-23,32.432376702696686,0,0.0,RSI_LT_26,SPY
2020-12-24,26.035609808949403,0,0.0,RSI_LT_26,SPY
2020-12-28,71.76135076426925,0,-0.0,RSI_LT_26,SPY
2020-12-29,78.75385732880285,0,0.0,RSI_LT_26,SPY
2020-12-30,88.49243248590365,0,0.0,RSI_LT_26,SPY
2020-12-31,90.81477153392447,0,-0.0,RSI_LT_26,SPY
2021-01-04,49.078179884199784,0,0.0,RSI_LT_26,SPY
2021-01-05,46.096533024754386,0,0.0,RSI_LT_26,SPY
2021-01-06,58.51670011913556,0,0.0,RSI_LT_26,SPY
2021-01-07,70.56105365901874,0,0.0,RSI_LT_26,SPY
2021-01-08,71.0136842507725,0,-0.0,RSI_LT_26,SPY
2021-01-11,82.91219505266511,0,0.0,RSI_LT_26,SPY
2021-01-12,79.57071674971253,0,0.0,RSI_LT_26,SPY
2021-01-13,77.41652610210217,0,-0.0,RSI_LT_26,SPY
2021-01-14,45.53064529878101,0,-0.0,RSI_LT_26,SPY
2021-01-15,14.175318546484178,1,0.7851960589843054,RSI_LT_26,SPY
2021-01-19,49.7542467879624,0,0.0,RSI_LT_26,SPY
2021-01-20,69.24819017243556,0,0.0,RSI_LT_26,SPY
2021-01-21,67.61674869943627,0,-0.0,RSI_LT_26,SPY
2021-01-22,67.45668822512721,0,0.0,RSI_LT_26,SPY
2021-01-25,88.08073135374262,0,-0.0,RSI_LT_26,SPY
2021-01-26,78.36653440133658,0,-0.0,RSI_LT_26,SPY
2021-01-27,14.09081766415359,1,0.8600200820512827,RSI_LT_26,SPY
2021-01-28,29.433782392865695,0,-0.0,RSI_LT_26,SPY
2021-01-29,21.2393661338771,1,1.664550906637663,RSI_LT_26,SPY
2021-02-01,34.843982927396084,0,0.0,RSI_LT_26,SPY
2021-02-02,46.46014242186618,0,0.0,RSI_LT_26,SPY
2021-02-03,66.48936889749825,0,0.0,RSI_LT_26,SPY
2021-02-04,68.07432475971267,0,0.0,RSI_LT_26,SPY
2021-02-05,100.0,0,0.0,RSI_LT_26,SPY
2021-02-08,100.0,0,-0.0,RSI_LT_26,SPY
2021-02-09,97.17994717365832,0,-0.0,RSI_LT_26,SPY
2021-02-10,95.26928577663482,0,0.0,RSI_LT_26,SPY
2021-02-11,92.00705643445855,0,0.0,RSI_LT_26,SPY
2021-02-12,92.5730910930854,0,-0.0,RSI_LT_26,SPY
2021-02-16,76.87591642228739,0,0.0,RSI_LT_26,SPY
2021-02-17,83.85997102848866,0,-0.0,RSI_LT_26,SPY
2021-02-18,56.866969653311685,0,-0.0,RSI_LT_26,SPY
2021-02-19,42.79682933767812,0,-0.0,RSI_LT_26,SPY
2021-02-22,1.5548492850328586,1,0.12143793044092632,RSI_LT_26,SPY
2021-02-23,9.459863496711137,1,1.1019326486895187,RSI_LT_26,SPY
2021-02-24,46.93056801941037,0,-0.0,RSI_LT_26,SPY
2021-02-25,26.524854670027537,0,-0.0,RSI_LT_26,SPY
2021-02-26,24.751915118078358,1,2.424019764376939,RSI_LT_26,SPY
2021-03-01,55.02559772122542,0,-0.0,RSI_LT_26,SPY
2021-03-02,48.282046492932565,0,-0.0,RSI_LT_26,SPY
2021-03-03,32.02503736524662,0,-0.0,RSI_LT_26,SPY
2021-03-04,38.30498589495705,0,0.0,RSI_LT_26,SPY
2021-03-05,55.6321445166065,0,-0.0,RSI_LT_26,SPY
2021-03-08,31.906086663294545,0,0.0,RSI_LT_26,SPY
2021-03-09,51.305438780207716,0,0.0,RSI_LT_26,SPY
2021-03-10,69.04757155679664,0,0.0,RSI_LT_26,SPY
2021-03-11,90.75058485884323,0,0.0,RSI_LT_26,SPY
2021-03-12,86.59646552905701,0,0.0,RSI_LT_26,SPY
2021-03-15,100.0,0,-0.0,RSI_LT_26,SPY
2021-03-16,94.86652462714626,0,0.0,RSI_LT_26,SPY
2021-03-17,94.2396467283345,0,-0.0,RSI_LT_26,SPY
2021-03-18,40.24745057957212,0,-0.0,RSI_LT_26,SPY
2021-03-19,30.884881585282287,0,0.0,RSI_LT_26,SPY
2021-03-22,35.00780905658931,0,-0.0,RSI_LT_26,SPY
2021-03-23,29.093250891341,0,-0.0,RSI_LT_26,SPY
2021-03-24,19.486134189457673,1,0.5625576112623376,RSI_LT_26,SPY
2021-03-25,42.799366933900885,0,0.0,RSI_LT_26,SPY
2021-03-26,69.5312328063676,0,-0.0,RSI_LT_26,SPY
2021-03-29,61.616871079736654,0,-0.0,RSI_LT_26,SPY
2021-03-30,72.36953054229244,0,0.0,RSI_LT_26,SPY
2021-03-31,88.94783138966989,0,0.0,RSI_LT_26,SPY
2021-04-01,90.67857939365251,0,0.0,RSI_LT_26,SPY
2021-04-05,90.29501174028731,0,-0.0,RSI_LT_26,SPY
2021-04-06,90.0156131528412,0,0.0,RSI_LT_26,SPY
2021-04-07,98.0551790996053,0,0.0,RSI_LT_26,SPY
2021-04-08,98.10583616349929,0,0.0,RSI_LT_26,SPY
2021-04-09,97.88740718453488,0,0.0,RSI_LT_26,SPY
2021-04-12,95.8335099393888,0,0.0,RSI_LT_26,SPY
2021-04-13,100.0,0,-0.0,RSI_LT_26,SPY
2021-04-14,81.64088421939385,0,0.0,RSI_LT_26,SPY
2021-04-15,86.13589238077233,0,0.0,RSI_LT_26,SPY
2021-04-16,83.58581193423241,0,-0.0,RSI_LT_26,SPY
2021-04-19,67.01616070519441,0,-0.0,RSI_LT_26,SPY
2021-04-20,47.197507022036675,0,0.0,RSI_LT_26,SPY
2021-04-21,65.60810448567528,0,-0.0,RSI_LT_26,SPY
2021-04-22,37.306064121243686,0,0.0,RSI_LT_26,SPY
2021-04-23,48.493571155777474,0,0.0,RSI_LT_26,SPY
2021-04-26,57.462673820337095,0,-0.0,RSI_LT_26,SPY
2021-04-27,70.3730906183468,0,-0.0,RSI_LT_26,SPY
2021-04-28,57.11222301644031,0,0.0,RSI_LT_26,SPY
2021-04-29,97.4422451445033,0,-0.0,RSI_LT_26,SPY
2021-04-30,54.30767352764423,0,0.0,RSI_LT_26,SPY
2021-05-03,54.51779638838001,0,-0.0,RSI_LT_26,SPY
2021-05-04,39.46794149589436,0,0.0,RSI_LT_26,SPY
2021-05-05,40.86388168856055,0,0.0,RSI_LT_26,SPY
2021-05-06,44.891724720021166,0,0.0,RSI_LT_26,SPY
2021-05-07,74.1482328622189,0,-0.0,RSI_LT_26,SPY
2021-05-10,49.019571741571994,0,-0.0,RSI_LT_26,SPY
2021-05-11,45.10755272805054,0,-0.0,RSI_LT_26,SPY
2021-05-12,27.599648280740723,0,0.0,RSI_LT_26,SPY
2021-05-13,32.15587151132175,0,0.0,RSI_LT_26,SPY
2021-05-14,40.06453795052602,0,-0.0,RSI_LT_26,SPY
2021-05-17,45.113054410323734,0,-0.0,RSI_LT_26,SPY
2021-05-18,45.38806749344944,0,-0.0,RSI_LT_26,SPY
2021-05-19,66.1337679397092,0,0.0,RSI_LT_26,SPY
2021-05-20,65.20681039379551,0,-0.0,RSI_LT_26,SPY
2021-05-21,42.17565643299972,0,0.0,RSI_LT_26,SPY
2021-05-24,63.37002888545086,0,-0.0,RSI_LT_26,SPY
2021-05-25,78.6361492578721,0,0.0,RSI_LT_26,SPY
2021-05-26,88.18593190218533,0,0.0,RSI_LT_26,SPY
2021-05-27,80.61053337806105,0,0.0,RSI_LT_26,SPY
2021-05-28,86.63769857103395,0,-0.0,RSI_LT_26,SPY
2021-06-01,58.06442086196374,0,0.0,RSI_LT_26,SPY
2021-06-02,86.92590555681365,0,-0.0,RSI_LT_26,SPY
2021-06-03,45.78622067156439,0,0.0,RSI_LT_26,SPY
2021-06-04,73.08232530028177,0,-0.0,RSI_LT_26,SPY
2021-06-07,65.73937132771833,0,0.0,RSI_LT_26,SPY
2021-06-08,69.92358943297768,0,-0.0,RSI_LT_26,SPY
2021-06-09,60.122725230285326,0,0.0,RSI_LT_26,SPY
2021-06-10,84.97100394699125,0,0.0,RSI_LT_26,SPY
2021-06-11,72.55920316287009,0,0.0,RSI_LT_26,SPY
2021-06-14,85.45029107875337,0,-0.0,RSI_LT_26,SPY
2021-06-15,71.9123869273417,0,-0.0,RSI_LT_26,SPY
2021-06-16,53.402283387430984,0,-0.0,RSI_LT_26,SPY
2021-06-17,33.401081081081074,0,-0.0,RSI_LT_26,SPY
2021-06-18,8.414627883152093,1,1.43159445955785,RSI_LT_26,SPY
2021-06-21,36.486385159580244,0,0.0,RSI_LT_26,SPY
2021-06-22,46.140766224633836,0,-0.0,RSI_LT_26,SPY
2021-06-23,51.54192298163367,0,0.0,RSI_LT_26,SPY
2021-06-24,58.57538452277038,0,0.0,RSI_LT_26,SPY
2021-06-25,95.98755279377832,0,0.0,RSI_LT_26,SPY
2021-06-28,93.31610797579384,0,0.0,RSI_LT_26,SPY
2021-06-29,90.90943708249016,0,0.0,RSI_LT_26,SPY
2021-06-30,100.0,0,0.0,RSI_LT_26,SPY
2021-07-01,100.0,0,0.0,RSI_LT_26,SPY
2021-07-02,100.0,0,-0.0,RSI_LT_26,SPY
2021-07-06,88.77830133470894,0,0.0,RSI_LT_26,SPY
2021-07-07,90.52747132114825,0,-0.0,RSI_LT_26,SPY
2021-07-08,62.413275159144554,0,0.0,RSI_LT_26,SPY
2021-07-09,68.50911867258228,0,0.0,RSI_LT_26,SPY
2021-07-12,63.976692817427065,0,-0.0,RSI_LT_26,SPY
2021-07-13,60.45603840626477,0,0.0,RSI_LT_26,SPY
2021-07-14,57.516927811614785,0,-0.0,RSI_LT_26,SPY
2021-07-15,69.56081260111534,0,-0.0,RSI_LT_26,SPY
2021-07-16,25.697648010674087,1,-1.4767921294730924,RSI_LT_26,SPY
2021-07-19,4.84709320055164,1,1.433041466549989,RSI_LT_26,SPY
2021-07-20,37.423642423718675,0,0.0,RSI_LT_26,SPY
2021-07-21,45.947231606002234,0,0.0,RSI_LT_26,SPY
2021-07-22,51.75133655622419,0,0.0,RSI_LT_26,SPY
2021-07-23,70.14997089818081,0,0.0,RSI_LT_26,SPY
2021-07-26,100.0,0,-0.0,RSI_LT_26,SPY
2021-07-27,83.20815231801586,0,-0.0,RSI_LT_26,SPY
2021-07-28,74.71129889946471,0,0.0,RSI_LT_26,SPY
2021-07-29,77.11597946363085,0,-0.0,RSI_LT_26,SPY
2021-07-30,40.11067400553792,0,-0.0,RSI_LT_26,SPY
2021-08-02,25.74265118487503,1,0.8135463763766726,RSI_LT_26,SPY
2021-08-03,62.41286407681061,0,-0.0,RSI_LT_26,SPY
2021-08-04,50.70699632983191,0,0.0,RSI_LT_26,SPY
2021-08-05,54.79696669963733,0,0.0,RSI_LT_26,SPY
2021-08-06,69.58656982716673,0,-0.0,RSI_LT_26,SPY
2021-08-09,73.64601314170727,0,0.0,RSI_LT_26,SPY
2021-08-10,61.608602429389784,0,0.0,RSI_LT_26,SPY
2021-08-11,93.47847720563031,0,0.0,RSI_LT_26,SPY
2021-08-12,91.15503434210132,0,0.0,RSI_LT_26,SPY
2021-08-13,91.32564142160648,0,0.0,RSI_LT_26,SPY
2021-08-16,100.0,0,-0.0,RSI_LT_26,SPY
2021-08-17,59.418390853181734,0,-0.0,RSI_LT_26,SPY
2021-08-18,29.052816480587452,0,0.0,RSI_LT_26,SPY
2021-08-19,24.58861900063222,1,0.795707751684338,RSI_LT_26,SPY
2021-08-20,40.168854699171895,0,0.0,RSI_LT_26,SPY
2021-08-23,50.913699043707176,0,0.0,RSI_LT_26,SPY
2021-08-24,64.39555181942569,0,0.0,RSI_LT_26,SPY
2021-08-25,100.0,0,-0.0,RSI_LT_26,SPY
2021-08-26,77.3505031482631,0,0.0,RSI_LT_26,SPY
2021-08-27,78.2609239889646,0,0.0,RSI_LT_26,SPY
2021-08-30,74.19672121404821,0,-0.0,RSI_LT_26,SPY
2021-08-31,67.54639532004643,0,0.0,RSI_LT_26,SPY
2021-09-01,65.16256296452852,0,0.0,RSI_LT_26,SPY
2021-09-02,91.89828482021609,0,-0.0,RSI_LT_26,SPY
2021-09-03,82.23186169214407,0,-0.0,RSI_LT_26,SPY
2021-09-07,40.44647725207488,0,-0.0,RSI_LT_26,SPY
2021-09-08,41.68806537467901,0,-0.0,RSI_LT_26,SPY
2021-09-09,24.821663097203825,1,-0.7884557125706126,RSI_LT_26,SPY
2021-09-10,0.0,1,0.25592316015876637,RSI_LT_26,SPY
2021-09-13,12.983920862559174,1,-0.5396509510041114,RSI_LT_26,SPY
2021-09-14,11.912126739543595,1,0.8352638275707758,RSI_LT_26,SPY
2021-09-15,38.09893679504238,0,-0.0,RSI_LT_26,SPY
2021-09-16,42.13724751960717,0,-0.0,RSI_LT_26,SPY
2021-09-17,35.29832463779704,0,-0.0,RSI_LT_26,SPY
2021-09-20,18.587167914281522,1,-0.09446218183523092,RSI_LT_26,SPY
2021-09-21,20.65697784076137,1,0.975481498309394,RSI_LT_26,SPY
2021-09-22,22.88952889264671,1,1.2150019417616509,RSI_LT_26,SPY
2021-09-23,41.35984975145814,0,0.0,RSI_LT_26,SPY
2021-09-24,56.952940341053186,0,-0.0,RSI_LT_26,SPY
2021-09-27,85.95322846097906,0,-0.0,RSI_LT_26,SPY
2021-09-28,50.21982494509967,0,0.0,RSI_LT_26,SPY
2021-09-29,39.95295590155267,0,-0.0,RSI_LT_26,SPY
2021-09-30,8.608608968845473,1,1.18841762871158,RSI_LT_26,SPY
2021-10-01,27.332349940839066,0,-0.0,RSI_LT_26,SPY
2021-10-04,22.720158510797717,1,1.040498157582448,RSI_LT_26,SPY
2021-10-05,48.537743997236134,0,0.0,RSI_LT_26,SPY
2021-10-06,51.010289952188515,0,0.0,RSI_LT_26,SPY
2021-10-07,72.97301278000916,0,-0.0,RSI_LT_26,SPY
2021-10-08,61.02313911346529,0,-0.0,RSI_LT_26,SPY
2021-10-11,71.62255902832312,0,-0.0,RSI_LT_26,SPY
2021-10-12,52.45277695405955,0,0.0,RSI_LT_26,SPY
2021-10-13,51.35134338997929,0,0.0,RSI_LT_26,SPY
2021-10-14,63.7930769888475,0,0.0,RSI_LT_26,SPY
2021-10-15,74.28749093170276,0,0.0,RSI_LT_26,SPY
2021-10-18,92.69121411478267,0,0.0,RSI_LT_26,SPY
2021-10-19,100.0,0,0.0,RSI_LT_26,SPY
2021-10-20,100.0,0,0.0,RSI_LT_26,SPY
2021-10-21,100.0,0,-0.0,RSI_LT_26,SPY
2021-10-22,94.26128106718336,0,0.0,RSI_LT_26,SPY
2021-10-25,94.94621679978474,0,0.0,RSI_LT_26,SPY
2021-10-26,92.4919683903143,0,-0.0,RSI_LT_26,SPY
2021-10-27,61.751180157416826,0,0.0,RSI_LT_26,SPY
2021-10-28,74.35641168280549,0,0.0,RSI_LT_26,SPY
2021-10-29,80.1377344336084,0,0.0,RSI_LT_26,SPY
2021-11-01,76.3189999678009,0,0.0,RSI_LT_26,SPY
2021-11-02,79.75958951025001,0,0.0,RSI_LT_26,SPY
2021-11-03,100.0,0,0.0,RSI_LT_26,SPY
2021-11-04,100.0,0,0.0,RSI_LT_26,SPY
2021-11-05,100.0,0,0.0,RSI_LT_26,SPY
2021-11-08,100.0,0,-0.0,RSI_LT_26,SPY
2021-11-09,81.93484593578495,0,-0.0,RSI_LT_26,SPY
2021-11-10,44.222650352138636,0,0.0,RSI_LT_26,SPY
2021-11-11,29.010542463607294,0,0.0,RSI_LT_26,SPY
2021-11-12,43.26916806865162,0,0.0,RSI_LT_26,SPY
2021-11-15,41.776311386542815,0,0.0,RSI_LT_26,SPY
2021-11-16,60.084878917955784,0,-0.0,RSI_LT_26,SPY
2021-11-17,83.23549739253754,0,0.0,RSI_LT_26,SPY
2021-11-18,86.16522473408196,0,-0.0,RSI_LT_26,SPY
2021-11-19,64.51639366676693,0,-0.0,RSI_LT_26,SPY
2021-11-22,51.038685840547686,0,0.0,RSI_LT_26,SPY
2021-11-23,40.10888890119689,0,0.0,RSI_LT_26,SPY
2021-11-24,61.56573774408653,0,-0.0,RSI_LT_26,SPY
2021-11-26,12.896518049568968,1,1.2266607551340236,RSI_LT_26,SPY
2021-11-29,38.88023161075471,0,-0.0,RSI_LT_26,SPY
2021-11-30,27.767483481420555,0,-0.0,RSI_LT_26,SPY
2021-12-01,21.876000675364892,1,1.5316301657013032,RSI_LT_26,SPY
2021-12-02,33.77357605908729,0,-0.0,RSI_LT_26,SPY
2021-12-03,40.93435078582054,0,0.0,RSI_LT_26,SPY
2021-12-06,40.428332401549305,0,0.0,RSI_LT_26,SPY
2021-12-07,70.64938127506186,0,0.0,RSI_LT_26,SPY
2021-12-08,85.24837712466872,0,-0.0,RSI_LT_26,SPY
2021-12-09,69.24738860726596,0,0.0,RSI_LT_26,SPY
2021-12-10,86.60189942073214,0,-0.0,RSI_LT_26,SPY
2021-12-13,67.31973036834532,0,-0.0,RSI_LT_26,SPY
2021-12-14,34.7959674453257,0,0.0,RSI_LT_26,SPY
2021-12-15,52.43466511831413,0,-0.0,RSI_LT_26,SPY
2021-12-16,50.21590260730234,0,-0.0,RSI_LT_26,SPY
2021-12-17,28.56019839406744,0,-0.0,RSI_LT_26,SPY
2021-12-20,27.77142402281264,0,0.0,RSI_LT_26,SPY
2021-12-21,49.5152104568562,0,0.0,RSI_LT_26,SPY
2021-12-22,44.86409276141663,0,0.0,RSI_LT_26,SPY
2021-12-23,57.65964277868839,0,0.0,RSI_LT_26,SPY
2021-12-27,82.00225540432166,0,-0.0,RSI_LT_26,SPY
2021-12-28,98.27960115824035,0,0.0,RSI_LT_26,SPY
2021-12-29,97.43412136726397,0,-0.0,RSI_LT_26,SPY
2021-12-30,85.61803635915639,0,-0.0,RSI_LT_26,SPY
2021-12-31,71.41435337849991,0,0.0,RSI_LT_26,SPY
2022-01-03,53.58834208617862,0,-0.0,RSI_LT_26,SPY
2022-01-04,55.62904203718675,0,-0.0,RSI_LT_26,SPY
2022-01-05,18.835608564148558,1,-0.09394133755055156,RSI_LT_26,SPY
2022-01-06,20.043729995084277,1,-0.39535113344948414,RSI_LT_26,SPY
2022-01-07,19.137097664777983,1,-0.1244366059822366,RSI_LT_26,SPY
2022-01-10,0.0,1,0.9108268663244656,RSI_LT_26,SPY
2022-01-11,26.044216832689116,0,0.0,RSI_LT_26,SPY
2022-01-12,65.75174347675667,0,-0.0,RSI_LT_26,SPY
2022-01-13,38.1842945091479,0,0.0,RSI_LT_26,SPY
2022-01-14,44.63586699359057,0,-0.0,RSI_LT_26,SPY
2022-01-18,27.91374368201913,0,-0.0,RSI_LT_26,SPY
2022-01-19,6.978932350701527,1,-1.1068068622025473,RSI_LT_26,SPY
2022-01-20,0.7708011701915751,1,-1.963064132886827,RSI_LT_26,SPY
2022-01-21,0.7055421206152914,1,0.4246735706896265,RSI_LT_26,SPY
2022-01-24,6.503450836779891,1,-1.2208974085799573,RSI_LT_26,SPY
2022-01-25,7.226061625686029,1,-0.25087953939929575,RSI_LT_26,SPY
2022-01-26,8.420046308320579,1,-0.49379635062216654,RSI_LT_26,SPY
2022-01-27,9.672320544397323,1,2.4835410015744186,RSI_LT_26,SPY
2022-01-28,59.37647308126435,0,0.0,RSI_LT_26,SPY
2022-01-31,68.4635132231553,0,0.0,RSI_LT_26,SPY
2022-02-01,87.04889046602263,0,0.0,RSI_LT_26,SPY
2022-02-02,92.42473509150402,0,-0.0,RSI_LT_26,SPY
2022-02-03,70.83560669598097,0,0.0,RSI_LT_26,SPY
2022-02-04,61.94690265486726,0,-0.0,RSI_LT_26,SPY
2022-02-07,43.90245615119185,0,0.0,RSI_LT_26,SPY
2022-02-08,45.507353141796955,0,0.0,RSI_LT_26,SPY
2022-02-09,50.3866552396567,0,-0.0,RSI_LT_26,SPY
2022-02-10,56.17059928801576,0,-0.0,RSI_LT_26,SPY
2022-02-11,35.694417511992455,0,-0.0,RSI_LT_26,SPY
2022-02-14,35.694417511992455,0,0.0,RSI_LT_26,SPY
2022-02-15,42.484487708161346,0,0.0,RSI_LT_26,SPY
2022-02-16,29.042170322924633,0,-0.0,RSI_LT_26,SPY
2022-02-17,27.644073455759596,0,-0.0,RSI_LT_26,SPY
2022-02-18,35.43717577770549,0,-0.0,RSI_LT_26,SPY
2022-02-22,30.800537188391672,0,-0.0,RSI_LT_26,SPY
2022-02-23,1.9880720530508427,1,1.504911814725074,RSI_LT_26,SPY
2022-02-24,20.483812377744982,1,2.20640029800776,RSI_LT_26,SPY
2022-02-25,51.116148561792464,0,-0.0,RSI_LT_26,SPY
2022-02-28,54.10958116688004,0,-0.0,RSI_LT_26,SPY
2022-03-01,50.657268405227626,0,0.0,RSI_LT_26,SPY
2022-03-02,75.3176815932745,0,-0.0,RSI_LT_26,SPY
2022-03-03,63.56645193011471,0,-0.0,RSI_LT_26,SPY
2022-03-04,36.96264447724372,0,-0.0,RSI_LT_26,SPY
2022-03-07,23.95517560073938,1,-0.7581700715998618,RSI_LT_26,SPY
2022-03-08,26.76818531542557,0,0.0,RSI_LT_26,SPY
2022-03-09,34.02438241481367,0,-0.0,RSI_LT_26,SPY
2022-03-10,34.28573839440914,0,-0.0,RSI_LT_26,SPY
2022-03-11,32.42300786877979,0,-0.0,RSI_LT_26,SPY
2022-03-14,45.0909238873106,0,0.0,RSI_LT_26,SPY
2022-03-15,66.13533951030935,0,0.0,RSI_LT_26,SPY
2022-03-16,64.1405301417601,0,0.0,RSI_LT_26,SPY
2022-03-17,73.9477535606165,0,0.0,RSI_LT_26,SPY
2022-03-18,89.96401539147602,0,-0.0,RSI_LT_26,SPY
2022-03-21,99.52992934040003,0,0.0,RSI_LT_26,SPY
2022-03-22,99.4511201839308,0,-0.0,RSI_LT_26,SPY
2022-03-23,70.4295944903615,0,0.0,RSI_LT_26,SPY
2022-03-24,72.15429357234521,0,0.0,RSI_LT_26,SPY
2022-03-25,70.41484732806964,0,0.0,RSI_LT_26,SPY
2022-03-28,74.9350345667628,0,0.0,RSI_LT_26,SPY
2022-03-29,75.40354102305153,0,-0.0,RSI_LT_26,SPY
2022-03-30,86.1651506622026,0,-0.0,RSI_LT_26,SPY
2022-03-31,52.74207444145623,0,0.0,RSI_LT_26,SPY
2022-04-01,50.57359470438982,0,0.0,RSI_LT_26,SPY
2022-04-04,52.14868933118977,0,-0.0,RSI_LT_26,SPY
2022-04-05,24.760024777304466,1,-0.999935653466788,RSI_LT_26,SPY
2022-04-06,22.93324508089883,1,0.5038968143330047,RSI_LT_26,SPY
2022-04-07,41.887987026989734,0,-0.0,RSI_LT_26,SPY
2022-04-08,34.80971088809673,0,-0.0,RSI_LT_26,SPY
2022-04-11,10.523866687411413,1,-0.3705230116974989,RSI_LT_26,SPY
2022-04-12,13.051051476315223,1,1.145357848867623,RSI_LT_26,SPY
2022-04-13,40.95775500274228,0,-0.0,RSI_LT_26,SPY
2022-04-14,23.882012015412712,1,0.04111392957082405,RSI_LT_26,SPY
2022-04-18,25.999948120038013,1,1.614267485104759,RSI_LT_26,SPY
2022-04-19,63.182285331749306,0,-0.0,RSI_LT_26,SPY
2022-04-20,67.71518940440181,0,-0.0,RSI_LT_26,SPY
2022-04-21,36.708860759493675,0,-0.0,RSI_LT_26,SPY
2022-04-22,27.61904761904762,0,0.0,RSI_LT_26,SPY
2022-04-25,33.4267893785173,0,-0.0,RSI_LT_26,SPY
2022-04-26,7.290439388207318,1,0.2811782968023202,RSI_LT_26,SPY
2022-04-27,10.483834107992948,1,2.525944549675363,RSI_LT_26,SPY
2022-04-28,36.72623169023659,0,-0.0,RSI_LT_26,SPY
2022-04-29,33.44338376651746,0,0.0,RSI_LT_26,SPY
2022-05-02,33.45909270478114,0,0.0,RSI_LT_26,SPY
2022-05-03,50.4388696439966,0,0.0,RSI_LT_26,SPY
2022-05-04,63.579829014403934,0,-0.0,RSI_LT_26,SPY
2022-05-05,35.453032605359226,0,-0.0,RSI_LT_26,SPY
2022-05-06,49.051173540434036,0,-0.0,RSI_LT_26,SPY
2022-05-09,32.06508899567774,0,0.0,RSI_LT_26,SPY
2022-05-10,30.568639919003843,0,-0.0,RSI_LT_26,SPY
2022-05-11,2.411490939110365,1,-0.10439303936584654,RSI_LT_26,SPY
2022-05-12,3.9467362117564164,1,2.390784770955201,RSI_LT_26,SPY
2022-05-13,34.08338113280713,0,-0.0,RSI_LT_26,SPY
2022-05-16,55.13914256681033,0,0.0,RSI_LT_26,SPY
2022-05-17,67.7568365074016,0,-0.0,RSI_LT_26,SPY
2022-05-18,48.76763568937861,0,-0.0,RSI_LT_26,SPY
2022-05-19,46.22046966587689,0,0.0,RSI_LT_26,SPY
2022-05-20,29.075843827145505,0,0.0,RSI_LT_26,SPY
2022-05-23,45.4124769462326,0,-0.0,RSI_LT_26,SPY
2022-05-24,25.417419640610476,1,0.8834904007038569,RSI_LT_26,SPY
2022-05-25,66.82960112749156,0,0.0,RSI_LT_26,SPY
2022-05-26,86.17070619418982,0,0.0,RSI_LT_26,SPY
2022-05-27,90.43862876028729,0,-0.0,RSI_LT_26,SPY
2022-05-31,79.9475732655622,0,-0.0,RSI_LT_26,SPY
2022-06-01,79.03102205639203,0,0.0,RSI_LT_26,SPY
2022-06-02,81.91962678302774,0,-0.0,RSI_LT_26,SPY
2022-06-03,58.63892028241064,0,0.0,RSI_LT_26,SPY
2022-06-06,41.9564322368058,0,0.0,RSI_LT_26,SPY
2022-06-07,56.058640066325395,0,-0.0,RSI_LT_26,SPY
2022-06-08,53.34428643701882,0,-0.0,RSI_LT_26,SPY
2022-06-09,19.73429414571548,1,-2.8995652096570734,RSI_LT_26,SPY
2022-06-10,16.698729413609428,1,-3.796815868765324,RSI_LT_26,SPY
2022-06-13,8.838630948763353,1,-0.3013346354166613,RSI_LT_26,SPY
2022-06-14,0.0,1,1.4256338190961504,RSI_LT_26,SPY
2022-06-15,12.488318166314983,1,-3.309603878307621,RSI_LT_26,SPY
2022-06-16,11.727199294705528,1,-0.21546667341413306,RSI_LT_26,SPY
2022-06-17,15.404657365577265,1,2.5173624723693555,RSI_LT_26,SPY
2022-06-21,50.120660381526655,0,-0.0,RSI_LT_26,SPY
2022-06-22,50.91039647125199,0,0.0,RSI_LT_26,SPY
2022-06-23,47.881015587774826,0,0.0,RSI_LT_26,SPY
2022-06-24,94.42547784263712,0,-0.0,RSI_LT_26,SPY
2022-06-27,91.98380210793559,0,-0.0,RSI_LT_26,SPY
2022-06-28,60.81394537344469,0,-0.0,RSI_LT_26,SPY
2022-06-29,61.698762374158306,0,-0.0,RSI_LT_26,SPY
2022-06-30,48.37022463906941,0,0.0,RSI_LT_26,SPY
2022-07-01,23.72173446041691,1,0.188857737683934,RSI_LT_26,SPY
2022-07-05,29.345763472427677,0,0.0,RSI_LT_26,SPY
2022-07-06,63.82982867939965,0,0.0,RSI_LT_26,SPY
2022-07-07,79.16386287449917,0,-0.0,RSI_LT_26,SPY
2022-07-08,97.34678539707122,0,-0.0,RSI_LT_26,SPY
2022-07-11,61.95054241364926,0,-0.0,RSI_LT_26,SPY
2022-07-12,46.28043218830488,0,-0.0,RSI_LT_26,SPY
2022-07-13,36.10058136968317,0,-0.0,RSI_LT_26,SPY
2022-07-14,0.0,1,1.9105080973613298,RSI_LT_26,SPY
2022-07-15,40.155710840183374,0,-0.0,RSI_LT_26,SPY
2022-07-18,43.18182233003152,0,0.0,RSI_LT_26,SPY
2022-07-19,74.19633013784573,0,0.0,RSI_LT_26,SPY
2022-07-20,83.01581000685192,0,0.0,RSI_LT_26,SPY
2022-07-21,88.3260138920009,0,-0.0,RSI_LT_26,SPY
2022-07-22,70.99492188555394,0,0.0,RSI_LT_26,SPY
2022-07-25,82.39767474273502,0,-0.0,RSI_LT_26,SPY
2022-07-26,45.51374776029668,0,0.0,RSI_LT_26,SPY
2022-07-27,63.612704201163986,0,0.0,RSI_LT_26,SPY
2022-07-28,65.14142302756102,0,0.0,RSI_LT_26,SPY
2022-07-29,82.1782316292983,0,-0.0,RSI_LT_26,SPY
2022-08-01,78.14814605503344,0,-0.0,RSI_LT_26,SPY
2022-08-02,84.2988507428839,0,0.0,RSI_LT_26,SPY
2022-08-03,81.5232971053481,0,-0.0,RSI_LT_26,SPY
2022-08-04,74.51577327567256,0,-0.0,RSI_LT_26,SPY
2022-08-05,56.54871056689685,0,-0.0,RSI_LT_26,SPY
2022-08-08,60.51134146940591,0,-0.0,RSI_LT_26,SPY
2022-08-09,67.33404294318726,0,0.0,RSI_LT_26,SPY
2022-08-10,73.59447459812424,0,0.0,RSI_LT_26,SPY
2022-08-11,75.39258789788055,0,0.0,RSI_LT_26,SPY
2022-08-12,88.13656577248601,0,0.0,RSI_LT_26,SPY
2022-08-15,91.43609782217221,0,0.0,RSI_LT_26,SPY
2022-08-16,100.0,0,-0.0,RSI_LT_26,SPY
2022-08-17,76.09711064500468,0,0.0,RSI_LT_26,SPY
2022-08-18,78.21424990299812,0,-0.0,RSI_LT_26,SPY
2022-08-19,30.379850744466893,0,-0.0,RSI_LT_26,SPY
2022-08-22,10.574680900909001,1,-0.24192572522898637,RSI_LT_26,SPY
2022-08-23,6.253241426858793,1,0.3201181774415529,RSI_LT_26,SPY
2022-08-24,14.143772909212913,1,1.4117523988503633,RSI_LT_26,SPY
2022-08-25,31.541849391127585,0,-0.0,RSI_LT_26,SPY
2022-08-26,22.98554751333367,1,-0.6612204712255654,RSI_LT_26,SPY
2022-08-29,28.594254068501215,0,-0.0,RSI_LT_26,SPY
2022-08-30,25.158110099101634,1,-0.760904759879355,RSI_LT_26,SPY
2022-08-31,19.356956376168185,1,0.31378631887633013,RSI_LT_26,SPY
2022-09-01,4.849506909708907,1,-1.0544430280438832,RSI_LT_26,SPY
2022-09-02,7.974384940260322,1,-0.3773150381391921,RSI_LT_26,SPY
2022-09-06,8.641237543117938,1,1.7964962734754897,RSI_LT_26,SPY
2022-09-07,48.73158594067891,0,0.0,RSI_LT_26,SPY
2022-09-08,65.73851712824757,0,0.0,RSI_LT_26,SPY
2022-09-09,73.6744015715843,0,0.0,RSI_LT_26,SPY
2022-09-12,93.17666028362109,0,-0.0,RSI_LT_26,SPY
2022-09-13,53.07247526656809,0,0.0,RSI_LT_26,SPY
2022-09-14,45.116718497815214,0,-0.0,RSI_LT_26,SPY
2022-09-15,35.104516494909305,0,-0.0,RSI_LT_26,SPY
2022-09-16,17.907246295856666,1,0.7754928554071894,RSI_LT_26,SPY
2022-09-19,14.299334736105507,1,-1.1478552554876287,RSI_LT_26,SPY
2022-09-20,24.95826943694273,1,-1.7443780763191308,RSI_LT_26,SPY
2022-09-21,12.89346207143413,1,-0.8399833871300055,RSI_LT_26,SPY
2022-09-22,13.665419275471663,1,-1.6754820675589754,RSI_LT_26,SPY
2022-09-23,12.674839197098052,1,-0.9892687940418976,RSI_LT_26,SPY
2022-09-26,0.0,1,-0.25527509044867003,RSI_LT_26,SPY
2022-09-27,0.0,1,1.9676354781243965,RSI_LT_26,SPY
2022-09-28,33.790135439757364,0,-0.0,RSI_LT_26,SPY
2022-09-29,27.788571021918585,0,-0.0,RSI_LT_26,SPY
2022-09-30,28.52011091986064,0,0.0,RSI_LT_26,SPY
2022-10-03,53.726488795712115,0,0.0,RSI_LT_26,SPY
2022-10-04,67.66770806309873,0,-0.0,RSI_LT_26,SPY
2022-10-05,59.36606781835167,0,-0.0,RSI_LT_26,SPY
2022-10-06,66.6987474776748,0,-0.0,RSI_LT_26,SPY
2022-10-07,57.79818693182541,0,-0.0,RSI_LT_26,SPY
2022-10-10,38.758120052351494,0,-0.0,RSI_LT_26,SPY
2022-10-11,0.0,1,-0.32984645496528797,RSI_LT_26,SPY
2022-10-12,0.0,1,2.639108067798057,RSI_LT_26,SPY
2022-10-13,36.12282935824097,0,-0.0,RSI_LT_26,SPY
2022-10-14,39.24103148857755,0,0.0,RSI_LT_26,SPY
2022-10-17,61.18424288784688,0,0.0,RSI_LT_26,SPY
2022-10-18,70.64449224874043,0,-0.0,RSI_LT_26,SPY
2022-10-19,67.62101641175305,0,-0.0,RSI_LT_26,SPY
2022-10-20,48.984039172349036,0,0.0,RSI_LT_26,SPY
2022-10-21,79.64412819117683,0,0.0,RSI_LT_26,SPY
2022-10-24,75.64919711063763,0,0.0,RSI_LT_26,SPY
2022-10-25,77.32858212466601,0,-0.0,RSI_LT_26,SPY
2022-10-26,76.50975065373362,0,-0.0,RSI_LT_26,SPY
2022-10-27,79.79550112459404,0,0.0,RSI_LT_26,SPY
2022-10-28,79.92683713201558,0,-0.0,RSI_LT_26,SPY
2022-10-31,66.06829578539352,0,-0.0,RSI_LT_26,SPY
2022-11-01,48.917681718498166,0,-0.0,RSI_LT_26,SPY
2022-11-02,35.830344669089854,0,-0.0,RSI_LT_26,SPY
2022-11-03,33.419564901006694,0,0.0,RSI_LT_26,SPY
2022-11-04,22.869387242985525,1,0.9565580032235843,RSI_LT_26,SPY
2022-11-07,37.03400297590829,0,0.0,RSI_LT_26,SPY
2022-11-08,44.857158872218385,0,-0.0,RSI_LT_26,SPY
2022-11-09,48.371498264579145,0,0.0,RSI_LT_26,SPY
2022-11-10,80.03551869841156,0,0.0,RSI_LT_26,SPY
2022-11-11,79.23483803537624,0,-0.0,RSI_LT_26,SPY
2022-11-14,70.12467753715306,0,0.0,RSI_LT_26,SPY
2022-11-15,71.13558844697562,0,-0.0,RSI_LT_26,SPY
2022-11-16,81.1878465370845,0,-0.0,RSI_LT_26,SPY
2022-11-17,48.482765716637516,0,0.0,RSI_LT_26,SPY
2022-11-18,40.31247094277724,0,-0.0,RSI_LT_26,SPY
2022-11-21,47.557610685927884,0,0.0,RSI_LT_26,SPY
2022-11-22,55.51212947652487,0,0.0,RSI_LT_26,SPY
2022-11-23,78.40249710867646,0,-0.0,RSI_LT_26,SPY
2022-11-25,86.2778317572838,0,-0.0,RSI_LT_26,SPY
2022-11-28,49.61978804053532,0,-0.0,RSI_LT_26,SPY
2022-11-29,52.13053866909399,0,0.0,RSI_LT_26,SPY
2022-11-30,67.55414596929789,0,-0.0,RSI_LT_26,SPY
2022-12-01,62.43730802135927,0,-0.0,RSI_LT_26,SPY
2022-12-02,61.269756879989906,0,-0.0,RSI_LT_26,SPY
2022-12-05,58.671059746654855,0,-0.0,RSI_LT_26,SPY
2022-12-06,47.33835539186677,0,-0.0,RSI_LT_26,SPY
2022-12-07,0.0,1,0.7833926502128774,RSI_LT_26,SPY
2022-12-08,17.803403153367697,1,-0.7470198687737906,RSI_LT_26,SPY
2022-12-09,15.563365295353123,1,1.4417243300787197,RSI_LT_26,SPY
2022-12-12,48.235984865690575,0,0.0,RSI_LT_26,SPY
2022-12-13,76.4286818356565,0,-0.0,RSI_LT_26,SPY
2022-12-14,68.03466658199356,0,-0.0,RSI_LT_26,SPY
2022-12-15,36.22345134994861,0,-0.0,RSI_LT_26,SPY
2022-12-16,31.726899576163547,0,-0.0,RSI_LT_26,SPY
2022-12-19,12.094468826729326,1,0.1368400469142994,RSI_LT_26,SPY
2022-12-20,2.3142803593110415,1,1.4952442091866303,RSI_LT_26,SPY
2022-12-21,24.267352307717985,1,-1.4266135745262032,RSI_LT_26,SPY
2022-12-22,29.113962082744933,0,0.0,RSI_LT_26,SPY
2022-12-23,48.95109372221234,0,-0.0,RSI_LT_26,SPY
2022-12-27,54.474711251494206,0,-0.0,RSI_LT_26,SPY
2022-12-28,40.122194529215434,0,0.0,RSI_LT_26,SPY
2022-12-29,43.270605242896536,0,-0.0,RSI_LT_26,SPY
2022-12-30,55.26799229069713,0,-0.0,RSI_LT_26,SPY
2023-01-03,43.32269280194377,0,0.0,RSI_LT_26,SPY
2023-01-04,56.90871699212224,0,-0.0,RSI_LT_26,SPY
2023-01-05,58.13397434844428,0,0.0,RSI_LT_26,SPY
2023-01-06,62.446319960052065,0,-0.0,RSI_LT_26,SPY
2023-01-09,65.21008432095303,0,0.0,RSI_LT_26,SPY
2023-01-10,75.73835349865843,0,0.0,RSI_LT_26,SPY
2023-01-11,78.05339704753959,0,0.0,RSI_LT_26,SPY
2023-01-12,98.7791267767355,0,0.0,RSI_LT_26,SPY
2023-01-13,97.97420903105426,0,-0.0,RSI_LT_26,SPY
2023-01-17,93.57951327659278,0,-0.0,RSI_LT_26,SPY
2023-01-18,53.0475627878265,0,-0.0,RSI_LT_26,SPY
2023-01-19,23.208814924145727,1,1.8629039629190602,RSI_LT_26,SPY
2023-01-20,47.10303784412118,0,0.0,RSI_LT_26,SPY
2023-01-23,54.87415849604738,0,-0.0,RSI_LT_26,SPY
2023-01-24,55.63811603500112,0,0.0,RSI_LT_26,SPY
2023-01-25,78.72906362994057,0,0.0,RSI_LT_26,SPY
2023-01-26,97.46615546188264,0,0.0,RSI_LT_26,SPY
2023-01-27,95.96628743852095,0,-0.0,RSI_LT_26,SPY
2023-01-30,49.818142473095904,0,0.0,RSI_LT_26,SPY
2023-01-31,69.07655540537783,0,0.0,RSI_LT_26,SPY
2023-02-01,75.32718050067825,0,0.0,RSI_LT_26,SPY
2023-02-02,77.08240298882762,0,-0.0,RSI_LT_26,SPY
2023-02-03,62.97163680390283,0,-0.0,RSI_LT_26,SPY
2023-02-06,69.96539409061896,0,0.0,RSI_LT_26,SPY
2023-02-07,69.26135635085068,0,-0.0,RSI_LT_26,SPY
2023-02-08,49.671498940642564,0,-0.0,RSI_LT_26,SPY
2023-02-09,26.261670225300392,0,0.0,RSI_LT_26,SPY
2023-02-10,37.27116395440224,0,0.0,RSI_LT_26,SPY
2023-02-13,57.81249503294943,0,-0.0,RSI_LT_26,SPY
2023-02-14,40.91235366538042,0,0.0,RSI_LT_26,SPY
2023-02-15,65.37410250340963,0,-0.0,RSI_LT_26,SPY
2023-02-16,54.587529411764706,0,-0.0,RSI_LT_26,SPY
2023-02-17,47.00919509563696,0,-0.0,RSI_LT_26,SPY
2023-02-21,8.160765728092173,1,-0.13781046831931043,RSI_LT_26,SPY
2023-02-22,7.985676015327911,1,0.5319403502116682,RSI_LT_26,SPY
2023-02-23,12.07286681056506,1,-1.068237093839386,RSI_LT_26,SPY
2023-02-24,13.135050815410068,1,0.34058380515806785,RSI_LT_26,SPY
2023-02-27,21.068615443338658,1,-0.36959776232566854,RSI_LT_26,SPY
2023-02-28,35.51694086705004,0,-0.0,RSI_LT_26,SPY
2023-03-01,32.30907370520758,0,0.0,RSI_LT_26,SPY
2023-03-02,37.810102360210834,0,0.0,RSI_LT_26,SPY
2023-03-03,78.31753239855534,0,0.0,RSI_LT_26,SPY
2023-03-06,76.4936061994674,0,-0.0,RSI_LT_26,SPY
2023-03-07,55.7592387588033,0,0.0,RSI_LT_26,SPY
2023-03-08,62.60558260245355,0,-0.0,RSI_LT_26,SPY
2023-03-09,35.02639390527439,0,-0.0,RSI_LT_26,SPY
2023-03-10,4.617781070961556,1,-0.1425250201672501,RSI_LT_26,SPY
2023-03-13,3.1848228984280667,1,1.6530065073970368,RSI_LT_26,SPY
2023-03-14,34.11090087311379,0,-0.0,RSI_LT_26,SPY
2023-03-15,28.462944023999455,0,0.0,RSI_LT_26,SPY
2023-03-16,60.41185392928872,0,-0.0,RSI_LT_26,SPY
2023-03-17,59.139739370480314,0,0.0,RSI_LT_26,SPY
2023-03-20,66.41849229886157,0,0.0,RSI_LT_26,SPY
2023-03-21,64.7614936543032,0,-0.0,RSI_LT_26,SPY
2023-03-22,54.935446890178284,0,0.0,RSI_LT_26,SPY
2023-03-23,43.58086272586618,0,0.0,RSI_LT_26,SPY
2023-03-24,64.87602263591796,0,0.0,RSI_LT_26,SPY
2023-03-27,58.40976709633828,0,-0.0,RSI_LT_26,SPY
2023-03-28,36.288336578089044,0,0.0,RSI_LT_26,SPY
2023-03-29,91.9239109063065,0,0.0,RSI_LT_26,SPY
2023-03-30,92.77021516065776,0,0.0,RSI_LT_26,SPY
2023-03-31,94.22837148364675,0,0.0,RSI_LT_26,SPY
2023-04-03,94.51979885446264,0,-0.0,RSI_LT_26,SPY
2023-04-04,87.0675090877618,0,-0.0,RSI_LT_26,SPY
2023-04-05,74.13125138448342,0,0.0,RSI_LT_26,SPY
2023-04-06,72.51841318639502,0,0.0,RSI_LT_26,SPY
2023-04-10,51.58938761830001,0,0.0,RSI_LT_26,SPY
2023-04-11,38.75675766147254,0,-0.0,RSI_LT_26,SPY
2023-04-12,43.62115627335121,0,0.0,RSI_LT_26,SPY
2023-04-13,81.86743275214218,0,-0.0,RSI_LT_26,SPY
2023-04-14,68.94539745181036,0,0.0,RSI_LT_26,SPY
2023-04-17,72.34256308184578,0,0.0,RSI_LT_26,SPY
2023-04-18,72.79174386397577,0,-0.0,RSI_LT_26,SPY
2023-04-19,86.90925366950758,0,-0.0,RSI_LT_26,SPY
2023-04-20,34.38116422545852,0,0.0,RSI_LT_26,SPY
2023-04-21,47.045686264990046,0,0.0,RSI_LT_26,SPY
2023-04-24,30.4476551397442,0,-0.0,RSI_LT_26,SPY
2023-04-25,7.788158044847833,1,-0.42356217434444954,RSI_LT_26,SPY
2023-04-26,6.648918901370038,1,1.990804877378749,RSI_LT_26,SPY
2023-04-27,51.55242414870091,0,0.0,RSI_LT_26,SPY
2023-04-28,59.20073230072507,0,-0.0,RSI_LT_26,SPY
2023-05-01,57.10760980900163,0,-0.0,RSI_LT_26,SPY
2023-05-02,62.948880579667794,0,-0.0,RSI_LT_26,SPY
2023-05-03,59.39425461484112,0,-0.0,RSI_LT_26,SPY
2023-05-04,24.580968678940494,1,1.8512575986983304,RSI_LT_26,SPY
2023-05-05,40.98363389554643,0,0.0,RSI_LT_26,SPY
2023-05-08,42.3012200252419,0,-0.0,RSI_LT_26,SPY
2023-05-09,50.297410741479574,0,0.0,RSI_LT_26,SPY
2023-05-10,66.9712709741619,0,-0.0,RSI_LT_26,SPY
2023-05-11,79.02156474738223,0,-0.0,RSI_LT_26,SPY
2023-05-12,39.803849997307275,0,0.0,RSI_LT_26,SPY
2023-05-15,52.10622536230504,0,-0.0,RSI_LT_26,SPY
2023-05-16,45.38051365404231,0,0.0,RSI_LT_26,SPY
2023-05-17,61.42032075538009,0,0.0,RSI_LT_26,SPY
2023-05-18,75.91235022487153,0,-0.0,RSI_LT_26,SPY
2023-05-19,75.52640968757827,0,0.0,RSI_LT_26,SPY
2023-05-22,73.08296994323071,0,-0.0,RSI_LT_26,SPY
2023-05-23,63.27794743651164,0,-0.0,RSI_LT_26,SPY
2023-05-24,33.41345801157121,0,0.0,RSI_LT_26,SPY
2023-05-25,30.98005718225322,0,0.0,RSI_LT_26,SPY
2023-05-26,54.16664396016008,0,0.0,RSI_LT_26,SPY
2023-05-30,54.13931930749306,0,-0.0,RSI_LT_26,SPY
2023-05-31,63.03749730166726,0,0.0,RSI_LT_26,SPY
2023-06-01,84.8603705341474,0,0.0,RSI_LT_26,SPY
2023-06-02,87.0050891018331,0,-0.0,RSI_LT_26,SPY
2023-06-05,76.45745331131567,0,0.0,RSI_LT_26,SPY
2023-06-06,77.73854943310609,0,-0.0,RSI_LT_26,SPY
2023-06-07,82.70665305232725,0,0.0,RSI_LT_26,SPY
2023-06-08,80.68839874137771,0,0.0,RSI_LT_26,SPY
2023-06-09,65.04540521487473,0,0.0,RSI_LT_26,SPY
2023-06-12,84.67898110501392,0,0.0,RSI_LT_26,SPY
2023-06-13,87.23030580701561,0,0.0,RSI_LT_26,SPY
2023-06-14,100.0,0,0.0,RSI_LT_26,SPY
2023-06-15,100.0,0,-0.0,RSI_LT_26,SPY
2023-06-16,80.17670880808252,0,-0.0,RSI_LT_26,SPY
2023-06-20,61.88466012249926,0,-0.0,RSI_LT_26,SPY
2023-06-21,43.676468938280465,0,0.0,RSI_LT_26,SPY
2023-06-22,47.71337271795556,0,-0.0,RSI_LT_26,SPY
2023-06-23,12.529957329072744,1,-0.40857529802735826,RSI_LT_26,SPY
2023-06-26,14.068161371212312,1,1.0963311143060928,RSI_LT_26,SPY
2023-06-27,46.289573584051055,0,0.0,RSI_LT_26,SPY
2023-06-28,56.25543074711282,0,0.0,RSI_LT_26,SPY
2023-06-29,56.81421174121903,0,0.0,RSI_LT_26,SPY
2023-06-30,86.99492344810885,0,0.0,RSI_LT_26,SPY
2023-07-03,100.0,0,-0.0,RSI_LT_26,SPY
2023-07-05,92.02894010371556,0,-0.0,RSI_LT_26,SPY
2023-07-06,64.1803528181782,0,-0.0,RSI_LT_26,SPY
2023-07-07,52.01465508568363,0,0.0,RSI_LT_26,SPY
2023-07-10,23.615374349392766,1,0.6368529703967729,RSI_LT_26,SPY
2023-07-11,42.732166442093465,0,0.0,RSI_LT_26,SPY
2023-07-12,61.99161717592534,0,0.0,RSI_LT_26,SPY
2023-07-13,90.84147259592747,0,-0.0,RSI_LT_26,SPY
2023-07-14,97.51994183013426,0,0.0,RSI_LT_26,SPY
2023-07-17,97.6149998960218,0,0.0,RSI_LT_26,SPY
2023-07-18,97.7217364961673,0,0.0,RSI_LT_26,SPY
2023-07-19,97.12527533125915,0,-0.0,RSI_LT_26,SPY
2023-07-20,64.20816756144869,0,0.0,RSI_LT_26,SPY
2023-07-21,66.219145442691,0,0.0,RSI_LT_26,SPY
2023-07-24,67.87232039373939,0,0.0,RSI_LT_26,SPY
2023-07-25,58.57334226389819,0,0.0,RSI_LT_26,SPY
2023-07-26,52.440911581233955,0,-0.0,RSI_LT_26,SPY
2023-07-27,52.440911581233955,0,0.0,RSI_LT_26,SPY
2023-07-28,71.98513196373014,0,0.0,RSI_LT_26,SPY
2023-07-31,68.63958017093584,0,-0.0,RSI_LT_26,SPY
2023-08-01,55.3608451758843,0,-0.0,RSI_LT_26,SPY
2023-08-02,33.16648651539052,0,-0.0,RSI_LT_26,SPY
2023-08-03,37.19303129918941,0,-0.0,RSI_LT_26,SPY
2023-08-04,7.341727165266121,1,0.8728528720920004,RSI_LT_26,SPY
2023-08-07,26.20962780052011,0,-0.0,RSI_LT_26,SPY
2023-08-08,25.112647798037685,1,-0.6685236768802283,RSI_LT_26,SPY
2023-08-09,32.01967357697299,0,0.0,RSI_LT_26,SPY
2023-08-10,36.74209994310743,0,-0.0,RSI_LT_26,SPY
2023-08-11,43.74997944667151,0,0.0,RSI_LT_26,SPY
2023-08-14,33.41832067605809,0,-0.0,RSI_LT_26,SPY
2023-08-15,23.60361152962136,1,-0.7338164990194795,RSI_LT_26,SPY
2023-08-16,23.083707073640284,1,-0.7619884432481627,RSI_LT_26,SPY
2023-08-17,16.9188113658211,1,0.048131162979969666,RSI_LT_26,SPY
2023-08-18,18.426434319628825,1,0.65062917248353,RSI_LT_26,SPY
2023-08-21,20.51106290494377,1,-0.2708613946659777,RSI_LT_26,SPY
2023-08-22,28.13642825973733,0,0.0,RSI_LT_26,SPY
2023-08-23,63.59255733364006,0,-0.0,RSI_LT_26,SPY
2023-08-24,51.96594665616082,0,0.0,RSI_LT_26,SPY
2023-08-25,59.56979075314392,0,0.0,RSI_LT_26,SPY
2023-08-28,59.45800876030686,0,0.0,RSI_LT_26,SPY
2023-08-29,73.63679723677417,0,0.0,RSI_LT_26,SPY
2023-08-30,69.69402556791222,0,-0.0,RSI_LT_26,SPY
2023-08-31,95.5344809430304,0,0.0,RSI_LT_26,SPY
2023-09-01,94.73681648824198,0,-0.0,RSI_LT_26,SPY
2023-09-05,77.69219533316291,0,-0.0,RSI_LT_26,SPY
2023-09-06,32.331731650955504,0,-0.0,RSI_LT_26,SPY
2023-09-07,10.714244008392328,1,0.15060872225780564,RSI_LT_26,SPY
2023-09-08,19.23546425739032,1,0.6576636886363119,RSI_LT_26,SPY
2023-09-11,36.21735633101432,0,-0.0,RSI_LT_26,SPY
2023-09-12,34.44977893033824,0,0.0,RSI_LT_26,SPY
2023-09-13,51.82394331054444,0,0.0,RSI_LT_26,SPY
2023-09-14,76.41403161766212,0,-0.0,RSI_LT_26,SPY
2023-09-15,43.58211946471355,0,0.0,RSI_LT_26,SPY
2023-09-18,32.88351749340015,0,-0.0,RSI_LT_26,SPY
2023-09-19,36.92186385859711,0,-0.0,RSI_LT_26,SPY
2023-09-20,25.543779256348202,1,-1.6528359834683037,RSI_LT_26,SPY
2023-09-21,1.3340682191128792,1,-0.22485481530990503,RSI_LT_26,SPY
2023-09-22,1.9302876173861847,1,0.4205189122549191,RSI_LT_26,SPY
2023-09-25,12.050591761060588,1,-1.4691266090073651,RSI_LT_26,SPY
2023-09-26,8.85085173219123,1,0.03991333432125099,RSI_LT_26,SPY
2023-09-27,11.963637034168656,1,0.5797444646104211,RSI_LT_26,SPY
2023-09-28,37.80786612701237,0,-0.0,RSI_LT_26,SPY
2023-09-29,37.584413308176885,0,-0.0,RSI_LT_26,SPY
2023-10-02,25.882243823919254,1,-1.338606925507002,RSI_LT_26,SPY
2023-10-03,27.58610793108177,0,0.0,RSI_LT_26,SPY
2023-10-04,44.426688072204534,0,-0.0,RSI_LT_26,SPY
2023-10-05,30.216596630452088,0,0.0,RSI_LT_26,SPY
2023-10-06,57.27398512056139,0,0.0,RSI_LT_26,SPY
2023-10-09,64.87456634648164,0,0.0,RSI_LT_26,SPY
2023-10-10,98.7942469735438,0,0.0,RSI_LT_26,SPY
2023-10-11,98.66441139084117,0,-0.0,RSI_LT_26,SPY
2023-10-12,81.62982290123314,0,-0.0,RSI_LT_26,SPY
2023-10-13,58.448234585342625,0,0.0,RSI_LT_26,SPY
2023-10-16,64.0029719849395,0,-0.0,RSI_LT_26,SPY
2023-10-17,56.630716559290335,0,-0.0,RSI_LT_26,SPY
2023-10-18,29.888075668964348,0,-0.0,RSI_LT_26,SPY
2023-10-19,27.835688103778295,0,-0.0,RSI_LT_26,SPY
2023-10-20,23.414157375521754,1,-0.17332106225139698,RSI_LT_26,SPY
2023-10-23,0.0,1,0.7539393740564782,RSI_LT_26,SPY
2023-10-24,16.92478146461478,1,-1.4352187096675628,RSI_LT_26,SPY
2023-10-25,16.68425440054739,1,-1.1974614168780984,RSI_LT_26,SPY
2023-10-26,15.677588783071982,1,-0.4532772203415858,RSI_LT_26,SPY
2023-10-27,18.813095182036506,1,1.1955789786880722,RSI_LT_26,SPY
2023-10-30,38.42133064001207,0,0.0,RSI_LT_26,SPY
2023-10-31,36.73672629039809,0,0.0,RSI_LT_26,SPY
2023-11-01,63.55441436219901,0,0.0,RSI_LT_26,SPY
2023-11-02,91.48066479622055,0,0.0,RSI_LT_26,SPY
2023-11-03,100.0,0,0.0,RSI_LT_26,SPY
2023-11-06,100.0,0,0.0,RSI_LT_26,SPY
2023-11-07,100.0,0,0.0,RSI_LT_26,SPY
2023-11-08,100.0,0,-0.0,RSI_LT_26,SPY
2023-11-09,65.55549732893962,0,0.0,RSI_LT_26,SPY
2023-11-10,73.23385968610467,0,-0.0,RSI_LT_26,SPY
2023-11-13,68.50333033845475,0,0.0,RSI_LT_26,SPY
2023-11-14,80.31866262065505,0,0.0,RSI_LT_26,SPY
2023-11-15,80.93582335320245,0,0.0,RSI_LT_26,SPY
2023-11-16,97.56248760166633,0,0.0,RSI_LT_26,SPY
2023-11-17,96.18889901219319,0,0.0,RSI_LT_26,SPY
2023-11-20,100.0,0,-0.0,RSI_LT_26,SPY
2023-11-21,84.81567812476597,0,0.0,RSI_LT_26,SPY
2023-11-22,86.47519625786387,0,0.0,RSI_LT_26,SPY
2023-11-24,85.95718892712594,0,-0.0,RSI_LT_26,SPY
2023-11-27,75.23942321340603,0,0.0,RSI_LT_26,SPY
2023-11-28,57.80869862136668,0,-0.0,RSI_LT_26,SPY
2023-11-29,68.50841770711268,0,0.0,RSI_LT_26,SPY
2023-11-30,68.85266405403152,0,0.0,RSI_LT_26,SPY
2023-12-01,81.25021959654468,0,-0.0,RSI_LT_26,SPY
2023-12-04,64.40669873592991,0,-0.0,RSI_LT_26,SPY
2023-12-05,61.422756590894856,0,-0.0,RSI_LT_26,SPY
2023-12-06,50.84951372424328,0,0.0,RSI_LT_26,SPY
2023-12-07,58.706067504471655,0,0.0,RSI_LT_26,SPY
2023-12-08,55.62375378739418,0,0.0,RSI_LT_26,SPY
2023-12-11,78.93014919008243,0,0.0,RSI_LT_26,SPY
2023-12-12,83.54206132999951,0,0.0,RSI_LT_26,SPY
2023-12-13,100.0,0,0.0,RSI_LT_26,SPY
2023-12-14,100.0,0,-0.0,RSI_LT_26,SPY
2023-12-15,81.50435227638903,0,0.0,RSI_LT_26,SPY
2023-12-18,82.5292492186614,0,0.0,RSI_LT_26,SPY
2023-12-19,83.35393107213126,0,-0.0,RSI_LT_26,SPY
2023-12-20,43.12043549330414,0,0.0,RSI_LT_26,SPY
2023-12-21,51.795943915078304,0,0.0,RSI_LT_26,SPY
2023-12-22,62.35701416240677,0,0.0,RSI_LT_26,SPY
2023-12-26,60.92636622617848,0,0.0,RSI_LT_26,SPY
2023-12-27,55.63052912960001,0,0.0,RSI_LT_26,SPY
2023-12-28,100.0,0,-0.0,RSI_LT_26,SPY
2023-12-29,74.30156168307154,0,-0.0,RSI_LT_26,SPY
2024-01-02,42.93787015405305,0,-0.0,RSI_LT_26,SPY
2024-01-03,11.633202023581148,1,-0.32210792425203527,RSI_LT_26,SPY
2024-01-04,1.8768795048449505,1,0.136965984015891,RSI_LT_26,SPY
2024-01-05,6.368293356897112,1,1.4275928543528549,RSI_LT_26,SPY
2024-01-08,47.687325170132944,0,-0.0,RSI_LT_26,SPY
2024-01-09,54.5861694646795,0,0.0,RSI_LT_26,SPY
2024-01-10,81.7660753631289,0,-0.0,RSI_LT_26,SPY
2024-01-11,91.49136963429139,0,0.0,RSI_LT_26,SPY
2024-01-12,91.24297762898892,0,-0.0,RSI_LT_26,SPY
2024-01-16,52.89972056701833,0,-0.0,RSI_LT_26,SPY
2024-01-17,39.55318150647851,0,0.0,RSI_LT_26,SPY
2024-01-18,49.61660594310927,0,0.0,RSI_LT_26,SPY
2024-01-19,70.45762130568808,0,0.0,RSI_LT_26,SPY
2024-01-22,71.76856863614776,0,0.0,RSI_LT_26,SPY
2024-01-23,82.64305778491172,0,0.0,RSI_LT_26,SPY
2024-01-24,100.0,0,0.0,RSI_LT_26,SPY
2024-01-25,100.0,0,-0.0,RSI_LT_26,SPY
2024-01-26,90.03223479886368,0,0.0,RSI_LT_26,SPY
2024-01-29,93.15676189128831,0,-0.0,RSI_LT_26,SPY
2024-01-30,87.54703070012086,0,-0.0,RSI_LT_26,SPY
2024-01-31,41.90838793459654,0,0.0,RSI_LT_26,SPY
2024-02-01,53.04850218744087,0,0.0,RSI_LT_26,SPY
2024-02-02,64.62902827382484,0,-0.0,RSI_LT_26,SPY
2024-02-05,52.954751991884535,0,0.0,RSI_LT_26,SPY
2024-02-06,56.80314662244696,0,0.0,RSI_LT_26,SPY
2024-02-07,90.43562863327901,0,0.0,RSI_LT_26,SPY
2024-02-08,85.8489479619011,0,0.0,RSI_LT_26,SPY
2024-02-09,82.77501482067711,0,-0.0,RSI_LT_26,SPY
2024-02-12,97.51972283100467,0,-0.0,RSI_LT_26,SPY
2024-02-13,50.34858925630036,0,0.0,RSI_LT_26,SPY
2024-02-14,51.59755113387647,0,0.0,RSI_LT_26,SPY
2024-02-15,60.2899927152904,0,-0.0,RSI_LT_26,SPY
2024-02-16,45.18519162551297,0,-0.0,RSI_LT_26,SPY
2024-02-20,39.49205374606942,0,0.0,RSI_LT_26,SPY
2024-02-21,61.48203874365244,0,0.0,RSI_LT_26,SPY
2024-02-22,72.97991776114293,0,0.0,RSI_LT_26,SPY
2024-02-23,67.87024983704654,0,-0.0,RSI_LT_26,SPY
2024-02-26,70.63686442819433,0,0.0,RSI_LT_26,SPY
2024-02-27,86.60897114784642,0,-0.0,RSI_LT_26,SPY
2024-02-28,82.06948310504653,0,0.0,RSI_LT_26,SPY
2024-02-29,55.141739398628864,0,0.0,RSI_LT_26,SPY
2024-03-01,74.85082437167256,0,-0.0,RSI_LT_26,SPY
2024-03-04,86.05738042257549,0,-0.0,RSI_LT_26,SPY
2024-03-05,50.96674911727497,0,0.0,RSI_LT_26,SPY
2024-03-06,61.76669108628907,0,0.0,RSI_LT_26,SPY
2024-03-07,68.62207975788569,0,-0.0,RSI_LT_26,SPY
2024-03-08,46.55285094783332,0,-0.0,RSI_LT_26,SPY
2024-03-11,46.867355374224644,0,0.0,RSI_LT_26,SPY
2024-03-12,78.81157540720551,0,-0.0,RSI_LT_26,SPY
2024-03-13,70.87226521057008,0,-0.0,RSI_LT_26,SPY
2024-03-14,50.64463190787439,0,-0.0,RSI_LT_26,SPY
2024-03-15,42.668721678480615,0,0.0,RSI_LT_26,SPY
2024-03-18,55.103292058566666,0,0.0,RSI_LT_26,SPY
2024-03-19,45.83008258486832,0,0.0,RSI_LT_26,SPY
2024-03-20,63.430660118435256,0,0.0,RSI_LT_26,SPY
2024-03-21,70.72606846107406,0,-0.0,RSI_LT_26,SPY
2024-03-22,92.58990225706461,0,-0.0,RSI_LT_26,SPY
2024-03-25,79.35438705662726,0,-0.0,RSI_LT_26,SPY
2024-03-26,65.68812780310611,0,0.0,RSI_LT_26,SPY
2024-03-27,64.20271080260639,0,-0.0,RSI_LT_26,SPY
2024-03-28,55.541387407280695,0,-0.0,RSI_LT_26,SPY
2024-04-01,56.11292653805065,0,-0.0,RSI_LT_26,SPY
2024-04-02,45.18136681319376,0,0.0,RSI_LT_26,SPY
2024-04-03,53.23964828558999,0,-0.0,RSI_LT_26,SPY
2024-04-04,5.070755997697589,1,1.0446888874904303,RSI_LT_26,SPY
2024-04-05,35.939245525904994,0,0.0,RSI_LT_26,SPY
2024-04-08,39.168636494667055,0,0.0,RSI_LT_26,SPY
2024-04-09,51.82364617924791,0,-0.0,RSI_LT_26,SPY
2024-04-10,35.13214007568506,0,0.0,RSI_LT_26,SPY
2024-04-11,66.07954070399376,0,-0.0,RSI_LT_26,SPY
2024-04-12,27.862221897399053,0,-0.0,RSI_LT_26,SPY
2024-04-15,19.285551010112954,1,-0.18237950351298604,RSI_LT_26,SPY
2024-04-16,16.47559178786217,1,-0.591823921822443,RSI_LT_26,SPY
2024-04-17,18.19035055841543,1,-0.20577341013199302,RSI_LT_26,SPY
2024-04-18,0.0,1,-0.8728350111016581,RSI_LT_26,SPY
2024-04-19,0.0,1,0.9209139520294229,RSI_LT_26,SPY
2024-04-22,32.92415558890086,0,0.0,RSI_LT_26,SPY
2024-04-23,55.6203519718319,0,-0.0,RSI_LT_26,SPY
2024-04-24,65.07452401371401,0,-0.0,RSI_LT_26,SPY
2024-04-25,61.669623939015004,0,0.0,RSI_LT_26,SPY
2024-04-26,87.60044777766683,0,0.0,RSI_LT_26,SPY
2024-04-29,85.26600871395294,0,-0.0,RSI_LT_26,SPY
2024-04-30,39.08392789063777,0,-0.0,RSI_LT_26,SPY
2024-05-01,36.09891712973987,0,0.0,RSI_LT_26,SPY
2024-05-02,53.67368600369531,0,0.0,RSI_LT_26,SPY
2024-05-03,56.74833240670382,0,0.0,RSI_LT_26,SPY
2024-05-06,62.55304975790715,0,0.0,RSI_LT_26,SPY
2024-05-07,91.15090285244712,0,0.0,RSI_LT_26,SPY
2024-05-08,100.0,0,0.0,RSI_LT_26,SPY
2024-05-09,100.0,0,0.0,RSI_LT_26,SPY
2024-05-10,100.0,0,0.0,RSI_LT_26,SPY
2024-05-13,100.0,0,0.0,RSI_LT_26,SPY
2024-05-14,100.0,0,0.0,RSI_LT_26,SPY
2024-05-15,100.0,0,-0.0,RSI_LT_26,SPY
2024-05-16,89.81290285779477,0,0.0,RSI_LT_26,SPY
2024-05-17,89.8978414336139,0,0.0,RSI_LT_26,SPY
2024-05-20,90.37935269781072,0,0.0,RSI_LT_26,SPY
2024-05-21,89.35525978554357,0,-0.0,RSI_LT_26,SPY
2024-05-22,50.472476376181184,0,-0.0,RSI_LT_26,SPY
2024-05-23,33.085510293606006,0,0.0,RSI_LT_26,SPY
2024-05-24,49.95361518706656,0,0.0,RSI_LT_26,SPY
2024-05-28,48.81515765114261,0,-0.0,RSI_LT_26,SPY
2024-05-29,29.706691281742152,0,-0.0,RSI_LT_26,SPY
2024-05-30,25.80415546801173,1,0.9108149287317735,RSI_LT_26,SPY
2024-05-31,54.45911879273137,0,0.0,RSI_LT_26,SPY
2024-06-03,43.57361523007749,0,0.0,RSI_LT_26,SPY
2024-06-04,44.5301295464698,0,0.0,RSI_LT_26,SPY
2024-06-05,77.55631527921153,0,-0.0,RSI_LT_26,SPY
2024-06-06,99.91706910065486,0,-0.0,RSI_LT_26,SPY
2024-06-07,91.70883940620783,0,0.0,RSI_LT_26,SPY
2024-06-10,92.81069652402861,0,0.0,RSI_LT_26,SPY
2024-06-11,93.32007190822435,0,0.0,RSI_LT_26,SPY
2024-06-12,91.76058216177087,0,0.0,RSI_LT_26,SPY
2024-06-13,92.8496609145236,0,0.0,RSI_LT_26,SPY
2024-06-14,100.0,0,0.0,RSI_LT_26,SPY
2024-06-17,100.0,0,0.0,RSI_LT_26,SPY
2024-06-18,100.0,0,-0.0,RSI_LT_26,SPY
2024-06-20,82.71472066841324,0,-0.0,RSI_LT_26,SPY
2024-06-21,60.27947151376342,0,-0.0,RSI_LT_26,SPY
2024-06-24,49.82530890498509,0,0.0,RSI_LT_26,SPY
2024-06-25,37.70342205323194,0,0.0,RSI_LT_26,SPY
2024-06-26,32.51189179895697,0,0.0,RSI_LT_26,SPY
2024-06-27,46.00758103194863,0,-0.0,RSI_LT_26,SPY
2024-06-28,48.079223928860145,0,0.0,RSI_LT_26,SPY
2024-07-01,68.84061175929448,0,0.0,RSI_LT_26,SPY
2024-07-02,74.646062603914,0,0.0,RSI_LT_26,SPY
2024-07-03,79.02427696100324,0,0.0,RSI_LT_26,SPY
2024-07-05,82.89568240526735,0,0.0,RSI_LT_26,SPY
2024-07-08,100.0,0,0.0,RSI_LT_26,SPY
2024-07-09,100.0,0,0.0,RSI_LT_26,SPY
2024-07-10,100.0,0,-0.0,RSI_LT_26,SPY
2024-07-11,67.07467458323819,0,0.0,RSI_LT_26,SPY
2024-07-12,67.79762194824814,0,0.0,RSI_LT_26,SPY
2024-07-15,69.61700855945257,0,0.0,RSI_LT_26,SPY
2024-07-16,74.14519952137042,0,-0.0,RSI_LT_26,SPY
2024-07-17,39.640487587986996,0,-0.0,RSI_LT_26,SPY
2024-07-18,40.719134713197285,0,-0.0,RSI_LT_26,SPY
2024-07-19,23.481183270355842,1,1.030990415193389,RSI_LT_26,SPY
2024-07-22,36.16249208212008,0,-0.0,RSI_LT_26,SPY
2024-07-23,25.267982190832754,1,-2.2662516096977336,RSI_LT_26,SPY
2024-07-24,20.939753105376184,1,-0.5210367913795921,RSI_LT_26,SPY
2024-07-25,22.135389315892482,1,1.1199698366761712,RSI_LT_26,SPY
2024-07-26,41.854691908122035,0,0.0,RSI_LT_26,SPY
2024-07-29,28.10983583525166,0,-0.0,RSI_LT_26,SPY
2024-07-30,25.939583426830424,1,1.625460804168588,RSI_LT_26,SPY
2024-07-31,73.0954518032401,0,-0.0,RSI_LT_26,SPY
2024-08-01,58.94251738859081,0,-0.0,RSI_LT_26,SPY
2024-08-02,30.6376128280385,0,-0.0,RSI_LT_26,SPY
2024-08-05,19.577772352430557,1,0.9219566829472781,RSI_LT_26,SPY
2024-08-06,28.887501103592257,0,-0.0,RSI_LT_26,SPY
2024-08-07,11.441622136007624,1,2.3117363765007726,RSI_LT_26,SPY
2024-08-08,36.53013170147665,0,0.0,RSI_LT_26,SPY
2024-08-09,50.118034068123436,0,0.0,RSI_LT_26,SPY
2024-08-12,84.73968786028438,0,0.0,RSI_LT_26,SPY
2024-08-13,87.01137336764802,0,0.0,RSI_LT_26,SPY
2024-08-14,100.0,0,0.0,RSI_LT_26,SPY
2024-08-15,100.0,0,0.0,RSI_LT_26,SPY
2024-08-16,100.0,0,0.0,RSI_LT_26,SPY
2024-08-19,100.0,0,-0.0,RSI_LT_26,SPY
2024-08-20,95.07589769334426,0,0.0,RSI_LT_26,SPY
2024-08-21,95.13121456749484,0,-0.0,RSI_LT_26,SPY
2024-08-22,61.43780999703023,0,0.0,RSI_LT_26,SPY
2024-08-23,71.20392160756782,0,-0.0,RSI_LT_26,SPY
2024-08-26,54.074548665702814,0,0.0,RSI_LT_26,SPY
2024-08-27,59.97199380288404,0,-0.0,RSI_LT_26,SPY
2024-08-28,42.602071599008184,0,0.0,RSI_LT_26,SPY
2024-08-29,59.39978021030857,0,0.0,RSI_LT_26,SPY
2024-08-30,57.20920461707045,0,-0.0,RSI_LT_26,SPY
2024-09-03,29.27187794136445,0,-0.0,RSI_LT_26,SPY
2024-09-04,25.175508245603012,1,-0.24322113182296823,RSI_LT_26,SPY
2024-09-05,27.660676124756407,0,-0.0,RSI_LT_26,SPY
2024-09-06,18.603883238673887,1,1.1196217256969065,RSI_LT_26,SPY
2024-09-09,20.59921279805819,1,0.43557127427886755,RSI_LT_26,SPY
2024-09-10,41.83614125002272,0,0.0,RSI_LT_26,SPY
2024-09-11,57.03847315693819,0,0.0,RSI_LT_26,SPY
2024-09-12,66.94072094671975,0,0.0,RSI_LT_26,SPY
2024-09-13,100.0,0,0.0,RSI_LT_26,SPY
2024-09-16,100.0,0,0.0,RSI_LT_26,SPY
2024-09-17,100.0,0,-0.0,RSI_LT_26,SPY
2024-09-18,83.81800654116617,0,0.0,RSI_LT_26,SPY
2024-09-19,89.0348539436614,0,-0.0,RSI_LT_26,SPY
2024-09-20,70.74476287873254,0,0.0,RSI_LT_26,SPY
2024-09-23,71.8490315526398,0,0.0,RSI_LT_26,SPY
2024-09-24,74.1633156283824,0,-0.0,RSI_LT_26,SPY
2024-09-25,75.99274332448283,0,0.0,RSI_LT_26,SPY
2024-09-26,57.09682288624475,0,-0.0,RSI_LT_26,SPY
2024-09-27,71.7564870259481,0,0.0,RSI_LT_26,SPY
2024-09-30,74.72785375321962,0,-0.0,RSI_LT_26,SPY
2024-10-01,38.62490609051579,0,0.0,RSI_LT_26,SPY
2024-10-02,44.516798738463805,0,-0.0,RSI_LT_26,SPY
2024-10-03,26.520114648377515,0,0.0,RSI_LT_26,SPY
2024-10-04,55.443440148561464,0,-0.0,RSI_LT_26,SPY
2024-10-07,32.21945046340974,0,0.0,RSI_LT_26,SPY
2024-10-08,63.39024942251664,0,0.0,RSI_LT_26,SPY
2024-10-09,69.98079392946777,0,-0.0,RSI_LT_26,SPY
2024-10-10,70.08215702759709,0,0.0,RSI_LT_26,SPY
2024-10-11,67.38678131903822,0,0.0,RSI_LT_26,SPY
2024-10-14,94.55227811430076,0,-0.0,RSI_LT_26,SPY
2024-10-15,68.66188081789076,0,0.0,RSI_LT_26,SPY
2024-10-16,65.8671261209521,0,0.0,RSI_LT_26,SPY
2024-10-17,70.32679895003072,0,0.0,RSI_LT_26,SPY
2024-10-18,67.77864414121724,0,-0.0,RSI_LT_26,SPY
2024-10-21,46.65372160621362,0,-0.0,RSI_LT_26,SPY
2024-10-22,79.11157958138834,0,-0.0,RSI_LT_26,SPY
2024-10-23,25.759500188802306,1,0.21626672107126765,RSI_LT_26,SPY
2024-10-24,34.58890851460234,0,-0.0,RSI_LT_26,SPY
2024-10-25,15.527856124708094,1,0.3091391148152267,RSI_LT_26,SPY
2024-10-28,34.23441999848788,0,0.0,RSI_LT_26,SPY
2024-10-29,41.85080834076746,0,-0.0,RSI_LT_26,SPY
2024-10-30,67.00334970510265,0,-0.0,RSI_LT_26,SPY
2024-10-31,16.998951080842772,1,0.4220532001058652,RSI_LT_26,SPY
2024-11-01,28.094206677095457,0,-0.0,RSI_LT_26,SPY
2024-11-04,18.86991544710962,1,1.2091775640930225,RSI_LT_26,SPY
2024-11-05,39.2811518500262,0,0.0,RSI_LT_26,SPY
2024-11-06,65.22218160315774,0,0.0,RSI_LT_26,SPY
2024-11-07,95.82064789082915,0,0.0,RSI_LT_26,SPY
2024-11-08,95.84606188032073,0,0.0,RSI_LT_26,SPY
2024-11-11,100.0,0,-0.0,RSI_LT_26,SPY
2024-11-12,92.22413595131474,0,0.0,RSI_LT_26,SPY
2024-11-13,81.15515428854121,0,-0.0,RSI_LT_26,SPY
2024-11-14,37.636727879799665,0,-0.0,RSI_LT_26,SPY
2024-11-15,6.073354396824087,1,0.40973528195689113,RSI_LT_26,SPY
2024-11-18,16.82303992671197,1,0.3655467635231613,RSI_LT_26,SPY
2024-11-19,29.72957773937037,0,0.0,RSI_LT_26,SPY
2024-11-20,29.33909378451841,0,0.0,RSI_LT_26,SPY
2024-11-21,51.0309541881162,0,0.0,RSI_LT_26,SPY
2024-11-22,100.0,0,0.0,RSI_LT_26,SPY
2024-11-25,100.0,0,0.0,RSI_LT_26,SPY
2024-11-26,100.0,0,-0.0,RSI_LT_26,SPY
2024-11-27,84.79530076433966,0,0.0,RSI_LT_26,SPY
2024-11-29,85.46322296322296,0,0.0,RSI_LT_26,SPY
2024-12-02,84.5237600946667,0,0.0,RSI_LT_26,SPY
2024-12-03,81.83617901283449,0,0.0,RSI_LT_26,SPY
2024-12-04,82.91067058668455,0,-0.0,RSI_LT_26,SPY
2024-12-05,89.8270145417065,0,0.0,RSI_LT_26,SPY
2024-12-06,86.22591384470525,0,-0.0,RSI_LT_26,SPY
2024-12-09,55.63903366440489,0,-0.0,RSI_LT_26,SPY
2024-12-10,44.913006993006995,0,0.0,RSI_LT_26,SPY
2024-12-11,49.154187751729836,0,-0.0,RSI_LT_26,SPY
2024-12-12,41.648946875628944,0,-0.0,RSI_LT_26,SPY
2024-12-13,36.0682533233813,0,0.0,RSI_LT_26,SPY
2024-12-16,58.528642621009524,0,-0.0,RSI_LT_26,SPY
2024-12-17,55.73514763095082,0,-0.0,RSI_LT_26,SPY
2024-12-18,9.794857178608424,1,-0.030711213403167292,RSI_LT_26,SPY
2024-12-19,11.03018884664462,1,0.8616360754965635,RSI_LT_26,SPY
2024-12-20,26.94210066918825,0,0.0,RSI_LT_26,SPY
2024-12-23,29.33749405908398,0,0.0,RSI_LT_26,SPY
2024-12-24,45.522628148180644,0,0.0,RSI_LT_26,SPY
2024-12-26,98.83234445442778,0,-0.0,RSI_LT_26,SPY
2024-12-27,70.65369944878948,0,-0.0,RSI_LT_26,SPY
2024-12-30,43.71504430339973,0,-0.0,RSI_LT_26,SPY
2024-12-31,30.351501780073207,0,-0.0,RSI_LT_26,SPY
2025-01-02,0.23918124177357925,1,1.2503416419400448,RSI_LT_26,SPY
2025-01-03,30.44562509532767,0,0.0,RSI_LT_26,SPY
2025-01-06,50.8297206096001,0,-0.0,RSI_LT_26,SPY
2025-01-07,50.97488347254712,0,0.0,RSI_LT_26,SPY
2025-01-08,58.63287008279174,0,-0.0,RSI_LT_26,SPY
2025-01-10,42.40198817287449,0,0.0,RSI_LT_26,SPY
2025-01-13,24.736803679637873,1,0.1375991628360662,RSI_LT_26,SPY
2025-01-14,13.996722985487025,1,1.8189984044830076,RSI_LT_26,SPY
2025-01-15,59.36799060913846,0,-0.0,RSI_LT_26,SPY
2025-01-16,54.79273130989893,0,0.0,RSI_LT_26,SPY
2025-01-17,94.11455165916202,0,0.0,RSI_LT_26,SPY
2025-01-21,95.23803453559492,0,0.0,RSI_LT_26,SPY
2025-01-22,95.70292729163407,0,0.0,RSI_LT_26,SPY
2025-01-23,94.07784598214286,0,-0.0,RSI_LT_26,SPY
2025-01-24,91.05063858253702,0,-0.0,RSI_LT_26,SPY
2025-01-27,53.968911300036,0,0.0,RSI_LT_26,SPY
2025-01-28,53.30640799303712,0,-0.0,RSI_LT_26,SPY
2025-01-29,39.25755361451926,0,0.0,RSI_LT_26,SPY
2025-01-30,39.03117137861924,0,-0.0,RSI_LT_26,SPY
2025-01-31,36.57797776516755,0,-0.0,RSI_LT_26,SPY
2025-02-03,45.642764535753464,0,0.0,RSI_LT_26,SPY
2025-02-04,42.044149547020545,0,0.0,RSI_LT_26,SPY
2025-02-05,57.109111401585125,0,0.0,RSI_LT_26,SPY
2025-02-06,54.045618339930705,0,-0.0,RSI_LT_26,SPY
2025-02-07,47.10746580847364,0,0.0,RSI_LT_26,SPY
2025-02-10,69.47189955012422,0,0.0,RSI_LT_26,SPY
2025-02-11,62.06418937241601,0,-0.0,RSI_LT_26,SPY
2025-02-12,46.95903656062503,0,0.0,RSI_LT_26,SPY
2025-02-13,59.26121162089852,0,-0.0,RSI_LT_26,SPY
2025-02-14,84.6393514813745,0,0.0,RSI_LT_26,SPY
2025-02-18,81.32089595209305,0,0.0,RSI_LT_26,SPY
2025-02-19,82.90165818074486,0,-0.0,RSI_LT_26,SPY
2025-02-20,78.81797590651246,0,-0.0,RSI_LT_26,SPY
2025-02-21,19.876877542358557,1,-0.45504224716481634,RSI_LT_26,SPY
2025-02-24,17.044795733003525,1,-0.4973177992678157,RSI_LT_26,SPY
2025-02-25,7.153512628483071,1,0.05048259926943022,RSI_LT_26,SPY
2025-02-26,1.5797153619685531,1,-1.596190430433686,RSI_LT_26,SPY
2025-02-27,1.1569142988958134,1,1.5605512474676564,RSI_LT_26,SPY
2025-02-28,38.302171186045705,0,-0.0,RSI_LT_26,SPY
2025-03-03,29.195034797610745,0,-0.0,RSI_LT_26,SPY
2025-03-04,26.020958104002318,0,0.0,RSI_LT_26,SPY
2025-03-05,36.378765450695376,0,-0.0,RSI_LT_26,SPY
2025-03-06,35.65120253452035,0,0.0,RSI_LT_26,SPY
2025-03-07,25.37751967842928,1,-2.663558528182819,RSI_LT_26,SPY
2025-03-10,22.399392117578174,1,-0.8312879584754462,RSI_LT_26,SPY
2025-03-11,23.666964986099742,1,0.5306541044969082,RSI_LT_26,SPY
2025-03-12,16.872039974656417,1,-1.333049237232553,RSI_LT_26,SPY
2025-03-13,18.327806692259912,1,2.0655788693630495,RSI_LT_26,SPY
2025-03-14,34.31446147734444,0,0.0,RSI_LT_26,SPY
2025-03-17,60.66902560137969,0,-0.0,RSI_LT_26,SPY
2025-03-18,57.90456513965593,0,0.0,RSI_LT_26,SPY
2025-03-19,61.66007837028408,0,-0.0,RSI_LT_26,SPY
2025-03-20,73.75884039568693,0,-0.0,RSI_LT_26,SPY
2025-03-21,52.964978329935626,0,0.0,RSI_LT_26,SPY
2025-03-24,63.593524396054875,0,0.0,RSI_LT_26,SPY
2025-03-25,84.81187740027369,0,-0.0,RSI_LT_26,SPY
2025-03-26,53.39539029742489,0,-0.0,RSI_LT_26,SPY
2025-03-27,53.72022151962002,0,-0.0,RSI_LT_26,SPY
2025-03-28,36.70079396206388,0,0.0,RSI_LT_26,SPY
2025-03-31,20.513957665138534,1,0.28244266313557365,RSI_LT_26,SPY
2025-04-01,21.146904616641095,1,0.6328411525621025,RSI_LT_26,SPY
2025-04-02,40.6608796977107,0,-0.0,RSI_LT_26,SPY
2025-04-03,18.42001746033357,1,-5.854297133053565,RSI_LT_26,SPY
2025-04-04,13.01033429038634,1,-0.17811785518102585,RSI_LT_26,SPY
2025-04-07,7.859665003403833,1,-1.56627816725603,RSI_LT_26,SPY
2025-04-08,4.958857358677804,1,10.501930183911302,RSI_LT_26,SPY
2025-04-09,43.38491205563758,0,-0.0,RSI_LT_26,SPY
2025-04-10,44.79381489247794,0,0.0,RSI_LT_26,SPY
2025-04-11,65.18975159890675,0,0.0,RSI_LT_26,SPY
2025-04-14,67.61306705269067,0,-0.0,RSI_LT_26,SPY
2025-04-15,72.29751527947771,0,-0.0,RSI_LT_26,SPY
2025-04-16,27.940015692750492,0,0.0,RSI_LT_26,SPY
2025-04-17,53.18253226902174,0,-0.0,RSI_LT_26,SPY
2025-04-21,18.577681236459725,1,2.601773758493775,RSI_LT_26,SPY
2025-04-22,35.203191907018365,0,0.0,RSI_LT_26,SPY
2025-04-23,47.65875092492421,0,0.0,RSI_LT_26,SPY
2025-04-24,72.81410814976866,0,0.0,RSI_LT_26,SPY
2025-04-25,74.57907517271013,0,0.0,RSI_LT_26,SPY
2025-04-28,100.0,0,0.0,RSI_LT_26,SPY
2025-04-29,100.0,0,0.0,RSI_LT_26,SPY
2025-04-30,100.0,0,0.0,RSI_LT_26,SPY
2025-05-01,100.0,0,0.0,RSI_LT_26,SPY
2025-05-02,100.0,0,-0.0,RSI_LT_26,SPY
2025-05-05,83.03760854745506,0,-0.0,RSI_LT_26,SPY
2025-05-06,60.98033114524555,0,0.0,RSI_LT_26,SPY
2025-05-07,64.66937391130026,0,0.0,RSI_LT_26,SPY
2025-05-08,64.63795230541885,0,-0.0,RSI_LT_26,SPY
2025-05-09,41.90099560007681,0,0.0,RSI_LT_26,SPY
2025-05-12,82.10283852018749,0,0.0,RSI_LT_26,SPY
2025-05-13,97.55776397515528,0,0.0,RSI_LT_26,SPY
2025-05-14,97.41760346771457,0,0.0,RSI_LT_26,SPY
2025-05-15,97.31754239947607,0,0.0,RSI_LT_26,SPY
2025-05-16,100.0,0,0.0,RSI_LT_26,SPY
2025-05-19,100.0,0,-0.0,RSI_LT_26,SPY
2025-05-20,80.01987768516429,0,-0.0,RSI_LT_26,SPY
2025-05-21,37.714138957674756,0,0.0,RSI_LT_26,SPY
2025-05-22,27.814564669395665,0,-0.0,RSI_LT_26,SPY
2025-05-23,5.22256955638224,1,2.079059136787431,RSI_LT_26,SPY
2025-05-27,43.44912100214833,0,-0.0,RSI_LT_26,SPY
2025-05-28,41.3689006321612,0,0.0,RSI_LT_26,SPY
2025-05-29,66.34821683824285,0,-0.0,RSI_LT_26,SPY
2025-05-30,64.04986238569573,0,0.0,RSI_LT_26,SPY
2025-06-02,81.24998246927916,0,0.0,RSI_LT_26,SPY
2025-06-03,68.85491844141806,0,-0.0,RSI_LT_26,SPY
2025-06-04,91.6666149771429,0,-0.0,RSI_LT_26,SPY
2025-06-05,64.42304306489665,0,0.0,RSI_LT_26,SPY
2025-06-06,80.7958050586058,0,0.0,RSI_LT_26,SPY
2025-06-09,76.70476867528483,0,0.0,RSI_LT_26,SPY
2025-06-10,76.74045017278416,0,-0.0,RSI_LT_26,SPY
2025-06-11,68.5576493852707,0,0.0,RSI_LT_26,SPY
2025-06-12,87.83576710075927,0,-0.0,RSI_LT_26,SPY
2025-06-13,42.770244634697555,0,0.0,RSI_LT_26,SPY
2025-06-16,57.522543756007074,0,-0.0,RSI_LT_26,SPY
2025-06-17,37.20611533363911,0,-0.0,RSI_LT_26,SPY
2025-06-18,40.229353471489034,0,-0.0,RSI_LT_26,SPY
2025-06-20,27.268385304649,0,0.0,RSI_LT_26,SPY
2025-06-23,57.89481735299517,0,0.0,RSI_LT_26,SPY
2025-06-24,59.80871723735124,0,0.0,RSI_LT_26,SPY
2025-06-25,79.8010757990729,0,0.0,RSI_LT_26,SPY
2025-06-26,84.77116896639969,0,0.0,RSI_LT_26,SPY
2025-06-27,100.0,0,0.0,RSI_LT_26,SPY
2025-06-30,100.0,0,-0.0,RSI_LT_26,SPY
2025-07-01,98.2257942224581,0,0.0,RSI_LT_26,SPY
2025-07-02,98.54368284648656,0,0.0,RSI_LT_26,SPY
2025-07-03,98.55838412286299,0,-0.0,RSI_LT_26,SPY
2025-07-07,68.62499408955506,0,-0.0,RSI_LT_26,SPY
2025-07-08,59.65888374868009,0,0.0,RSI_LT_26,SPY
2025-07-09,69.53072405443704,0,0.0,RSI_LT_26,SPY
2025-07-10,67.46908530628778,0,-0.0,RSI_LT_26,SPY
2025-07-11,43.21753654650564,0,0.0,RSI_LT_26,SPY
2025-07-14,72.42140282048564,0,-0.0,RSI_LT_26,SPY
2025-07-15,57.798922098047825,0,0.0,RSI_LT_26,SPY
2025-07-16,50.80794816308161,0,0.0,RSI_LT_26,SPY
2025-07-17,59.28084428839716,0,-0.0,RSI_LT_26,SPY
2025-07-18,69.37405564878794,0,0.0,RSI_LT_26,SPY
2025-07-21,69.37405564878794,0,0.0,RSI_LT_26,SPY
2025-07-22,93.97948422969993,0,0.0,RSI_LT_26,SPY
2025-07-23,95.78403235822299,0,0.0,RSI_LT_26,SPY
2025-07-24,93.69910202170533,0,0.0,RSI_LT_26,SPY
2025-07-25,100.0,0,-0.0,RSI_LT_26,SPY
2025-07-28,98.11573052286501,0,-0.0,RSI_LT_26,SPY
2025-07-29,81.74629125037845,0,-0.0,RSI_LT_26,SPY
2025-07-30,52.26043575197014,0,-0.0,RSI_LT_26,SPY
2025-07-31,34.805320396968824,0,-0.0,RSI_LT_26,SPY
2025-08-01,0.0,1,1.519978873502148,RSI_LT_26,SPY
2025-08-04,38.30561562022198,0,-0.0,RSI_LT_26,SPY
2025-08-05,36.08243338351611,0,0.0,RSI_LT_26,SPY
2025-08-06,47.21856753954636,0,-0.0,RSI_LT_26,SPY
2025-08-07,50.29979181423027,0,0.0,RSI_LT_26,SPY
2025-08-08,83.72589694905506,0,-0.0,RSI_LT_26,SPY
2025-08-11,66.12344512675169,0,0.0,RSI_LT_26,SPY
2025-08-12,90.21842450196613,0,0.0,RSI_LT_26,SPY
2025-08-13,88.59125672006411,0,0.0,RSI_LT_26,SPY
2025-08-14,91.72137228560544,0,-0.0,RSI_LT_26,SPY
2025-08-15,76.52535534727826,0,-0.0,RSI_LT_26,SPY
2025-08-18,84.5504108994068,0,-0.0,RSI_LT_26,SPY
2025-08-19,30.540571749063858,0,-0.0,RSI_LT_26,SPY
2025-08-20,0.8695267580716575,1,-0.4011843753210287,RSI_LT_26,SPY
2025-08-21,0.0,1,1.5356793254796441,RSI_LT_26,SPY
2025-08-22,55.297429265020156,0,-0.0,RSI_LT_26,SPY
2025-08-25,47.96064964083799,0,0.0,RSI_LT_26,SPY
2025-08-26,63.68276783595789,0,0.0,RSI_LT_26,SPY
2025-08-27,72.04966197005118,0,0.0,RSI_LT_26,SPY
2025-08-28,85.0917607556165,0,-0.0,RSI_LT_26,SPY
2025-08-29,49.0121235170258,0,-0.0,RSI_LT_26,SPY
2025-09-02,42.715381692657175,0,0.0,RSI_LT_26,SPY
2025-09-03,45.52900525411547,0,0.0,RSI_LT_26,SPY
2025-09-04,56.29105780321862,0,-0.0,RSI_LT_26,SPY
2025-09-05,45.66564101272042,0,0.0,RSI_LT_26,SPY
2025-09-08,61.05273302256519,0,0.0,RSI_LT_26,SPY
2025-09-09,86.39649865077928,0,0.0,RSI_LT_26,SPY
2025-09-10,84.62797626474097,0,0.0,RSI_LT_26,SPY
2025-09-11,84.6780612041864,0,-0.0,RSI_LT_26,SPY
2025-09-12,97.9261943797279,0,0.0,RSI_LT_26,SPY
2025-09-15,98.24256074256074,0,-0.0,RSI_LT_26,SPY
2025-09-16,90.5280337253979,0,-0.0,RSI_LT_26,SPY
2025-09-17,82.06059721270789,0,0.0,RSI_LT_26,SPY
2025-09-18,77.1394430292796,0,0.0,RSI_LT_26,SPY
2025-09-19,82.25661057692308,0,0.0,RSI_LT_26,SPY
2025-09-22,81.57638157638158,0,-0.0,RSI_LT_26,SPY
2025-09-23,63.2535494503833,0,-0.0,RSI_LT_26,SPY
2025-09-24,57.16406965251177,0,-0.0,RSI_LT_26,SPY
2025-09-25,34.25578051174362,0,0.0,RSI_LT_26,SPY
2025-09-26,44.012751234303934,0,0.0,RSI_LT_26,SPY
2025-09-29,39.04291071625088,0,0.0,RSI_LT_26,SPY
2025-09-30,61.1736718348152,0,0.0,RSI_LT_26,SPY
2025-10-01,77.32353141379076,0,0.0,RSI_LT_26,SPY
2025-10-02,100.0,0,-0.0,RSI_LT_26,SPY
2025-10-03,99.86573753747817,0,0.0,RSI_LT_26,SPY
2025-10-06,99.87485700685599,0,-0.0,RSI_LT_26,SPY
2025-10-07,68.51414822388094,0,0.0,RSI_LT_26,SPY
2025-10-08,74.12031566909084,0,-0.0,RSI_LT_26,SPY
2025-10-09,58.948429344429364,0,-0.0,RSI_LT_26,SPY
2025-10-10,22.057209313104792,1,1.5344029580113494,RSI_LT_26,SPY
2025-10-13,38.28910955830716,0,-0.0,RSI_LT_26,SPY
2025-10-14,40.13172157688246,0,0.0,RSI_LT_26,SPY
2025-10-15,38.27522122139084,0,-0.0,RSI_LT_26,SPY
2025-10-16,35.56532240369428,0,0.0,RSI_LT_26,SPY
2025-10-17,75.78238749287229,0,0.0,RSI_LT_26,SPY
2025-10-20,71.80579545747506,0,-0.0,RSI_LT_26,SPY
2025-10-21,74.97249373328174,0,-0.0,RSI_LT_26,SPY
2025-10-22,57.03588316743737,0,0.0,RSI_LT_26,SPY
2025-10-23,80.68432150580374,0,0.0,RSI_LT_26,SPY
2025-10-24,82.37662345644866,0,0.0,RSI_LT_26,SPY
2025-10-27,83.28557979019533,0,0.0,RSI_LT_26,SPY
2025-10-28,84.65938358516483,0,0.0,RSI_LT_26,SPY
2025-10-29,100.0,0,-0.0,RSI_LT_26,SPY
2025-10-30,67.39975522773034,0,0.0,RSI_LT_26,SPY
2025-10-31,62.06723363335406,0,0.0,RSI_LT_26,SPY
2025-11-03,42.81407406381437,0,-0.0,RSI_LT_26,SPY
2025-11-04,19.69238377534124,1,0.34654743340312155,RSI_LT_26,SPY
2025-11-05,27.19673345231982,0,-0.0,RSI_LT_26,SPY
2025-11-06,27.56838381223575,0,0.0,RSI_LT_26,SPY
2025-11-07,21.781224859992477,1,1.560432239211762,RSI_LT_26,SPY
2025-11-10,46.705931650991715,0,0.0,RSI_LT_26,SPY
2025-11-11,67.39908693795776,0,0.0,RSI_LT_26,SPY
2025-11-12,64.25757162019019,0,-0.0,RSI_LT_26,SPY
2025-11-13,53.54358469147409,0,-0.0,RSI_LT_26,SPY
2025-11-14,52.01177725536743,0,-0.0,RSI_LT_26,SPY
2025-11-17,9.872773694967478,1,-0.8397503213040225,RSI_LT_26,SPY
2025-11-18,1.6047508460640216,1,0.3863149507556951,RSI_LT_26,SPY
2025-11-19,9.864565575667143,1,-1.5242255122032589,RSI_LT_26,SPY
2025-11-20,10.361623872483008,1,0.9961227389035265,RSI_LT_26,SPY
2025-11-21,29.19356648808926,0,0.0,RSI_LT_26,SPY
2025-11-24,54.44252059766457,0,0.0,RSI_LT_26,SPY
2025-11-25,71.25785737485953,0,0.0,RSI_LT_26,SPY
2025-11-26,72.88592715421684,0,0.0,RSI_LT_26,SPY
2025-11-28,100.0,0,-0.0,RSI_LT_26,SPY
2025-12-01,88.64629790863377,0,0.0,RSI_LT_26,SPY
2025-12-02,83.61350464173975,0,0.0,RSI_LT_26,SPY
2025-12-03,79.3514351960317,0,0.0,RSI_LT_26,SPY
2025-12-04,71.50692567096792,0,0.0,RSI_LT_26,SPY
2025-12-05,63.46600533165617,0,-0.0,RSI_LT_26,SPY
2025-12-08,72.45985377635616,0,-0.0,RSI_LT_26,SPY
2025-12-09,61.08626484427515,0,0.0,RSI_LT_26,SPY
2025-12-10,70.4898422472796,0,0.0,RSI_LT_26,SPY
2025-12-11,73.71011982973158,0,-0.0,RSI_LT_26,SPY
2025-12-12,37.86290276976668,0,-0.0,RSI_LT_26,SPY
2025-12-15,40.435297243761624,0,-0.0,RSI_LT_26,SPY
2025-12-16,37.30984549888739,0,-0.0,RSI_LT_26,SPY
2025-12-17,8.260098248975126,1,0.7551304892321253,RSI_LT_26,SPY
2025-12-18,22.19775579956655,1,0.609052335029947,RSI_LT_26,SPY
2025-12-19,47.007714473926576,0,0.0,RSI_LT_26,SPY
2025-12-22,59.00713061713761,0,0.0,RSI_LT_26,SPY
2025-12-23,68.91393853804988,0,0.0,RSI_LT_26,SPY
2025-12-24,100.0,0,,RSI_LT_26,SPY
